<?xml version="1.0" encoding="UTF-8"?>
<gpx xmlns:gpxdata="http://www.cluetrust.com/XML/GPXDATA/1/0" xmlns:xsi="http://www.w3.org/2001/XMLSchema-instance" xmlns="http://www.topografix.com/GPX/1/1" version="1.1" creator="http://ridewithgps.com/" xsi:schemaLocation="http://www.topografix.com/GPX/1/1 http://www.topografix.com/GPX/1/1/gpx.xsd http://www.cluetrust.com/XML/GPXDATA/1/0 http://www.cluetrust.com/Schemas/gpxdata10.xsd">
  <metadata>
    <name>dieppe to paris</name>
    <link href="https://ridewithgps.com/routes/55197594">
      <text>dieppe to paris</text>
    </link>
    <time>2026-05-18T20:22:42Z</time>
  </metadata>
  <trk>
    <name>dieppe to paris</name>
    <trkseg>
      <trkpt lat="49.93015" lon="1.08266">
        <ele>11.9</ele>
      </trkpt>
      <trkpt lat="49.93017" lon="1.08272">
        <ele>11.8</ele>
      </trkpt>
      <trkpt lat="49.93023" lon="1.0828">
        <ele>11.5</ele>
      </trkpt>
      <trkpt lat="49.93053" lon="1.08219">
        <ele>7.8</ele>
      </trkpt>
      <trkpt lat="49.9306" lon="1.08207">
        <ele>6.9</ele>
      </trkpt>
      <trkpt lat="49.93029" lon="1.08156">
        <ele>8.1</ele>
      </trkpt>
      <trkpt lat="49.92994" lon="1.08104">
        <ele>6.9</ele>
      </trkpt>
      <trkpt lat="49.92963" lon="1.08046">
        <ele>7.6</ele>
      </trkpt>
      <trkpt lat="49.92931" lon="1.07989">
        <ele>10.2</ele>
      </trkpt>
      <trkpt lat="49.9289" lon="1.07914">
        <ele>10.8</ele>
      </trkpt>
      <trkpt lat="49.92848" lon="1.0784">
        <ele>9.7</ele>
      </trkpt>
      <trkpt lat="49.92841" lon="1.07823">
        <ele>9.2</ele>
      </trkpt>
      <trkpt lat="49.92832" lon="1.07834">
        <ele>9.7</ele>
      </trkpt>
      <trkpt lat="49.92821" lon="1.07846">
        <ele>10.4</ele>
      </trkpt>
      <trkpt lat="49.92812" lon="1.07856">
        <ele>10.9</ele>
      </trkpt>
      <trkpt lat="49.92779" lon="1.07894">
        <ele>13.0</ele>
      </trkpt>
      <trkpt lat="49.92735" lon="1.07931">
        <ele>11.6</ele>
      </trkpt>
      <trkpt lat="49.92733" lon="1.07925">
        <ele>12.1</ele>
      </trkpt>
      <trkpt lat="49.9273" lon="1.07922">
        <ele>12.3</ele>
      </trkpt>
      <trkpt lat="49.92726" lon="1.07921">
        <ele>12.3</ele>
      </trkpt>
      <trkpt lat="49.92724" lon="1.07923">
        <ele>12.1</ele>
      </trkpt>
      <trkpt lat="49.92721" lon="1.07928">
        <ele>11.7</ele>
      </trkpt>
      <trkpt lat="49.92721" lon="1.07934">
        <ele>11.1</ele>
      </trkpt>
      <trkpt lat="49.92669" lon="1.07965">
        <ele>7.4</ele>
      </trkpt>
      <trkpt lat="49.92653" lon="1.07981">
        <ele>6.3</ele>
      </trkpt>
      <trkpt lat="49.92651" lon="1.07977">
        <ele>6.7</ele>
      </trkpt>
      <trkpt lat="49.92648" lon="1.07975">
        <ele>7.0</ele>
      </trkpt>
      <trkpt lat="49.92645" lon="1.07973">
        <ele>7.2</ele>
      </trkpt>
      <trkpt lat="49.92642" lon="1.07973">
        <ele>7.3</ele>
      </trkpt>
      <trkpt lat="49.92639" lon="1.07975">
        <ele>7.2</ele>
      </trkpt>
      <trkpt lat="49.92635" lon="1.07979">
        <ele>7.1</ele>
      </trkpt>
      <trkpt lat="49.92633" lon="1.07984">
        <ele>6.8</ele>
      </trkpt>
      <trkpt lat="49.92632" lon="1.07989">
        <ele>6.4</ele>
      </trkpt>
      <trkpt lat="49.92632" lon="1.07995">
        <ele>6.0</ele>
      </trkpt>
      <trkpt lat="49.92634" lon="1.08">
        <ele>5.6</ele>
      </trkpt>
      <trkpt lat="49.92638" lon="1.08007">
        <ele>5.0</ele>
      </trkpt>
      <trkpt lat="49.9264" lon="1.08008">
        <ele>4.8</ele>
      </trkpt>
      <trkpt lat="49.92643" lon="1.08044">
        <ele>2.7</ele>
      </trkpt>
      <trkpt lat="49.92643" lon="1.08109">
        <ele>2.3</ele>
      </trkpt>
      <trkpt lat="49.92643" lon="1.08143">
        <ele>2.0</ele>
      </trkpt>
      <trkpt lat="49.92645" lon="1.08175">
        <ele>1.9</ele>
      </trkpt>
      <trkpt lat="49.92649" lon="1.08192">
        <ele>2.6</ele>
      </trkpt>
      <trkpt lat="49.92658" lon="1.08213">
        <ele>3.4</ele>
      </trkpt>
      <trkpt lat="49.92604" lon="1.08274">
        <ele>6.5</ele>
      </trkpt>
      <trkpt lat="49.92597" lon="1.08277">
        <ele>6.6</ele>
      </trkpt>
      <trkpt lat="49.92592" lon="1.08274">
        <ele>6.6</ele>
      </trkpt>
      <trkpt lat="49.92586" lon="1.08269">
        <ele>6.7</ele>
      </trkpt>
      <trkpt lat="49.92564" lon="1.08272">
        <ele>6.8</ele>
      </trkpt>
      <trkpt lat="49.92543" lon="1.0828">
        <ele>6.8</ele>
      </trkpt>
      <trkpt lat="49.92537" lon="1.08285">
        <ele>6.8</ele>
      </trkpt>
      <trkpt lat="49.92525" lon="1.08295">
        <ele>6.8</ele>
      </trkpt>
      <trkpt lat="49.92489" lon="1.08344">
        <ele>5.9</ele>
      </trkpt>
      <trkpt lat="49.92481" lon="1.0835">
        <ele>5.2</ele>
      </trkpt>
      <trkpt lat="49.9246" lon="1.08353">
        <ele>4.2</ele>
      </trkpt>
      <trkpt lat="49.92453" lon="1.08357">
        <ele>3.8</ele>
      </trkpt>
      <trkpt lat="49.92447" lon="1.08364">
        <ele>3.3</ele>
      </trkpt>
      <trkpt lat="49.92412" lon="1.08412">
        <ele>1.3</ele>
      </trkpt>
      <trkpt lat="49.92377" lon="1.0846">
        <ele>2.4</ele>
      </trkpt>
      <trkpt lat="49.92372" lon="1.08463">
        <ele>2.6</ele>
      </trkpt>
      <trkpt lat="49.92367" lon="1.08464">
        <ele>2.8</ele>
      </trkpt>
      <trkpt lat="49.92362" lon="1.08463">
        <ele>3.0</ele>
      </trkpt>
      <trkpt lat="49.92358" lon="1.0846">
        <ele>3.1</ele>
      </trkpt>
      <trkpt lat="49.92344" lon="1.08437">
        <ele>3.6</ele>
      </trkpt>
      <trkpt lat="49.92312" lon="1.08375">
        <ele>3.5</ele>
      </trkpt>
      <trkpt lat="49.9226" lon="1.0828">
        <ele>4.8</ele>
      </trkpt>
      <trkpt lat="49.92202" lon="1.08356">
        <ele>4.8</ele>
      </trkpt>
      <trkpt lat="49.9219" lon="1.08369">
        <ele>4.7</ele>
      </trkpt>
      <trkpt lat="49.9217" lon="1.08376">
        <ele>4.5</ele>
      </trkpt>
      <trkpt lat="49.92089" lon="1.0839">
        <ele>5.9</ele>
      </trkpt>
      <trkpt lat="49.92082" lon="1.08386">
        <ele>6.0</ele>
      </trkpt>
      <trkpt lat="49.92078" lon="1.08377">
        <ele>5.9</ele>
      </trkpt>
      <trkpt lat="49.92073" lon="1.0837">
        <ele>5.9</ele>
      </trkpt>
      <trkpt lat="49.92044" lon="1.08356">
        <ele>5.5</ele>
      </trkpt>
      <trkpt lat="49.92013" lon="1.0834">
        <ele>5.2</ele>
      </trkpt>
      <trkpt lat="49.91956" lon="1.08304">
        <ele>4.6</ele>
      </trkpt>
      <trkpt lat="49.91932" lon="1.0829">
        <ele>4.0</ele>
      </trkpt>
      <trkpt lat="49.91924" lon="1.08287">
        <ele>3.7</ele>
      </trkpt>
      <trkpt lat="49.9192" lon="1.0828">
        <ele>3.5</ele>
      </trkpt>
      <trkpt lat="49.9183" lon="1.08275">
        <ele>1.7</ele>
      </trkpt>
      <trkpt lat="49.91741" lon="1.0827">
        <ele>3.2</ele>
      </trkpt>
      <trkpt lat="49.91732" lon="1.08268">
        <ele>3.4</ele>
      </trkpt>
      <trkpt lat="49.91717" lon="1.08263">
        <ele>3.7</ele>
      </trkpt>
      <trkpt lat="49.9171" lon="1.08266">
        <ele>3.9</ele>
      </trkpt>
      <trkpt lat="49.91705" lon="1.0827">
        <ele>3.9</ele>
      </trkpt>
      <trkpt lat="49.91699" lon="1.08285">
        <ele>4.0</ele>
      </trkpt>
      <trkpt lat="49.91699" lon="1.08293">
        <ele>3.9</ele>
      </trkpt>
      <trkpt lat="49.91697" lon="1.083">
        <ele>3.9</ele>
      </trkpt>
      <trkpt lat="49.91693" lon="1.08304">
        <ele>3.9</ele>
      </trkpt>
      <trkpt lat="49.91612" lon="1.083">
        <ele>3.7</ele>
      </trkpt>
      <trkpt lat="49.91531" lon="1.08296">
        <ele>2.9</ele>
      </trkpt>
      <trkpt lat="49.9145" lon="1.08293">
        <ele>3.7</ele>
      </trkpt>
      <trkpt lat="49.91369" lon="1.08289">
        <ele>4.5</ele>
      </trkpt>
      <trkpt lat="49.91345" lon="1.08288">
        <ele>4.5</ele>
      </trkpt>
      <trkpt lat="49.91339" lon="1.08289">
        <ele>4.5</ele>
      </trkpt>
      <trkpt lat="49.91329" lon="1.08294">
        <ele>4.8</ele>
      </trkpt>
      <trkpt lat="49.91254" lon="1.08355">
        <ele>6.0</ele>
      </trkpt>
      <trkpt lat="49.91179" lon="1.08416">
        <ele>5.2</ele>
      </trkpt>
      <trkpt lat="49.91132" lon="1.08455">
        <ele>6.3</ele>
      </trkpt>
      <trkpt lat="49.91076" lon="1.08506">
        <ele>5.4</ele>
      </trkpt>
      <trkpt lat="49.9105" lon="1.08533">
        <ele>6.4</ele>
      </trkpt>
      <trkpt lat="49.91047" lon="1.08539">
        <ele>6.4</ele>
      </trkpt>
      <trkpt lat="49.91042" lon="1.08554">
        <ele>6.2</ele>
      </trkpt>
      <trkpt lat="49.91039" lon="1.08559">
        <ele>6.2</ele>
      </trkpt>
      <trkpt lat="49.91016" lon="1.08586">
        <ele>5.7</ele>
      </trkpt>
      <trkpt lat="49.91013" lon="1.08588">
        <ele>5.7</ele>
      </trkpt>
      <trkpt lat="49.91005" lon="1.08589">
        <ele>5.7</ele>
      </trkpt>
      <trkpt lat="49.90997" lon="1.08597">
        <ele>5.9</ele>
      </trkpt>
      <trkpt lat="49.90936" lon="1.08685">
        <ele>4.7</ele>
      </trkpt>
      <trkpt lat="49.90876" lon="1.08778">
        <ele>6.9</ele>
      </trkpt>
      <trkpt lat="49.90817" lon="1.08871">
        <ele>5.4</ele>
      </trkpt>
      <trkpt lat="49.90758" lon="1.08964">
        <ele>4.9</ele>
      </trkpt>
      <trkpt lat="49.90699" lon="1.09057">
        <ele>5.3</ele>
      </trkpt>
      <trkpt lat="49.90651" lon="1.09127">
        <ele>5.5</ele>
      </trkpt>
      <trkpt lat="49.90603" lon="1.09198">
        <ele>5.2</ele>
      </trkpt>
      <trkpt lat="49.90555" lon="1.09269">
        <ele>5.9</ele>
      </trkpt>
      <trkpt lat="49.90517" lon="1.09324">
        <ele>5.2</ele>
      </trkpt>
      <trkpt lat="49.90463" lon="1.09392">
        <ele>3.7</ele>
      </trkpt>
      <trkpt lat="49.90428" lon="1.0943">
        <ele>4.1</ele>
      </trkpt>
      <trkpt lat="49.90365" lon="1.09507">
        <ele>5.7</ele>
      </trkpt>
      <trkpt lat="49.90318" lon="1.09578">
        <ele>8.0</ele>
      </trkpt>
      <trkpt lat="49.90301" lon="1.09605">
        <ele>8.8</ele>
      </trkpt>
      <trkpt lat="49.90284" lon="1.09636">
        <ele>8.9</ele>
      </trkpt>
      <trkpt lat="49.9025" lon="1.09709">
        <ele>8.0</ele>
      </trkpt>
      <trkpt lat="49.90232" lon="1.09754">
        <ele>8.4</ele>
      </trkpt>
      <trkpt lat="49.90213" lon="1.09806">
        <ele>8.2</ele>
      </trkpt>
      <trkpt lat="49.90174" lon="1.09916">
        <ele>4.7</ele>
      </trkpt>
      <trkpt lat="49.90134" lon="1.10026">
        <ele>8.7</ele>
      </trkpt>
      <trkpt lat="49.90095" lon="1.10136">
        <ele>7.2</ele>
      </trkpt>
      <trkpt lat="49.90055" lon="1.10246">
        <ele>7.5</ele>
      </trkpt>
      <trkpt lat="49.9001" lon="1.10348">
        <ele>6.3</ele>
      </trkpt>
      <trkpt lat="49.89966" lon="1.10451">
        <ele>6.2</ele>
      </trkpt>
      <trkpt lat="49.8993" lon="1.10527">
        <ele>4.5</ele>
      </trkpt>
      <trkpt lat="49.89894" lon="1.10602">
        <ele>5.1</ele>
      </trkpt>
      <trkpt lat="49.89857" lon="1.10678">
        <ele>4.4</ele>
      </trkpt>
      <trkpt lat="49.89851" lon="1.1069">
        <ele>4.1</ele>
      </trkpt>
      <trkpt lat="49.89849" lon="1.107">
        <ele>3.8</ele>
      </trkpt>
      <trkpt lat="49.89851" lon="1.10737">
        <ele>2.6</ele>
      </trkpt>
      <trkpt lat="49.89847" lon="1.10783">
        <ele>2.4</ele>
      </trkpt>
      <trkpt lat="49.89844" lon="1.10822">
        <ele>2.7</ele>
      </trkpt>
      <trkpt lat="49.89845" lon="1.10832">
        <ele>2.7</ele>
      </trkpt>
      <trkpt lat="49.8986" lon="1.10857">
        <ele>2.3</ele>
      </trkpt>
      <trkpt lat="49.89877" lon="1.10881">
        <ele>2.0</ele>
      </trkpt>
      <trkpt lat="49.8989" lon="1.10887">
        <ele>1.9</ele>
      </trkpt>
      <trkpt lat="49.89902" lon="1.10906">
        <ele>1.9</ele>
      </trkpt>
      <trkpt lat="49.8991" lon="1.10921">
        <ele>2.0</ele>
      </trkpt>
      <trkpt lat="49.89885" lon="1.10998">
        <ele>2.6</ele>
      </trkpt>
      <trkpt lat="49.89874" lon="1.11043">
        <ele>2.7</ele>
      </trkpt>
      <trkpt lat="49.89858" lon="1.1107">
        <ele>2.5</ele>
      </trkpt>
      <trkpt lat="49.89813" lon="1.11167">
        <ele>2.5</ele>
      </trkpt>
      <trkpt lat="49.89775" lon="1.11283">
        <ele>2.8</ele>
      </trkpt>
      <trkpt lat="49.8973" lon="1.11373">
        <ele>2.8</ele>
      </trkpt>
      <trkpt lat="49.89685" lon="1.11463">
        <ele>2.3</ele>
      </trkpt>
      <trkpt lat="49.8964" lon="1.11553">
        <ele>3.1</ele>
      </trkpt>
      <trkpt lat="49.89617" lon="1.11605">
        <ele>3.8</ele>
      </trkpt>
      <trkpt lat="49.89574" lon="1.11663">
        <ele>4.0</ele>
      </trkpt>
      <trkpt lat="49.89563" lon="1.11684">
        <ele>3.9</ele>
      </trkpt>
      <trkpt lat="49.89547" lon="1.1173">
        <ele>3.7</ele>
      </trkpt>
      <trkpt lat="49.89539" lon="1.1175">
        <ele>3.5</ele>
      </trkpt>
      <trkpt lat="49.89533" lon="1.11757">
        <ele>3.4</ele>
      </trkpt>
      <trkpt lat="49.89525" lon="1.11762">
        <ele>3.3</ele>
      </trkpt>
      <trkpt lat="49.89519" lon="1.11764">
        <ele>3.2</ele>
      </trkpt>
      <trkpt lat="49.89516" lon="1.11767">
        <ele>3.2</ele>
      </trkpt>
      <trkpt lat="49.89511" lon="1.11778">
        <ele>3.1</ele>
      </trkpt>
      <trkpt lat="49.89495" lon="1.11773">
        <ele>3.1</ele>
      </trkpt>
      <trkpt lat="49.89468" lon="1.11758">
        <ele>3.4</ele>
      </trkpt>
      <trkpt lat="49.8945" lon="1.11737">
        <ele>3.7</ele>
      </trkpt>
      <trkpt lat="49.89426" lon="1.11706">
        <ele>3.9</ele>
      </trkpt>
      <trkpt lat="49.89418" lon="1.11704">
        <ele>4.0</ele>
      </trkpt>
      <trkpt lat="49.89403" lon="1.11718">
        <ele>4.3</ele>
      </trkpt>
      <trkpt lat="49.89398" lon="1.11722">
        <ele>4.4</ele>
      </trkpt>
      <trkpt lat="49.89392" lon="1.11724">
        <ele>4.5</ele>
      </trkpt>
      <trkpt lat="49.89384" lon="1.11723">
        <ele>4.6</ele>
      </trkpt>
      <trkpt lat="49.89378" lon="1.11721">
        <ele>4.8</ele>
      </trkpt>
      <trkpt lat="49.89366" lon="1.11711">
        <ele>5.2</ele>
      </trkpt>
      <trkpt lat="49.89346" lon="1.11687">
        <ele>6.1</ele>
      </trkpt>
      <trkpt lat="49.89291" lon="1.1179">
        <ele>6.3</ele>
      </trkpt>
      <trkpt lat="49.89264" lon="1.11843">
        <ele>5.7</ele>
      </trkpt>
      <trkpt lat="49.89214" lon="1.11933">
        <ele>4.8</ele>
      </trkpt>
      <trkpt lat="49.89158" lon="1.12037">
        <ele>3.7</ele>
      </trkpt>
      <trkpt lat="49.89102" lon="1.12141">
        <ele>2.7</ele>
      </trkpt>
      <trkpt lat="49.89047" lon="1.12244">
        <ele>1.4</ele>
      </trkpt>
      <trkpt lat="49.88991" lon="1.12348">
        <ele>2.7</ele>
      </trkpt>
      <trkpt lat="49.88935" lon="1.12452">
        <ele>4.1</ele>
      </trkpt>
      <trkpt lat="49.88879" lon="1.12556">
        <ele>5.4</ele>
      </trkpt>
      <trkpt lat="49.88832" lon="1.12643">
        <ele>3.6</ele>
      </trkpt>
      <trkpt lat="49.88784" lon="1.12729">
        <ele>5.4</ele>
      </trkpt>
      <trkpt lat="49.88736" lon="1.12816">
        <ele>5.1</ele>
      </trkpt>
      <trkpt lat="49.88673" lon="1.12902">
        <ele>5.1</ele>
      </trkpt>
      <trkpt lat="49.88617" lon="1.12961">
        <ele>4.9</ele>
      </trkpt>
      <trkpt lat="49.88606" lon="1.12971">
        <ele>4.9</ele>
      </trkpt>
      <trkpt lat="49.88533" lon="1.13033">
        <ele>4.7</ele>
      </trkpt>
      <trkpt lat="49.8846" lon="1.13095">
        <ele>4.9</ele>
      </trkpt>
      <trkpt lat="49.88387" lon="1.13158">
        <ele>3.4</ele>
      </trkpt>
      <trkpt lat="49.88314" lon="1.1322">
        <ele>4.6</ele>
      </trkpt>
      <trkpt lat="49.88241" lon="1.13282">
        <ele>6.7</ele>
      </trkpt>
      <trkpt lat="49.88175" lon="1.1334">
        <ele>5.9</ele>
      </trkpt>
      <trkpt lat="49.88144" lon="1.13367">
        <ele>5.5</ele>
      </trkpt>
      <trkpt lat="49.88122" lon="1.13389">
        <ele>5.5</ele>
      </trkpt>
      <trkpt lat="49.88105" lon="1.13409">
        <ele>5.7</ele>
      </trkpt>
      <trkpt lat="49.88097" lon="1.13416">
        <ele>5.8</ele>
      </trkpt>
      <trkpt lat="49.8809" lon="1.13419">
        <ele>5.9</ele>
      </trkpt>
      <trkpt lat="49.88088" lon="1.13416">
        <ele>5.9</ele>
      </trkpt>
      <trkpt lat="49.88072" lon="1.13369">
        <ele>5.4</ele>
      </trkpt>
      <trkpt lat="49.8807" lon="1.13368">
        <ele>5.3</ele>
      </trkpt>
      <trkpt lat="49.88041" lon="1.13388">
        <ele>5.3</ele>
      </trkpt>
      <trkpt lat="49.8803" lon="1.13392">
        <ele>5.3</ele>
      </trkpt>
      <trkpt lat="49.87987" lon="1.13422">
        <ele>4.8</ele>
      </trkpt>
      <trkpt lat="49.87944" lon="1.13452">
        <ele>4.3</ele>
      </trkpt>
      <trkpt lat="49.87866" lon="1.13521">
        <ele>4.2</ele>
      </trkpt>
      <trkpt lat="49.87789" lon="1.1359">
        <ele>6.0</ele>
      </trkpt>
      <trkpt lat="49.87785" lon="1.13601">
        <ele>5.9</ele>
      </trkpt>
      <trkpt lat="49.87786" lon="1.13641">
        <ele>5.3</ele>
      </trkpt>
      <trkpt lat="49.87785" lon="1.13658">
        <ele>5.1</ele>
      </trkpt>
      <trkpt lat="49.87756" lon="1.13695">
        <ele>5.3</ele>
      </trkpt>
      <trkpt lat="49.8769" lon="1.13781">
        <ele>7.6</ele>
      </trkpt>
      <trkpt lat="49.87649" lon="1.13849">
        <ele>7.1</ele>
      </trkpt>
      <trkpt lat="49.8762" lon="1.13902">
        <ele>7.4</ele>
      </trkpt>
      <trkpt lat="49.87597" lon="1.13954">
        <ele>7.0</ele>
      </trkpt>
      <trkpt lat="49.87555" lon="1.14063">
        <ele>6.5</ele>
      </trkpt>
      <trkpt lat="49.87538" lon="1.14128">
        <ele>7.6</ele>
      </trkpt>
      <trkpt lat="49.87515" lon="1.14226">
        <ele>7.0</ele>
      </trkpt>
      <trkpt lat="49.87494" lon="1.14272">
        <ele>5.8</ele>
      </trkpt>
      <trkpt lat="49.87491" lon="1.14284">
        <ele>5.7</ele>
      </trkpt>
      <trkpt lat="49.87489" lon="1.143">
        <ele>5.7</ele>
      </trkpt>
      <trkpt lat="49.87487" lon="1.14317">
        <ele>5.6</ele>
      </trkpt>
      <trkpt lat="49.87486" lon="1.14323">
        <ele>5.6</ele>
      </trkpt>
      <trkpt lat="49.87483" lon="1.14366">
        <ele>5.5</ele>
      </trkpt>
      <trkpt lat="49.87478" lon="1.14374">
        <ele>5.7</ele>
      </trkpt>
      <trkpt lat="49.87475" lon="1.14421">
        <ele>5.7</ele>
      </trkpt>
      <trkpt lat="49.87479" lon="1.14429">
        <ele>5.7</ele>
      </trkpt>
      <trkpt lat="49.87474" lon="1.14489">
        <ele>6.8</ele>
      </trkpt>
      <trkpt lat="49.87469" lon="1.14517">
        <ele>6.8</ele>
      </trkpt>
      <trkpt lat="49.87454" lon="1.14581">
        <ele>6.7</ele>
      </trkpt>
      <trkpt lat="49.87441" lon="1.14632">
        <ele>7.0</ele>
      </trkpt>
      <trkpt lat="49.87426" lon="1.14684">
        <ele>7.4</ele>
      </trkpt>
      <trkpt lat="49.87409" lon="1.14718">
        <ele>7.5</ele>
      </trkpt>
      <trkpt lat="49.8739" lon="1.14778">
        <ele>7.2</ele>
      </trkpt>
      <trkpt lat="49.87385" lon="1.14783">
        <ele>7.2</ele>
      </trkpt>
      <trkpt lat="49.87346" lon="1.14779">
        <ele>7.6</ele>
      </trkpt>
      <trkpt lat="49.87323" lon="1.14863">
        <ele>7.5</ele>
      </trkpt>
      <trkpt lat="49.873" lon="1.14947">
        <ele>7.7</ele>
      </trkpt>
      <trkpt lat="49.87285" lon="1.15043">
        <ele>8.0</ele>
      </trkpt>
      <trkpt lat="49.87282" lon="1.15052">
        <ele>8.0</ele>
      </trkpt>
      <trkpt lat="49.87276" lon="1.15057">
        <ele>8.0</ele>
      </trkpt>
      <trkpt lat="49.87244" lon="1.15061">
        <ele>7.6</ele>
      </trkpt>
      <trkpt lat="49.87228" lon="1.15062">
        <ele>6.7</ele>
      </trkpt>
      <trkpt lat="49.8721" lon="1.1506">
        <ele>5.6</ele>
      </trkpt>
      <trkpt lat="49.87199" lon="1.1515">
        <ele>4.9</ele>
      </trkpt>
      <trkpt lat="49.87187" lon="1.15241">
        <ele>4.0</ele>
      </trkpt>
      <trkpt lat="49.87174" lon="1.15316">
        <ele>4.8</ele>
      </trkpt>
      <trkpt lat="49.87157" lon="1.15397">
        <ele>5.4</ele>
      </trkpt>
      <trkpt lat="49.87151" lon="1.15445">
        <ele>6.2</ele>
      </trkpt>
      <trkpt lat="49.87151" lon="1.15459">
        <ele>6.5</ele>
      </trkpt>
      <trkpt lat="49.87153" lon="1.1547">
        <ele>6.8</ele>
      </trkpt>
      <trkpt lat="49.87172" lon="1.15507">
        <ele>7.3</ele>
      </trkpt>
      <trkpt lat="49.87177" lon="1.15513">
        <ele>7.5</ele>
      </trkpt>
      <trkpt lat="49.8719" lon="1.15517">
        <ele>7.7</ele>
      </trkpt>
      <trkpt lat="49.87211" lon="1.15518">
        <ele>8.0</ele>
      </trkpt>
      <trkpt lat="49.87244" lon="1.15503">
        <ele>8.8</ele>
      </trkpt>
      <trkpt lat="49.87261" lon="1.155">
        <ele>9.0</ele>
      </trkpt>
      <trkpt lat="49.87275" lon="1.15494">
        <ele>8.9</ele>
      </trkpt>
      <trkpt lat="49.87283" lon="1.15498">
        <ele>9.0</ele>
      </trkpt>
      <trkpt lat="49.87287" lon="1.15506">
        <ele>8.9</ele>
      </trkpt>
      <trkpt lat="49.8729" lon="1.15526">
        <ele>8.5</ele>
      </trkpt>
      <trkpt lat="49.87294" lon="1.1554">
        <ele>8.3</ele>
      </trkpt>
      <trkpt lat="49.87311" lon="1.15578">
        <ele>7.8</ele>
      </trkpt>
      <trkpt lat="49.87313" lon="1.1559">
        <ele>7.8</ele>
      </trkpt>
      <trkpt lat="49.87312" lon="1.1561">
        <ele>8.0</ele>
      </trkpt>
      <trkpt lat="49.87314" lon="1.15627">
        <ele>8.1</ele>
      </trkpt>
      <trkpt lat="49.87321" lon="1.15641">
        <ele>8.2</ele>
      </trkpt>
      <trkpt lat="49.87352" lon="1.15688">
        <ele>8.0</ele>
      </trkpt>
      <trkpt lat="49.87366" lon="1.15713">
        <ele>8.1</ele>
      </trkpt>
      <trkpt lat="49.87373" lon="1.15713">
        <ele>8.2</ele>
      </trkpt>
      <trkpt lat="49.87373" lon="1.15751">
        <ele>8.0</ele>
      </trkpt>
      <trkpt lat="49.87371" lon="1.15775">
        <ele>7.9</ele>
      </trkpt>
      <trkpt lat="49.87364" lon="1.15829">
        <ele>7.7</ele>
      </trkpt>
      <trkpt lat="49.87353" lon="1.15882">
        <ele>9.1</ele>
      </trkpt>
      <trkpt lat="49.87353" lon="1.15899">
        <ele>9.7</ele>
      </trkpt>
      <trkpt lat="49.87356" lon="1.15916">
        <ele>10.3</ele>
      </trkpt>
      <trkpt lat="49.87367" lon="1.15935">
        <ele>11.0</ele>
      </trkpt>
      <trkpt lat="49.87349" lon="1.16034">
        <ele>12.4</ele>
      </trkpt>
      <trkpt lat="49.87331" lon="1.16132">
        <ele>13.1</ele>
      </trkpt>
      <trkpt lat="49.87312" lon="1.16231">
        <ele>16.4</ele>
      </trkpt>
      <trkpt lat="49.87309" lon="1.16248">
        <ele>16.9</ele>
      </trkpt>
      <trkpt lat="49.87294" lon="1.16327">
        <ele>19.6</ele>
      </trkpt>
      <trkpt lat="49.87267" lon="1.1643">
        <ele>17.4</ele>
      </trkpt>
      <trkpt lat="49.87251" lon="1.16479">
        <ele>16.0</ele>
      </trkpt>
      <trkpt lat="49.87218" lon="1.16569">
        <ele>18.1</ele>
      </trkpt>
      <trkpt lat="49.87201" lon="1.16607">
        <ele>18.5</ele>
      </trkpt>
      <trkpt lat="49.87162" lon="1.16684">
        <ele>18.4</ele>
      </trkpt>
      <trkpt lat="49.8713" lon="1.1674">
        <ele>19.9</ele>
      </trkpt>
      <trkpt lat="49.87099" lon="1.16799">
        <ele>18.7</ele>
      </trkpt>
      <trkpt lat="49.87068" lon="1.16863">
        <ele>17.9</ele>
      </trkpt>
      <trkpt lat="49.87038" lon="1.16927">
        <ele>16.4</ele>
      </trkpt>
      <trkpt lat="49.87008" lon="1.17009">
        <ele>15.9</ele>
      </trkpt>
      <trkpt lat="49.86972" lon="1.17127">
        <ele>15.4</ele>
      </trkpt>
      <trkpt lat="49.86949" lon="1.17211">
        <ele>15.3</ele>
      </trkpt>
      <trkpt lat="49.86925" lon="1.17296">
        <ele>15.4</ele>
      </trkpt>
      <trkpt lat="49.8689" lon="1.1742">
        <ele>16.7</ele>
      </trkpt>
      <trkpt lat="49.86854" lon="1.17545">
        <ele>16.7</ele>
      </trkpt>
      <trkpt lat="49.86818" lon="1.17669">
        <ele>18.7</ele>
      </trkpt>
      <trkpt lat="49.86775" lon="1.17789">
        <ele>17.7</ele>
      </trkpt>
      <trkpt lat="49.86751" lon="1.17847">
        <ele>16.1</ele>
      </trkpt>
      <trkpt lat="49.86722" lon="1.17929">
        <ele>15.6</ele>
      </trkpt>
      <trkpt lat="49.8669" lon="1.18027">
        <ele>15.7</ele>
      </trkpt>
      <trkpt lat="49.86656" lon="1.18117">
        <ele>14.0</ele>
      </trkpt>
      <trkpt lat="49.86621" lon="1.18213">
        <ele>14.2</ele>
      </trkpt>
      <trkpt lat="49.86586" lon="1.18309">
        <ele>14.8</ele>
      </trkpt>
      <trkpt lat="49.86559" lon="1.18388">
        <ele>15.2</ele>
      </trkpt>
      <trkpt lat="49.86531" lon="1.18468">
        <ele>16.0</ele>
      </trkpt>
      <trkpt lat="49.86494" lon="1.18593">
        <ele>15.4</ele>
      </trkpt>
      <trkpt lat="49.86456" lon="1.18718">
        <ele>18.3</ele>
      </trkpt>
      <trkpt lat="49.86419" lon="1.18842">
        <ele>18.2</ele>
      </trkpt>
      <trkpt lat="49.86389" lon="1.18953">
        <ele>18.0</ele>
      </trkpt>
      <trkpt lat="49.86366" lon="1.19022">
        <ele>17.4</ele>
      </trkpt>
      <trkpt lat="49.86332" lon="1.19114">
        <ele>16.7</ele>
      </trkpt>
      <trkpt lat="49.86297" lon="1.19203">
        <ele>17.6</ele>
      </trkpt>
      <trkpt lat="49.86278" lon="1.19247">
        <ele>17.6</ele>
      </trkpt>
      <trkpt lat="49.86244" lon="1.19332">
        <ele>17.8</ele>
      </trkpt>
      <trkpt lat="49.86209" lon="1.19416">
        <ele>18.5</ele>
      </trkpt>
      <trkpt lat="49.86175" lon="1.19501">
        <ele>20.3</ele>
      </trkpt>
      <trkpt lat="49.86154" lon="1.19566">
        <ele>21.5</ele>
      </trkpt>
      <trkpt lat="49.86129" lon="1.19658">
        <ele>22.5</ele>
      </trkpt>
      <trkpt lat="49.86104" lon="1.19749">
        <ele>23.7</ele>
      </trkpt>
      <trkpt lat="49.86079" lon="1.19841">
        <ele>24.2</ele>
      </trkpt>
      <trkpt lat="49.86057" lon="1.19924">
        <ele>25.9</ele>
      </trkpt>
      <trkpt lat="49.86032" lon="1.20004">
        <ele>23.7</ele>
      </trkpt>
      <trkpt lat="49.8599" lon="1.20109">
        <ele>22.5</ele>
      </trkpt>
      <trkpt lat="49.85947" lon="1.20213">
        <ele>24.2</ele>
      </trkpt>
      <trkpt lat="49.85904" lon="1.20318">
        <ele>24.2</ele>
      </trkpt>
      <trkpt lat="49.85863" lon="1.20417">
        <ele>23.8</ele>
      </trkpt>
      <trkpt lat="49.85821" lon="1.20507">
        <ele>23.9</ele>
      </trkpt>
      <trkpt lat="49.85773" lon="1.20589">
        <ele>24.1</ele>
      </trkpt>
      <trkpt lat="49.85731" lon="1.20645">
        <ele>25.0</ele>
      </trkpt>
      <trkpt lat="49.85688" lon="1.207">
        <ele>25.3</ele>
      </trkpt>
      <trkpt lat="49.85615" lon="1.20777">
        <ele>24.1</ele>
      </trkpt>
      <trkpt lat="49.85542" lon="1.20855">
        <ele>23.4</ele>
      </trkpt>
      <trkpt lat="49.85469" lon="1.20932">
        <ele>22.7</ele>
      </trkpt>
      <trkpt lat="49.85396" lon="1.21009">
        <ele>21.6</ele>
      </trkpt>
      <trkpt lat="49.85323" lon="1.21087">
        <ele>22.0</ele>
      </trkpt>
      <trkpt lat="49.8525" lon="1.21164">
        <ele>22.0</ele>
      </trkpt>
      <trkpt lat="49.85177" lon="1.21241">
        <ele>23.0</ele>
      </trkpt>
      <trkpt lat="49.85104" lon="1.21319">
        <ele>22.0</ele>
      </trkpt>
      <trkpt lat="49.85031" lon="1.21396">
        <ele>21.5</ele>
      </trkpt>
      <trkpt lat="49.84958" lon="1.21473">
        <ele>22.2</ele>
      </trkpt>
      <trkpt lat="49.84914" lon="1.21521">
        <ele>22.2</ele>
      </trkpt>
      <trkpt lat="49.84871" lon="1.21569">
        <ele>22.7</ele>
      </trkpt>
      <trkpt lat="49.84811" lon="1.21632">
        <ele>22.9</ele>
      </trkpt>
      <trkpt lat="49.84751" lon="1.21695">
        <ele>23.1</ele>
      </trkpt>
      <trkpt lat="49.84692" lon="1.21757">
        <ele>23.1</ele>
      </trkpt>
      <trkpt lat="49.84632" lon="1.2182">
        <ele>23.7</ele>
      </trkpt>
      <trkpt lat="49.8458" lon="1.21877">
        <ele>25.5</ele>
      </trkpt>
      <trkpt lat="49.84528" lon="1.21935">
        <ele>26.0</ele>
      </trkpt>
      <trkpt lat="49.8448" lon="1.22">
        <ele>25.3</ele>
      </trkpt>
      <trkpt lat="49.84436" lon="1.22066">
        <ele>24.7</ele>
      </trkpt>
      <trkpt lat="49.84375" lon="1.22167">
        <ele>25.0</ele>
      </trkpt>
      <trkpt lat="49.84313" lon="1.22269">
        <ele>24.0</ele>
      </trkpt>
      <trkpt lat="49.84252" lon="1.2237">
        <ele>24.5</ele>
      </trkpt>
      <trkpt lat="49.84201" lon="1.2244">
        <ele>24.3</ele>
      </trkpt>
      <trkpt lat="49.84151" lon="1.2251">
        <ele>25.0</ele>
      </trkpt>
      <trkpt lat="49.84086" lon="1.22584">
        <ele>24.1</ele>
      </trkpt>
      <trkpt lat="49.84021" lon="1.22657">
        <ele>24.6</ele>
      </trkpt>
      <trkpt lat="49.84013" lon="1.22665">
        <ele>24.6</ele>
      </trkpt>
      <trkpt lat="49.83964" lon="1.2272">
        <ele>25.1</ele>
      </trkpt>
      <trkpt lat="49.83916" lon="1.22774">
        <ele>25.3</ele>
      </trkpt>
      <trkpt lat="49.83867" lon="1.22829">
        <ele>25.4</ele>
      </trkpt>
      <trkpt lat="49.8383" lon="1.22873">
        <ele>25.0</ele>
      </trkpt>
      <trkpt lat="49.83793" lon="1.22917">
        <ele>25.0</ele>
      </trkpt>
      <trkpt lat="49.83786" lon="1.22923">
        <ele>25.1</ele>
      </trkpt>
      <trkpt lat="49.83744" lon="1.22978">
        <ele>25.7</ele>
      </trkpt>
      <trkpt lat="49.83692" lon="1.23058">
        <ele>26.2</ele>
      </trkpt>
      <trkpt lat="49.83641" lon="1.23138">
        <ele>26.8</ele>
      </trkpt>
      <trkpt lat="49.83596" lon="1.23212">
        <ele>28.9</ele>
      </trkpt>
      <trkpt lat="49.83552" lon="1.23286">
        <ele>29.6</ele>
      </trkpt>
      <trkpt lat="49.83546" lon="1.23297">
        <ele>29.7</ele>
      </trkpt>
      <trkpt lat="49.83514" lon="1.23354">
        <ele>30.3</ele>
      </trkpt>
      <trkpt lat="49.83483" lon="1.23411">
        <ele>30.1</ele>
      </trkpt>
      <trkpt lat="49.83427" lon="1.23501">
        <ele>30.5</ele>
      </trkpt>
      <trkpt lat="49.83367" lon="1.23578">
        <ele>32.0</ele>
      </trkpt>
      <trkpt lat="49.83352" lon="1.23594">
        <ele>32.0</ele>
      </trkpt>
      <trkpt lat="49.83332" lon="1.23618">
        <ele>31.8</ele>
      </trkpt>
      <trkpt lat="49.83295" lon="1.23665">
        <ele>31.6</ele>
      </trkpt>
      <trkpt lat="49.83258" lon="1.23712">
        <ele>31.9</ele>
      </trkpt>
      <trkpt lat="49.83201" lon="1.23782">
        <ele>32.7</ele>
      </trkpt>
      <trkpt lat="49.83143" lon="1.23851">
        <ele>31.8</ele>
      </trkpt>
      <trkpt lat="49.83086" lon="1.23921">
        <ele>33.2</ele>
      </trkpt>
      <trkpt lat="49.83029" lon="1.23991">
        <ele>31.3</ele>
      </trkpt>
      <trkpt lat="49.82992" lon="1.2405">
        <ele>31.0</ele>
      </trkpt>
      <trkpt lat="49.82955" lon="1.24109">
        <ele>31.7</ele>
      </trkpt>
      <trkpt lat="49.82903" lon="1.24213">
        <ele>32.4</ele>
      </trkpt>
      <trkpt lat="49.8285" lon="1.24317">
        <ele>32.1</ele>
      </trkpt>
      <trkpt lat="49.82804" lon="1.2441">
        <ele>31.8</ele>
      </trkpt>
      <trkpt lat="49.82758" lon="1.24503">
        <ele>31.4</ele>
      </trkpt>
      <trkpt lat="49.82712" lon="1.24597">
        <ele>31.5</ele>
      </trkpt>
      <trkpt lat="49.82705" lon="1.24614">
        <ele>31.8</ele>
      </trkpt>
      <trkpt lat="49.82673" lon="1.24675">
        <ele>32.2</ele>
      </trkpt>
      <trkpt lat="49.82635" lon="1.24755">
        <ele>31.0</ele>
      </trkpt>
      <trkpt lat="49.82597" lon="1.24834">
        <ele>31.7</ele>
      </trkpt>
      <trkpt lat="49.82551" lon="1.24916">
        <ele>32.2</ele>
      </trkpt>
      <trkpt lat="49.82505" lon="1.24998">
        <ele>32.2</ele>
      </trkpt>
      <trkpt lat="49.82469" lon="1.25055">
        <ele>32.7</ele>
      </trkpt>
      <trkpt lat="49.82433" lon="1.25111">
        <ele>32.8</ele>
      </trkpt>
      <trkpt lat="49.82386" lon="1.2517">
        <ele>32.7</ele>
      </trkpt>
      <trkpt lat="49.82329" lon="1.25248">
        <ele>32.9</ele>
      </trkpt>
      <trkpt lat="49.82272" lon="1.25325">
        <ele>32.7</ele>
      </trkpt>
      <trkpt lat="49.82214" lon="1.25403">
        <ele>33.2</ele>
      </trkpt>
      <trkpt lat="49.82168" lon="1.25463">
        <ele>34.7</ele>
      </trkpt>
      <trkpt lat="49.82122" lon="1.25523">
        <ele>36.1</ele>
      </trkpt>
      <trkpt lat="49.82074" lon="1.25596">
        <ele>37.2</ele>
      </trkpt>
      <trkpt lat="49.82014" lon="1.25696">
        <ele>36.6</ele>
      </trkpt>
      <trkpt lat="49.81981" lon="1.25757">
        <ele>35.7</ele>
      </trkpt>
      <trkpt lat="49.81948" lon="1.25817">
        <ele>35.9</ele>
      </trkpt>
      <trkpt lat="49.819" lon="1.25903">
        <ele>34.8</ele>
      </trkpt>
      <trkpt lat="49.81852" lon="1.25988">
        <ele>34.9</ele>
      </trkpt>
      <trkpt lat="49.81804" lon="1.26074">
        <ele>35.0</ele>
      </trkpt>
      <trkpt lat="49.81756" lon="1.2616">
        <ele>35.1</ele>
      </trkpt>
      <trkpt lat="49.81724" lon="1.2622">
        <ele>35.3</ele>
      </trkpt>
      <trkpt lat="49.81691" lon="1.26281">
        <ele>36.1</ele>
      </trkpt>
      <trkpt lat="49.81658" lon="1.26354">
        <ele>37.1</ele>
      </trkpt>
      <trkpt lat="49.81631" lon="1.26419">
        <ele>37.0</ele>
      </trkpt>
      <trkpt lat="49.81619" lon="1.26455">
        <ele>36.7</ele>
      </trkpt>
      <trkpt lat="49.81602" lon="1.26511">
        <ele>36.3</ele>
      </trkpt>
      <trkpt lat="49.81577" lon="1.26629">
        <ele>37.2</ele>
      </trkpt>
      <trkpt lat="49.81567" lon="1.26711">
        <ele>38.4</ele>
      </trkpt>
      <trkpt lat="49.81557" lon="1.26792">
        <ele>39.0</ele>
      </trkpt>
      <trkpt lat="49.81545" lon="1.26915">
        <ele>39.2</ele>
      </trkpt>
      <trkpt lat="49.81533" lon="1.27037">
        <ele>39.4</ele>
      </trkpt>
      <trkpt lat="49.81522" lon="1.27127">
        <ele>39.1</ele>
      </trkpt>
      <trkpt lat="49.8151" lon="1.27255">
        <ele>38.5</ele>
      </trkpt>
      <trkpt lat="49.81497" lon="1.27383">
        <ele>37.9</ele>
      </trkpt>
      <trkpt lat="49.81487" lon="1.27451">
        <ele>38.1</ele>
      </trkpt>
      <trkpt lat="49.81476" lon="1.2752">
        <ele>38.7</ele>
      </trkpt>
      <trkpt lat="49.81447" lon="1.27645">
        <ele>38.5</ele>
      </trkpt>
      <trkpt lat="49.81422" lon="1.27727">
        <ele>38.8</ele>
      </trkpt>
      <trkpt lat="49.81396" lon="1.27809">
        <ele>39.9</ele>
      </trkpt>
      <trkpt lat="49.81357" lon="1.27931">
        <ele>41.1</ele>
      </trkpt>
      <trkpt lat="49.81317" lon="1.28053">
        <ele>41.7</ele>
      </trkpt>
      <trkpt lat="49.81278" lon="1.28176">
        <ele>44.0</ele>
      </trkpt>
      <trkpt lat="49.81251" lon="1.28278">
        <ele>45.8</ele>
      </trkpt>
      <trkpt lat="49.81224" lon="1.2838">
        <ele>45.3</ele>
      </trkpt>
      <trkpt lat="49.812" lon="1.28491">
        <ele>44.1</ele>
      </trkpt>
      <trkpt lat="49.81176" lon="1.28603">
        <ele>43.6</ele>
      </trkpt>
      <trkpt lat="49.81152" lon="1.28714">
        <ele>43.6</ele>
      </trkpt>
      <trkpt lat="49.81129" lon="1.28795">
        <ele>44.0</ele>
      </trkpt>
      <trkpt lat="49.81109" lon="1.28858">
        <ele>43.7</ele>
      </trkpt>
      <trkpt lat="49.81066" lon="1.28963">
        <ele>42.4</ele>
      </trkpt>
      <trkpt lat="49.81025" lon="1.2905">
        <ele>42.6</ele>
      </trkpt>
      <trkpt lat="49.80977" lon="1.29129">
        <ele>42.4</ele>
      </trkpt>
      <trkpt lat="49.80914" lon="1.29208">
        <ele>43.9</ele>
      </trkpt>
      <trkpt lat="49.80905" lon="1.29218">
        <ele>44.1</ele>
      </trkpt>
      <trkpt lat="49.80848" lon="1.29277">
        <ele>43.7</ele>
      </trkpt>
      <trkpt lat="49.80807" lon="1.29317">
        <ele>43.2</ele>
      </trkpt>
      <trkpt lat="49.80767" lon="1.29356">
        <ele>43.6</ele>
      </trkpt>
      <trkpt lat="49.80725" lon="1.294">
        <ele>44.5</ele>
      </trkpt>
      <trkpt lat="49.80682" lon="1.29443">
        <ele>45.0</ele>
      </trkpt>
      <trkpt lat="49.80615" lon="1.29507">
        <ele>45.3</ele>
      </trkpt>
      <trkpt lat="49.80569" lon="1.29562">
        <ele>44.8</ele>
      </trkpt>
      <trkpt lat="49.80536" lon="1.29607">
        <ele>45.6</ele>
      </trkpt>
      <trkpt lat="49.805" lon="1.29657">
        <ele>45.7</ele>
      </trkpt>
      <trkpt lat="49.80438" lon="1.2975">
        <ele>46.3</ele>
      </trkpt>
      <trkpt lat="49.80404" lon="1.29806">
        <ele>46.0</ele>
      </trkpt>
      <trkpt lat="49.80361" lon="1.29894">
        <ele>46.5</ele>
      </trkpt>
      <trkpt lat="49.80337" lon="1.29953">
        <ele>45.2</ele>
      </trkpt>
      <trkpt lat="49.80319" lon="1.30004">
        <ele>44.0</ele>
      </trkpt>
      <trkpt lat="49.80281" lon="1.30126">
        <ele>43.6</ele>
      </trkpt>
      <trkpt lat="49.80261" lon="1.30221">
        <ele>44.0</ele>
      </trkpt>
      <trkpt lat="49.80251" lon="1.30292">
        <ele>44.0</ele>
      </trkpt>
      <trkpt lat="49.8024" lon="1.30345">
        <ele>44.3</ele>
      </trkpt>
      <trkpt lat="49.80229" lon="1.30414">
        <ele>44.7</ele>
      </trkpt>
      <trkpt lat="49.8022" lon="1.30479">
        <ele>45.6</ele>
      </trkpt>
      <trkpt lat="49.80209" lon="1.3053">
        <ele>46.4</ele>
      </trkpt>
      <trkpt lat="49.80205" lon="1.30563">
        <ele>47.3</ele>
      </trkpt>
      <trkpt lat="49.80197" lon="1.30598">
        <ele>48.2</ele>
      </trkpt>
      <trkpt lat="49.80181" lon="1.30691">
        <ele>49.8</ele>
      </trkpt>
      <trkpt lat="49.80167" lon="1.3077">
        <ele>49.5</ele>
      </trkpt>
      <trkpt lat="49.80152" lon="1.30839">
        <ele>50.0</ele>
      </trkpt>
      <trkpt lat="49.80131" lon="1.30912">
        <ele>49.8</ele>
      </trkpt>
      <trkpt lat="49.80111" lon="1.30984">
        <ele>49.2</ele>
      </trkpt>
      <trkpt lat="49.80074" lon="1.31093">
        <ele>47.1</ele>
      </trkpt>
      <trkpt lat="49.80038" lon="1.31202">
        <ele>48.0</ele>
      </trkpt>
      <trkpt lat="49.80001" lon="1.31311">
        <ele>47.5</ele>
      </trkpt>
      <trkpt lat="49.79977" lon="1.31378">
        <ele>48.1</ele>
      </trkpt>
      <trkpt lat="49.79955" lon="1.31427">
        <ele>48.3</ele>
      </trkpt>
      <trkpt lat="49.7993" lon="1.31476">
        <ele>48.4</ele>
      </trkpt>
      <trkpt lat="49.79893" lon="1.31537">
        <ele>48.8</ele>
      </trkpt>
      <trkpt lat="49.79858" lon="1.31583">
        <ele>48.9</ele>
      </trkpt>
      <trkpt lat="49.79823" lon="1.3163">
        <ele>49.5</ele>
      </trkpt>
      <trkpt lat="49.79787" lon="1.31675">
        <ele>49.5</ele>
      </trkpt>
      <trkpt lat="49.7975" lon="1.31725">
        <ele>48.7</ele>
      </trkpt>
      <trkpt lat="49.79713" lon="1.31775">
        <ele>48.7</ele>
      </trkpt>
      <trkpt lat="49.79677" lon="1.31835">
        <ele>49.3</ele>
      </trkpt>
      <trkpt lat="49.79622" lon="1.31938">
        <ele>51.2</ele>
      </trkpt>
      <trkpt lat="49.79587" lon="1.32009">
        <ele>51.1</ele>
      </trkpt>
      <trkpt lat="49.79558" lon="1.32066">
        <ele>50.8</ele>
      </trkpt>
      <trkpt lat="49.79528" lon="1.32122">
        <ele>49.7</ele>
      </trkpt>
      <trkpt lat="49.79503" lon="1.32168">
        <ele>48.1</ele>
      </trkpt>
      <trkpt lat="49.79449" lon="1.32273">
        <ele>49.0</ele>
      </trkpt>
      <trkpt lat="49.79412" lon="1.32348">
        <ele>48.9</ele>
      </trkpt>
      <trkpt lat="49.79376" lon="1.32424">
        <ele>48.6</ele>
      </trkpt>
      <trkpt lat="49.79328" lon="1.32529">
        <ele>48.6</ele>
      </trkpt>
      <trkpt lat="49.79281" lon="1.32635">
        <ele>48.5</ele>
      </trkpt>
      <trkpt lat="49.79249" lon="1.32713">
        <ele>49.7</ele>
      </trkpt>
      <trkpt lat="49.79227" lon="1.3278">
        <ele>51.3</ele>
      </trkpt>
      <trkpt lat="49.79207" lon="1.32838">
        <ele>51.6</ele>
      </trkpt>
      <trkpt lat="49.79191" lon="1.32897">
        <ele>52.3</ele>
      </trkpt>
      <trkpt lat="49.79152" lon="1.3302">
        <ele>54.6</ele>
      </trkpt>
      <trkpt lat="49.7914" lon="1.33062">
        <ele>54.9</ele>
      </trkpt>
      <trkpt lat="49.79119" lon="1.33121">
        <ele>55.3</ele>
      </trkpt>
      <trkpt lat="49.79101" lon="1.33168">
        <ele>55.9</ele>
      </trkpt>
      <trkpt lat="49.79065" lon="1.33242">
        <ele>57.1</ele>
      </trkpt>
      <trkpt lat="49.79021" lon="1.33321">
        <ele>57.7</ele>
      </trkpt>
      <trkpt lat="49.78994" lon="1.33367">
        <ele>57.0</ele>
      </trkpt>
      <trkpt lat="49.78957" lon="1.33438">
        <ele>56.3</ele>
      </trkpt>
      <trkpt lat="49.78919" lon="1.33506">
        <ele>57.5</ele>
      </trkpt>
      <trkpt lat="49.78881" lon="1.33575">
        <ele>58.6</ele>
      </trkpt>
      <trkpt lat="49.78838" lon="1.33636">
        <ele>57.2</ele>
      </trkpt>
      <trkpt lat="49.78796" lon="1.33697">
        <ele>58.1</ele>
      </trkpt>
      <trkpt lat="49.78742" lon="1.33759">
        <ele>59.6</ele>
      </trkpt>
      <trkpt lat="49.78694" lon="1.33808">
        <ele>58.6</ele>
      </trkpt>
      <trkpt lat="49.78647" lon="1.33857">
        <ele>59.1</ele>
      </trkpt>
      <trkpt lat="49.78599" lon="1.33905">
        <ele>59.1</ele>
      </trkpt>
      <trkpt lat="49.78551" lon="1.33953">
        <ele>58.8</ele>
      </trkpt>
      <trkpt lat="49.785" lon="1.34016">
        <ele>61.8</ele>
      </trkpt>
      <trkpt lat="49.78463" lon="1.34066">
        <ele>62.8</ele>
      </trkpt>
      <trkpt lat="49.78426" lon="1.34115">
        <ele>63.9</ele>
      </trkpt>
      <trkpt lat="49.78379" lon="1.34168">
        <ele>64.7</ele>
      </trkpt>
      <trkpt lat="49.78342" lon="1.34218">
        <ele>65.2</ele>
      </trkpt>
      <trkpt lat="49.78305" lon="1.34268">
        <ele>65.2</ele>
      </trkpt>
      <trkpt lat="49.78242" lon="1.34347">
        <ele>65.0</ele>
      </trkpt>
      <trkpt lat="49.78231" lon="1.3436">
        <ele>65.0</ele>
      </trkpt>
      <trkpt lat="49.78183" lon="1.34422">
        <ele>65.0</ele>
      </trkpt>
      <trkpt lat="49.78135" lon="1.34484">
        <ele>66.0</ele>
      </trkpt>
      <trkpt lat="49.78078" lon="1.34556">
        <ele>66.4</ele>
      </trkpt>
      <trkpt lat="49.78021" lon="1.34628">
        <ele>65.9</ele>
      </trkpt>
      <trkpt lat="49.77986" lon="1.34678">
        <ele>66.1</ele>
      </trkpt>
      <trkpt lat="49.77951" lon="1.34728">
        <ele>64.9</ele>
      </trkpt>
      <trkpt lat="49.77904" lon="1.34823">
        <ele>65.3</ele>
      </trkpt>
      <trkpt lat="49.77857" lon="1.34919">
        <ele>64.5</ele>
      </trkpt>
      <trkpt lat="49.77828" lon="1.34973">
        <ele>64.7</ele>
      </trkpt>
      <trkpt lat="49.77783" lon="1.35066">
        <ele>63.1</ele>
      </trkpt>
      <trkpt lat="49.77738" lon="1.35159">
        <ele>63.5</ele>
      </trkpt>
      <trkpt lat="49.77692" lon="1.35252">
        <ele>65.7</ele>
      </trkpt>
      <trkpt lat="49.77647" lon="1.35345">
        <ele>66.3</ele>
      </trkpt>
      <trkpt lat="49.77599" lon="1.35431">
        <ele>67.2</ele>
      </trkpt>
      <trkpt lat="49.77551" lon="1.35529">
        <ele>65.8</ele>
      </trkpt>
      <trkpt lat="49.77522" lon="1.35595">
        <ele>64.7</ele>
      </trkpt>
      <trkpt lat="49.77484" lon="1.35685">
        <ele>65.3</ele>
      </trkpt>
      <trkpt lat="49.77451" lon="1.3577">
        <ele>65.7</ele>
      </trkpt>
      <trkpt lat="49.77418" lon="1.35855">
        <ele>67.5</ele>
      </trkpt>
      <trkpt lat="49.77385" lon="1.35924">
        <ele>67.7</ele>
      </trkpt>
      <trkpt lat="49.77349" lon="1.36022">
        <ele>68.3</ele>
      </trkpt>
      <trkpt lat="49.77301" lon="1.36137">
        <ele>68.8</ele>
      </trkpt>
      <trkpt lat="49.77265" lon="1.36228">
        <ele>69.4</ele>
      </trkpt>
      <trkpt lat="49.77227" lon="1.36321">
        <ele>68.7</ele>
      </trkpt>
      <trkpt lat="49.77196" lon="1.36384">
        <ele>68.5</ele>
      </trkpt>
      <trkpt lat="49.77154" lon="1.36463">
        <ele>67.8</ele>
      </trkpt>
      <trkpt lat="49.77118" lon="1.36534">
        <ele>68.3</ele>
      </trkpt>
      <trkpt lat="49.77072" lon="1.36632">
        <ele>68.6</ele>
      </trkpt>
      <trkpt lat="49.7704" lon="1.36697">
        <ele>68.8</ele>
      </trkpt>
      <trkpt lat="49.77009" lon="1.36762">
        <ele>68.7</ele>
      </trkpt>
      <trkpt lat="49.76972" lon="1.36838">
        <ele>67.8</ele>
      </trkpt>
      <trkpt lat="49.76935" lon="1.36915">
        <ele>68.4</ele>
      </trkpt>
      <trkpt lat="49.76898" lon="1.3699">
        <ele>68.4</ele>
      </trkpt>
      <trkpt lat="49.7686" lon="1.37065">
        <ele>65.4</ele>
      </trkpt>
      <trkpt lat="49.76827" lon="1.37133">
        <ele>63.8</ele>
      </trkpt>
      <trkpt lat="49.76795" lon="1.37201">
        <ele>63.2</ele>
      </trkpt>
      <trkpt lat="49.76776" lon="1.37237">
        <ele>63.4</ele>
      </trkpt>
      <trkpt lat="49.76739" lon="1.37313">
        <ele>64.0</ele>
      </trkpt>
      <trkpt lat="49.76701" lon="1.37389">
        <ele>64.1</ele>
      </trkpt>
      <trkpt lat="49.76655" lon="1.37464">
        <ele>65.0</ele>
      </trkpt>
      <trkpt lat="49.76621" lon="1.37511">
        <ele>64.0</ele>
      </trkpt>
      <trkpt lat="49.76595" lon="1.37545">
        <ele>63.0</ele>
      </trkpt>
      <trkpt lat="49.76555" lon="1.37588">
        <ele>62.5</ele>
      </trkpt>
      <trkpt lat="49.76528" lon="1.37613">
        <ele>62.4</ele>
      </trkpt>
      <trkpt lat="49.76469" lon="1.37655">
        <ele>61.5</ele>
      </trkpt>
      <trkpt lat="49.76425" lon="1.37683">
        <ele>61.6</ele>
      </trkpt>
      <trkpt lat="49.76358" lon="1.3772">
        <ele>61.4</ele>
      </trkpt>
      <trkpt lat="49.7629" lon="1.37757">
        <ele>61.1</ele>
      </trkpt>
      <trkpt lat="49.76261" lon="1.37775">
        <ele>61.3</ele>
      </trkpt>
      <trkpt lat="49.76211" lon="1.3781">
        <ele>61.4</ele>
      </trkpt>
      <trkpt lat="49.76181" lon="1.37837">
        <ele>61.2</ele>
      </trkpt>
      <trkpt lat="49.7615" lon="1.37865">
        <ele>61.2</ele>
      </trkpt>
      <trkpt lat="49.76113" lon="1.37905">
        <ele>61.2</ele>
      </trkpt>
      <trkpt lat="49.76074" lon="1.37957">
        <ele>61.4</ele>
      </trkpt>
      <trkpt lat="49.76042" lon="1.3801">
        <ele>61.7</ele>
      </trkpt>
      <trkpt lat="49.76009" lon="1.38063">
        <ele>62.5</ele>
      </trkpt>
      <trkpt lat="49.76005" lon="1.38072">
        <ele>62.6</ele>
      </trkpt>
      <trkpt lat="49.75972" lon="1.38141">
        <ele>63.6</ele>
      </trkpt>
      <trkpt lat="49.75948" lon="1.38202">
        <ele>63.6</ele>
      </trkpt>
      <trkpt lat="49.75918" lon="1.38275">
        <ele>63.6</ele>
      </trkpt>
      <trkpt lat="49.75888" lon="1.38348">
        <ele>64.5</ele>
      </trkpt>
      <trkpt lat="49.75858" lon="1.38415">
        <ele>64.9</ele>
      </trkpt>
      <trkpt lat="49.75842" lon="1.38449">
        <ele>65.1</ele>
      </trkpt>
      <trkpt lat="49.75802" lon="1.38535">
        <ele>65.7</ele>
      </trkpt>
      <trkpt lat="49.75762" lon="1.38622">
        <ele>67.4</ele>
      </trkpt>
      <trkpt lat="49.75732" lon="1.38674">
        <ele>67.5</ele>
      </trkpt>
      <trkpt lat="49.75706" lon="1.38733">
        <ele>67.6</ele>
      </trkpt>
      <trkpt lat="49.7566" lon="1.38825">
        <ele>67.5</ele>
      </trkpt>
      <trkpt lat="49.75614" lon="1.38916">
        <ele>67.7</ele>
      </trkpt>
      <trkpt lat="49.75568" lon="1.39007">
        <ele>68.7</ele>
      </trkpt>
      <trkpt lat="49.75523" lon="1.39098">
        <ele>69.5</ele>
      </trkpt>
      <trkpt lat="49.75477" lon="1.3919">
        <ele>70.4</ele>
      </trkpt>
      <trkpt lat="49.7544" lon="1.39284">
        <ele>71.7</ele>
      </trkpt>
      <trkpt lat="49.75408" lon="1.3938">
        <ele>73.4</ele>
      </trkpt>
      <trkpt lat="49.75381" lon="1.39491">
        <ele>74.6</ele>
      </trkpt>
      <trkpt lat="49.75353" lon="1.3962">
        <ele>74.9</ele>
      </trkpt>
      <trkpt lat="49.75325" lon="1.39749">
        <ele>75.6</ele>
      </trkpt>
      <trkpt lat="49.75296" lon="1.39877">
        <ele>76.4</ele>
      </trkpt>
      <trkpt lat="49.75268" lon="1.40006">
        <ele>75.0</ele>
      </trkpt>
      <trkpt lat="49.7524" lon="1.40135">
        <ele>77.7</ele>
      </trkpt>
      <trkpt lat="49.75221" lon="1.40214">
        <ele>79.2</ele>
      </trkpt>
      <trkpt lat="49.75202" lon="1.40294">
        <ele>80.0</ele>
      </trkpt>
      <trkpt lat="49.75178" lon="1.40366">
        <ele>79.5</ele>
      </trkpt>
      <trkpt lat="49.75155" lon="1.40438">
        <ele>78.8</ele>
      </trkpt>
      <trkpt lat="49.75135" lon="1.40508">
        <ele>79.3</ele>
      </trkpt>
      <trkpt lat="49.75115" lon="1.40578">
        <ele>81.6</ele>
      </trkpt>
      <trkpt lat="49.75088" lon="1.40663">
        <ele>83.1</ele>
      </trkpt>
      <trkpt lat="49.75062" lon="1.40744">
        <ele>83.6</ele>
      </trkpt>
      <trkpt lat="49.75047" lon="1.408">
        <ele>83.9</ele>
      </trkpt>
      <trkpt lat="49.75024" lon="1.40857">
        <ele>83.9</ele>
      </trkpt>
      <trkpt lat="49.74997" lon="1.4092">
        <ele>83.0</ele>
      </trkpt>
      <trkpt lat="49.74965" lon="1.40978">
        <ele>83.9</ele>
      </trkpt>
      <trkpt lat="49.74928" lon="1.41039">
        <ele>85.2</ele>
      </trkpt>
      <trkpt lat="49.74889" lon="1.41096">
        <ele>84.3</ele>
      </trkpt>
      <trkpt lat="49.7484" lon="1.41163">
        <ele>82.4</ele>
      </trkpt>
      <trkpt lat="49.74792" lon="1.4123">
        <ele>82.2</ele>
      </trkpt>
      <trkpt lat="49.74744" lon="1.41297">
        <ele>81.4</ele>
      </trkpt>
      <trkpt lat="49.7471" lon="1.41345">
        <ele>81.5</ele>
      </trkpt>
      <trkpt lat="49.74676" lon="1.41394">
        <ele>81.8</ele>
      </trkpt>
      <trkpt lat="49.7464" lon="1.41447">
        <ele>82.1</ele>
      </trkpt>
      <trkpt lat="49.74594" lon="1.4151">
        <ele>82.4</ele>
      </trkpt>
      <trkpt lat="49.74543" lon="1.41582">
        <ele>82.0</ele>
      </trkpt>
      <trkpt lat="49.74492" lon="1.41655">
        <ele>80.7</ele>
      </trkpt>
      <trkpt lat="49.74433" lon="1.41748">
        <ele>81.1</ele>
      </trkpt>
      <trkpt lat="49.7438" lon="1.41846">
        <ele>80.0</ele>
      </trkpt>
      <trkpt lat="49.74334" lon="1.41931">
        <ele>80.2</ele>
      </trkpt>
      <trkpt lat="49.74288" lon="1.42015">
        <ele>80.4</ele>
      </trkpt>
      <trkpt lat="49.74259" lon="1.42072">
        <ele>81.0</ele>
      </trkpt>
      <trkpt lat="49.74222" lon="1.42139">
        <ele>81.4</ele>
      </trkpt>
      <trkpt lat="49.74173" lon="1.42224">
        <ele>82.2</ele>
      </trkpt>
      <trkpt lat="49.74146" lon="1.42266">
        <ele>82.8</ele>
      </trkpt>
      <trkpt lat="49.741" lon="1.42332">
        <ele>82.4</ele>
      </trkpt>
      <trkpt lat="49.74054" lon="1.42399">
        <ele>82.2</ele>
      </trkpt>
      <trkpt lat="49.74009" lon="1.42466">
        <ele>80.2</ele>
      </trkpt>
      <trkpt lat="49.73965" lon="1.42533">
        <ele>79.1</ele>
      </trkpt>
      <trkpt lat="49.73924" lon="1.42591">
        <ele>76.5</ele>
      </trkpt>
      <trkpt lat="49.7389" lon="1.42649">
        <ele>78.6</ele>
      </trkpt>
      <trkpt lat="49.73855" lon="1.42708">
        <ele>79.2</ele>
      </trkpt>
      <trkpt lat="49.73818" lon="1.42779">
        <ele>79.1</ele>
      </trkpt>
      <trkpt lat="49.73778" lon="1.42876">
        <ele>79.7</ele>
      </trkpt>
      <trkpt lat="49.73738" lon="1.42973">
        <ele>79.1</ele>
      </trkpt>
      <trkpt lat="49.73698" lon="1.4307">
        <ele>76.7</ele>
      </trkpt>
      <trkpt lat="49.73678" lon="1.43115">
        <ele>76.3</ele>
      </trkpt>
      <trkpt lat="49.73649" lon="1.43171">
        <ele>76.9</ele>
      </trkpt>
      <trkpt lat="49.73638" lon="1.43191">
        <ele>77.2</ele>
      </trkpt>
      <trkpt lat="49.73583" lon="1.43281">
        <ele>76.7</ele>
      </trkpt>
      <trkpt lat="49.73553" lon="1.43327">
        <ele>77.5</ele>
      </trkpt>
      <trkpt lat="49.73522" lon="1.4337">
        <ele>77.9</ele>
      </trkpt>
      <trkpt lat="49.73486" lon="1.43413">
        <ele>77.6</ele>
      </trkpt>
      <trkpt lat="49.73417" lon="1.43489">
        <ele>77.7</ele>
      </trkpt>
      <trkpt lat="49.7337" lon="1.43545">
        <ele>78.0</ele>
      </trkpt>
      <trkpt lat="49.73301" lon="1.43622">
        <ele>77.5</ele>
      </trkpt>
      <trkpt lat="49.73268" lon="1.43652">
        <ele>77.1</ele>
      </trkpt>
      <trkpt lat="49.73243" lon="1.43672">
        <ele>77.1</ele>
      </trkpt>
      <trkpt lat="49.73211" lon="1.43692">
        <ele>77.5</ele>
      </trkpt>
      <trkpt lat="49.73177" lon="1.43708">
        <ele>77.6</ele>
      </trkpt>
      <trkpt lat="49.73143" lon="1.43718">
        <ele>78.1</ele>
      </trkpt>
      <trkpt lat="49.73091" lon="1.43725">
        <ele>79.2</ele>
      </trkpt>
      <trkpt lat="49.73048" lon="1.43722">
        <ele>78.5</ele>
      </trkpt>
      <trkpt lat="49.72974" lon="1.43715">
        <ele>77.1</ele>
      </trkpt>
      <trkpt lat="49.72901" lon="1.43707">
        <ele>77.3</ele>
      </trkpt>
      <trkpt lat="49.72828" lon="1.437">
        <ele>78.5</ele>
      </trkpt>
      <trkpt lat="49.72777" lon="1.43696">
        <ele>79.0</ele>
      </trkpt>
      <trkpt lat="49.72741" lon="1.43695">
        <ele>79.3</ele>
      </trkpt>
      <trkpt lat="49.72726" lon="1.43697">
        <ele>79.4</ele>
      </trkpt>
      <trkpt lat="49.72693" lon="1.43703">
        <ele>79.4</ele>
      </trkpt>
      <trkpt lat="49.72628" lon="1.43721">
        <ele>80.7</ele>
      </trkpt>
      <trkpt lat="49.72582" lon="1.43755">
        <ele>82.2</ele>
      </trkpt>
      <trkpt lat="49.72529" lon="1.438">
        <ele>86.1</ele>
      </trkpt>
      <trkpt lat="49.72487" lon="1.43838">
        <ele>87.7</ele>
      </trkpt>
      <trkpt lat="49.72461" lon="1.43871">
        <ele>87.8</ele>
      </trkpt>
      <trkpt lat="49.7243" lon="1.43921">
        <ele>87.0</ele>
      </trkpt>
      <trkpt lat="49.724" lon="1.43979">
        <ele>85.6</ele>
      </trkpt>
      <trkpt lat="49.72376" lon="1.44039">
        <ele>85.3</ele>
      </trkpt>
      <trkpt lat="49.72346" lon="1.44138">
        <ele>84.9</ele>
      </trkpt>
      <trkpt lat="49.72323" lon="1.44224">
        <ele>86.5</ele>
      </trkpt>
      <trkpt lat="49.723" lon="1.4431">
        <ele>88.5</ele>
      </trkpt>
      <trkpt lat="49.72271" lon="1.44417">
        <ele>86.3</ele>
      </trkpt>
      <trkpt lat="49.72241" lon="1.44524">
        <ele>85.6</ele>
      </trkpt>
      <trkpt lat="49.72212" lon="1.44631">
        <ele>84.3</ele>
      </trkpt>
      <trkpt lat="49.72183" lon="1.44739">
        <ele>84.4</ele>
      </trkpt>
      <trkpt lat="49.72154" lon="1.44846">
        <ele>83.8</ele>
      </trkpt>
      <trkpt lat="49.72125" lon="1.44953">
        <ele>84.7</ele>
      </trkpt>
      <trkpt lat="49.72097" lon="1.4504">
        <ele>84.5</ele>
      </trkpt>
      <trkpt lat="49.7208" lon="1.45082">
        <ele>83.9</ele>
      </trkpt>
      <trkpt lat="49.72061" lon="1.45131">
        <ele>84.5</ele>
      </trkpt>
      <trkpt lat="49.72038" lon="1.45181">
        <ele>85.2</ele>
      </trkpt>
      <trkpt lat="49.72017" lon="1.45223">
        <ele>85.4</ele>
      </trkpt>
      <trkpt lat="49.71981" lon="1.45285">
        <ele>85.3</ele>
      </trkpt>
      <trkpt lat="49.71932" lon="1.45361">
        <ele>86.5</ele>
      </trkpt>
      <trkpt lat="49.71904" lon="1.45397">
        <ele>86.6</ele>
      </trkpt>
      <trkpt lat="49.71838" lon="1.45475">
        <ele>86.7</ele>
      </trkpt>
      <trkpt lat="49.71797" lon="1.45519">
        <ele>87.3</ele>
      </trkpt>
      <trkpt lat="49.71756" lon="1.45564">
        <ele>87.4</ele>
      </trkpt>
      <trkpt lat="49.71701" lon="1.45631">
        <ele>89.3</ele>
      </trkpt>
      <trkpt lat="49.71662" lon="1.45687">
        <ele>90.9</ele>
      </trkpt>
      <trkpt lat="49.71618" lon="1.45767">
        <ele>92.2</ele>
      </trkpt>
      <trkpt lat="49.71591" lon="1.45823">
        <ele>90.6</ele>
      </trkpt>
      <trkpt lat="49.71564" lon="1.45879">
        <ele>89.8</ele>
      </trkpt>
      <trkpt lat="49.71519" lon="1.45978">
        <ele>90.9</ele>
      </trkpt>
      <trkpt lat="49.71475" lon="1.46078">
        <ele>92.3</ele>
      </trkpt>
      <trkpt lat="49.71429" lon="1.46171">
        <ele>93.1</ele>
      </trkpt>
      <trkpt lat="49.7138" lon="1.46253">
        <ele>93.9</ele>
      </trkpt>
      <trkpt lat="49.71328" lon="1.46329">
        <ele>95.3</ele>
      </trkpt>
      <trkpt lat="49.71289" lon="1.46378">
        <ele>93.6</ele>
      </trkpt>
      <trkpt lat="49.71247" lon="1.46425">
        <ele>92.3</ele>
      </trkpt>
      <trkpt lat="49.71205" lon="1.46471">
        <ele>92.8</ele>
      </trkpt>
      <trkpt lat="49.71163" lon="1.46509">
        <ele>93.4</ele>
      </trkpt>
      <trkpt lat="49.71103" lon="1.46553">
        <ele>92.9</ele>
      </trkpt>
      <trkpt lat="49.71068" lon="1.46578">
        <ele>92.4</ele>
      </trkpt>
      <trkpt lat="49.71019" lon="1.46607">
        <ele>93.2</ele>
      </trkpt>
      <trkpt lat="49.70969" lon="1.46636">
        <ele>94.0</ele>
      </trkpt>
      <trkpt lat="49.70928" lon="1.46665">
        <ele>94.3</ele>
      </trkpt>
      <trkpt lat="49.70887" lon="1.46693">
        <ele>93.9</ele>
      </trkpt>
      <trkpt lat="49.70845" lon="1.46728">
        <ele>93.0</ele>
      </trkpt>
      <trkpt lat="49.70811" lon="1.46766">
        <ele>93.3</ele>
      </trkpt>
      <trkpt lat="49.70772" lon="1.46821">
        <ele>94.4</ele>
      </trkpt>
      <trkpt lat="49.70737" lon="1.46883">
        <ele>94.5</ele>
      </trkpt>
      <trkpt lat="49.70709" lon="1.4695">
        <ele>94.8</ele>
      </trkpt>
      <trkpt lat="49.70688" lon="1.47011">
        <ele>94.2</ele>
      </trkpt>
      <trkpt lat="49.7066" lon="1.47127">
        <ele>94.6</ele>
      </trkpt>
      <trkpt lat="49.70637" lon="1.47251">
        <ele>96.2</ele>
      </trkpt>
      <trkpt lat="49.70615" lon="1.47374">
        <ele>96.0</ele>
      </trkpt>
      <trkpt lat="49.70592" lon="1.47498">
        <ele>94.6</ele>
      </trkpt>
      <trkpt lat="49.7057" lon="1.47621">
        <ele>95.4</ele>
      </trkpt>
      <trkpt lat="49.70552" lon="1.47714">
        <ele>95.9</ele>
      </trkpt>
      <trkpt lat="49.7053" lon="1.47801">
        <ele>96.1</ele>
      </trkpt>
      <trkpt lat="49.70503" lon="1.4789">
        <ele>96.3</ele>
      </trkpt>
      <trkpt lat="49.70472" lon="1.47974">
        <ele>96.9</ele>
      </trkpt>
      <trkpt lat="49.70442" lon="1.48058">
        <ele>99.0</ele>
      </trkpt>
      <trkpt lat="49.70402" lon="1.48174">
        <ele>99.9</ele>
      </trkpt>
      <trkpt lat="49.70361" lon="1.48291">
        <ele>97.7</ele>
      </trkpt>
      <trkpt lat="49.70321" lon="1.48407">
        <ele>97.5</ele>
      </trkpt>
      <trkpt lat="49.70288" lon="1.48495">
        <ele>98.7</ele>
      </trkpt>
      <trkpt lat="49.70255" lon="1.48584">
        <ele>100.6</ele>
      </trkpt>
      <trkpt lat="49.70212" lon="1.48704">
        <ele>101.3</ele>
      </trkpt>
      <trkpt lat="49.70168" lon="1.48824">
        <ele>98.1</ele>
      </trkpt>
      <trkpt lat="49.70125" lon="1.48945">
        <ele>99.0</ele>
      </trkpt>
      <trkpt lat="49.70082" lon="1.49049">
        <ele>97.9</ele>
      </trkpt>
      <trkpt lat="49.70036" lon="1.49148">
        <ele>97.5</ele>
      </trkpt>
      <trkpt lat="49.70002" lon="1.49205">
        <ele>98.0</ele>
      </trkpt>
      <trkpt lat="49.69945" lon="1.49289">
        <ele>98.0</ele>
      </trkpt>
      <trkpt lat="49.69898" lon="1.49352">
        <ele>97.5</ele>
      </trkpt>
      <trkpt lat="49.6986" lon="1.49391">
        <ele>97.4</ele>
      </trkpt>
      <trkpt lat="49.69823" lon="1.49429">
        <ele>98.0</ele>
      </trkpt>
      <trkpt lat="49.69778" lon="1.49468">
        <ele>97.5</ele>
      </trkpt>
      <trkpt lat="49.69756" lon="1.49485">
        <ele>97.1</ele>
      </trkpt>
      <trkpt lat="49.69674" lon="1.49542">
        <ele>98.5</ele>
      </trkpt>
      <trkpt lat="49.696" lon="1.49586">
        <ele>97.5</ele>
      </trkpt>
      <trkpt lat="49.69543" lon="1.49618">
        <ele>98.3</ele>
      </trkpt>
      <trkpt lat="49.69487" lon="1.49651">
        <ele>98.7</ele>
      </trkpt>
      <trkpt lat="49.69431" lon="1.49683">
        <ele>99.2</ele>
      </trkpt>
      <trkpt lat="49.69384" lon="1.49707">
        <ele>100.0</ele>
      </trkpt>
      <trkpt lat="49.69337" lon="1.49732">
        <ele>100.4</ele>
      </trkpt>
      <trkpt lat="49.69286" lon="1.49767">
        <ele>100.4</ele>
      </trkpt>
      <trkpt lat="49.69234" lon="1.49803">
        <ele>101.5</ele>
      </trkpt>
      <trkpt lat="49.69173" lon="1.49853">
        <ele>102.0</ele>
      </trkpt>
      <trkpt lat="49.69112" lon="1.49904">
        <ele>101.1</ele>
      </trkpt>
      <trkpt lat="49.6905" lon="1.49954">
        <ele>100.4</ele>
      </trkpt>
      <trkpt lat="49.6904" lon="1.49963">
        <ele>100.3</ele>
      </trkpt>
      <trkpt lat="49.68983" lon="1.50004">
        <ele>99.8</ele>
      </trkpt>
      <trkpt lat="49.68927" lon="1.50046">
        <ele>99.1</ele>
      </trkpt>
      <trkpt lat="49.68871" lon="1.50088">
        <ele>100.1</ele>
      </trkpt>
      <trkpt lat="49.688" lon="1.50118">
        <ele>101.2</ele>
      </trkpt>
      <trkpt lat="49.68743" lon="1.50129">
        <ele>102.0</ele>
      </trkpt>
      <trkpt lat="49.68685" lon="1.50132">
        <ele>103.1</ele>
      </trkpt>
      <trkpt lat="49.68628" lon="1.50134">
        <ele>103.8</ele>
      </trkpt>
      <trkpt lat="49.68567" lon="1.5013">
        <ele>104.6</ele>
      </trkpt>
      <trkpt lat="49.68481" lon="1.5012">
        <ele>106.6</ele>
      </trkpt>
      <trkpt lat="49.68394" lon="1.5011">
        <ele>106.7</ele>
      </trkpt>
      <trkpt lat="49.68339" lon="1.50111">
        <ele>105.5</ele>
      </trkpt>
      <trkpt lat="49.68293" lon="1.50121">
        <ele>105.6</ele>
      </trkpt>
      <trkpt lat="49.68239" lon="1.50143">
        <ele>106.1</ele>
      </trkpt>
      <trkpt lat="49.68195" lon="1.50167">
        <ele>107.0</ele>
      </trkpt>
      <trkpt lat="49.68152" lon="1.50192">
        <ele>108.1</ele>
      </trkpt>
      <trkpt lat="49.68106" lon="1.50235">
        <ele>109.1</ele>
      </trkpt>
      <trkpt lat="49.6806" lon="1.50279">
        <ele>109.0</ele>
      </trkpt>
      <trkpt lat="49.67999" lon="1.50357">
        <ele>108.8</ele>
      </trkpt>
      <trkpt lat="49.67938" lon="1.50434">
        <ele>107.6</ele>
      </trkpt>
      <trkpt lat="49.67893" lon="1.50479">
        <ele>107.0</ele>
      </trkpt>
      <trkpt lat="49.67846" lon="1.50516">
        <ele>107.6</ele>
      </trkpt>
      <trkpt lat="49.67775" lon="1.50555">
        <ele>107.4</ele>
      </trkpt>
      <trkpt lat="49.67726" lon="1.50574">
        <ele>107.4</ele>
      </trkpt>
      <trkpt lat="49.67665" lon="1.50593">
        <ele>108.5</ele>
      </trkpt>
      <trkpt lat="49.67588" lon="1.5062">
        <ele>111.2</ele>
      </trkpt>
      <trkpt lat="49.6751" lon="1.50647">
        <ele>112.8</ele>
      </trkpt>
      <trkpt lat="49.67433" lon="1.50673">
        <ele>113.5</ele>
      </trkpt>
      <trkpt lat="49.67356" lon="1.507">
        <ele>115.7</ele>
      </trkpt>
      <trkpt lat="49.67279" lon="1.50726">
        <ele>116.7</ele>
      </trkpt>
      <trkpt lat="49.67202" lon="1.50753">
        <ele>117.7</ele>
      </trkpt>
      <trkpt lat="49.67128" lon="1.50777">
        <ele>117.4</ele>
      </trkpt>
      <trkpt lat="49.67054" lon="1.50802">
        <ele>115.2</ele>
      </trkpt>
      <trkpt lat="49.67003" lon="1.50807">
        <ele>113.2</ele>
      </trkpt>
      <trkpt lat="49.66951" lon="1.50813">
        <ele>114.6</ele>
      </trkpt>
      <trkpt lat="49.66944" lon="1.50813">
        <ele>114.8</ele>
      </trkpt>
      <trkpt lat="49.66868" lon="1.50804">
        <ele>116.9</ele>
      </trkpt>
      <trkpt lat="49.66792" lon="1.50795">
        <ele>122.2</ele>
      </trkpt>
      <trkpt lat="49.66718" lon="1.50786">
        <ele>125.3</ele>
      </trkpt>
      <trkpt lat="49.66644" lon="1.50776">
        <ele>125.0</ele>
      </trkpt>
      <trkpt lat="49.66584" lon="1.50779">
        <ele>122.6</ele>
      </trkpt>
      <trkpt lat="49.66533" lon="1.50788">
        <ele>123.0</ele>
      </trkpt>
      <trkpt lat="49.66483" lon="1.50797">
        <ele>124.0</ele>
      </trkpt>
      <trkpt lat="49.66424" lon="1.50811">
        <ele>125.8</ele>
      </trkpt>
      <trkpt lat="49.66336" lon="1.50828">
        <ele>127.0</ele>
      </trkpt>
      <trkpt lat="49.66248" lon="1.50846">
        <ele>128.0</ele>
      </trkpt>
      <trkpt lat="49.66159" lon="1.50863">
        <ele>128.5</ele>
      </trkpt>
      <trkpt lat="49.66071" lon="1.5088">
        <ele>126.5</ele>
      </trkpt>
      <trkpt lat="49.65983" lon="1.50898">
        <ele>127.9</ele>
      </trkpt>
      <trkpt lat="49.65982" lon="1.50898">
        <ele>127.9</ele>
      </trkpt>
      <trkpt lat="49.65973" lon="1.50899">
        <ele>128.0</ele>
      </trkpt>
      <trkpt lat="49.65905" lon="1.50913">
        <ele>129.2</ele>
      </trkpt>
      <trkpt lat="49.65837" lon="1.50927">
        <ele>130.7</ele>
      </trkpt>
      <trkpt lat="49.65769" lon="1.50941">
        <ele>133.0</ele>
      </trkpt>
      <trkpt lat="49.65687" lon="1.50967">
        <ele>134.2</ele>
      </trkpt>
      <trkpt lat="49.65623" lon="1.50991">
        <ele>134.7</ele>
      </trkpt>
      <trkpt lat="49.65579" lon="1.51018">
        <ele>135.1</ele>
      </trkpt>
      <trkpt lat="49.65534" lon="1.51045">
        <ele>136.5</ele>
      </trkpt>
      <trkpt lat="49.65493" lon="1.51078">
        <ele>137.2</ele>
      </trkpt>
      <trkpt lat="49.65453" lon="1.51112">
        <ele>137.9</ele>
      </trkpt>
      <trkpt lat="49.654" lon="1.51165">
        <ele>138.2</ele>
      </trkpt>
      <trkpt lat="49.65334" lon="1.51247">
        <ele>138.0</ele>
      </trkpt>
      <trkpt lat="49.65267" lon="1.51329">
        <ele>140.3</ele>
      </trkpt>
      <trkpt lat="49.65201" lon="1.51411">
        <ele>141.5</ele>
      </trkpt>
      <trkpt lat="49.65134" lon="1.51493">
        <ele>140.5</ele>
      </trkpt>
      <trkpt lat="49.65068" lon="1.51575">
        <ele>141.6</ele>
      </trkpt>
      <trkpt lat="49.65028" lon="1.51629">
        <ele>142.6</ele>
      </trkpt>
      <trkpt lat="49.64976" lon="1.51712">
        <ele>144.7</ele>
      </trkpt>
      <trkpt lat="49.6493" lon="1.51801">
        <ele>145.9</ele>
      </trkpt>
      <trkpt lat="49.64907" lon="1.51853">
        <ele>145.4</ele>
      </trkpt>
      <trkpt lat="49.64879" lon="1.51919">
        <ele>142.6</ele>
      </trkpt>
      <trkpt lat="49.64838" lon="1.52038">
        <ele>140.9</ele>
      </trkpt>
      <trkpt lat="49.64804" lon="1.52161">
        <ele>138.1</ele>
      </trkpt>
      <trkpt lat="49.64778" lon="1.52289">
        <ele>141.6</ele>
      </trkpt>
      <trkpt lat="49.64764" lon="1.52407">
        <ele>145.1</ele>
      </trkpt>
      <trkpt lat="49.6475" lon="1.52526">
        <ele>147.3</ele>
      </trkpt>
      <trkpt lat="49.64736" lon="1.52644">
        <ele>149.3</ele>
      </trkpt>
      <trkpt lat="49.64728" lon="1.52715">
        <ele>149.9</ele>
      </trkpt>
      <trkpt lat="49.6472" lon="1.52787">
        <ele>150.6</ele>
      </trkpt>
      <trkpt lat="49.64715" lon="1.52821">
        <ele>151.2</ele>
      </trkpt>
      <trkpt lat="49.64698" lon="1.52906">
        <ele>153.4</ele>
      </trkpt>
      <trkpt lat="49.64684" lon="1.52962">
        <ele>154.6</ele>
      </trkpt>
      <trkpt lat="49.64662" lon="1.53038">
        <ele>155.9</ele>
      </trkpt>
      <trkpt lat="49.64627" lon="1.53133">
        <ele>157.1</ele>
      </trkpt>
      <trkpt lat="49.64606" lon="1.5318">
        <ele>157.4</ele>
      </trkpt>
      <trkpt lat="49.64579" lon="1.53235">
        <ele>157.0</ele>
      </trkpt>
      <trkpt lat="49.64543" lon="1.53299">
        <ele>157.4</ele>
      </trkpt>
      <trkpt lat="49.64494" lon="1.53372">
        <ele>157.5</ele>
      </trkpt>
      <trkpt lat="49.64436" lon="1.5345">
        <ele>158.7</ele>
      </trkpt>
      <trkpt lat="49.64377" lon="1.53527">
        <ele>160.2</ele>
      </trkpt>
      <trkpt lat="49.64341" lon="1.53577">
        <ele>160.8</ele>
      </trkpt>
      <trkpt lat="49.64305" lon="1.53627">
        <ele>160.7</ele>
      </trkpt>
      <trkpt lat="49.64269" lon="1.53675">
        <ele>160.3</ele>
      </trkpt>
      <trkpt lat="49.64232" lon="1.53723">
        <ele>161.2</ele>
      </trkpt>
      <trkpt lat="49.64167" lon="1.53812">
        <ele>164.0</ele>
      </trkpt>
      <trkpt lat="49.64112" lon="1.53885">
        <ele>164.8</ele>
      </trkpt>
      <trkpt lat="49.64057" lon="1.53959">
        <ele>167.0</ele>
      </trkpt>
      <trkpt lat="49.64001" lon="1.54032">
        <ele>168.8</ele>
      </trkpt>
      <trkpt lat="49.63946" lon="1.54106">
        <ele>168.9</ele>
      </trkpt>
      <trkpt lat="49.63919" lon="1.54143">
        <ele>168.8</ele>
      </trkpt>
      <trkpt lat="49.63887" lon="1.54179">
        <ele>169.2</ele>
      </trkpt>
      <trkpt lat="49.63857" lon="1.54205">
        <ele>169.6</ele>
      </trkpt>
      <trkpt lat="49.63828" lon="1.54224">
        <ele>169.6</ele>
      </trkpt>
      <trkpt lat="49.63795" lon="1.54241">
        <ele>169.5</ele>
      </trkpt>
      <trkpt lat="49.63752" lon="1.54257">
        <ele>169.0</ele>
      </trkpt>
      <trkpt lat="49.63724" lon="1.54266">
        <ele>168.7</ele>
      </trkpt>
      <trkpt lat="49.6371" lon="1.54268">
        <ele>168.5</ele>
      </trkpt>
      <trkpt lat="49.63697" lon="1.54265">
        <ele>168.4</ele>
      </trkpt>
      <trkpt lat="49.63663" lon="1.54241">
        <ele>168.0</ele>
      </trkpt>
      <trkpt lat="49.63647" lon="1.54234">
        <ele>167.7</ele>
      </trkpt>
      <trkpt lat="49.63612" lon="1.54224">
        <ele>167.1</ele>
      </trkpt>
      <trkpt lat="49.63573" lon="1.54199">
        <ele>166.2</ele>
      </trkpt>
      <trkpt lat="49.63515" lon="1.54167">
        <ele>165.2</ele>
      </trkpt>
      <trkpt lat="49.63504" lon="1.54154">
        <ele>164.9</ele>
      </trkpt>
      <trkpt lat="49.635" lon="1.54152">
        <ele>164.8</ele>
      </trkpt>
      <trkpt lat="49.63492" lon="1.5415">
        <ele>164.8</ele>
      </trkpt>
      <trkpt lat="49.63492" lon="1.54169">
        <ele>165.0</ele>
      </trkpt>
      <trkpt lat="49.6349" lon="1.54181">
        <ele>164.8</ele>
      </trkpt>
      <trkpt lat="49.63482" lon="1.54213">
        <ele>164.3</ele>
      </trkpt>
      <trkpt lat="49.63473" lon="1.54217">
        <ele>164.2</ele>
      </trkpt>
      <trkpt lat="49.63467" lon="1.54218">
        <ele>164.1</ele>
      </trkpt>
      <trkpt lat="49.63442" lon="1.54215">
        <ele>164.0</ele>
      </trkpt>
      <trkpt lat="49.63405" lon="1.54219">
        <ele>163.9</ele>
      </trkpt>
      <trkpt lat="49.63363" lon="1.54221">
        <ele>164.3</ele>
      </trkpt>
      <trkpt lat="49.63323" lon="1.54226">
        <ele>164.4</ele>
      </trkpt>
      <trkpt lat="49.63302" lon="1.54224">
        <ele>164.0</ele>
      </trkpt>
      <trkpt lat="49.63292" lon="1.54222">
        <ele>163.8</ele>
      </trkpt>
      <trkpt lat="49.63259" lon="1.54211">
        <ele>163.6</ele>
      </trkpt>
      <trkpt lat="49.63232" lon="1.54198">
        <ele>163.8</ele>
      </trkpt>
      <trkpt lat="49.63205" lon="1.54183">
        <ele>164.3</ele>
      </trkpt>
      <trkpt lat="49.63163" lon="1.54157">
        <ele>165.1</ele>
      </trkpt>
      <trkpt lat="49.6312" lon="1.54131">
        <ele>164.3</ele>
      </trkpt>
      <trkpt lat="49.63111" lon="1.54126">
        <ele>164.3</ele>
      </trkpt>
      <trkpt lat="49.63102" lon="1.54124">
        <ele>164.1</ele>
      </trkpt>
      <trkpt lat="49.63087" lon="1.54123">
        <ele>163.7</ele>
      </trkpt>
      <trkpt lat="49.6308" lon="1.54124">
        <ele>163.5</ele>
      </trkpt>
      <trkpt lat="49.63063" lon="1.54133">
        <ele>162.9</ele>
      </trkpt>
      <trkpt lat="49.63053" lon="1.54142">
        <ele>162.4</ele>
      </trkpt>
      <trkpt lat="49.63035" lon="1.54163">
        <ele>161.7</ele>
      </trkpt>
      <trkpt lat="49.6303" lon="1.54176">
        <ele>161.4</ele>
      </trkpt>
      <trkpt lat="49.63028" lon="1.54188">
        <ele>161.2</ele>
      </trkpt>
      <trkpt lat="49.63031" lon="1.5421">
        <ele>160.7</ele>
      </trkpt>
      <trkpt lat="49.6303" lon="1.5422">
        <ele>160.5</ele>
      </trkpt>
      <trkpt lat="49.63028" lon="1.54231">
        <ele>160.4</ele>
      </trkpt>
      <trkpt lat="49.62966" lon="1.542">
        <ele>163.6</ele>
      </trkpt>
      <trkpt lat="49.62904" lon="1.5417">
        <ele>167.3</ele>
      </trkpt>
      <trkpt lat="49.62891" lon="1.54157">
        <ele>167.7</ele>
      </trkpt>
      <trkpt lat="49.62834" lon="1.54083">
        <ele>171.0</ele>
      </trkpt>
      <trkpt lat="49.62777" lon="1.5401">
        <ele>171.7</ele>
      </trkpt>
      <trkpt lat="49.62759" lon="1.53985">
        <ele>172.0</ele>
      </trkpt>
      <trkpt lat="49.62752" lon="1.53974">
        <ele>172.1</ele>
      </trkpt>
      <trkpt lat="49.62745" lon="1.53958">
        <ele>172.3</ele>
      </trkpt>
      <trkpt lat="49.62734" lon="1.53921">
        <ele>172.7</ele>
      </trkpt>
      <trkpt lat="49.62712" lon="1.53867">
        <ele>173.4</ele>
      </trkpt>
      <trkpt lat="49.62683" lon="1.5379">
        <ele>173.8</ele>
      </trkpt>
      <trkpt lat="49.62676" lon="1.53767">
        <ele>173.8</ele>
      </trkpt>
      <trkpt lat="49.62629" lon="1.53774">
        <ele>173.1</ele>
      </trkpt>
      <trkpt lat="49.62577" lon="1.53778">
        <ele>171.9</ele>
      </trkpt>
      <trkpt lat="49.62526" lon="1.53781">
        <ele>171.1</ele>
      </trkpt>
      <trkpt lat="49.62457" lon="1.53787">
        <ele>170.5</ele>
      </trkpt>
      <trkpt lat="49.62389" lon="1.53794">
        <ele>169.5</ele>
      </trkpt>
      <trkpt lat="49.62321" lon="1.538">
        <ele>167.4</ele>
      </trkpt>
      <trkpt lat="49.62313" lon="1.53801">
        <ele>167.3</ele>
      </trkpt>
      <trkpt lat="49.62271" lon="1.53806">
        <ele>166.7</ele>
      </trkpt>
      <trkpt lat="49.6221" lon="1.53812">
        <ele>165.3</ele>
      </trkpt>
      <trkpt lat="49.62149" lon="1.53817">
        <ele>163.6</ele>
      </trkpt>
      <trkpt lat="49.62077" lon="1.5382">
        <ele>163.3</ele>
      </trkpt>
      <trkpt lat="49.62046" lon="1.53822">
        <ele>163.2</ele>
      </trkpt>
      <trkpt lat="49.61974" lon="1.53828">
        <ele>163.0</ele>
      </trkpt>
      <trkpt lat="49.61908" lon="1.53835">
        <ele>163.2</ele>
      </trkpt>
      <trkpt lat="49.61911" lon="1.539">
        <ele>161.5</ele>
      </trkpt>
      <trkpt lat="49.61911" lon="1.5394">
        <ele>160.7</ele>
      </trkpt>
      <trkpt lat="49.61908" lon="1.5396">
        <ele>160.4</ele>
      </trkpt>
      <trkpt lat="49.61905" lon="1.53979">
        <ele>160.0</ele>
      </trkpt>
      <trkpt lat="49.619" lon="1.53995">
        <ele>159.5</ele>
      </trkpt>
      <trkpt lat="49.61894" lon="1.54012">
        <ele>158.8</ele>
      </trkpt>
      <trkpt lat="49.61887" lon="1.54026">
        <ele>158.1</ele>
      </trkpt>
      <trkpt lat="49.61861" lon="1.54064">
        <ele>156.2</ele>
      </trkpt>
      <trkpt lat="49.61827" lon="1.54107">
        <ele>154.6</ele>
      </trkpt>
      <trkpt lat="49.61776" lon="1.54177">
        <ele>152.7</ele>
      </trkpt>
      <trkpt lat="49.61725" lon="1.54248">
        <ele>153.0</ele>
      </trkpt>
      <trkpt lat="49.61674" lon="1.54318">
        <ele>152.2</ele>
      </trkpt>
      <trkpt lat="49.61667" lon="1.54329">
        <ele>152.1</ele>
      </trkpt>
      <trkpt lat="49.61662" lon="1.54339">
        <ele>152.2</ele>
      </trkpt>
      <trkpt lat="49.61631" lon="1.54441">
        <ele>153.8</ele>
      </trkpt>
      <trkpt lat="49.616" lon="1.54544">
        <ele>153.5</ele>
      </trkpt>
      <trkpt lat="49.61587" lon="1.54573">
        <ele>153.2</ele>
      </trkpt>
      <trkpt lat="49.61585" lon="1.54584">
        <ele>152.9</ele>
      </trkpt>
      <trkpt lat="49.61582" lon="1.54598">
        <ele>152.5</ele>
      </trkpt>
      <trkpt lat="49.6157" lon="1.54702">
        <ele>151.0</ele>
      </trkpt>
      <trkpt lat="49.61558" lon="1.54806">
        <ele>151.6</ele>
      </trkpt>
      <trkpt lat="49.61544" lon="1.54903">
        <ele>151.1</ele>
      </trkpt>
      <trkpt lat="49.61535" lon="1.54964">
        <ele>151.8</ele>
      </trkpt>
      <trkpt lat="49.61522" lon="1.55014">
        <ele>153.1</ele>
      </trkpt>
      <trkpt lat="49.61504" lon="1.5507">
        <ele>153.9</ele>
      </trkpt>
      <trkpt lat="49.61496" lon="1.55094">
        <ele>153.8</ele>
      </trkpt>
      <trkpt lat="49.61491" lon="1.55103">
        <ele>153.7</ele>
      </trkpt>
      <trkpt lat="49.61486" lon="1.5511">
        <ele>153.6</ele>
      </trkpt>
      <trkpt lat="49.61481" lon="1.55114">
        <ele>153.6</ele>
      </trkpt>
      <trkpt lat="49.61475" lon="1.55117">
        <ele>153.6</ele>
      </trkpt>
      <trkpt lat="49.61458" lon="1.5512">
        <ele>153.8</ele>
      </trkpt>
      <trkpt lat="49.6145" lon="1.55123">
        <ele>153.9</ele>
      </trkpt>
      <trkpt lat="49.61446" lon="1.55127">
        <ele>153.9</ele>
      </trkpt>
      <trkpt lat="49.6143" lon="1.55148">
        <ele>153.9</ele>
      </trkpt>
      <trkpt lat="49.61433" lon="1.55154">
        <ele>153.8</ele>
      </trkpt>
      <trkpt lat="49.61447" lon="1.55164">
        <ele>153.3</ele>
      </trkpt>
      <trkpt lat="49.6145" lon="1.5517">
        <ele>153.1</ele>
      </trkpt>
      <trkpt lat="49.61454" lon="1.55183">
        <ele>152.7</ele>
      </trkpt>
      <trkpt lat="49.61452" lon="1.55185">
        <ele>152.7</ele>
      </trkpt>
      <trkpt lat="49.61447" lon="1.55188">
        <ele>152.8</ele>
      </trkpt>
      <trkpt lat="49.61433" lon="1.5517">
        <ele>153.5</ele>
      </trkpt>
      <trkpt lat="49.61431" lon="1.55174">
        <ele>153.5</ele>
      </trkpt>
      <trkpt lat="49.61446" lon="1.55192">
        <ele>152.7</ele>
      </trkpt>
      <trkpt lat="49.61444" lon="1.55195">
        <ele>152.7</ele>
      </trkpt>
      <trkpt lat="49.6143" lon="1.55177">
        <ele>153.4</ele>
      </trkpt>
      <trkpt lat="49.61428" lon="1.55181">
        <ele>153.4</ele>
      </trkpt>
      <trkpt lat="49.6145" lon="1.55207">
        <ele>152.2</ele>
      </trkpt>
      <trkpt lat="49.61454" lon="1.55216">
        <ele>151.9</ele>
      </trkpt>
      <trkpt lat="49.61466" lon="1.55256">
        <ele>150.8</ele>
      </trkpt>
      <trkpt lat="49.61455" lon="1.55264">
        <ele>151.1</ele>
      </trkpt>
      <trkpt lat="49.61456" lon="1.55268">
        <ele>151.0</ele>
      </trkpt>
      <trkpt lat="49.61466" lon="1.55261">
        <ele>150.8</ele>
      </trkpt>
      <trkpt lat="49.61467" lon="1.55265">
        <ele>150.8</ele>
      </trkpt>
      <trkpt lat="49.61457" lon="1.55272">
        <ele>151.0</ele>
      </trkpt>
      <trkpt lat="49.61459" lon="1.55275">
        <ele>151.0</ele>
      </trkpt>
      <trkpt lat="49.61472" lon="1.55266">
        <ele>150.7</ele>
      </trkpt>
      <trkpt lat="49.61471" lon="1.55261">
        <ele>150.7</ele>
      </trkpt>
      <trkpt lat="49.61474" lon="1.55259">
        <ele>150.7</ele>
      </trkpt>
      <trkpt lat="49.61479" lon="1.55274">
        <ele>150.6</ele>
      </trkpt>
      <trkpt lat="49.61478" lon="1.55277">
        <ele>150.7</ele>
      </trkpt>
      <trkpt lat="49.61477" lon="1.5528">
        <ele>150.7</ele>
      </trkpt>
      <trkpt lat="49.61471" lon="1.55283">
        <ele>150.8</ele>
      </trkpt>
      <trkpt lat="49.61472" lon="1.55289">
        <ele>150.8</ele>
      </trkpt>
      <trkpt lat="49.61469" lon="1.55292">
        <ele>150.9</ele>
      </trkpt>
      <trkpt lat="49.61464" lon="1.55299">
        <ele>150.9</ele>
      </trkpt>
      <trkpt lat="49.61445" lon="1.55336">
        <ele>151.0</ele>
      </trkpt>
      <trkpt lat="49.61433" lon="1.55369">
        <ele>150.8</ele>
      </trkpt>
      <trkpt lat="49.61429" lon="1.55383">
        <ele>150.8</ele>
      </trkpt>
      <trkpt lat="49.61397" lon="1.55463">
        <ele>150.5</ele>
      </trkpt>
      <trkpt lat="49.6139" lon="1.55493">
        <ele>150.1</ele>
      </trkpt>
      <trkpt lat="49.61386" lon="1.55518">
        <ele>149.4</ele>
      </trkpt>
      <trkpt lat="49.61389" lon="1.55558">
        <ele>147.9</ele>
      </trkpt>
      <trkpt lat="49.61375" lon="1.55564">
        <ele>147.7</ele>
      </trkpt>
      <trkpt lat="49.61366" lon="1.5557">
        <ele>147.5</ele>
      </trkpt>
      <trkpt lat="49.61358" lon="1.55577">
        <ele>147.2</ele>
      </trkpt>
      <trkpt lat="49.61348" lon="1.55587">
        <ele>147.0</ele>
      </trkpt>
      <trkpt lat="49.61339" lon="1.55601">
        <ele>146.8</ele>
      </trkpt>
      <trkpt lat="49.6129" lon="1.55687">
        <ele>146.1</ele>
      </trkpt>
      <trkpt lat="49.6127" lon="1.55719">
        <ele>145.7</ele>
      </trkpt>
      <trkpt lat="49.6126" lon="1.5573">
        <ele>145.5</ele>
      </trkpt>
      <trkpt lat="49.6125" lon="1.55737">
        <ele>145.3</ele>
      </trkpt>
      <trkpt lat="49.61239" lon="1.55741">
        <ele>145.3</ele>
      </trkpt>
      <trkpt lat="49.6124" lon="1.5576">
        <ele>144.9</ele>
      </trkpt>
      <trkpt lat="49.61238" lon="1.55775">
        <ele>144.5</ele>
      </trkpt>
      <trkpt lat="49.61189" lon="1.55857">
        <ele>143.5</ele>
      </trkpt>
      <trkpt lat="49.61141" lon="1.55939">
        <ele>143.7</ele>
      </trkpt>
      <trkpt lat="49.61092" lon="1.56022">
        <ele>144.7</ele>
      </trkpt>
      <trkpt lat="49.6107" lon="1.56061">
        <ele>145.7</ele>
      </trkpt>
      <trkpt lat="49.61065" lon="1.56072">
        <ele>145.9</ele>
      </trkpt>
      <trkpt lat="49.6106" lon="1.56085">
        <ele>146.1</ele>
      </trkpt>
      <trkpt lat="49.61054" lon="1.5611">
        <ele>146.5</ele>
      </trkpt>
      <trkpt lat="49.61051" lon="1.56125">
        <ele>146.7</ele>
      </trkpt>
      <trkpt lat="49.61048" lon="1.56157">
        <ele>147.1</ele>
      </trkpt>
      <trkpt lat="49.61045" lon="1.56195">
        <ele>147.8</ele>
      </trkpt>
      <trkpt lat="49.61045" lon="1.56239">
        <ele>148.6</ele>
      </trkpt>
      <trkpt lat="49.61042" lon="1.56294">
        <ele>148.7</ele>
      </trkpt>
      <trkpt lat="49.61044" lon="1.56349">
        <ele>148.1</ele>
      </trkpt>
      <trkpt lat="49.61044" lon="1.56358">
        <ele>147.9</ele>
      </trkpt>
      <trkpt lat="49.61042" lon="1.56365">
        <ele>147.9</ele>
      </trkpt>
      <trkpt lat="49.6104" lon="1.5637">
        <ele>147.9</ele>
      </trkpt>
      <trkpt lat="49.61037" lon="1.56374">
        <ele>148.0</ele>
      </trkpt>
      <trkpt lat="49.61023" lon="1.56384">
        <ele>148.6</ele>
      </trkpt>
      <trkpt lat="49.61019" lon="1.56389">
        <ele>148.7</ele>
      </trkpt>
      <trkpt lat="49.61016" lon="1.564">
        <ele>148.6</ele>
      </trkpt>
      <trkpt lat="49.60999" lon="1.56535">
        <ele>149.6</ele>
      </trkpt>
      <trkpt lat="49.60982" lon="1.5667">
        <ele>149.4</ele>
      </trkpt>
      <trkpt lat="49.60965" lon="1.56805">
        <ele>149.1</ele>
      </trkpt>
      <trkpt lat="49.60958" lon="1.56855">
        <ele>149.4</ele>
      </trkpt>
      <trkpt lat="49.60938" lon="1.56946">
        <ele>149.1</ele>
      </trkpt>
      <trkpt lat="49.60913" lon="1.57031">
        <ele>148.7</ele>
      </trkpt>
      <trkpt lat="49.60889" lon="1.57117">
        <ele>148.1</ele>
      </trkpt>
      <trkpt lat="49.60884" lon="1.57129">
        <ele>148.0</ele>
      </trkpt>
      <trkpt lat="49.60881" lon="1.57132">
        <ele>147.9</ele>
      </trkpt>
      <trkpt lat="49.60874" lon="1.57139">
        <ele>147.8</ele>
      </trkpt>
      <trkpt lat="49.60862" lon="1.57105">
        <ele>148.3</ele>
      </trkpt>
      <trkpt lat="49.60861" lon="1.57091">
        <ele>148.5</ele>
      </trkpt>
      <trkpt lat="49.60854" lon="1.57093">
        <ele>148.6</ele>
      </trkpt>
      <trkpt lat="49.60839" lon="1.57113">
        <ele>148.3</ele>
      </trkpt>
      <trkpt lat="49.6081" lon="1.57172">
        <ele>147.2</ele>
      </trkpt>
      <trkpt lat="49.60772" lon="1.57236">
        <ele>146.9</ele>
      </trkpt>
      <trkpt lat="49.60749" lon="1.57282">
        <ele>146.6</ele>
      </trkpt>
      <trkpt lat="49.60742" lon="1.573">
        <ele>146.5</ele>
      </trkpt>
      <trkpt lat="49.6072" lon="1.57373">
        <ele>146.2</ele>
      </trkpt>
      <trkpt lat="49.60685" lon="1.57484">
        <ele>146.6</ele>
      </trkpt>
      <trkpt lat="49.60659" lon="1.57575">
        <ele>148.1</ele>
      </trkpt>
      <trkpt lat="49.60629" lon="1.57645">
        <ele>148.8</ele>
      </trkpt>
      <trkpt lat="49.60596" lon="1.57698">
        <ele>150.0</ele>
      </trkpt>
      <trkpt lat="49.60542" lon="1.57764">
        <ele>150.3</ele>
      </trkpt>
      <trkpt lat="49.60488" lon="1.57831">
        <ele>149.9</ele>
      </trkpt>
      <trkpt lat="49.6044" lon="1.57887">
        <ele>148.9</ele>
      </trkpt>
      <trkpt lat="49.60392" lon="1.57943">
        <ele>148.7</ele>
      </trkpt>
      <trkpt lat="49.60342" lon="1.57989">
        <ele>148.1</ele>
      </trkpt>
      <trkpt lat="49.60291" lon="1.58034">
        <ele>146.6</ele>
      </trkpt>
      <trkpt lat="49.6023" lon="1.58077">
        <ele>143.9</ele>
      </trkpt>
      <trkpt lat="49.60169" lon="1.5812">
        <ele>139.7</ele>
      </trkpt>
      <trkpt lat="49.60149" lon="1.58127">
        <ele>139.3</ele>
      </trkpt>
      <trkpt lat="49.60121" lon="1.58133">
        <ele>139.0</ele>
      </trkpt>
      <trkpt lat="49.601" lon="1.58128">
        <ele>138.7</ele>
      </trkpt>
      <trkpt lat="49.60073" lon="1.58112">
        <ele>139.0</ele>
      </trkpt>
      <trkpt lat="49.60046" lon="1.58102">
        <ele>140.5</ele>
      </trkpt>
      <trkpt lat="49.60012" lon="1.58098">
        <ele>142.5</ele>
      </trkpt>
      <trkpt lat="49.59993" lon="1.58105">
        <ele>143.5</ele>
      </trkpt>
      <trkpt lat="49.59976" lon="1.5812">
        <ele>144.2</ele>
      </trkpt>
      <trkpt lat="49.59943" lon="1.58163">
        <ele>145.4</ele>
      </trkpt>
      <trkpt lat="49.59906" lon="1.58206">
        <ele>146.5</ele>
      </trkpt>
      <trkpt lat="49.5985" lon="1.58292">
        <ele>147.9</ele>
      </trkpt>
      <trkpt lat="49.59794" lon="1.58377">
        <ele>149.0</ele>
      </trkpt>
      <trkpt lat="49.5978" lon="1.58402">
        <ele>149.2</ele>
      </trkpt>
      <trkpt lat="49.59751" lon="1.58457">
        <ele>149.5</ele>
      </trkpt>
      <trkpt lat="49.59744" lon="1.58471">
        <ele>149.4</ele>
      </trkpt>
      <trkpt lat="49.5974" lon="1.5848">
        <ele>149.3</ele>
      </trkpt>
      <trkpt lat="49.59728" lon="1.58523">
        <ele>148.8</ele>
      </trkpt>
      <trkpt lat="49.59723" lon="1.58535">
        <ele>148.6</ele>
      </trkpt>
      <trkpt lat="49.59716" lon="1.58548">
        <ele>148.5</ele>
      </trkpt>
      <trkpt lat="49.59699" lon="1.58568">
        <ele>148.5</ele>
      </trkpt>
      <trkpt lat="49.59668" lon="1.586">
        <ele>149.2</ele>
      </trkpt>
      <trkpt lat="49.59654" lon="1.58619">
        <ele>149.8</ele>
      </trkpt>
      <trkpt lat="49.59689" lon="1.58667">
        <ele>149.2</ele>
      </trkpt>
      <trkpt lat="49.59724" lon="1.58714">
        <ele>149.3</ele>
      </trkpt>
      <trkpt lat="49.59751" lon="1.58758">
        <ele>150.2</ele>
      </trkpt>
      <trkpt lat="49.59763" lon="1.58776">
        <ele>150.6</ele>
      </trkpt>
      <trkpt lat="49.59799" lon="1.58824">
        <ele>151.8</ele>
      </trkpt>
      <trkpt lat="49.59823" lon="1.58854">
        <ele>151.7</ele>
      </trkpt>
      <trkpt lat="49.5987" lon="1.58906">
        <ele>151.4</ele>
      </trkpt>
      <trkpt lat="49.59909" lon="1.58946">
        <ele>151.2</ele>
      </trkpt>
      <trkpt lat="49.59978" lon="1.59005">
        <ele>146.2</ele>
      </trkpt>
      <trkpt lat="49.60002" lon="1.59027">
        <ele>143.9</ele>
      </trkpt>
      <trkpt lat="49.6001" lon="1.59037">
        <ele>143.0</ele>
      </trkpt>
      <trkpt lat="49.60015" lon="1.59045">
        <ele>142.4</ele>
      </trkpt>
      <trkpt lat="49.60019" lon="1.59054">
        <ele>141.8</ele>
      </trkpt>
      <trkpt lat="49.60023" lon="1.59066">
        <ele>141.2</ele>
      </trkpt>
      <trkpt lat="49.60025" lon="1.59077">
        <ele>140.7</ele>
      </trkpt>
      <trkpt lat="49.60028" lon="1.59134">
        <ele>139.1</ele>
      </trkpt>
      <trkpt lat="49.60031" lon="1.59149">
        <ele>138.7</ele>
      </trkpt>
      <trkpt lat="49.60036" lon="1.5916">
        <ele>138.3</ele>
      </trkpt>
      <trkpt lat="49.60043" lon="1.59168">
        <ele>138.0</ele>
      </trkpt>
      <trkpt lat="49.60049" lon="1.59173">
        <ele>137.8</ele>
      </trkpt>
      <trkpt lat="49.60058" lon="1.59179">
        <ele>137.6</ele>
      </trkpt>
      <trkpt lat="49.60086" lon="1.59189">
        <ele>138.1</ele>
      </trkpt>
      <trkpt lat="49.60092" lon="1.59191">
        <ele>138.2</ele>
      </trkpt>
      <trkpt lat="49.60122" lon="1.59203">
        <ele>138.8</ele>
      </trkpt>
      <trkpt lat="49.60131" lon="1.59209">
        <ele>139.2</ele>
      </trkpt>
      <trkpt lat="49.6014" lon="1.59221">
        <ele>139.7</ele>
      </trkpt>
      <trkpt lat="49.60146" lon="1.59237">
        <ele>140.1</ele>
      </trkpt>
      <trkpt lat="49.60156" lon="1.59277">
        <ele>141.2</ele>
      </trkpt>
      <trkpt lat="49.6016" lon="1.59295">
        <ele>141.8</ele>
      </trkpt>
      <trkpt lat="49.6016" lon="1.59311">
        <ele>142.1</ele>
      </trkpt>
      <trkpt lat="49.60149" lon="1.59416">
        <ele>142.7</ele>
      </trkpt>
      <trkpt lat="49.60138" lon="1.59521">
        <ele>141.7</ele>
      </trkpt>
      <trkpt lat="49.60135" lon="1.59561">
        <ele>141.1</ele>
      </trkpt>
      <trkpt lat="49.60135" lon="1.59587">
        <ele>140.8</ele>
      </trkpt>
      <trkpt lat="49.60136" lon="1.59605">
        <ele>140.3</ele>
      </trkpt>
      <trkpt lat="49.60138" lon="1.59622">
        <ele>139.9</ele>
      </trkpt>
      <trkpt lat="49.60141" lon="1.59638">
        <ele>139.5</ele>
      </trkpt>
      <trkpt lat="49.60145" lon="1.59654">
        <ele>139.1</ele>
      </trkpt>
      <trkpt lat="49.60169" lon="1.59718">
        <ele>139.5</ele>
      </trkpt>
      <trkpt lat="49.60173" lon="1.59729">
        <ele>139.6</ele>
      </trkpt>
      <trkpt lat="49.60187" lon="1.59767">
        <ele>139.9</ele>
      </trkpt>
      <trkpt lat="49.60192" lon="1.59784">
        <ele>140.0</ele>
      </trkpt>
      <trkpt lat="49.60194" lon="1.59798">
        <ele>139.9</ele>
      </trkpt>
      <trkpt lat="49.60196" lon="1.59813">
        <ele>139.9</ele>
      </trkpt>
      <trkpt lat="49.60197" lon="1.59828">
        <ele>139.8</ele>
      </trkpt>
      <trkpt lat="49.60197" lon="1.59846">
        <ele>140.5</ele>
      </trkpt>
      <trkpt lat="49.60196" lon="1.59865">
        <ele>141.7</ele>
      </trkpt>
      <trkpt lat="49.60194" lon="1.5988">
        <ele>142.6</ele>
      </trkpt>
      <trkpt lat="49.60189" lon="1.59899">
        <ele>143.7</ele>
      </trkpt>
      <trkpt lat="49.60184" lon="1.59918">
        <ele>144.7</ele>
      </trkpt>
      <trkpt lat="49.60177" lon="1.59939">
        <ele>145.5</ele>
      </trkpt>
      <trkpt lat="49.60135" lon="1.60045">
        <ele>149.4</ele>
      </trkpt>
      <trkpt lat="49.60093" lon="1.60152">
        <ele>151.9</ele>
      </trkpt>
      <trkpt lat="49.60088" lon="1.60166">
        <ele>152.1</ele>
      </trkpt>
      <trkpt lat="49.60078" lon="1.60205">
        <ele>151.7</ele>
      </trkpt>
      <trkpt lat="49.60075" lon="1.60226">
        <ele>151.4</ele>
      </trkpt>
      <trkpt lat="49.60071" lon="1.60273">
        <ele>150.6</ele>
      </trkpt>
      <trkpt lat="49.60069" lon="1.60381">
        <ele>146.8</ele>
      </trkpt>
      <trkpt lat="49.60067" lon="1.6041">
        <ele>145.3</ele>
      </trkpt>
      <trkpt lat="49.60066" lon="1.60432">
        <ele>144.7</ele>
      </trkpt>
      <trkpt lat="49.6006" lon="1.60476">
        <ele>143.6</ele>
      </trkpt>
      <trkpt lat="49.60053" lon="1.60516">
        <ele>143.1</ele>
      </trkpt>
      <trkpt lat="49.60049" lon="1.60536">
        <ele>143.2</ele>
      </trkpt>
      <trkpt lat="49.60034" lon="1.60591">
        <ele>143.5</ele>
      </trkpt>
      <trkpt lat="49.60014" lon="1.60659">
        <ele>144.6</ele>
      </trkpt>
      <trkpt lat="49.59995" lon="1.60726">
        <ele>145.8</ele>
      </trkpt>
      <trkpt lat="49.59974" lon="1.60794">
        <ele>145.8</ele>
      </trkpt>
      <trkpt lat="49.59966" lon="1.60835">
        <ele>146.0</ele>
      </trkpt>
      <trkpt lat="49.59964" lon="1.60851">
        <ele>146.0</ele>
      </trkpt>
      <trkpt lat="49.59963" lon="1.60865">
        <ele>146.1</ele>
      </trkpt>
      <trkpt lat="49.59963" lon="1.60879">
        <ele>146.3</ele>
      </trkpt>
      <trkpt lat="49.59972" lon="1.60919">
        <ele>147.0</ele>
      </trkpt>
      <trkpt lat="49.59976" lon="1.60939">
        <ele>147.6</ele>
      </trkpt>
      <trkpt lat="49.59977" lon="1.60953">
        <ele>147.8</ele>
      </trkpt>
      <trkpt lat="49.59977" lon="1.60975">
        <ele>148.3</ele>
      </trkpt>
      <trkpt lat="49.59967" lon="1.61044">
        <ele>150.5</ele>
      </trkpt>
      <trkpt lat="49.59956" lon="1.61113">
        <ele>153.0</ele>
      </trkpt>
      <trkpt lat="49.59948" lon="1.61198">
        <ele>156.1</ele>
      </trkpt>
      <trkpt lat="49.59939" lon="1.61283">
        <ele>159.5</ele>
      </trkpt>
      <trkpt lat="49.59938" lon="1.61327">
        <ele>161.0</ele>
      </trkpt>
      <trkpt lat="49.59939" lon="1.61372">
        <ele>162.3</ele>
      </trkpt>
      <trkpt lat="49.59936" lon="1.61432">
        <ele>163.5</ele>
      </trkpt>
      <trkpt lat="49.59927" lon="1.61551">
        <ele>164.1</ele>
      </trkpt>
      <trkpt lat="49.59917" lon="1.61671">
        <ele>164.9</ele>
      </trkpt>
      <trkpt lat="49.59917" lon="1.61713">
        <ele>163.4</ele>
      </trkpt>
      <trkpt lat="49.5992" lon="1.61741">
        <ele>162.6</ele>
      </trkpt>
      <trkpt lat="49.59934" lon="1.61773">
        <ele>162.6</ele>
      </trkpt>
      <trkpt lat="49.59953" lon="1.61845">
        <ele>161.6</ele>
      </trkpt>
      <trkpt lat="49.59957" lon="1.61884">
        <ele>159.7</ele>
      </trkpt>
      <trkpt lat="49.59951" lon="1.61962">
        <ele>155.6</ele>
      </trkpt>
      <trkpt lat="49.59945" lon="1.62039">
        <ele>152.3</ele>
      </trkpt>
      <trkpt lat="49.5994" lon="1.62134">
        <ele>148.5</ele>
      </trkpt>
      <trkpt lat="49.59935" lon="1.62228">
        <ele>146.6</ele>
      </trkpt>
      <trkpt lat="49.59931" lon="1.62262">
        <ele>146.3</ele>
      </trkpt>
      <trkpt lat="49.59927" lon="1.62282">
        <ele>146.2</ele>
      </trkpt>
      <trkpt lat="49.59911" lon="1.62321">
        <ele>145.9</ele>
      </trkpt>
      <trkpt lat="49.5987" lon="1.62396">
        <ele>148.4</ele>
      </trkpt>
      <trkpt lat="49.59829" lon="1.62471">
        <ele>152.0</ele>
      </trkpt>
      <trkpt lat="49.5982" lon="1.6249">
        <ele>152.5</ele>
      </trkpt>
      <trkpt lat="49.59808" lon="1.62518">
        <ele>153.0</ele>
      </trkpt>
      <trkpt lat="49.59799" lon="1.62547">
        <ele>153.6</ele>
      </trkpt>
      <trkpt lat="49.59795" lon="1.62565">
        <ele>154.0</ele>
      </trkpt>
      <trkpt lat="49.5977" lon="1.62689">
        <ele>158.0</ele>
      </trkpt>
      <trkpt lat="49.59766" lon="1.6271">
        <ele>158.9</ele>
      </trkpt>
      <trkpt lat="49.59763" lon="1.62746">
        <ele>160.9</ele>
      </trkpt>
      <trkpt lat="49.59763" lon="1.62778">
        <ele>162.1</ele>
      </trkpt>
      <trkpt lat="49.59765" lon="1.62799">
        <ele>163.0</ele>
      </trkpt>
      <trkpt lat="49.59779" lon="1.62909">
        <ele>166.3</ele>
      </trkpt>
      <trkpt lat="49.59793" lon="1.63019">
        <ele>170.7</ele>
      </trkpt>
      <trkpt lat="49.59807" lon="1.6313">
        <ele>174.7</ele>
      </trkpt>
      <trkpt lat="49.59822" lon="1.6324">
        <ele>178.6</ele>
      </trkpt>
      <trkpt lat="49.59836" lon="1.6335">
        <ele>181.7</ele>
      </trkpt>
      <trkpt lat="49.59839" lon="1.63385">
        <ele>183.1</ele>
      </trkpt>
      <trkpt lat="49.5984" lon="1.63418">
        <ele>184.3</ele>
      </trkpt>
      <trkpt lat="49.59839" lon="1.63443">
        <ele>185.4</ele>
      </trkpt>
      <trkpt lat="49.59835" lon="1.63477">
        <ele>186.9</ele>
      </trkpt>
      <trkpt lat="49.5982" lon="1.63572">
        <ele>189.9</ele>
      </trkpt>
      <trkpt lat="49.59806" lon="1.63668">
        <ele>192.7</ele>
      </trkpt>
      <trkpt lat="49.59791" lon="1.63763">
        <ele>193.5</ele>
      </trkpt>
      <trkpt lat="49.59787" lon="1.63778">
        <ele>193.3</ele>
      </trkpt>
      <trkpt lat="49.59777" lon="1.63802">
        <ele>192.8</ele>
      </trkpt>
      <trkpt lat="49.59719" lon="1.63897">
        <ele>189.7</ele>
      </trkpt>
      <trkpt lat="49.59708" lon="1.63912">
        <ele>189.0</ele>
      </trkpt>
      <trkpt lat="49.59699" lon="1.63924">
        <ele>188.2</ele>
      </trkpt>
      <trkpt lat="49.59652" lon="1.63974">
        <ele>183.3</ele>
      </trkpt>
      <trkpt lat="49.59643" lon="1.63988">
        <ele>182.3</ele>
      </trkpt>
      <trkpt lat="49.59634" lon="1.64006">
        <ele>181.1</ele>
      </trkpt>
      <trkpt lat="49.59621" lon="1.64052">
        <ele>179.3</ele>
      </trkpt>
      <trkpt lat="49.59607" lon="1.64107">
        <ele>177.7</ele>
      </trkpt>
      <trkpt lat="49.59603" lon="1.64128">
        <ele>177.4</ele>
      </trkpt>
      <trkpt lat="49.59593" lon="1.6419">
        <ele>176.7</ele>
      </trkpt>
      <trkpt lat="49.59589" lon="1.64204">
        <ele>176.4</ele>
      </trkpt>
      <trkpt lat="49.59558" lon="1.64301">
        <ele>175.5</ele>
      </trkpt>
      <trkpt lat="49.59536" lon="1.64391">
        <ele>176.5</ele>
      </trkpt>
      <trkpt lat="49.59514" lon="1.64482">
        <ele>177.9</ele>
      </trkpt>
      <trkpt lat="49.59499" lon="1.64548">
        <ele>178.6</ele>
      </trkpt>
      <trkpt lat="49.59494" lon="1.64569">
        <ele>178.8</ele>
      </trkpt>
      <trkpt lat="49.59484" lon="1.64655">
        <ele>179.2</ele>
      </trkpt>
      <trkpt lat="49.59464" lon="1.64781">
        <ele>180.0</ele>
      </trkpt>
      <trkpt lat="49.59451" lon="1.64854">
        <ele>179.3</ele>
      </trkpt>
      <trkpt lat="49.5944" lon="1.64909">
        <ele>177.7</ele>
      </trkpt>
      <trkpt lat="49.59432" lon="1.64939">
        <ele>177.3</ele>
      </trkpt>
      <trkpt lat="49.5942" lon="1.6498">
        <ele>177.1</ele>
      </trkpt>
      <trkpt lat="49.59413" lon="1.64998">
        <ele>177.0</ele>
      </trkpt>
      <trkpt lat="49.59396" lon="1.6503">
        <ele>175.1</ele>
      </trkpt>
      <trkpt lat="49.59379" lon="1.65057">
        <ele>173.2</ele>
      </trkpt>
      <trkpt lat="49.59369" lon="1.65078">
        <ele>171.6</ele>
      </trkpt>
      <trkpt lat="49.59364" lon="1.65092">
        <ele>170.4</ele>
      </trkpt>
      <trkpt lat="49.59359" lon="1.65123">
        <ele>167.9</ele>
      </trkpt>
      <trkpt lat="49.59358" lon="1.65144">
        <ele>166.3</ele>
      </trkpt>
      <trkpt lat="49.59361" lon="1.65238">
        <ele>160.7</ele>
      </trkpt>
      <trkpt lat="49.59361" lon="1.65282">
        <ele>158.5</ele>
      </trkpt>
      <trkpt lat="49.59356" lon="1.65322">
        <ele>156.5</ele>
      </trkpt>
      <trkpt lat="49.59348" lon="1.65361">
        <ele>154.3</ele>
      </trkpt>
      <trkpt lat="49.59342" lon="1.6538">
        <ele>153.2</ele>
      </trkpt>
      <trkpt lat="49.5933" lon="1.65408">
        <ele>151.4</ele>
      </trkpt>
      <trkpt lat="49.5932" lon="1.65427">
        <ele>149.8</ele>
      </trkpt>
      <trkpt lat="49.59287" lon="1.65474">
        <ele>146.0</ele>
      </trkpt>
      <trkpt lat="49.59279" lon="1.65488">
        <ele>145.0</ele>
      </trkpt>
      <trkpt lat="49.5923" lon="1.65584">
        <ele>142.5</ele>
      </trkpt>
      <trkpt lat="49.59183" lon="1.65686">
        <ele>140.2</ele>
      </trkpt>
      <trkpt lat="49.59166" lon="1.65718">
        <ele>140.0</ele>
      </trkpt>
      <trkpt lat="49.59159" lon="1.65729">
        <ele>139.8</ele>
      </trkpt>
      <trkpt lat="49.59116" lon="1.6579">
        <ele>137.5</ele>
      </trkpt>
      <trkpt lat="49.59059" lon="1.65865">
        <ele>135.3</ele>
      </trkpt>
      <trkpt lat="49.59003" lon="1.65941">
        <ele>134.7</ele>
      </trkpt>
      <trkpt lat="49.58998" lon="1.65947">
        <ele>134.6</ele>
      </trkpt>
      <trkpt lat="49.5895" lon="1.65992">
        <ele>134.2</ele>
      </trkpt>
      <trkpt lat="49.58884" lon="1.66039">
        <ele>136.1</ele>
      </trkpt>
      <trkpt lat="49.58818" lon="1.66087">
        <ele>139.4</ele>
      </trkpt>
      <trkpt lat="49.58765" lon="1.66113">
        <ele>140.9</ele>
      </trkpt>
      <trkpt lat="49.58712" lon="1.66139">
        <ele>141.7</ele>
      </trkpt>
      <trkpt lat="49.58654" lon="1.66192">
        <ele>143.4</ele>
      </trkpt>
      <trkpt lat="49.58596" lon="1.66245">
        <ele>144.0</ele>
      </trkpt>
      <trkpt lat="49.5855" lon="1.66296">
        <ele>143.2</ele>
      </trkpt>
      <trkpt lat="49.58503" lon="1.66348">
        <ele>141.9</ele>
      </trkpt>
      <trkpt lat="49.58489" lon="1.66367">
        <ele>141.1</ele>
      </trkpt>
      <trkpt lat="49.58474" lon="1.66397">
        <ele>140.1</ele>
      </trkpt>
      <trkpt lat="49.58432" lon="1.66498">
        <ele>136.8</ele>
      </trkpt>
      <trkpt lat="49.58412" lon="1.66543">
        <ele>136.3</ele>
      </trkpt>
      <trkpt lat="49.58391" lon="1.66614">
        <ele>135.9</ele>
      </trkpt>
      <trkpt lat="49.58382" lon="1.66638">
        <ele>135.6</ele>
      </trkpt>
      <trkpt lat="49.58371" lon="1.66645">
        <ele>135.2</ele>
      </trkpt>
      <trkpt lat="49.58367" lon="1.66638">
        <ele>135.0</ele>
      </trkpt>
      <trkpt lat="49.58319" lon="1.66607">
        <ele>132.8</ele>
      </trkpt>
      <trkpt lat="49.58284" lon="1.66604">
        <ele>131.5</ele>
      </trkpt>
      <trkpt lat="49.58281" lon="1.66586">
        <ele>131.1</ele>
      </trkpt>
      <trkpt lat="49.58277" lon="1.66569">
        <ele>131.0</ele>
      </trkpt>
      <trkpt lat="49.58272" lon="1.66556">
        <ele>130.9</ele>
      </trkpt>
      <trkpt lat="49.5826" lon="1.66535">
        <ele>130.8</ele>
      </trkpt>
      <trkpt lat="49.5825" lon="1.66524">
        <ele>130.7</ele>
      </trkpt>
      <trkpt lat="49.58239" lon="1.66515">
        <ele>130.7</ele>
      </trkpt>
      <trkpt lat="49.58207" lon="1.66498">
        <ele>130.5</ele>
      </trkpt>
      <trkpt lat="49.58186" lon="1.66485">
        <ele>130.4</ele>
      </trkpt>
      <trkpt lat="49.58139" lon="1.66576">
        <ele>128.1</ele>
      </trkpt>
      <trkpt lat="49.58131" lon="1.66586">
        <ele>127.8</ele>
      </trkpt>
      <trkpt lat="49.58125" lon="1.66594">
        <ele>127.9</ele>
      </trkpt>
      <trkpt lat="49.58119" lon="1.66597">
        <ele>127.8</ele>
      </trkpt>
      <trkpt lat="49.58108" lon="1.66601">
        <ele>127.5</ele>
      </trkpt>
      <trkpt lat="49.58102" lon="1.66602">
        <ele>127.3</ele>
      </trkpt>
      <trkpt lat="49.58067" lon="1.66592">
        <ele>125.5</ele>
      </trkpt>
      <trkpt lat="49.58051" lon="1.66588">
        <ele>124.6</ele>
      </trkpt>
      <trkpt lat="49.5804" lon="1.66587">
        <ele>124.0</ele>
      </trkpt>
      <trkpt lat="49.58027" lon="1.66588">
        <ele>123.4</ele>
      </trkpt>
      <trkpt lat="49.58016" lon="1.66592">
        <ele>123.0</ele>
      </trkpt>
      <trkpt lat="49.57984" lon="1.66607">
        <ele>123.0</ele>
      </trkpt>
      <trkpt lat="49.57967" lon="1.66615">
        <ele>123.0</ele>
      </trkpt>
      <trkpt lat="49.57935" lon="1.66626">
        <ele>123.0</ele>
      </trkpt>
      <trkpt lat="49.57923" lon="1.66627">
        <ele>123.0</ele>
      </trkpt>
      <trkpt lat="49.57908" lon="1.66627">
        <ele>123.0</ele>
      </trkpt>
      <trkpt lat="49.57871" lon="1.66619">
        <ele>123.1</ele>
      </trkpt>
      <trkpt lat="49.5783" lon="1.66604">
        <ele>123.5</ele>
      </trkpt>
      <trkpt lat="49.57763" lon="1.66575">
        <ele>124.2</ele>
      </trkpt>
      <trkpt lat="49.57696" lon="1.66545">
        <ele>125.3</ele>
      </trkpt>
      <trkpt lat="49.5763" lon="1.66516">
        <ele>126.9</ele>
      </trkpt>
      <trkpt lat="49.57563" lon="1.66486">
        <ele>128.6</ele>
      </trkpt>
      <trkpt lat="49.57538" lon="1.66477">
        <ele>129.8</ele>
      </trkpt>
      <trkpt lat="49.57524" lon="1.66475">
        <ele>130.6</ele>
      </trkpt>
      <trkpt lat="49.5751" lon="1.66477">
        <ele>131.5</ele>
      </trkpt>
      <trkpt lat="49.57496" lon="1.66483">
        <ele>133.0</ele>
      </trkpt>
      <trkpt lat="49.57484" lon="1.66494">
        <ele>134.8</ele>
      </trkpt>
      <trkpt lat="49.57447" lon="1.6655">
        <ele>138.2</ele>
      </trkpt>
      <trkpt lat="49.5743" lon="1.66569">
        <ele>139.3</ele>
      </trkpt>
      <trkpt lat="49.57413" lon="1.66581">
        <ele>140.3</ele>
      </trkpt>
      <trkpt lat="49.57398" lon="1.66586">
        <ele>140.7</ele>
      </trkpt>
      <trkpt lat="49.57371" lon="1.66587">
        <ele>141.8</ele>
      </trkpt>
      <trkpt lat="49.57315" lon="1.66577">
        <ele>145.2</ele>
      </trkpt>
      <trkpt lat="49.57258" lon="1.66568">
        <ele>148.4</ele>
      </trkpt>
      <trkpt lat="49.57235" lon="1.66559">
        <ele>149.2</ele>
      </trkpt>
      <trkpt lat="49.57206" lon="1.66539">
        <ele>150.4</ele>
      </trkpt>
      <trkpt lat="49.57185" lon="1.6652">
        <ele>151.6</ele>
      </trkpt>
      <trkpt lat="49.57164" lon="1.66493">
        <ele>153.2</ele>
      </trkpt>
      <trkpt lat="49.5714" lon="1.66445">
        <ele>154.0</ele>
      </trkpt>
      <trkpt lat="49.57097" lon="1.66333">
        <ele>155.0</ele>
      </trkpt>
      <trkpt lat="49.57055" lon="1.6622">
        <ele>155.8</ele>
      </trkpt>
      <trkpt lat="49.57044" lon="1.66196">
        <ele>156.1</ele>
      </trkpt>
      <trkpt lat="49.57034" lon="1.66176">
        <ele>156.3</ele>
      </trkpt>
      <trkpt lat="49.57015" lon="1.66146">
        <ele>156.3</ele>
      </trkpt>
      <trkpt lat="49.56987" lon="1.66116">
        <ele>156.8</ele>
      </trkpt>
      <trkpt lat="49.56956" lon="1.66095">
        <ele>158.6</ele>
      </trkpt>
      <trkpt lat="49.56921" lon="1.6608">
        <ele>160.1</ele>
      </trkpt>
      <trkpt lat="49.56838" lon="1.66048">
        <ele>163.2</ele>
      </trkpt>
      <trkpt lat="49.56755" lon="1.66017">
        <ele>161.6</ele>
      </trkpt>
      <trkpt lat="49.56672" lon="1.65986">
        <ele>158.3</ele>
      </trkpt>
      <trkpt lat="49.56658" lon="1.65979">
        <ele>158.6</ele>
      </trkpt>
      <trkpt lat="49.56638" lon="1.6596">
        <ele>160.1</ele>
      </trkpt>
      <trkpt lat="49.56622" lon="1.65934">
        <ele>161.9</ele>
      </trkpt>
      <trkpt lat="49.56617" lon="1.65922">
        <ele>162.7</ele>
      </trkpt>
      <trkpt lat="49.56602" lon="1.65888">
        <ele>164.8</ele>
      </trkpt>
      <trkpt lat="49.56574" lon="1.65841">
        <ele>167.1</ele>
      </trkpt>
      <trkpt lat="49.56549" lon="1.65808">
        <ele>168.0</ele>
      </trkpt>
      <trkpt lat="49.56518" lon="1.65772">
        <ele>169.1</ele>
      </trkpt>
      <trkpt lat="49.56506" lon="1.65754">
        <ele>169.9</ele>
      </trkpt>
      <trkpt lat="49.56496" lon="1.65733">
        <ele>171.5</ele>
      </trkpt>
      <trkpt lat="49.56479" lon="1.65681">
        <ele>175.6</ele>
      </trkpt>
      <trkpt lat="49.5647" lon="1.65664">
        <ele>176.7</ele>
      </trkpt>
      <trkpt lat="49.56455" lon="1.65646">
        <ele>176.8</ele>
      </trkpt>
      <trkpt lat="49.56401" lon="1.65624">
        <ele>176.5</ele>
      </trkpt>
      <trkpt lat="49.5639" lon="1.65623">
        <ele>176.5</ele>
      </trkpt>
      <trkpt lat="49.56379" lon="1.65627">
        <ele>176.5</ele>
      </trkpt>
      <trkpt lat="49.56367" lon="1.65638">
        <ele>176.3</ele>
      </trkpt>
      <trkpt lat="49.56334" lon="1.6568">
        <ele>175.7</ele>
      </trkpt>
      <trkpt lat="49.56301" lon="1.6571">
        <ele>175.8</ele>
      </trkpt>
      <trkpt lat="49.56272" lon="1.65733">
        <ele>176.3</ele>
      </trkpt>
      <trkpt lat="49.56249" lon="1.65747">
        <ele>177.0</ele>
      </trkpt>
      <trkpt lat="49.5623" lon="1.65755">
        <ele>176.5</ele>
      </trkpt>
      <trkpt lat="49.56204" lon="1.6576">
        <ele>176.0</ele>
      </trkpt>
      <trkpt lat="49.56173" lon="1.6576">
        <ele>175.4</ele>
      </trkpt>
      <trkpt lat="49.56136" lon="1.65758">
        <ele>174.8</ele>
      </trkpt>
      <trkpt lat="49.56067" lon="1.65753">
        <ele>173.6</ele>
      </trkpt>
      <trkpt lat="49.55999" lon="1.65749">
        <ele>172.0</ele>
      </trkpt>
      <trkpt lat="49.55971" lon="1.65746">
        <ele>171.3</ele>
      </trkpt>
      <trkpt lat="49.55941" lon="1.65738">
        <ele>170.5</ele>
      </trkpt>
      <trkpt lat="49.55871" lon="1.65711">
        <ele>168.4</ele>
      </trkpt>
      <trkpt lat="49.55809" lon="1.65693">
        <ele>166.2</ele>
      </trkpt>
      <trkpt lat="49.5575" lon="1.65681">
        <ele>164.2</ele>
      </trkpt>
      <trkpt lat="49.55666" lon="1.65667">
        <ele>162.0</ele>
      </trkpt>
      <trkpt lat="49.55582" lon="1.65652">
        <ele>163.3</ele>
      </trkpt>
      <trkpt lat="49.55508" lon="1.65643">
        <ele>164.8</ele>
      </trkpt>
      <trkpt lat="49.55435" lon="1.65634">
        <ele>165.3</ele>
      </trkpt>
      <trkpt lat="49.5541" lon="1.65633">
        <ele>165.6</ele>
      </trkpt>
      <trkpt lat="49.55384" lon="1.65637">
        <ele>165.9</ele>
      </trkpt>
      <trkpt lat="49.55333" lon="1.65648">
        <ele>166.3</ele>
      </trkpt>
      <trkpt lat="49.55277" lon="1.65658">
        <ele>166.7</ele>
      </trkpt>
      <trkpt lat="49.55195" lon="1.65669">
        <ele>165.8</ele>
      </trkpt>
      <trkpt lat="49.55113" lon="1.6568">
        <ele>165.4</ele>
      </trkpt>
      <trkpt lat="49.55051" lon="1.65697">
        <ele>164.3</ele>
      </trkpt>
      <trkpt lat="49.54989" lon="1.65717">
        <ele>162.2</ele>
      </trkpt>
      <trkpt lat="49.54912" lon="1.65738">
        <ele>159.2</ele>
      </trkpt>
      <trkpt lat="49.54836" lon="1.65759">
        <ele>157.5</ele>
      </trkpt>
      <trkpt lat="49.5476" lon="1.6578">
        <ele>155.6</ele>
      </trkpt>
      <trkpt lat="49.54684" lon="1.65802">
        <ele>152.3</ele>
      </trkpt>
      <trkpt lat="49.54664" lon="1.65805">
        <ele>151.1</ele>
      </trkpt>
      <trkpt lat="49.54641" lon="1.65805">
        <ele>149.3</ele>
      </trkpt>
      <trkpt lat="49.54587" lon="1.65795">
        <ele>144.8</ele>
      </trkpt>
      <trkpt lat="49.54564" lon="1.65795">
        <ele>144.3</ele>
      </trkpt>
      <trkpt lat="49.54546" lon="1.65799">
        <ele>144.1</ele>
      </trkpt>
      <trkpt lat="49.54499" lon="1.65815">
        <ele>143.7</ele>
      </trkpt>
      <trkpt lat="49.54452" lon="1.65832">
        <ele>142.2</ele>
      </trkpt>
      <trkpt lat="49.54419" lon="1.6584">
        <ele>141.2</ele>
      </trkpt>
      <trkpt lat="49.54363" lon="1.65852">
        <ele>140.0</ele>
      </trkpt>
      <trkpt lat="49.54307" lon="1.65863">
        <ele>139.2</ele>
      </trkpt>
      <trkpt lat="49.54258" lon="1.65869">
        <ele>138.9</ele>
      </trkpt>
      <trkpt lat="49.54234" lon="1.65873">
        <ele>138.2</ele>
      </trkpt>
      <trkpt lat="49.54216" lon="1.6588">
        <ele>137.5</ele>
      </trkpt>
      <trkpt lat="49.54202" lon="1.65887">
        <ele>137.0</ele>
      </trkpt>
      <trkpt lat="49.54189" lon="1.65895">
        <ele>136.6</ele>
      </trkpt>
      <trkpt lat="49.54164" lon="1.65917">
        <ele>135.9</ele>
      </trkpt>
      <trkpt lat="49.5413" lon="1.65955">
        <ele>135.8</ele>
      </trkpt>
      <trkpt lat="49.54092" lon="1.65999">
        <ele>135.3</ele>
      </trkpt>
      <trkpt lat="49.54054" lon="1.66044">
        <ele>135.2</ele>
      </trkpt>
      <trkpt lat="49.54012" lon="1.6611">
        <ele>134.8</ele>
      </trkpt>
      <trkpt lat="49.53992" lon="1.66136">
        <ele>134.4</ele>
      </trkpt>
      <trkpt lat="49.5398" lon="1.66147">
        <ele>134.3</ele>
      </trkpt>
      <trkpt lat="49.53966" lon="1.66156">
        <ele>134.1</ele>
      </trkpt>
      <trkpt lat="49.53947" lon="1.66165">
        <ele>133.7</ele>
      </trkpt>
      <trkpt lat="49.53924" lon="1.66173">
        <ele>133.3</ele>
      </trkpt>
      <trkpt lat="49.53865" lon="1.66185">
        <ele>132.6</ele>
      </trkpt>
      <trkpt lat="49.53832" lon="1.66196">
        <ele>132.3</ele>
      </trkpt>
      <trkpt lat="49.53766" lon="1.66228">
        <ele>130.5</ele>
      </trkpt>
      <trkpt lat="49.537" lon="1.6626">
        <ele>129.4</ele>
      </trkpt>
      <trkpt lat="49.53645" lon="1.66286">
        <ele>128.9</ele>
      </trkpt>
      <trkpt lat="49.53589" lon="1.66312">
        <ele>128.8</ele>
      </trkpt>
      <trkpt lat="49.53518" lon="1.66348">
        <ele>128.0</ele>
      </trkpt>
      <trkpt lat="49.53498" lon="1.66363">
        <ele>127.7</ele>
      </trkpt>
      <trkpt lat="49.53478" lon="1.6638">
        <ele>127.7</ele>
      </trkpt>
      <trkpt lat="49.5342" lon="1.6644">
        <ele>127.7</ele>
      </trkpt>
      <trkpt lat="49.53356" lon="1.66504">
        <ele>127.7</ele>
      </trkpt>
      <trkpt lat="49.53314" lon="1.66545">
        <ele>127.6</ele>
      </trkpt>
      <trkpt lat="49.53282" lon="1.66572">
        <ele>128.1</ele>
      </trkpt>
      <trkpt lat="49.53234" lon="1.66605">
        <ele>128.2</ele>
      </trkpt>
      <trkpt lat="49.532" lon="1.66624">
        <ele>127.4</ele>
      </trkpt>
      <trkpt lat="49.5317" lon="1.66638">
        <ele>127.0</ele>
      </trkpt>
      <trkpt lat="49.53142" lon="1.66649">
        <ele>126.2</ele>
      </trkpt>
      <trkpt lat="49.53139" lon="1.66641">
        <ele>126.1</ele>
      </trkpt>
      <trkpt lat="49.53134" lon="1.66637">
        <ele>126.0</ele>
      </trkpt>
      <trkpt lat="49.5313" lon="1.66637">
        <ele>125.8</ele>
      </trkpt>
      <trkpt lat="49.53127" lon="1.66638">
        <ele>125.7</ele>
      </trkpt>
      <trkpt lat="49.53124" lon="1.66641">
        <ele>125.6</ele>
      </trkpt>
      <trkpt lat="49.53122" lon="1.66646">
        <ele>125.5</ele>
      </trkpt>
      <trkpt lat="49.53121" lon="1.66651">
        <ele>125.5</ele>
      </trkpt>
      <trkpt lat="49.53121" lon="1.66656">
        <ele>125.4</ele>
      </trkpt>
      <trkpt lat="49.53042" lon="1.66678">
        <ele>123.4</ele>
      </trkpt>
      <trkpt lat="49.52962" lon="1.66699">
        <ele>121.9</ele>
      </trkpt>
      <trkpt lat="49.52883" lon="1.66721">
        <ele>121.1</ele>
      </trkpt>
      <trkpt lat="49.52836" lon="1.66746">
        <ele>120.1</ele>
      </trkpt>
      <trkpt lat="49.52773" lon="1.66785">
        <ele>117.8</ele>
      </trkpt>
      <trkpt lat="49.5271" lon="1.66825">
        <ele>114.3</ele>
      </trkpt>
      <trkpt lat="49.52685" lon="1.66844">
        <ele>112.8</ele>
      </trkpt>
      <trkpt lat="49.52654" lon="1.66871">
        <ele>111.3</ele>
      </trkpt>
      <trkpt lat="49.52638" lon="1.66893">
        <ele>110.4</ele>
      </trkpt>
      <trkpt lat="49.52602" lon="1.66948">
        <ele>108.2</ele>
      </trkpt>
      <trkpt lat="49.52571" lon="1.67006">
        <ele>105.8</ele>
      </trkpt>
      <trkpt lat="49.52564" lon="1.67018">
        <ele>105.7</ele>
      </trkpt>
      <trkpt lat="49.52542" lon="1.67043">
        <ele>105.8</ele>
      </trkpt>
      <trkpt lat="49.5251" lon="1.6707">
        <ele>108.1</ele>
      </trkpt>
      <trkpt lat="49.52497" lon="1.6708">
        <ele>109.0</ele>
      </trkpt>
      <trkpt lat="49.52449" lon="1.67114">
        <ele>112.4</ele>
      </trkpt>
      <trkpt lat="49.52408" lon="1.67138">
        <ele>115.9</ele>
      </trkpt>
      <trkpt lat="49.52368" lon="1.67156">
        <ele>116.2</ele>
      </trkpt>
      <trkpt lat="49.5232" lon="1.67176">
        <ele>116.4</ele>
      </trkpt>
      <trkpt lat="49.52273" lon="1.67196">
        <ele>117.4</ele>
      </trkpt>
      <trkpt lat="49.52242" lon="1.67211">
        <ele>117.8</ele>
      </trkpt>
      <trkpt lat="49.52191" lon="1.67238">
        <ele>116.7</ele>
      </trkpt>
      <trkpt lat="49.52154" lon="1.67261">
        <ele>115.8</ele>
      </trkpt>
      <trkpt lat="49.52125" lon="1.67282">
        <ele>115.4</ele>
      </trkpt>
      <trkpt lat="49.52105" lon="1.67302">
        <ele>115.1</ele>
      </trkpt>
      <trkpt lat="49.52055" lon="1.67356">
        <ele>114.7</ele>
      </trkpt>
      <trkpt lat="49.52005" lon="1.67411">
        <ele>114.9</ele>
      </trkpt>
      <trkpt lat="49.51973" lon="1.67444">
        <ele>115.2</ele>
      </trkpt>
      <trkpt lat="49.51947" lon="1.67466">
        <ele>115.2</ele>
      </trkpt>
      <trkpt lat="49.51888" lon="1.67512">
        <ele>115.5</ele>
      </trkpt>
      <trkpt lat="49.51828" lon="1.67559">
        <ele>117.5</ele>
      </trkpt>
      <trkpt lat="49.51769" lon="1.67605">
        <ele>119.1</ele>
      </trkpt>
      <trkpt lat="49.51747" lon="1.67615">
        <ele>119.4</ele>
      </trkpt>
      <trkpt lat="49.51703" lon="1.67625">
        <ele>119.8</ele>
      </trkpt>
      <trkpt lat="49.51681" lon="1.67638">
        <ele>119.9</ele>
      </trkpt>
      <trkpt lat="49.5167" lon="1.67648">
        <ele>120.0</ele>
      </trkpt>
      <trkpt lat="49.51656" lon="1.67667">
        <ele>120.1</ele>
      </trkpt>
      <trkpt lat="49.51614" lon="1.67735">
        <ele>121.5</ele>
      </trkpt>
      <trkpt lat="49.51596" lon="1.67761">
        <ele>122.1</ele>
      </trkpt>
      <trkpt lat="49.51528" lon="1.67847">
        <ele>127.5</ele>
      </trkpt>
      <trkpt lat="49.51511" lon="1.67877">
        <ele>128.9</ele>
      </trkpt>
      <trkpt lat="49.51466" lon="1.67973">
        <ele>133.7</ele>
      </trkpt>
      <trkpt lat="49.51421" lon="1.68069">
        <ele>136.0</ele>
      </trkpt>
      <trkpt lat="49.51376" lon="1.68166">
        <ele>138.0</ele>
      </trkpt>
      <trkpt lat="49.51331" lon="1.68262">
        <ele>137.5</ele>
      </trkpt>
      <trkpt lat="49.51286" lon="1.68358">
        <ele>134.2</ele>
      </trkpt>
      <trkpt lat="49.51241" lon="1.68454">
        <ele>132.3</ele>
      </trkpt>
      <trkpt lat="49.51196" lon="1.68551">
        <ele>130.9</ele>
      </trkpt>
      <trkpt lat="49.51152" lon="1.68645">
        <ele>129.9</ele>
      </trkpt>
      <trkpt lat="49.51109" lon="1.68739">
        <ele>128.8</ele>
      </trkpt>
      <trkpt lat="49.51065" lon="1.68833">
        <ele>127.6</ele>
      </trkpt>
      <trkpt lat="49.51059" lon="1.6884">
        <ele>127.4</ele>
      </trkpt>
      <trkpt lat="49.51049" lon="1.68844">
        <ele>127.2</ele>
      </trkpt>
      <trkpt lat="49.51044" lon="1.68845">
        <ele>127.1</ele>
      </trkpt>
      <trkpt lat="49.51044" lon="1.68858">
        <ele>127.2</ele>
      </trkpt>
      <trkpt lat="49.51043" lon="1.6887">
        <ele>127.2</ele>
      </trkpt>
      <trkpt lat="49.51039" lon="1.68889">
        <ele>127.3</ele>
      </trkpt>
      <trkpt lat="49.51006" lon="1.68961">
        <ele>126.5</ele>
      </trkpt>
      <trkpt lat="49.51002" lon="1.68976">
        <ele>126.3</ele>
      </trkpt>
      <trkpt lat="49.51" lon="1.68995">
        <ele>126.1</ele>
      </trkpt>
      <trkpt lat="49.50996" lon="1.68997">
        <ele>126.0</ele>
      </trkpt>
      <trkpt lat="49.50985" lon="1.69006">
        <ele>125.9</ele>
      </trkpt>
      <trkpt lat="49.50952" lon="1.69076">
        <ele>125.1</ele>
      </trkpt>
      <trkpt lat="49.5092" lon="1.69146">
        <ele>124.3</ele>
      </trkpt>
      <trkpt lat="49.50892" lon="1.69203">
        <ele>123.6</ele>
      </trkpt>
      <trkpt lat="49.50865" lon="1.6926">
        <ele>122.8</ele>
      </trkpt>
      <trkpt lat="49.5082" lon="1.69356">
        <ele>121.9</ele>
      </trkpt>
      <trkpt lat="49.50776" lon="1.69452">
        <ele>120.5</ele>
      </trkpt>
      <trkpt lat="49.50757" lon="1.69506">
        <ele>121.2</ele>
      </trkpt>
      <trkpt lat="49.50738" lon="1.6957">
        <ele>121.4</ele>
      </trkpt>
      <trkpt lat="49.50718" lon="1.69634">
        <ele>121.9</ele>
      </trkpt>
      <trkpt lat="49.50682" lon="1.69758">
        <ele>122.3</ele>
      </trkpt>
      <trkpt lat="49.50647" lon="1.69882">
        <ele>123.1</ele>
      </trkpt>
      <trkpt lat="49.50634" lon="1.69916">
        <ele>123.2</ele>
      </trkpt>
      <trkpt lat="49.50621" lon="1.69944">
        <ele>123.2</ele>
      </trkpt>
      <trkpt lat="49.50576" lon="1.70048">
        <ele>123.4</ele>
      </trkpt>
      <trkpt lat="49.50531" lon="1.70152">
        <ele>123.0</ele>
      </trkpt>
      <trkpt lat="49.50515" lon="1.70186">
        <ele>123.5</ele>
      </trkpt>
      <trkpt lat="49.50474" lon="1.70248">
        <ele>124.3</ele>
      </trkpt>
      <trkpt lat="49.50462" lon="1.70273">
        <ele>124.1</ele>
      </trkpt>
      <trkpt lat="49.50454" lon="1.703">
        <ele>123.9</ele>
      </trkpt>
      <trkpt lat="49.50446" lon="1.70357">
        <ele>123.9</ele>
      </trkpt>
      <trkpt lat="49.50435" lon="1.70397">
        <ele>124.0</ele>
      </trkpt>
      <trkpt lat="49.50424" lon="1.70427">
        <ele>124.3</ele>
      </trkpt>
      <trkpt lat="49.50382" lon="1.70522">
        <ele>125.8</ele>
      </trkpt>
      <trkpt lat="49.50339" lon="1.70617">
        <ele>126.0</ele>
      </trkpt>
      <trkpt lat="49.50323" lon="1.70663">
        <ele>125.6</ele>
      </trkpt>
      <trkpt lat="49.50313" lon="1.70709">
        <ele>125.3</ele>
      </trkpt>
      <trkpt lat="49.50309" lon="1.70756">
        <ele>125.2</ele>
      </trkpt>
      <trkpt lat="49.5031" lon="1.70832">
        <ele>126.1</ele>
      </trkpt>
      <trkpt lat="49.50311" lon="1.70908">
        <ele>128.0</ele>
      </trkpt>
      <trkpt lat="49.50309" lon="1.70933">
        <ele>128.3</ele>
      </trkpt>
      <trkpt lat="49.50303" lon="1.70958">
        <ele>128.4</ele>
      </trkpt>
      <trkpt lat="49.50278" lon="1.71039">
        <ele>128.0</ele>
      </trkpt>
      <trkpt lat="49.50252" lon="1.71119">
        <ele>126.7</ele>
      </trkpt>
      <trkpt lat="49.50248" lon="1.71131">
        <ele>126.4</ele>
      </trkpt>
      <trkpt lat="49.50247" lon="1.71141">
        <ele>126.2</ele>
      </trkpt>
      <trkpt lat="49.50247" lon="1.71153">
        <ele>126.1</ele>
      </trkpt>
      <trkpt lat="49.50248" lon="1.71165">
        <ele>126.0</ele>
      </trkpt>
      <trkpt lat="49.50202" lon="1.71198">
        <ele>125.3</ele>
      </trkpt>
      <trkpt lat="49.50189" lon="1.71209">
        <ele>125.3</ele>
      </trkpt>
      <trkpt lat="49.50132" lon="1.71265">
        <ele>125.3</ele>
      </trkpt>
      <trkpt lat="49.50109" lon="1.71284">
        <ele>124.7</ele>
      </trkpt>
      <trkpt lat="49.50069" lon="1.71317">
        <ele>123.7</ele>
      </trkpt>
      <trkpt lat="49.49991" lon="1.71378">
        <ele>121.7</ele>
      </trkpt>
      <trkpt lat="49.49913" lon="1.7144">
        <ele>120.5</ele>
      </trkpt>
      <trkpt lat="49.49863" lon="1.71474">
        <ele>120.7</ele>
      </trkpt>
      <trkpt lat="49.49784" lon="1.71522">
        <ele>120.6</ele>
      </trkpt>
      <trkpt lat="49.49705" lon="1.7157">
        <ele>118.8</ele>
      </trkpt>
      <trkpt lat="49.49663" lon="1.71597">
        <ele>118.1</ele>
      </trkpt>
      <trkpt lat="49.49621" lon="1.71623">
        <ele>117.4</ele>
      </trkpt>
      <trkpt lat="49.49566" lon="1.71659">
        <ele>116.1</ele>
      </trkpt>
      <trkpt lat="49.49511" lon="1.71695">
        <ele>113.5</ele>
      </trkpt>
      <trkpt lat="49.49491" lon="1.71706">
        <ele>112.7</ele>
      </trkpt>
      <trkpt lat="49.49441" lon="1.7173">
        <ele>110.9</ele>
      </trkpt>
      <trkpt lat="49.49391" lon="1.71753">
        <ele>109.4</ele>
      </trkpt>
      <trkpt lat="49.49377" lon="1.71761">
        <ele>109.2</ele>
      </trkpt>
      <trkpt lat="49.49365" lon="1.71769">
        <ele>109.1</ele>
      </trkpt>
      <trkpt lat="49.49354" lon="1.71779">
        <ele>108.9</ele>
      </trkpt>
      <trkpt lat="49.49334" lon="1.71803">
        <ele>108.7</ele>
      </trkpt>
      <trkpt lat="49.49322" lon="1.7182">
        <ele>108.4</ele>
      </trkpt>
      <trkpt lat="49.49307" lon="1.71845">
        <ele>108.2</ele>
      </trkpt>
      <trkpt lat="49.4926" lon="1.71932">
        <ele>108.3</ele>
      </trkpt>
      <trkpt lat="49.49213" lon="1.72019">
        <ele>107.2</ele>
      </trkpt>
      <trkpt lat="49.4919" lon="1.72055">
        <ele>107.0</ele>
      </trkpt>
      <trkpt lat="49.49129" lon="1.72137">
        <ele>107.2</ele>
      </trkpt>
      <trkpt lat="49.49068" lon="1.7222">
        <ele>106.8</ele>
      </trkpt>
      <trkpt lat="49.49014" lon="1.72287">
        <ele>104.7</ele>
      </trkpt>
      <trkpt lat="49.49002" lon="1.72305">
        <ele>104.4</ele>
      </trkpt>
      <trkpt lat="49.48988" lon="1.72325">
        <ele>104.1</ele>
      </trkpt>
      <trkpt lat="49.48949" lon="1.72394">
        <ele>103.4</ele>
      </trkpt>
      <trkpt lat="49.48929" lon="1.72426">
        <ele>102.9</ele>
      </trkpt>
      <trkpt lat="49.48916" lon="1.72443">
        <ele>102.6</ele>
      </trkpt>
      <trkpt lat="49.48891" lon="1.72472">
        <ele>102.8</ele>
      </trkpt>
      <trkpt lat="49.48876" lon="1.72487">
        <ele>103.0</ele>
      </trkpt>
      <trkpt lat="49.48803" lon="1.7255">
        <ele>102.7</ele>
      </trkpt>
      <trkpt lat="49.48773" lon="1.72583">
        <ele>102.1</ele>
      </trkpt>
      <trkpt lat="49.48726" lon="1.7264">
        <ele>101.2</ele>
      </trkpt>
      <trkpt lat="49.48679" lon="1.72696">
        <ele>98.3</ele>
      </trkpt>
      <trkpt lat="49.48668" lon="1.72706">
        <ele>97.6</ele>
      </trkpt>
      <trkpt lat="49.48657" lon="1.72713">
        <ele>97.1</ele>
      </trkpt>
      <trkpt lat="49.48646" lon="1.72719">
        <ele>96.6</ele>
      </trkpt>
      <trkpt lat="49.48635" lon="1.72723">
        <ele>96.0</ele>
      </trkpt>
      <trkpt lat="49.48609" lon="1.72725">
        <ele>94.7</ele>
      </trkpt>
      <trkpt lat="49.48586" lon="1.7272">
        <ele>93.5</ele>
      </trkpt>
      <trkpt lat="49.48567" lon="1.72711">
        <ele>93.3</ele>
      </trkpt>
      <trkpt lat="49.48498" lon="1.72678">
        <ele>92.9</ele>
      </trkpt>
      <trkpt lat="49.48429" lon="1.72644">
        <ele>94.1</ele>
      </trkpt>
      <trkpt lat="49.4842" lon="1.72639">
        <ele>94.3</ele>
      </trkpt>
      <trkpt lat="49.4841" lon="1.72629">
        <ele>94.7</ele>
      </trkpt>
      <trkpt lat="49.48406" lon="1.72623">
        <ele>95.0</ele>
      </trkpt>
      <trkpt lat="49.48358" lon="1.7255">
        <ele>97.2</ele>
      </trkpt>
      <trkpt lat="49.48344" lon="1.72525">
        <ele>97.7</ele>
      </trkpt>
      <trkpt lat="49.48336" lon="1.72516">
        <ele>97.9</ele>
      </trkpt>
      <trkpt lat="49.48297" lon="1.72487">
        <ele>98.5</ele>
      </trkpt>
      <trkpt lat="49.48267" lon="1.72462">
        <ele>98.9</ele>
      </trkpt>
      <trkpt lat="49.48259" lon="1.72503">
        <ele>98.9</ele>
      </trkpt>
      <trkpt lat="49.48257" lon="1.72518">
        <ele>98.7</ele>
      </trkpt>
      <trkpt lat="49.48257" lon="1.72533">
        <ele>98.6</ele>
      </trkpt>
      <trkpt lat="49.48259" lon="1.7259">
        <ele>98.0</ele>
      </trkpt>
      <trkpt lat="49.48249" lon="1.72647">
        <ele>98.0</ele>
      </trkpt>
      <trkpt lat="49.48219" lon="1.72743">
        <ele>96.9</ele>
      </trkpt>
      <trkpt lat="49.48195" lon="1.72732">
        <ele>96.0</ele>
      </trkpt>
      <trkpt lat="49.48167" lon="1.72729">
        <ele>95.0</ele>
      </trkpt>
      <trkpt lat="49.48158" lon="1.72729">
        <ele>94.8</ele>
      </trkpt>
      <trkpt lat="49.48137" lon="1.72851">
        <ele>93.2</ele>
      </trkpt>
      <trkpt lat="49.4814" lon="1.72888">
        <ele>92.7</ele>
      </trkpt>
      <trkpt lat="49.48146" lon="1.72912">
        <ele>92.4</ele>
      </trkpt>
      <trkpt lat="49.48155" lon="1.72933">
        <ele>92.1</ele>
      </trkpt>
      <trkpt lat="49.48178" lon="1.72994">
        <ele>91.3</ele>
      </trkpt>
      <trkpt lat="49.48201" lon="1.73055">
        <ele>91.4</ele>
      </trkpt>
      <trkpt lat="49.48207" lon="1.73078">
        <ele>91.5</ele>
      </trkpt>
      <trkpt lat="49.48138" lon="1.73115">
        <ele>90.0</ele>
      </trkpt>
      <trkpt lat="49.48069" lon="1.73152">
        <ele>89.6</ele>
      </trkpt>
      <trkpt lat="49.48063" lon="1.73156">
        <ele>89.6</ele>
      </trkpt>
      <trkpt lat="49.48043" lon="1.73167">
        <ele>89.5</ele>
      </trkpt>
      <trkpt lat="49.48061" lon="1.73289">
        <ele>90.0</ele>
      </trkpt>
      <trkpt lat="49.4802" lon="1.7328">
        <ele>90.0</ele>
      </trkpt>
      <trkpt lat="49.47986" lon="1.73281">
        <ele>89.8</ele>
      </trkpt>
      <trkpt lat="49.47946" lon="1.73271">
        <ele>89.4</ele>
      </trkpt>
      <trkpt lat="49.47944" lon="1.73272">
        <ele>89.3</ele>
      </trkpt>
      <trkpt lat="49.47941" lon="1.7328">
        <ele>89.3</ele>
      </trkpt>
      <trkpt lat="49.47941" lon="1.7338">
        <ele>88.9</ele>
      </trkpt>
      <trkpt lat="49.47938" lon="1.73406">
        <ele>88.6</ele>
      </trkpt>
      <trkpt lat="49.47935" lon="1.73427">
        <ele>88.7</ele>
      </trkpt>
      <trkpt lat="49.47929" lon="1.73507">
        <ele>90.1</ele>
      </trkpt>
      <trkpt lat="49.47927" lon="1.73511">
        <ele>90.0</ele>
      </trkpt>
      <trkpt lat="49.47924" lon="1.73514">
        <ele>89.9</ele>
      </trkpt>
      <trkpt lat="49.4785" lon="1.73529">
        <ele>88.9</ele>
      </trkpt>
      <trkpt lat="49.47776" lon="1.73543">
        <ele>88.2</ele>
      </trkpt>
      <trkpt lat="49.47773" lon="1.73545">
        <ele>88.1</ele>
      </trkpt>
      <trkpt lat="49.4777" lon="1.73549">
        <ele>88.1</ele>
      </trkpt>
      <trkpt lat="49.47769" lon="1.73553">
        <ele>88.1</ele>
      </trkpt>
      <trkpt lat="49.4777" lon="1.73662">
        <ele>87.1</ele>
      </trkpt>
      <trkpt lat="49.47771" lon="1.73772">
        <ele>88.8</ele>
      </trkpt>
      <trkpt lat="49.47769" lon="1.73778">
        <ele>88.9</ele>
      </trkpt>
      <trkpt lat="49.47735" lon="1.73824">
        <ele>88.9</ele>
      </trkpt>
      <trkpt lat="49.47698" lon="1.73866">
        <ele>89.1</ele>
      </trkpt>
      <trkpt lat="49.47695" lon="1.73871">
        <ele>89.2</ele>
      </trkpt>
      <trkpt lat="49.4769" lon="1.7389">
        <ele>89.2</ele>
      </trkpt>
      <trkpt lat="49.47688" lon="1.73898">
        <ele>89.2</ele>
      </trkpt>
      <trkpt lat="49.47687" lon="1.73922">
        <ele>89.3</ele>
      </trkpt>
      <trkpt lat="49.47691" lon="1.73942">
        <ele>89.6</ele>
      </trkpt>
      <trkpt lat="49.47696" lon="1.74017">
        <ele>90.6</ele>
      </trkpt>
      <trkpt lat="49.47695" lon="1.74058">
        <ele>91.0</ele>
      </trkpt>
      <trkpt lat="49.47693" lon="1.74093">
        <ele>91.4</ele>
      </trkpt>
      <trkpt lat="49.47688" lon="1.74123">
        <ele>91.4</ele>
      </trkpt>
      <trkpt lat="49.4767" lon="1.74211">
        <ele>91.6</ele>
      </trkpt>
      <trkpt lat="49.4767" lon="1.74227">
        <ele>91.8</ele>
      </trkpt>
      <trkpt lat="49.47667" lon="1.74228">
        <ele>91.7</ele>
      </trkpt>
      <trkpt lat="49.47664" lon="1.74235">
        <ele>91.8</ele>
      </trkpt>
      <trkpt lat="49.47663" lon="1.7424">
        <ele>91.8</ele>
      </trkpt>
      <trkpt lat="49.47664" lon="1.74244">
        <ele>91.9</ele>
      </trkpt>
      <trkpt lat="49.47666" lon="1.7425">
        <ele>92.0</ele>
      </trkpt>
      <trkpt lat="49.4767" lon="1.74253">
        <ele>92.2</ele>
      </trkpt>
      <trkpt lat="49.47676" lon="1.74252">
        <ele>92.3</ele>
      </trkpt>
      <trkpt lat="49.4768" lon="1.74246">
        <ele>92.3</ele>
      </trkpt>
      <trkpt lat="49.47681" lon="1.74254">
        <ele>92.4</ele>
      </trkpt>
      <trkpt lat="49.47684" lon="1.74259">
        <ele>92.6</ele>
      </trkpt>
      <trkpt lat="49.47732" lon="1.7431">
        <ele>94.4</ele>
      </trkpt>
      <trkpt lat="49.4778" lon="1.7436">
        <ele>95.8</ele>
      </trkpt>
      <trkpt lat="49.47786" lon="1.74369">
        <ele>96.0</ele>
      </trkpt>
      <trkpt lat="49.47799" lon="1.74394">
        <ele>96.7</ele>
      </trkpt>
      <trkpt lat="49.47809" lon="1.74421">
        <ele>97.4</ele>
      </trkpt>
      <trkpt lat="49.47811" lon="1.74426">
        <ele>97.5</ele>
      </trkpt>
      <trkpt lat="49.4781" lon="1.74429">
        <ele>97.5</ele>
      </trkpt>
      <trkpt lat="49.47806" lon="1.74439">
        <ele>97.4</ele>
      </trkpt>
      <trkpt lat="49.4779" lon="1.74453">
        <ele>97.2</ele>
      </trkpt>
      <trkpt lat="49.47782" lon="1.74457">
        <ele>97.1</ele>
      </trkpt>
      <trkpt lat="49.47782" lon="1.74463">
        <ele>97.1</ele>
      </trkpt>
      <trkpt lat="49.47708" lon="1.74465">
        <ele>95.5</ele>
      </trkpt>
      <trkpt lat="49.47698" lon="1.74461">
        <ele>95.2</ele>
      </trkpt>
      <trkpt lat="49.47685" lon="1.74451">
        <ele>95.0</ele>
      </trkpt>
      <trkpt lat="49.47675" lon="1.74439">
        <ele>94.9</ele>
      </trkpt>
      <trkpt lat="49.47663" lon="1.74411">
        <ele>94.8</ele>
      </trkpt>
      <trkpt lat="49.47658" lon="1.74417">
        <ele>94.8</ele>
      </trkpt>
      <trkpt lat="49.47638" lon="1.74433">
        <ele>94.3</ele>
      </trkpt>
      <trkpt lat="49.47624" lon="1.74448">
        <ele>94.2</ele>
      </trkpt>
      <trkpt lat="49.47602" lon="1.7447">
        <ele>94.3</ele>
      </trkpt>
      <trkpt lat="49.4758" lon="1.74494">
        <ele>94.7</ele>
      </trkpt>
      <trkpt lat="49.4753" lon="1.7456">
        <ele>93.8</ele>
      </trkpt>
      <trkpt lat="49.4748" lon="1.74626">
        <ele>92.2</ele>
      </trkpt>
      <trkpt lat="49.4743" lon="1.74692">
        <ele>91.4</ele>
      </trkpt>
      <trkpt lat="49.47369" lon="1.74777">
        <ele>91.9</ele>
      </trkpt>
      <trkpt lat="49.47308" lon="1.74862">
        <ele>91.8</ele>
      </trkpt>
      <trkpt lat="49.47247" lon="1.74947">
        <ele>92.0</ele>
      </trkpt>
      <trkpt lat="49.47189" lon="1.75025">
        <ele>90.5</ele>
      </trkpt>
      <trkpt lat="49.4713" lon="1.75102">
        <ele>89.0</ele>
      </trkpt>
      <trkpt lat="49.47072" lon="1.75179">
        <ele>87.7</ele>
      </trkpt>
      <trkpt lat="49.47014" lon="1.75257">
        <ele>87.0</ele>
      </trkpt>
      <trkpt lat="49.46955" lon="1.75334">
        <ele>88.1</ele>
      </trkpt>
      <trkpt lat="49.46903" lon="1.75425">
        <ele>89.0</ele>
      </trkpt>
      <trkpt lat="49.46859" lon="1.75512">
        <ele>89.6</ele>
      </trkpt>
      <trkpt lat="49.46827" lon="1.75584">
        <ele>90.5</ele>
      </trkpt>
      <trkpt lat="49.46809" lon="1.75629">
        <ele>91.5</ele>
      </trkpt>
      <trkpt lat="49.46781" lon="1.75711">
        <ele>91.3</ele>
      </trkpt>
      <trkpt lat="49.46753" lon="1.75794">
        <ele>89.8</ele>
      </trkpt>
      <trkpt lat="49.46724" lon="1.75922">
        <ele>86.6</ele>
      </trkpt>
      <trkpt lat="49.46695" lon="1.7605">
        <ele>86.4</ele>
      </trkpt>
      <trkpt lat="49.46666" lon="1.76179">
        <ele>86.8</ele>
      </trkpt>
      <trkpt lat="49.46637" lon="1.76307">
        <ele>86.4</ele>
      </trkpt>
      <trkpt lat="49.46608" lon="1.76435">
        <ele>87.0</ele>
      </trkpt>
      <trkpt lat="49.4658" lon="1.76564">
        <ele>86.2</ele>
      </trkpt>
      <trkpt lat="49.46553" lon="1.76673">
        <ele>87.1</ele>
      </trkpt>
      <trkpt lat="49.46526" lon="1.76782">
        <ele>87.7</ele>
      </trkpt>
      <trkpt lat="49.46499" lon="1.76891">
        <ele>87.3</ele>
      </trkpt>
      <trkpt lat="49.46459" lon="1.77007">
        <ele>88.5</ele>
      </trkpt>
      <trkpt lat="49.46416" lon="1.77114">
        <ele>88.6</ele>
      </trkpt>
      <trkpt lat="49.46374" lon="1.77197">
        <ele>87.5</ele>
      </trkpt>
      <trkpt lat="49.46331" lon="1.77281">
        <ele>89.1</ele>
      </trkpt>
      <trkpt lat="49.46288" lon="1.77364">
        <ele>90.1</ele>
      </trkpt>
      <trkpt lat="49.46251" lon="1.7745">
        <ele>90.4</ele>
      </trkpt>
      <trkpt lat="49.462" lon="1.7756">
        <ele>91.4</ele>
      </trkpt>
      <trkpt lat="49.46148" lon="1.77671">
        <ele>91.4</ele>
      </trkpt>
      <trkpt lat="49.46104" lon="1.7776">
        <ele>90.5</ele>
      </trkpt>
      <trkpt lat="49.4606" lon="1.7785">
        <ele>91.3</ele>
      </trkpt>
      <trkpt lat="49.46015" lon="1.7794">
        <ele>92.9</ele>
      </trkpt>
      <trkpt lat="49.45972" lon="1.78028">
        <ele>93.7</ele>
      </trkpt>
      <trkpt lat="49.45929" lon="1.78116">
        <ele>93.8</ele>
      </trkpt>
      <trkpt lat="49.45886" lon="1.78204">
        <ele>92.8</ele>
      </trkpt>
      <trkpt lat="49.45832" lon="1.78315">
        <ele>91.8</ele>
      </trkpt>
      <trkpt lat="49.45779" lon="1.78426">
        <ele>92.0</ele>
      </trkpt>
      <trkpt lat="49.45726" lon="1.78537">
        <ele>93.0</ele>
      </trkpt>
      <trkpt lat="49.45672" lon="1.78648">
        <ele>94.3</ele>
      </trkpt>
      <trkpt lat="49.45619" lon="1.78759">
        <ele>95.3</ele>
      </trkpt>
      <trkpt lat="49.45565" lon="1.7887">
        <ele>96.6</ele>
      </trkpt>
      <trkpt lat="49.45512" lon="1.78981">
        <ele>96.2</ele>
      </trkpt>
      <trkpt lat="49.45464" lon="1.78951">
        <ele>98.3</ele>
      </trkpt>
      <trkpt lat="49.45417" lon="1.78921">
        <ele>100.8</ele>
      </trkpt>
      <trkpt lat="49.4536" lon="1.78862">
        <ele>104.6</ele>
      </trkpt>
      <trkpt lat="49.45283" lon="1.78792">
        <ele>101.9</ele>
      </trkpt>
      <trkpt lat="49.45206" lon="1.78722">
        <ele>100.2</ele>
      </trkpt>
      <trkpt lat="49.45157" lon="1.7868">
        <ele>100.1</ele>
      </trkpt>
      <trkpt lat="49.45131" lon="1.78661">
        <ele>99.5</ele>
      </trkpt>
      <trkpt lat="49.45048" lon="1.78616">
        <ele>98.8</ele>
      </trkpt>
      <trkpt lat="49.4501" lon="1.78599">
        <ele>99.1</ele>
      </trkpt>
      <trkpt lat="49.44943" lon="1.78578">
        <ele>99.7</ele>
      </trkpt>
      <trkpt lat="49.44875" lon="1.78558">
        <ele>101.5</ele>
      </trkpt>
      <trkpt lat="49.44863" lon="1.78552">
        <ele>101.9</ele>
      </trkpt>
      <trkpt lat="49.44852" lon="1.78544">
        <ele>102.3</ele>
      </trkpt>
      <trkpt lat="49.44803" lon="1.78503">
        <ele>103.7</ele>
      </trkpt>
      <trkpt lat="49.44755" lon="1.78462">
        <ele>104.0</ele>
      </trkpt>
      <trkpt lat="49.44741" lon="1.78456">
        <ele>104.1</ele>
      </trkpt>
      <trkpt lat="49.44726" lon="1.78456">
        <ele>104.4</ele>
      </trkpt>
      <trkpt lat="49.44708" lon="1.7846">
        <ele>104.8</ele>
      </trkpt>
      <trkpt lat="49.44656" lon="1.78479">
        <ele>106.1</ele>
      </trkpt>
      <trkpt lat="49.44634" lon="1.78485">
        <ele>106.9</ele>
      </trkpt>
      <trkpt lat="49.44612" lon="1.78489">
        <ele>107.7</ele>
      </trkpt>
      <trkpt lat="49.4458" lon="1.78488">
        <ele>108.8</ele>
      </trkpt>
      <trkpt lat="49.44536" lon="1.78478">
        <ele>109.3</ele>
      </trkpt>
      <trkpt lat="49.4452" lon="1.78471">
        <ele>109.6</ele>
      </trkpt>
      <trkpt lat="49.44505" lon="1.78462">
        <ele>109.9</ele>
      </trkpt>
      <trkpt lat="49.44493" lon="1.78451">
        <ele>110.5</ele>
      </trkpt>
      <trkpt lat="49.44483" lon="1.78438">
        <ele>111.2</ele>
      </trkpt>
      <trkpt lat="49.44467" lon="1.78408">
        <ele>111.8</ele>
      </trkpt>
      <trkpt lat="49.44426" lon="1.78308">
        <ele>109.9</ele>
      </trkpt>
      <trkpt lat="49.44394" lon="1.78244">
        <ele>107.8</ele>
      </trkpt>
      <trkpt lat="49.4437" lon="1.78194">
        <ele>107.7</ele>
      </trkpt>
      <trkpt lat="49.44363" lon="1.78183">
        <ele>107.6</ele>
      </trkpt>
      <trkpt lat="49.44308" lon="1.78115">
        <ele>106.1</ele>
      </trkpt>
      <trkpt lat="49.44297" lon="1.78098">
        <ele>105.5</ele>
      </trkpt>
      <trkpt lat="49.4429" lon="1.78084">
        <ele>104.9</ele>
      </trkpt>
      <trkpt lat="49.44278" lon="1.78093">
        <ele>104.6</ele>
      </trkpt>
      <trkpt lat="49.44221" lon="1.78142">
        <ele>104.6</ele>
      </trkpt>
      <trkpt lat="49.44187" lon="1.78178">
        <ele>104.7</ele>
      </trkpt>
      <trkpt lat="49.4416" lon="1.78212">
        <ele>104.9</ele>
      </trkpt>
      <trkpt lat="49.44112" lon="1.78278">
        <ele>105.6</ele>
      </trkpt>
      <trkpt lat="49.44064" lon="1.78345">
        <ele>106.4</ele>
      </trkpt>
      <trkpt lat="49.44038" lon="1.78369">
        <ele>107.1</ele>
      </trkpt>
      <trkpt lat="49.44026" lon="1.78377">
        <ele>107.2</ele>
      </trkpt>
      <trkpt lat="49.43999" lon="1.78389">
        <ele>107.3</ele>
      </trkpt>
      <trkpt lat="49.43947" lon="1.78403">
        <ele>107.7</ele>
      </trkpt>
      <trkpt lat="49.43896" lon="1.78418">
        <ele>109.1</ele>
      </trkpt>
      <trkpt lat="49.43873" lon="1.78428">
        <ele>110.6</ele>
      </trkpt>
      <trkpt lat="49.43847" lon="1.78444">
        <ele>112.7</ele>
      </trkpt>
      <trkpt lat="49.43814" lon="1.78476">
        <ele>115.6</ele>
      </trkpt>
      <trkpt lat="49.43792" lon="1.785">
        <ele>118.0</ele>
      </trkpt>
      <trkpt lat="49.43774" lon="1.78532">
        <ele>120.2</ele>
      </trkpt>
      <trkpt lat="49.43751" lon="1.78576">
        <ele>123.6</ele>
      </trkpt>
      <trkpt lat="49.4372" lon="1.78644">
        <ele>126.0</ele>
      </trkpt>
      <trkpt lat="49.43689" lon="1.78712">
        <ele>127.2</ele>
      </trkpt>
      <trkpt lat="49.43652" lon="1.78835">
        <ele>127.6</ele>
      </trkpt>
      <trkpt lat="49.43614" lon="1.78958">
        <ele>128.7</ele>
      </trkpt>
      <trkpt lat="49.43599" lon="1.79001">
        <ele>129.2</ele>
      </trkpt>
      <trkpt lat="49.43583" lon="1.79031">
        <ele>129.5</ele>
      </trkpt>
      <trkpt lat="49.43531" lon="1.79114">
        <ele>126.9</ele>
      </trkpt>
      <trkpt lat="49.43512" lon="1.79152">
        <ele>125.8</ele>
      </trkpt>
      <trkpt lat="49.43479" lon="1.79224">
        <ele>124.4</ele>
      </trkpt>
      <trkpt lat="49.43447" lon="1.79296">
        <ele>123.0</ele>
      </trkpt>
      <trkpt lat="49.43434" lon="1.79317">
        <ele>122.2</ele>
      </trkpt>
      <trkpt lat="49.43416" lon="1.79338">
        <ele>121.2</ele>
      </trkpt>
      <trkpt lat="49.43395" lon="1.79353">
        <ele>121.8</ele>
      </trkpt>
      <trkpt lat="49.43379" lon="1.7936">
        <ele>122.1</ele>
      </trkpt>
      <trkpt lat="49.43354" lon="1.79363">
        <ele>122.3</ele>
      </trkpt>
      <trkpt lat="49.43334" lon="1.79361">
        <ele>122.3</ele>
      </trkpt>
      <trkpt lat="49.43252" lon="1.79345">
        <ele>127.0</ele>
      </trkpt>
      <trkpt lat="49.43212" lon="1.79342">
        <ele>129.3</ele>
      </trkpt>
      <trkpt lat="49.43184" lon="1.79345">
        <ele>130.9</ele>
      </trkpt>
      <trkpt lat="49.43146" lon="1.7936">
        <ele>132.6</ele>
      </trkpt>
      <trkpt lat="49.43121" lon="1.79377">
        <ele>133.7</ele>
      </trkpt>
      <trkpt lat="49.43052" lon="1.79455">
        <ele>139.3</ele>
      </trkpt>
      <trkpt lat="49.42984" lon="1.79533">
        <ele>144.7</ele>
      </trkpt>
      <trkpt lat="49.42945" lon="1.79574">
        <ele>146.6</ele>
      </trkpt>
      <trkpt lat="49.42906" lon="1.79616">
        <ele>148.8</ele>
      </trkpt>
      <trkpt lat="49.42883" lon="1.7963">
        <ele>149.7</ele>
      </trkpt>
      <trkpt lat="49.42875" lon="1.79634">
        <ele>150.0</ele>
      </trkpt>
      <trkpt lat="49.4286" lon="1.79636">
        <ele>150.5</ele>
      </trkpt>
      <trkpt lat="49.42835" lon="1.79636">
        <ele>151.3</ele>
      </trkpt>
      <trkpt lat="49.42779" lon="1.79627">
        <ele>152.5</ele>
      </trkpt>
      <trkpt lat="49.42704" lon="1.79616">
        <ele>155.2</ele>
      </trkpt>
      <trkpt lat="49.42669" lon="1.79619">
        <ele>156.9</ele>
      </trkpt>
      <trkpt lat="49.42639" lon="1.79624">
        <ele>157.7</ele>
      </trkpt>
      <trkpt lat="49.42575" lon="1.79647">
        <ele>159.3</ele>
      </trkpt>
      <trkpt lat="49.42524" lon="1.79669">
        <ele>161.1</ele>
      </trkpt>
      <trkpt lat="49.42493" lon="1.79687">
        <ele>162.5</ele>
      </trkpt>
      <trkpt lat="49.42473" lon="1.79709">
        <ele>163.8</ele>
      </trkpt>
      <trkpt lat="49.42451" lon="1.79741">
        <ele>165.7</ele>
      </trkpt>
      <trkpt lat="49.42391" lon="1.79843">
        <ele>171.2</ele>
      </trkpt>
      <trkpt lat="49.42331" lon="1.79946">
        <ele>176.3</ele>
      </trkpt>
      <trkpt lat="49.42303" lon="1.79984">
        <ele>179.0</ele>
      </trkpt>
      <trkpt lat="49.42252" lon="1.80036">
        <ele>182.7</ele>
      </trkpt>
      <trkpt lat="49.42199" lon="1.80094">
        <ele>187.3</ele>
      </trkpt>
      <trkpt lat="49.42167" lon="1.80155">
        <ele>187.9</ele>
      </trkpt>
      <trkpt lat="49.42123" lon="1.80243">
        <ele>192.7</ele>
      </trkpt>
      <trkpt lat="49.42096" lon="1.80304">
        <ele>197.2</ele>
      </trkpt>
      <trkpt lat="49.42083" lon="1.8034">
        <ele>199.0</ele>
      </trkpt>
      <trkpt lat="49.42069" lon="1.80387">
        <ele>200.9</ele>
      </trkpt>
      <trkpt lat="49.42047" lon="1.80471">
        <ele>203.4</ele>
      </trkpt>
      <trkpt lat="49.42024" lon="1.80554">
        <ele>206.5</ele>
      </trkpt>
      <trkpt lat="49.42001" lon="1.80631">
        <ele>210.1</ele>
      </trkpt>
      <trkpt lat="49.41962" lon="1.8073">
        <ele>214.0</ele>
      </trkpt>
      <trkpt lat="49.41923" lon="1.8083">
        <ele>214.0</ele>
      </trkpt>
      <trkpt lat="49.41886" lon="1.80933">
        <ele>216.2</ele>
      </trkpt>
      <trkpt lat="49.41872" lon="1.80993">
        <ele>216.9</ele>
      </trkpt>
      <trkpt lat="49.41862" lon="1.81056">
        <ele>217.7</ele>
      </trkpt>
      <trkpt lat="49.41856" lon="1.81123">
        <ele>218.0</ele>
      </trkpt>
      <trkpt lat="49.4185" lon="1.81224">
        <ele>218.1</ele>
      </trkpt>
      <trkpt lat="49.41845" lon="1.81325">
        <ele>219.0</ele>
      </trkpt>
      <trkpt lat="49.41839" lon="1.81426">
        <ele>218.8</ele>
      </trkpt>
      <trkpt lat="49.41835" lon="1.81494">
        <ele>218.1</ele>
      </trkpt>
      <trkpt lat="49.41829" lon="1.81541">
        <ele>218.1</ele>
      </trkpt>
      <trkpt lat="49.41815" lon="1.81615">
        <ele>218.4</ele>
      </trkpt>
      <trkpt lat="49.41799" lon="1.81691">
        <ele>219.0</ele>
      </trkpt>
      <trkpt lat="49.41783" lon="1.81767">
        <ele>219.7</ele>
      </trkpt>
      <trkpt lat="49.41759" lon="1.81883">
        <ele>221.0</ele>
      </trkpt>
      <trkpt lat="49.41735" lon="1.81998">
        <ele>221.2</ele>
      </trkpt>
      <trkpt lat="49.4172" lon="1.82065">
        <ele>221.9</ele>
      </trkpt>
      <trkpt lat="49.41688" lon="1.8218">
        <ele>221.1</ele>
      </trkpt>
      <trkpt lat="49.41657" lon="1.82295">
        <ele>221.4</ele>
      </trkpt>
      <trkpt lat="49.41625" lon="1.8241">
        <ele>219.6</ele>
      </trkpt>
      <trkpt lat="49.41594" lon="1.82525">
        <ele>219.1</ele>
      </trkpt>
      <trkpt lat="49.41562" lon="1.8264">
        <ele>219.4</ele>
      </trkpt>
      <trkpt lat="49.41552" lon="1.82671">
        <ele>219.6</ele>
      </trkpt>
      <trkpt lat="49.41541" lon="1.82697">
        <ele>219.3</ele>
      </trkpt>
      <trkpt lat="49.4149" lon="1.82795">
        <ele>220.6</ele>
      </trkpt>
      <trkpt lat="49.41437" lon="1.82904">
        <ele>222.6</ele>
      </trkpt>
      <trkpt lat="49.41414" lon="1.82958">
        <ele>224.0</ele>
      </trkpt>
      <trkpt lat="49.41389" lon="1.83022">
        <ele>225.1</ele>
      </trkpt>
      <trkpt lat="49.41358" lon="1.83119">
        <ele>225.8</ele>
      </trkpt>
      <trkpt lat="49.41326" lon="1.83215">
        <ele>225.8</ele>
      </trkpt>
      <trkpt lat="49.41295" lon="1.83311">
        <ele>224.3</ele>
      </trkpt>
      <trkpt lat="49.41263" lon="1.83408">
        <ele>224.8</ele>
      </trkpt>
      <trkpt lat="49.41227" lon="1.83512">
        <ele>225.7</ele>
      </trkpt>
      <trkpt lat="49.41191" lon="1.83617">
        <ele>226.9</ele>
      </trkpt>
      <trkpt lat="49.41155" lon="1.83722">
        <ele>228.1</ele>
      </trkpt>
      <trkpt lat="49.41115" lon="1.83844">
        <ele>228.3</ele>
      </trkpt>
      <trkpt lat="49.41075" lon="1.83965">
        <ele>230.3</ele>
      </trkpt>
      <trkpt lat="49.41035" lon="1.84086">
        <ele>233.6</ele>
      </trkpt>
      <trkpt lat="49.40995" lon="1.84208">
        <ele>231.4</ele>
      </trkpt>
      <trkpt lat="49.40981" lon="1.84247">
        <ele>229.9</ele>
      </trkpt>
      <trkpt lat="49.40966" lon="1.84276">
        <ele>229.5</ele>
      </trkpt>
      <trkpt lat="49.40911" lon="1.84381">
        <ele>227.3</ele>
      </trkpt>
      <trkpt lat="49.40889" lon="1.84434">
        <ele>226.2</ele>
      </trkpt>
      <trkpt lat="49.40866" lon="1.84514">
        <ele>225.3</ele>
      </trkpt>
      <trkpt lat="49.40834" lon="1.84615">
        <ele>225.0</ele>
      </trkpt>
      <trkpt lat="49.40803" lon="1.84716">
        <ele>224.9</ele>
      </trkpt>
      <trkpt lat="49.40772" lon="1.84817">
        <ele>224.8</ele>
      </trkpt>
      <trkpt lat="49.40747" lon="1.84883">
        <ele>224.4</ele>
      </trkpt>
      <trkpt lat="49.40721" lon="1.84944">
        <ele>224.6</ele>
      </trkpt>
      <trkpt lat="49.40679" lon="1.85035">
        <ele>224.3</ele>
      </trkpt>
      <trkpt lat="49.40637" lon="1.85127">
        <ele>223.5</ele>
      </trkpt>
      <trkpt lat="49.40589" lon="1.85229">
        <ele>222.4</ele>
      </trkpt>
      <trkpt lat="49.40541" lon="1.85331">
        <ele>222.5</ele>
      </trkpt>
      <trkpt lat="49.40493" lon="1.85433">
        <ele>224.2</ele>
      </trkpt>
      <trkpt lat="49.40469" lon="1.85493">
        <ele>224.6</ele>
      </trkpt>
      <trkpt lat="49.40454" lon="1.85542">
        <ele>224.7</ele>
      </trkpt>
      <trkpt lat="49.40427" lon="1.85635">
        <ele>224.2</ele>
      </trkpt>
      <trkpt lat="49.404" lon="1.85729">
        <ele>223.7</ele>
      </trkpt>
      <trkpt lat="49.40366" lon="1.85849">
        <ele>223.5</ele>
      </trkpt>
      <trkpt lat="49.40333" lon="1.85969">
        <ele>223.6</ele>
      </trkpt>
      <trkpt lat="49.40299" lon="1.86089">
        <ele>221.7</ele>
      </trkpt>
      <trkpt lat="49.40274" lon="1.86174">
        <ele>223.1</ele>
      </trkpt>
      <trkpt lat="49.4025" lon="1.86259">
        <ele>223.1</ele>
      </trkpt>
      <trkpt lat="49.40236" lon="1.86308">
        <ele>223.6</ele>
      </trkpt>
      <trkpt lat="49.4023" lon="1.86342">
        <ele>223.9</ele>
      </trkpt>
      <trkpt lat="49.40224" lon="1.86386">
        <ele>224.6</ele>
      </trkpt>
      <trkpt lat="49.40218" lon="1.86479">
        <ele>224.7</ele>
      </trkpt>
      <trkpt lat="49.40213" lon="1.86572">
        <ele>224.6</ele>
      </trkpt>
      <trkpt lat="49.40209" lon="1.86661">
        <ele>224.0</ele>
      </trkpt>
      <trkpt lat="49.40203" lon="1.86753">
        <ele>223.9</ele>
      </trkpt>
      <trkpt lat="49.40198" lon="1.86845">
        <ele>223.2</ele>
      </trkpt>
      <trkpt lat="49.40193" lon="1.8689">
        <ele>222.6</ele>
      </trkpt>
      <trkpt lat="49.40186" lon="1.86916">
        <ele>222.2</ele>
      </trkpt>
      <trkpt lat="49.40174" lon="1.86944">
        <ele>221.8</ele>
      </trkpt>
      <trkpt lat="49.40164" lon="1.86965">
        <ele>221.3</ele>
      </trkpt>
      <trkpt lat="49.40138" lon="1.8701">
        <ele>220.2</ele>
      </trkpt>
      <trkpt lat="49.40132" lon="1.87017">
        <ele>220.0</ele>
      </trkpt>
      <trkpt lat="49.40126" lon="1.87022">
        <ele>219.9</ele>
      </trkpt>
      <trkpt lat="49.4012" lon="1.8703">
        <ele>219.8</ele>
      </trkpt>
      <trkpt lat="49.40113" lon="1.87045">
        <ele>219.7</ele>
      </trkpt>
      <trkpt lat="49.40108" lon="1.87058">
        <ele>219.7</ele>
      </trkpt>
      <trkpt lat="49.40095" lon="1.87082">
        <ele>219.9</ele>
      </trkpt>
      <trkpt lat="49.40075" lon="1.87137">
        <ele>220.8</ele>
      </trkpt>
      <trkpt lat="49.40052" lon="1.87196">
        <ele>222.2</ele>
      </trkpt>
      <trkpt lat="49.40018" lon="1.87297">
        <ele>223.0</ele>
      </trkpt>
      <trkpt lat="49.39999" lon="1.87379">
        <ele>221.9</ele>
      </trkpt>
      <trkpt lat="49.39993" lon="1.87412">
        <ele>220.8</ele>
      </trkpt>
      <trkpt lat="49.3999" lon="1.87474">
        <ele>218.5</ele>
      </trkpt>
      <trkpt lat="49.39995" lon="1.87519">
        <ele>217.7</ele>
      </trkpt>
      <trkpt lat="49.39993" lon="1.87573">
        <ele>217.6</ele>
      </trkpt>
      <trkpt lat="49.39982" lon="1.8762">
        <ele>217.1</ele>
      </trkpt>
      <trkpt lat="49.39978" lon="1.87632">
        <ele>217.0</ele>
      </trkpt>
      <trkpt lat="49.39977" lon="1.87639">
        <ele>217.0</ele>
      </trkpt>
      <trkpt lat="49.39947" lon="1.87715">
        <ele>216.1</ele>
      </trkpt>
      <trkpt lat="49.3992" lon="1.87779">
        <ele>215.8</ele>
      </trkpt>
      <trkpt lat="49.39879" lon="1.87865">
        <ele>219.0</ele>
      </trkpt>
      <trkpt lat="49.39849" lon="1.87931">
        <ele>220.5</ele>
      </trkpt>
      <trkpt lat="49.3982" lon="1.87997">
        <ele>222.1</ele>
      </trkpt>
      <trkpt lat="49.39776" lon="1.88096">
        <ele>223.5</ele>
      </trkpt>
      <trkpt lat="49.39732" lon="1.88194">
        <ele>225.1</ele>
      </trkpt>
      <trkpt lat="49.39688" lon="1.88293">
        <ele>225.9</ele>
      </trkpt>
      <trkpt lat="49.39644" lon="1.88392">
        <ele>226.6</ele>
      </trkpt>
      <trkpt lat="49.396" lon="1.88491">
        <ele>227.9</ele>
      </trkpt>
      <trkpt lat="49.39572" lon="1.8855">
        <ele>227.9</ele>
      </trkpt>
      <trkpt lat="49.39543" lon="1.8861">
        <ele>225.6</ele>
      </trkpt>
      <trkpt lat="49.39515" lon="1.88662">
        <ele>223.0</ele>
      </trkpt>
      <trkpt lat="49.3948" lon="1.8872">
        <ele>225.3</ele>
      </trkpt>
      <trkpt lat="49.39445" lon="1.88778">
        <ele>227.6</ele>
      </trkpt>
      <trkpt lat="49.39432" lon="1.88802">
        <ele>227.8</ele>
      </trkpt>
      <trkpt lat="49.39381" lon="1.88892">
        <ele>229.4</ele>
      </trkpt>
      <trkpt lat="49.3933" lon="1.88982">
        <ele>230.1</ele>
      </trkpt>
      <trkpt lat="49.39309" lon="1.89016">
        <ele>229.4</ele>
      </trkpt>
      <trkpt lat="49.3926" lon="1.89102">
        <ele>227.6</ele>
      </trkpt>
      <trkpt lat="49.39211" lon="1.89189">
        <ele>227.8</ele>
      </trkpt>
      <trkpt lat="49.39163" lon="1.89276">
        <ele>229.2</ele>
      </trkpt>
      <trkpt lat="49.39114" lon="1.89363">
        <ele>227.8</ele>
      </trkpt>
      <trkpt lat="49.39065" lon="1.89449">
        <ele>226.3</ele>
      </trkpt>
      <trkpt lat="49.39047" lon="1.89485">
        <ele>226.0</ele>
      </trkpt>
      <trkpt lat="49.39036" lon="1.89513">
        <ele>226.2</ele>
      </trkpt>
      <trkpt lat="49.39018" lon="1.89573">
        <ele>227.1</ele>
      </trkpt>
      <trkpt lat="49.39001" lon="1.89624">
        <ele>227.0</ele>
      </trkpt>
      <trkpt lat="49.38977" lon="1.89678">
        <ele>226.4</ele>
      </trkpt>
      <trkpt lat="49.3893" lon="1.89773">
        <ele>224.4</ele>
      </trkpt>
      <trkpt lat="49.38884" lon="1.89867">
        <ele>222.3</ele>
      </trkpt>
      <trkpt lat="49.38837" lon="1.89962">
        <ele>219.2</ele>
      </trkpt>
      <trkpt lat="49.38791" lon="1.90056">
        <ele>219.2</ele>
      </trkpt>
      <trkpt lat="49.38744" lon="1.9015">
        <ele>220.6</ele>
      </trkpt>
      <trkpt lat="49.38735" lon="1.90175">
        <ele>221.2</ele>
      </trkpt>
      <trkpt lat="49.3872" lon="1.90226">
        <ele>222.4</ele>
      </trkpt>
      <trkpt lat="49.38703" lon="1.90299">
        <ele>223.8</ele>
      </trkpt>
      <trkpt lat="49.38686" lon="1.90372">
        <ele>224.7</ele>
      </trkpt>
      <trkpt lat="49.38665" lon="1.90457">
        <ele>225.5</ele>
      </trkpt>
      <trkpt lat="49.38643" lon="1.90543">
        <ele>226.5</ele>
      </trkpt>
      <trkpt lat="49.38632" lon="1.90577">
        <ele>226.7</ele>
      </trkpt>
      <trkpt lat="49.3862" lon="1.90601">
        <ele>226.2</ele>
      </trkpt>
      <trkpt lat="49.38604" lon="1.90627">
        <ele>225.4</ele>
      </trkpt>
      <trkpt lat="49.38543" lon="1.90711">
        <ele>222.5</ele>
      </trkpt>
      <trkpt lat="49.38483" lon="1.90795">
        <ele>220.2</ele>
      </trkpt>
      <trkpt lat="49.38423" lon="1.90879">
        <ele>215.7</ele>
      </trkpt>
      <trkpt lat="49.38363" lon="1.90964">
        <ele>214.6</ele>
      </trkpt>
      <trkpt lat="49.38303" lon="1.91048">
        <ele>216.7</ele>
      </trkpt>
      <trkpt lat="49.38243" lon="1.91132">
        <ele>219.9</ele>
      </trkpt>
      <trkpt lat="49.38183" lon="1.91216">
        <ele>223.1</ele>
      </trkpt>
      <trkpt lat="49.38178" lon="1.91225">
        <ele>223.4</ele>
      </trkpt>
      <trkpt lat="49.38172" lon="1.91243">
        <ele>223.8</ele>
      </trkpt>
      <trkpt lat="49.38169" lon="1.91266">
        <ele>224.4</ele>
      </trkpt>
      <trkpt lat="49.38162" lon="1.9135">
        <ele>226.2</ele>
      </trkpt>
      <trkpt lat="49.38156" lon="1.91452">
        <ele>226.9</ele>
      </trkpt>
      <trkpt lat="49.38151" lon="1.91555">
        <ele>227.5</ele>
      </trkpt>
      <trkpt lat="49.38146" lon="1.91579">
        <ele>227.7</ele>
      </trkpt>
      <trkpt lat="49.38118" lon="1.91675">
        <ele>226.8</ele>
      </trkpt>
      <trkpt lat="49.38089" lon="1.91771">
        <ele>227.2</ele>
      </trkpt>
      <trkpt lat="49.3807" lon="1.91839">
        <ele>227.9</ele>
      </trkpt>
      <trkpt lat="49.38051" lon="1.91908">
        <ele>226.2</ele>
      </trkpt>
      <trkpt lat="49.38015" lon="1.91996">
        <ele>224.3</ele>
      </trkpt>
      <trkpt lat="49.37979" lon="1.92112">
        <ele>222.3</ele>
      </trkpt>
      <trkpt lat="49.37943" lon="1.92228">
        <ele>219.1</ele>
      </trkpt>
      <trkpt lat="49.37923" lon="1.92308">
        <ele>217.7</ele>
      </trkpt>
      <trkpt lat="49.37902" lon="1.92388">
        <ele>215.9</ele>
      </trkpt>
      <trkpt lat="49.37898" lon="1.92402">
        <ele>215.6</ele>
      </trkpt>
      <trkpt lat="49.37889" lon="1.92425">
        <ele>215.2</ele>
      </trkpt>
      <trkpt lat="49.37878" lon="1.92449">
        <ele>214.6</ele>
      </trkpt>
      <trkpt lat="49.37869" lon="1.92463">
        <ele>214.0</ele>
      </trkpt>
      <trkpt lat="49.37848" lon="1.92495">
        <ele>212.0</ele>
      </trkpt>
      <trkpt lat="49.378" lon="1.92544">
        <ele>210.8</ele>
      </trkpt>
      <trkpt lat="49.37748" lon="1.92588">
        <ele>208.2</ele>
      </trkpt>
      <trkpt lat="49.37689" lon="1.92625">
        <ele>207.1</ele>
      </trkpt>
      <trkpt lat="49.3763" lon="1.92662">
        <ele>204.4</ele>
      </trkpt>
      <trkpt lat="49.37586" lon="1.92695">
        <ele>202.8</ele>
      </trkpt>
      <trkpt lat="49.37542" lon="1.92727">
        <ele>201.9</ele>
      </trkpt>
      <trkpt lat="49.37486" lon="1.9277">
        <ele>199.0</ele>
      </trkpt>
      <trkpt lat="49.37465" lon="1.92789">
        <ele>198.6</ele>
      </trkpt>
      <trkpt lat="49.37452" lon="1.92809">
        <ele>197.9</ele>
      </trkpt>
      <trkpt lat="49.37434" lon="1.92828">
        <ele>196.8</ele>
      </trkpt>
      <trkpt lat="49.37378" lon="1.92863">
        <ele>197.3</ele>
      </trkpt>
      <trkpt lat="49.37321" lon="1.92898">
        <ele>195.4</ele>
      </trkpt>
      <trkpt lat="49.37269" lon="1.92906">
        <ele>195.3</ele>
      </trkpt>
      <trkpt lat="49.3723" lon="1.92908">
        <ele>194.9</ele>
      </trkpt>
      <trkpt lat="49.37216" lon="1.92911">
        <ele>194.5</ele>
      </trkpt>
      <trkpt lat="49.37197" lon="1.92924">
        <ele>194.5</ele>
      </trkpt>
      <trkpt lat="49.37126" lon="1.92985">
        <ele>191.5</ele>
      </trkpt>
      <trkpt lat="49.37055" lon="1.93045">
        <ele>186.7</ele>
      </trkpt>
      <trkpt lat="49.36981" lon="1.93111">
        <ele>179.7</ele>
      </trkpt>
      <trkpt lat="49.36943" lon="1.93142">
        <ele>178.4</ele>
      </trkpt>
      <trkpt lat="49.36874" lon="1.93176">
        <ele>175.0</ele>
      </trkpt>
      <trkpt lat="49.36805" lon="1.9321">
        <ele>172.5</ele>
      </trkpt>
      <trkpt lat="49.36778" lon="1.93229">
        <ele>170.9</ele>
      </trkpt>
      <trkpt lat="49.36768" lon="1.93246">
        <ele>169.8</ele>
      </trkpt>
      <trkpt lat="49.36761" lon="1.93272">
        <ele>169.3</ele>
      </trkpt>
      <trkpt lat="49.36754" lon="1.93341">
        <ele>169.4</ele>
      </trkpt>
      <trkpt lat="49.36748" lon="1.93431">
        <ele>169.6</ele>
      </trkpt>
      <trkpt lat="49.36741" lon="1.93474">
        <ele>171.5</ele>
      </trkpt>
      <trkpt lat="49.36734" lon="1.9349">
        <ele>172.6</ele>
      </trkpt>
      <trkpt lat="49.36724" lon="1.93504">
        <ele>173.7</ele>
      </trkpt>
      <trkpt lat="49.36705" lon="1.93512">
        <ele>174.9</ele>
      </trkpt>
      <trkpt lat="49.36697" lon="1.93513">
        <ele>175.2</ele>
      </trkpt>
      <trkpt lat="49.36686" lon="1.93508">
        <ele>175.8</ele>
      </trkpt>
      <trkpt lat="49.36666" lon="1.93489">
        <ele>176.4</ele>
      </trkpt>
      <trkpt lat="49.36618" lon="1.93426">
        <ele>177.0</ele>
      </trkpt>
      <trkpt lat="49.36608" lon="1.93418">
        <ele>177.7</ele>
      </trkpt>
      <trkpt lat="49.36598" lon="1.93414">
        <ele>178.4</ele>
      </trkpt>
      <trkpt lat="49.36589" lon="1.93415">
        <ele>179.4</ele>
      </trkpt>
      <trkpt lat="49.36571" lon="1.93423">
        <ele>179.6</ele>
      </trkpt>
      <trkpt lat="49.36489" lon="1.93478">
        <ele>183.6</ele>
      </trkpt>
      <trkpt lat="49.36407" lon="1.93533">
        <ele>197.9</ele>
      </trkpt>
      <trkpt lat="49.36324" lon="1.93589">
        <ele>206.9</ele>
      </trkpt>
      <trkpt lat="49.36242" lon="1.93644">
        <ele>212.2</ele>
      </trkpt>
      <trkpt lat="49.36167" lon="1.93699">
        <ele>213.6</ele>
      </trkpt>
      <trkpt lat="49.3615" lon="1.93718">
        <ele>213.0</ele>
      </trkpt>
      <trkpt lat="49.36139" lon="1.93738">
        <ele>212.9</ele>
      </trkpt>
      <trkpt lat="49.36129" lon="1.93772">
        <ele>213.4</ele>
      </trkpt>
      <trkpt lat="49.36113" lon="1.93847">
        <ele>215.5</ele>
      </trkpt>
      <trkpt lat="49.36106" lon="1.9386">
        <ele>215.4</ele>
      </trkpt>
      <trkpt lat="49.36095" lon="1.93868">
        <ele>214.7</ele>
      </trkpt>
      <trkpt lat="49.36086" lon="1.93869">
        <ele>214.1</ele>
      </trkpt>
      <trkpt lat="49.36073" lon="1.93864">
        <ele>214.0</ele>
      </trkpt>
      <trkpt lat="49.36015" lon="1.93814">
        <ele>214.1</ele>
      </trkpt>
      <trkpt lat="49.35956" lon="1.93764">
        <ele>215.4</ele>
      </trkpt>
      <trkpt lat="49.35938" lon="1.9375">
        <ele>216.0</ele>
      </trkpt>
      <trkpt lat="49.35922" lon="1.93741">
        <ele>216.7</ele>
      </trkpt>
      <trkpt lat="49.35905" lon="1.93736">
        <ele>217.5</ele>
      </trkpt>
      <trkpt lat="49.35893" lon="1.93735">
        <ele>218.0</ele>
      </trkpt>
      <trkpt lat="49.35856" lon="1.93733">
        <ele>219.6</ele>
      </trkpt>
      <trkpt lat="49.35832" lon="1.93737">
        <ele>220.7</ele>
      </trkpt>
      <trkpt lat="49.35808" lon="1.93746">
        <ele>220.9</ele>
      </trkpt>
      <trkpt lat="49.35789" lon="1.93759">
        <ele>221.2</ele>
      </trkpt>
      <trkpt lat="49.35722" lon="1.93817">
        <ele>222.6</ele>
      </trkpt>
      <trkpt lat="49.35668" lon="1.93869">
        <ele>224.3</ele>
      </trkpt>
      <trkpt lat="49.35614" lon="1.9392">
        <ele>226.0</ele>
      </trkpt>
      <trkpt lat="49.35588" lon="1.93949">
        <ele>226.4</ele>
      </trkpt>
      <trkpt lat="49.35553" lon="1.93996">
        <ele>226.6</ele>
      </trkpt>
      <trkpt lat="49.35547" lon="1.94011">
        <ele>226.6</ele>
      </trkpt>
      <trkpt lat="49.3553" lon="1.94115">
        <ele>226.0</ele>
      </trkpt>
      <trkpt lat="49.35513" lon="1.94219">
        <ele>224.4</ele>
      </trkpt>
      <trkpt lat="49.35513" lon="1.94238">
        <ele>224.4</ele>
      </trkpt>
      <trkpt lat="49.35512" lon="1.94245">
        <ele>224.4</ele>
      </trkpt>
      <trkpt lat="49.35494" lon="1.9427">
        <ele>223.6</ele>
      </trkpt>
      <trkpt lat="49.35477" lon="1.94286">
        <ele>223.1</ele>
      </trkpt>
      <trkpt lat="49.3545" lon="1.94305">
        <ele>222.5</ele>
      </trkpt>
      <trkpt lat="49.35438" lon="1.94317">
        <ele>222.3</ele>
      </trkpt>
      <trkpt lat="49.35383" lon="1.94384">
        <ele>220.4</ele>
      </trkpt>
      <trkpt lat="49.35378" lon="1.94395">
        <ele>220.2</ele>
      </trkpt>
      <trkpt lat="49.35367" lon="1.94439">
        <ele>219.7</ele>
      </trkpt>
      <trkpt lat="49.35348" lon="1.94564">
        <ele>217.6</ele>
      </trkpt>
      <trkpt lat="49.35328" lon="1.9469">
        <ele>213.2</ele>
      </trkpt>
      <trkpt lat="49.35315" lon="1.94769">
        <ele>210.9</ele>
      </trkpt>
      <trkpt lat="49.35302" lon="1.94849">
        <ele>209.9</ele>
      </trkpt>
      <trkpt lat="49.3529" lon="1.94906">
        <ele>209.9</ele>
      </trkpt>
      <trkpt lat="49.35275" lon="1.9495">
        <ele>210.8</ele>
      </trkpt>
      <trkpt lat="49.3527" lon="1.94963">
        <ele>211.1</ele>
      </trkpt>
      <trkpt lat="49.35226" lon="1.95053">
        <ele>214.5</ele>
      </trkpt>
      <trkpt lat="49.35213" lon="1.95073">
        <ele>215.5</ele>
      </trkpt>
      <trkpt lat="49.35194" lon="1.95101">
        <ele>216.7</ele>
      </trkpt>
      <trkpt lat="49.35149" lon="1.95159">
        <ele>217.7</ele>
      </trkpt>
      <trkpt lat="49.35102" lon="1.95199">
        <ele>218.4</ele>
      </trkpt>
      <trkpt lat="49.35056" lon="1.9524">
        <ele>219.4</ele>
      </trkpt>
      <trkpt lat="49.34988" lon="1.95301">
        <ele>218.0</ele>
      </trkpt>
      <trkpt lat="49.34921" lon="1.95363">
        <ele>215.8</ele>
      </trkpt>
      <trkpt lat="49.34853" lon="1.95424">
        <ele>211.1</ele>
      </trkpt>
      <trkpt lat="49.34785" lon="1.95485">
        <ele>206.9</ele>
      </trkpt>
      <trkpt lat="49.34717" lon="1.95546">
        <ele>205.7</ele>
      </trkpt>
      <trkpt lat="49.34706" lon="1.95559">
        <ele>206.1</ele>
      </trkpt>
      <trkpt lat="49.3464" lon="1.95617">
        <ele>208.0</ele>
      </trkpt>
      <trkpt lat="49.34574" lon="1.95676">
        <ele>209.9</ele>
      </trkpt>
      <trkpt lat="49.34508" lon="1.95735">
        <ele>209.8</ele>
      </trkpt>
      <trkpt lat="49.34438" lon="1.95799">
        <ele>208.8</ele>
      </trkpt>
      <trkpt lat="49.34367" lon="1.95862">
        <ele>205.4</ele>
      </trkpt>
      <trkpt lat="49.34297" lon="1.95926">
        <ele>200.9</ele>
      </trkpt>
      <trkpt lat="49.34227" lon="1.9599">
        <ele>199.9</ele>
      </trkpt>
      <trkpt lat="49.3418" lon="1.96033">
        <ele>202.8</ele>
      </trkpt>
      <trkpt lat="49.34134" lon="1.96077">
        <ele>205.5</ele>
      </trkpt>
      <trkpt lat="49.3411" lon="1.96103">
        <ele>206.9</ele>
      </trkpt>
      <trkpt lat="49.34084" lon="1.96137">
        <ele>208.0</ele>
      </trkpt>
      <trkpt lat="49.34057" lon="1.96179">
        <ele>208.6</ele>
      </trkpt>
      <trkpt lat="49.34027" lon="1.96241">
        <ele>209.9</ele>
      </trkpt>
      <trkpt lat="49.33997" lon="1.96304">
        <ele>209.9</ele>
      </trkpt>
      <trkpt lat="49.33962" lon="1.9638">
        <ele>209.1</ele>
      </trkpt>
      <trkpt lat="49.33928" lon="1.96456">
        <ele>208.0</ele>
      </trkpt>
      <trkpt lat="49.33898" lon="1.96531">
        <ele>206.8</ele>
      </trkpt>
      <trkpt lat="49.33865" lon="1.9662">
        <ele>205.1</ele>
      </trkpt>
      <trkpt lat="49.33832" lon="1.96709">
        <ele>204.5</ele>
      </trkpt>
      <trkpt lat="49.33793" lon="1.96806">
        <ele>205.5</ele>
      </trkpt>
      <trkpt lat="49.33754" lon="1.96903">
        <ele>205.1</ele>
      </trkpt>
      <trkpt lat="49.33721" lon="1.96979">
        <ele>204.2</ele>
      </trkpt>
      <trkpt lat="49.33688" lon="1.97056">
        <ele>204.7</ele>
      </trkpt>
      <trkpt lat="49.33644" lon="1.97161">
        <ele>203.8</ele>
      </trkpt>
      <trkpt lat="49.33599" lon="1.97267">
        <ele>202.7</ele>
      </trkpt>
      <trkpt lat="49.33561" lon="1.9735">
        <ele>200.6</ele>
      </trkpt>
      <trkpt lat="49.33553" lon="1.97364">
        <ele>200.4</ele>
      </trkpt>
      <trkpt lat="49.33522" lon="1.97413">
        <ele>200.0</ele>
      </trkpt>
      <trkpt lat="49.33508" lon="1.97439">
        <ele>199.7</ele>
      </trkpt>
      <trkpt lat="49.33467" lon="1.97432">
        <ele>199.5</ele>
      </trkpt>
      <trkpt lat="49.33404" lon="1.97419">
        <ele>198.7</ele>
      </trkpt>
      <trkpt lat="49.33358" lon="1.97408">
        <ele>197.7</ele>
      </trkpt>
      <trkpt lat="49.3327" lon="1.97396">
        <ele>195.3</ele>
      </trkpt>
      <trkpt lat="49.33254" lon="1.97395">
        <ele>194.8</ele>
      </trkpt>
      <trkpt lat="49.33233" lon="1.97397">
        <ele>194.4</ele>
      </trkpt>
      <trkpt lat="49.33202" lon="1.97404">
        <ele>193.7</ele>
      </trkpt>
      <trkpt lat="49.33126" lon="1.97425">
        <ele>192.6</ele>
      </trkpt>
      <trkpt lat="49.3305" lon="1.97447">
        <ele>191.3</ele>
      </trkpt>
      <trkpt lat="49.32974" lon="1.97468">
        <ele>190.1</ele>
      </trkpt>
      <trkpt lat="49.32899" lon="1.97489">
        <ele>190.1</ele>
      </trkpt>
      <trkpt lat="49.32823" lon="1.9751">
        <ele>187.9</ele>
      </trkpt>
      <trkpt lat="49.32765" lon="1.97521">
        <ele>186.6</ele>
      </trkpt>
      <trkpt lat="49.32693" lon="1.97515">
        <ele>184.1</ele>
      </trkpt>
      <trkpt lat="49.32666" lon="1.97511">
        <ele>183.1</ele>
      </trkpt>
      <trkpt lat="49.32645" lon="1.97503">
        <ele>182.3</ele>
      </trkpt>
      <trkpt lat="49.32624" lon="1.97489">
        <ele>181.3</ele>
      </trkpt>
      <trkpt lat="49.32578" lon="1.9744">
        <ele>178.4</ele>
      </trkpt>
      <trkpt lat="49.32529" lon="1.97396">
        <ele>176.8</ele>
      </trkpt>
      <trkpt lat="49.32479" lon="1.97359">
        <ele>176.6</ele>
      </trkpt>
      <trkpt lat="49.32429" lon="1.97323">
        <ele>177.2</ele>
      </trkpt>
      <trkpt lat="49.32384" lon="1.97292">
        <ele>178.0</ele>
      </trkpt>
      <trkpt lat="49.32339" lon="1.97262">
        <ele>178.0</ele>
      </trkpt>
      <trkpt lat="49.32324" lon="1.97254">
        <ele>178.1</ele>
      </trkpt>
      <trkpt lat="49.32266" lon="1.97232">
        <ele>178.6</ele>
      </trkpt>
      <trkpt lat="49.32206" lon="1.97217">
        <ele>178.6</ele>
      </trkpt>
      <trkpt lat="49.32129" lon="1.97193">
        <ele>178.3</ele>
      </trkpt>
      <trkpt lat="49.32118" lon="1.97192">
        <ele>178.3</ele>
      </trkpt>
      <trkpt lat="49.32058" lon="1.97203">
        <ele>178.1</ele>
      </trkpt>
      <trkpt lat="49.32045" lon="1.97202">
        <ele>178.0</ele>
      </trkpt>
      <trkpt lat="49.3197" lon="1.97178">
        <ele>177.4</ele>
      </trkpt>
      <trkpt lat="49.31899" lon="1.97149">
        <ele>177.8</ele>
      </trkpt>
      <trkpt lat="49.31829" lon="1.9712">
        <ele>177.0</ele>
      </trkpt>
      <trkpt lat="49.31816" lon="1.97113">
        <ele>177.1</ele>
      </trkpt>
      <trkpt lat="49.31779" lon="1.97087">
        <ele>177.1</ele>
      </trkpt>
      <trkpt lat="49.31768" lon="1.97089">
        <ele>177.1</ele>
      </trkpt>
      <trkpt lat="49.31712" lon="1.97118">
        <ele>176.8</ele>
      </trkpt>
      <trkpt lat="49.31705" lon="1.9712">
        <ele>176.6</ele>
      </trkpt>
      <trkpt lat="49.31635" lon="1.97132">
        <ele>175.3</ele>
      </trkpt>
      <trkpt lat="49.31565" lon="1.97144">
        <ele>174.8</ele>
      </trkpt>
      <trkpt lat="49.31559" lon="1.97147">
        <ele>174.7</ele>
      </trkpt>
      <trkpt lat="49.31542" lon="1.97157">
        <ele>174.5</ele>
      </trkpt>
      <trkpt lat="49.31538" lon="1.97149">
        <ele>174.5</ele>
      </trkpt>
      <trkpt lat="49.31535" lon="1.97148">
        <ele>174.4</ele>
      </trkpt>
      <trkpt lat="49.31502" lon="1.97145">
        <ele>174.0</ele>
      </trkpt>
      <trkpt lat="49.31479" lon="1.97139">
        <ele>173.6</ele>
      </trkpt>
      <trkpt lat="49.31421" lon="1.9712">
        <ele>172.6</ele>
      </trkpt>
      <trkpt lat="49.31343" lon="1.9709">
        <ele>170.3</ele>
      </trkpt>
      <trkpt lat="49.31291" lon="1.97069">
        <ele>170.2</ele>
      </trkpt>
      <trkpt lat="49.31261" lon="1.97055">
        <ele>170.3</ele>
      </trkpt>
      <trkpt lat="49.31233" lon="1.9704">
        <ele>170.5</ele>
      </trkpt>
      <trkpt lat="49.31206" lon="1.97024">
        <ele>170.7</ele>
      </trkpt>
      <trkpt lat="49.31184" lon="1.9701">
        <ele>170.9</ele>
      </trkpt>
      <trkpt lat="49.31129" lon="1.96971">
        <ele>170.4</ele>
      </trkpt>
      <trkpt lat="49.31074" lon="1.96932">
        <ele>169.9</ele>
      </trkpt>
      <trkpt lat="49.31019" lon="1.96892">
        <ele>168.9</ele>
      </trkpt>
      <trkpt lat="49.30984" lon="1.9687">
        <ele>168.4</ele>
      </trkpt>
      <trkpt lat="49.30958" lon="1.96857">
        <ele>168.1</ele>
      </trkpt>
      <trkpt lat="49.30942" lon="1.96852">
        <ele>168.1</ele>
      </trkpt>
      <trkpt lat="49.30921" lon="1.96846">
        <ele>168.0</ele>
      </trkpt>
      <trkpt lat="49.30842" lon="1.96831">
        <ele>165.3</ele>
      </trkpt>
      <trkpt lat="49.30764" lon="1.96816">
        <ele>163.3</ele>
      </trkpt>
      <trkpt lat="49.30685" lon="1.968">
        <ele>160.7</ele>
      </trkpt>
      <trkpt lat="49.30607" lon="1.96785">
        <ele>159.0</ele>
      </trkpt>
      <trkpt lat="49.30528" lon="1.96769">
        <ele>156.8</ele>
      </trkpt>
      <trkpt lat="49.30498" lon="1.96761">
        <ele>155.8</ele>
      </trkpt>
      <trkpt lat="49.30484" lon="1.96756">
        <ele>155.6</ele>
      </trkpt>
      <trkpt lat="49.30454" lon="1.96742">
        <ele>154.9</ele>
      </trkpt>
      <trkpt lat="49.30405" lon="1.96711">
        <ele>154.0</ele>
      </trkpt>
      <trkpt lat="49.30357" lon="1.96681">
        <ele>154.0</ele>
      </trkpt>
      <trkpt lat="49.3034" lon="1.96672">
        <ele>154.0</ele>
      </trkpt>
      <trkpt lat="49.30327" lon="1.96667">
        <ele>153.9</ele>
      </trkpt>
      <trkpt lat="49.30315" lon="1.96664">
        <ele>153.8</ele>
      </trkpt>
      <trkpt lat="49.3029" lon="1.96663">
        <ele>153.5</ele>
      </trkpt>
      <trkpt lat="49.30276" lon="1.96666">
        <ele>153.3</ele>
      </trkpt>
      <trkpt lat="49.30262" lon="1.9667">
        <ele>153.2</ele>
      </trkpt>
      <trkpt lat="49.30247" lon="1.96677">
        <ele>153.1</ele>
      </trkpt>
      <trkpt lat="49.30231" lon="1.96687">
        <ele>153.2</ele>
      </trkpt>
      <trkpt lat="49.30171" lon="1.9673">
        <ele>153.0</ele>
      </trkpt>
      <trkpt lat="49.30144" lon="1.96744">
        <ele>152.2</ele>
      </trkpt>
      <trkpt lat="49.30109" lon="1.96753">
        <ele>150.9</ele>
      </trkpt>
      <trkpt lat="49.30021" lon="1.96774">
        <ele>148.5</ele>
      </trkpt>
      <trkpt lat="49.29933" lon="1.96795">
        <ele>145.6</ele>
      </trkpt>
      <trkpt lat="49.29844" lon="1.96816">
        <ele>143.4</ele>
      </trkpt>
      <trkpt lat="49.29756" lon="1.96837">
        <ele>141.1</ele>
      </trkpt>
      <trkpt lat="49.29734" lon="1.96839">
        <ele>140.4</ele>
      </trkpt>
      <trkpt lat="49.2972" lon="1.96837">
        <ele>139.9</ele>
      </trkpt>
      <trkpt lat="49.29707" lon="1.96833">
        <ele>139.5</ele>
      </trkpt>
      <trkpt lat="49.29644" lon="1.96809">
        <ele>137.9</ele>
      </trkpt>
      <trkpt lat="49.29603" lon="1.96791">
        <ele>137.4</ele>
      </trkpt>
      <trkpt lat="49.29586" lon="1.96782">
        <ele>137.1</ele>
      </trkpt>
      <trkpt lat="49.29517" lon="1.96736">
        <ele>136.4</ele>
      </trkpt>
      <trkpt lat="49.29448" lon="1.9669">
        <ele>135.6</ele>
      </trkpt>
      <trkpt lat="49.29379" lon="1.96644">
        <ele>134.7</ele>
      </trkpt>
      <trkpt lat="49.2931" lon="1.96598">
        <ele>134.5</ele>
      </trkpt>
      <trkpt lat="49.29289" lon="1.96576">
        <ele>134.5</ele>
      </trkpt>
      <trkpt lat="49.29241" lon="1.96515">
        <ele>134.6</ele>
      </trkpt>
      <trkpt lat="49.29193" lon="1.96453">
        <ele>134.0</ele>
      </trkpt>
      <trkpt lat="49.29182" lon="1.9644">
        <ele>134.0</ele>
      </trkpt>
      <trkpt lat="49.29166" lon="1.96432">
        <ele>133.8</ele>
      </trkpt>
      <trkpt lat="49.29095" lon="1.96413">
        <ele>134.9</ele>
      </trkpt>
      <trkpt lat="49.29025" lon="1.96394">
        <ele>134.1</ele>
      </trkpt>
      <trkpt lat="49.28998" lon="1.96386">
        <ele>133.7</ele>
      </trkpt>
      <trkpt lat="49.28919" lon="1.96357">
        <ele>133.0</ele>
      </trkpt>
      <trkpt lat="49.28875" lon="1.96342">
        <ele>132.6</ele>
      </trkpt>
      <trkpt lat="49.28825" lon="1.96329">
        <ele>131.8</ele>
      </trkpt>
      <trkpt lat="49.28779" lon="1.96314">
        <ele>131.0</ele>
      </trkpt>
      <trkpt lat="49.2877" lon="1.9631">
        <ele>130.9</ele>
      </trkpt>
      <trkpt lat="49.2876" lon="1.96307">
        <ele>130.8</ele>
      </trkpt>
      <trkpt lat="49.28756" lon="1.96308">
        <ele>130.7</ele>
      </trkpt>
      <trkpt lat="49.28752" lon="1.96311">
        <ele>130.7</ele>
      </trkpt>
      <trkpt lat="49.28749" lon="1.96317">
        <ele>130.8</ele>
      </trkpt>
      <trkpt lat="49.28734" lon="1.96336">
        <ele>130.8</ele>
      </trkpt>
      <trkpt lat="49.28713" lon="1.96366">
        <ele>130.4</ele>
      </trkpt>
      <trkpt lat="49.28685" lon="1.96415">
        <ele>129.5</ele>
      </trkpt>
      <trkpt lat="49.28669" lon="1.96453">
        <ele>128.7</ele>
      </trkpt>
      <trkpt lat="49.28651" lon="1.96475">
        <ele>128.0</ele>
      </trkpt>
      <trkpt lat="49.28582" lon="1.96536">
        <ele>125.5</ele>
      </trkpt>
      <trkpt lat="49.28514" lon="1.96598">
        <ele>123.3</ele>
      </trkpt>
      <trkpt lat="49.28446" lon="1.96659">
        <ele>121.2</ele>
      </trkpt>
      <trkpt lat="49.28378" lon="1.96721">
        <ele>117.9</ele>
      </trkpt>
      <trkpt lat="49.2831" lon="1.96782">
        <ele>117.0</ele>
      </trkpt>
      <trkpt lat="49.28242" lon="1.96844">
        <ele>119.2</ele>
      </trkpt>
      <trkpt lat="49.28232" lon="1.9685">
        <ele>120.3</ele>
      </trkpt>
      <trkpt lat="49.28221" lon="1.96852">
        <ele>121.4</ele>
      </trkpt>
      <trkpt lat="49.28209" lon="1.9685">
        <ele>122.5</ele>
      </trkpt>
      <trkpt lat="49.2819" lon="1.96839">
        <ele>124.4</ele>
      </trkpt>
      <trkpt lat="49.2813" lon="1.96785">
        <ele>130.2</ele>
      </trkpt>
      <trkpt lat="49.28069" lon="1.96732">
        <ele>133.4</ele>
      </trkpt>
      <trkpt lat="49.28038" lon="1.9671">
        <ele>132.8</ele>
      </trkpt>
      <trkpt lat="49.28017" lon="1.96696">
        <ele>132.0</ele>
      </trkpt>
      <trkpt lat="49.27992" lon="1.96696">
        <ele>132.6</ele>
      </trkpt>
      <trkpt lat="49.27924" lon="1.96717">
        <ele>135.6</ele>
      </trkpt>
      <trkpt lat="49.27857" lon="1.96739">
        <ele>136.1</ele>
      </trkpt>
      <trkpt lat="49.2779" lon="1.9676">
        <ele>134.8</ele>
      </trkpt>
      <trkpt lat="49.27723" lon="1.96782">
        <ele>133.3</ele>
      </trkpt>
      <trkpt lat="49.27652" lon="1.96803">
        <ele>130.8</ele>
      </trkpt>
      <trkpt lat="49.27581" lon="1.96824">
        <ele>127.4</ele>
      </trkpt>
      <trkpt lat="49.2751" lon="1.96844">
        <ele>126.4</ele>
      </trkpt>
      <trkpt lat="49.2744" lon="1.96865">
        <ele>123.2</ele>
      </trkpt>
      <trkpt lat="49.27364" lon="1.96889">
        <ele>118.0</ele>
      </trkpt>
      <trkpt lat="49.27288" lon="1.96913">
        <ele>114.3</ele>
      </trkpt>
      <trkpt lat="49.27213" lon="1.96937">
        <ele>113.8</ele>
      </trkpt>
      <trkpt lat="49.27137" lon="1.96961">
        <ele>114.3</ele>
      </trkpt>
      <trkpt lat="49.27062" lon="1.96985">
        <ele>113.3</ele>
      </trkpt>
      <trkpt lat="49.26986" lon="1.97008">
        <ele>112.8</ele>
      </trkpt>
      <trkpt lat="49.26958" lon="1.97014">
        <ele>112.6</ele>
      </trkpt>
      <trkpt lat="49.26887" lon="1.97012">
        <ele>111.8</ele>
      </trkpt>
      <trkpt lat="49.26816" lon="1.9701">
        <ele>110.9</ele>
      </trkpt>
      <trkpt lat="49.26744" lon="1.97008">
        <ele>109.8</ele>
      </trkpt>
      <trkpt lat="49.2668" lon="1.97007">
        <ele>107.5</ele>
      </trkpt>
      <trkpt lat="49.26615" lon="1.97006">
        <ele>105.8</ele>
      </trkpt>
      <trkpt lat="49.2656" lon="1.97012">
        <ele>104.7</ele>
      </trkpt>
      <trkpt lat="49.26495" lon="1.97038">
        <ele>104.1</ele>
      </trkpt>
      <trkpt lat="49.2643" lon="1.97063">
        <ele>105.5</ele>
      </trkpt>
      <trkpt lat="49.26365" lon="1.97089">
        <ele>106.6</ele>
      </trkpt>
      <trkpt lat="49.26315" lon="1.97094">
        <ele>107.0</ele>
      </trkpt>
      <trkpt lat="49.26265" lon="1.97098">
        <ele>107.0</ele>
      </trkpt>
      <trkpt lat="49.26214" lon="1.97106">
        <ele>106.3</ele>
      </trkpt>
      <trkpt lat="49.26163" lon="1.97115">
        <ele>105.4</ele>
      </trkpt>
      <trkpt lat="49.26132" lon="1.97117">
        <ele>106.0</ele>
      </trkpt>
      <trkpt lat="49.26104" lon="1.97111">
        <ele>106.3</ele>
      </trkpt>
      <trkpt lat="49.26031" lon="1.97081">
        <ele>106.6</ele>
      </trkpt>
      <trkpt lat="49.25957" lon="1.97051">
        <ele>105.2</ele>
      </trkpt>
      <trkpt lat="49.2588" lon="1.97027">
        <ele>104.8</ele>
      </trkpt>
      <trkpt lat="49.25803" lon="1.97004">
        <ele>104.0</ele>
      </trkpt>
      <trkpt lat="49.25726" lon="1.9698">
        <ele>100.6</ele>
      </trkpt>
      <trkpt lat="49.25643" lon="1.9695">
        <ele>96.5</ele>
      </trkpt>
      <trkpt lat="49.2556" lon="1.96919">
        <ele>92.9</ele>
      </trkpt>
      <trkpt lat="49.25488" lon="1.96896">
        <ele>90.2</ele>
      </trkpt>
      <trkpt lat="49.2546" lon="1.96893">
        <ele>90.1</ele>
      </trkpt>
      <trkpt lat="49.25401" lon="1.96899">
        <ele>89.7</ele>
      </trkpt>
      <trkpt lat="49.25362" lon="1.96909">
        <ele>89.2</ele>
      </trkpt>
      <trkpt lat="49.2532" lon="1.96924">
        <ele>88.4</ele>
      </trkpt>
      <trkpt lat="49.25285" lon="1.96928">
        <ele>87.2</ele>
      </trkpt>
      <trkpt lat="49.25202" lon="1.96925">
        <ele>86.0</ele>
      </trkpt>
      <trkpt lat="49.25118" lon="1.96921">
        <ele>86.0</ele>
      </trkpt>
      <trkpt lat="49.251" lon="1.96922">
        <ele>86.0</ele>
      </trkpt>
      <trkpt lat="49.25072" lon="1.96908">
        <ele>86.0</ele>
      </trkpt>
      <trkpt lat="49.25059" lon="1.96905">
        <ele>86.0</ele>
      </trkpt>
      <trkpt lat="49.25042" lon="1.96904">
        <ele>86.0</ele>
      </trkpt>
      <trkpt lat="49.25022" lon="1.96905">
        <ele>86.0</ele>
      </trkpt>
      <trkpt lat="49.24964" lon="1.96887">
        <ele>86.0</ele>
      </trkpt>
      <trkpt lat="49.24906" lon="1.96869">
        <ele>85.9</ele>
      </trkpt>
      <trkpt lat="49.24843" lon="1.96843">
        <ele>85.1</ele>
      </trkpt>
      <trkpt lat="49.2478" lon="1.96817">
        <ele>85.6</ele>
      </trkpt>
      <trkpt lat="49.24708" lon="1.96784">
        <ele>85.7</ele>
      </trkpt>
      <trkpt lat="49.24649" lon="1.96756">
        <ele>86.2</ele>
      </trkpt>
      <trkpt lat="49.2459" lon="1.96729">
        <ele>86.7</ele>
      </trkpt>
      <trkpt lat="49.24532" lon="1.96702">
        <ele>85.3</ele>
      </trkpt>
      <trkpt lat="49.24506" lon="1.96692">
        <ele>84.8</ele>
      </trkpt>
      <trkpt lat="49.24481" lon="1.96687">
        <ele>84.4</ele>
      </trkpt>
      <trkpt lat="49.24466" lon="1.96686">
        <ele>84.0</ele>
      </trkpt>
      <trkpt lat="49.24439" lon="1.96689">
        <ele>83.5</ele>
      </trkpt>
      <trkpt lat="49.24414" lon="1.96693">
        <ele>83.0</ele>
      </trkpt>
      <trkpt lat="49.2436" lon="1.96705">
        <ele>83.0</ele>
      </trkpt>
      <trkpt lat="49.24279" lon="1.96719">
        <ele>83.0</ele>
      </trkpt>
      <trkpt lat="49.24241" lon="1.96722">
        <ele>82.8</ele>
      </trkpt>
      <trkpt lat="49.2421" lon="1.9672">
        <ele>82.0</ele>
      </trkpt>
      <trkpt lat="49.24194" lon="1.96721">
        <ele>81.7</ele>
      </trkpt>
      <trkpt lat="49.24127" lon="1.96705">
        <ele>80.0</ele>
      </trkpt>
      <trkpt lat="49.24061" lon="1.9669">
        <ele>78.5</ele>
      </trkpt>
      <trkpt lat="49.23995" lon="1.96675">
        <ele>77.2</ele>
      </trkpt>
      <trkpt lat="49.23947" lon="1.96664">
        <ele>77.7</ele>
      </trkpt>
      <trkpt lat="49.23899" lon="1.96652">
        <ele>77.9</ele>
      </trkpt>
      <trkpt lat="49.23862" lon="1.96641">
        <ele>77.2</ele>
      </trkpt>
      <trkpt lat="49.23783" lon="1.96609">
        <ele>75.7</ele>
      </trkpt>
      <trkpt lat="49.23704" lon="1.96578">
        <ele>74.9</ele>
      </trkpt>
      <trkpt lat="49.23624" lon="1.96546">
        <ele>75.3</ele>
      </trkpt>
      <trkpt lat="49.23579" lon="1.96529">
        <ele>76.1</ele>
      </trkpt>
      <trkpt lat="49.23534" lon="1.96512">
        <ele>76.6</ele>
      </trkpt>
      <trkpt lat="49.23489" lon="1.965">
        <ele>76.7</ele>
      </trkpt>
      <trkpt lat="49.23444" lon="1.96489">
        <ele>75.4</ele>
      </trkpt>
      <trkpt lat="49.23365" lon="1.96474">
        <ele>74.7</ele>
      </trkpt>
      <trkpt lat="49.23334" lon="1.96472">
        <ele>74.7</ele>
      </trkpt>
      <trkpt lat="49.2332" lon="1.96475">
        <ele>75.0</ele>
      </trkpt>
      <trkpt lat="49.23257" lon="1.9651">
        <ele>76.1</ele>
      </trkpt>
      <trkpt lat="49.23194" lon="1.96546">
        <ele>77.7</ele>
      </trkpt>
      <trkpt lat="49.23178" lon="1.96552">
        <ele>78.2</ele>
      </trkpt>
      <trkpt lat="49.23151" lon="1.9654">
        <ele>77.6</ele>
      </trkpt>
      <trkpt lat="49.23093" lon="1.965">
        <ele>75.1</ele>
      </trkpt>
      <trkpt lat="49.23036" lon="1.96461">
        <ele>74.2</ele>
      </trkpt>
      <trkpt lat="49.22979" lon="1.96421">
        <ele>73.0</ele>
      </trkpt>
      <trkpt lat="49.22957" lon="1.9641">
        <ele>72.9</ele>
      </trkpt>
      <trkpt lat="49.22928" lon="1.9641">
        <ele>72.9</ele>
      </trkpt>
      <trkpt lat="49.22845" lon="1.96443">
        <ele>71.0</ele>
      </trkpt>
      <trkpt lat="49.22762" lon="1.96477">
        <ele>70.6</ele>
      </trkpt>
      <trkpt lat="49.22753" lon="1.96481">
        <ele>70.6</ele>
      </trkpt>
      <trkpt lat="49.22698" lon="1.96506">
        <ele>70.4</ele>
      </trkpt>
      <trkpt lat="49.22631" lon="1.96494">
        <ele>68.8</ele>
      </trkpt>
      <trkpt lat="49.22619" lon="1.9649">
        <ele>68.5</ele>
      </trkpt>
      <trkpt lat="49.22591" lon="1.96481">
        <ele>67.9</ele>
      </trkpt>
      <trkpt lat="49.22519" lon="1.96449">
        <ele>68.6</ele>
      </trkpt>
      <trkpt lat="49.22483" lon="1.96427">
        <ele>70.2</ele>
      </trkpt>
      <trkpt lat="49.22446" lon="1.96402">
        <ele>72.4</ele>
      </trkpt>
      <trkpt lat="49.22425" lon="1.9639">
        <ele>73.2</ele>
      </trkpt>
      <trkpt lat="49.22416" lon="1.96389">
        <ele>73.7</ele>
      </trkpt>
      <trkpt lat="49.22407" lon="1.96392">
        <ele>74.9</ele>
      </trkpt>
      <trkpt lat="49.22399" lon="1.96403">
        <ele>76.4</ele>
      </trkpt>
      <trkpt lat="49.22393" lon="1.96417">
        <ele>77.8</ele>
      </trkpt>
      <trkpt lat="49.22389" lon="1.96441">
        <ele>78.4</ele>
      </trkpt>
      <trkpt lat="49.22374" lon="1.96532">
        <ele>79.7</ele>
      </trkpt>
      <trkpt lat="49.22359" lon="1.96623">
        <ele>80.6</ele>
      </trkpt>
      <trkpt lat="49.22354" lon="1.96636">
        <ele>81.2</ele>
      </trkpt>
      <trkpt lat="49.2235" lon="1.96638">
        <ele>81.7</ele>
      </trkpt>
      <trkpt lat="49.22344" lon="1.9664">
        <ele>82.5</ele>
      </trkpt>
      <trkpt lat="49.22339" lon="1.96639">
        <ele>83.2</ele>
      </trkpt>
      <trkpt lat="49.22334" lon="1.96636">
        <ele>83.9</ele>
      </trkpt>
      <trkpt lat="49.22327" lon="1.96627">
        <ele>85.7</ele>
      </trkpt>
      <trkpt lat="49.22324" lon="1.96619">
        <ele>86.5</ele>
      </trkpt>
      <trkpt lat="49.22314" lon="1.96555">
        <ele>88.3</ele>
      </trkpt>
      <trkpt lat="49.2231" lon="1.96541">
        <ele>88.9</ele>
      </trkpt>
      <trkpt lat="49.22305" lon="1.96528">
        <ele>89.6</ele>
      </trkpt>
      <trkpt lat="49.22294" lon="1.96504">
        <ele>90.8</ele>
      </trkpt>
      <trkpt lat="49.22278" lon="1.96482">
        <ele>93.1</ele>
      </trkpt>
      <trkpt lat="49.22256" lon="1.96462">
        <ele>96.2</ele>
      </trkpt>
      <trkpt lat="49.22245" lon="1.96455">
        <ele>97.0</ele>
      </trkpt>
      <trkpt lat="49.22238" lon="1.96451">
        <ele>97.0</ele>
      </trkpt>
      <trkpt lat="49.22227" lon="1.96449">
        <ele>97.0</ele>
      </trkpt>
      <trkpt lat="49.22216" lon="1.96448">
        <ele>97.0</ele>
      </trkpt>
      <trkpt lat="49.22204" lon="1.96449">
        <ele>97.2</ele>
      </trkpt>
      <trkpt lat="49.22185" lon="1.96455">
        <ele>97.9</ele>
      </trkpt>
      <trkpt lat="49.22175" lon="1.96463">
        <ele>98.8</ele>
      </trkpt>
      <trkpt lat="49.22131" lon="1.96511">
        <ele>103.1</ele>
      </trkpt>
      <trkpt lat="49.22087" lon="1.96558">
        <ele>107.8</ele>
      </trkpt>
      <trkpt lat="49.22059" lon="1.96586">
        <ele>110.8</ele>
      </trkpt>
      <trkpt lat="49.22045" lon="1.96598">
        <ele>112.1</ele>
      </trkpt>
      <trkpt lat="49.22029" lon="1.96609">
        <ele>113.2</ele>
      </trkpt>
      <trkpt lat="49.2202" lon="1.96613">
        <ele>113.5</ele>
      </trkpt>
      <trkpt lat="49.2201" lon="1.96614">
        <ele>113.3</ele>
      </trkpt>
      <trkpt lat="49.21999" lon="1.96614">
        <ele>113.0</ele>
      </trkpt>
      <trkpt lat="49.21969" lon="1.96611">
        <ele>112.3</ele>
      </trkpt>
      <trkpt lat="49.21955" lon="1.96611">
        <ele>112.1</ele>
      </trkpt>
      <trkpt lat="49.21877" lon="1.96628">
        <ele>115.5</ele>
      </trkpt>
      <trkpt lat="49.21799" lon="1.96645">
        <ele>119.7</ele>
      </trkpt>
      <trkpt lat="49.21748" lon="1.96668">
        <ele>122.1</ele>
      </trkpt>
      <trkpt lat="49.21706" lon="1.96695">
        <ele>124.6</ele>
      </trkpt>
      <trkpt lat="49.2168" lon="1.96732">
        <ele>126.4</ele>
      </trkpt>
      <trkpt lat="49.21647" lon="1.96811">
        <ele>128.5</ele>
      </trkpt>
      <trkpt lat="49.21622" lon="1.96841">
        <ele>129.2</ele>
      </trkpt>
      <trkpt lat="49.2161" lon="1.96854">
        <ele>129.5</ele>
      </trkpt>
      <trkpt lat="49.21568" lon="1.96887">
        <ele>130.7</ele>
      </trkpt>
      <trkpt lat="49.21526" lon="1.9692">
        <ele>132.4</ele>
      </trkpt>
      <trkpt lat="49.21466" lon="1.9697">
        <ele>132.5</ele>
      </trkpt>
      <trkpt lat="49.21406" lon="1.9702">
        <ele>132.9</ele>
      </trkpt>
      <trkpt lat="49.21346" lon="1.9707">
        <ele>135.6</ele>
      </trkpt>
      <trkpt lat="49.21295" lon="1.97132">
        <ele>136.8</ele>
      </trkpt>
      <trkpt lat="49.21243" lon="1.97194">
        <ele>137.2</ele>
      </trkpt>
      <trkpt lat="49.21188" lon="1.97264">
        <ele>138.7</ele>
      </trkpt>
      <trkpt lat="49.21144" lon="1.97313">
        <ele>139.6</ele>
      </trkpt>
      <trkpt lat="49.21109" lon="1.97346">
        <ele>140.5</ele>
      </trkpt>
      <trkpt lat="49.21083" lon="1.97371">
        <ele>141.1</ele>
      </trkpt>
      <trkpt lat="49.21075" lon="1.97376">
        <ele>141.7</ele>
      </trkpt>
      <trkpt lat="49.21059" lon="1.97384">
        <ele>142.8</ele>
      </trkpt>
      <trkpt lat="49.21054" lon="1.97389">
        <ele>143.0</ele>
      </trkpt>
      <trkpt lat="49.21033" lon="1.97415">
        <ele>143.7</ele>
      </trkpt>
      <trkpt lat="49.20993" lon="1.97449">
        <ele>145.9</ele>
      </trkpt>
      <trkpt lat="49.20943" lon="1.97483">
        <ele>148.3</ele>
      </trkpt>
      <trkpt lat="49.20892" lon="1.97517">
        <ele>149.8</ele>
      </trkpt>
      <trkpt lat="49.20886" lon="1.9752">
        <ele>149.8</ele>
      </trkpt>
      <trkpt lat="49.20876" lon="1.97522">
        <ele>149.8</ele>
      </trkpt>
      <trkpt lat="49.20858" lon="1.97522">
        <ele>149.7</ele>
      </trkpt>
      <trkpt lat="49.20785" lon="1.97502">
        <ele>149.0</ele>
      </trkpt>
      <trkpt lat="49.20764" lon="1.97495">
        <ele>148.8</ele>
      </trkpt>
      <trkpt lat="49.20738" lon="1.97484">
        <ele>148.2</ele>
      </trkpt>
      <trkpt lat="49.2072" lon="1.97478">
        <ele>147.7</ele>
      </trkpt>
      <trkpt lat="49.20709" lon="1.97476">
        <ele>147.4</ele>
      </trkpt>
      <trkpt lat="49.20695" lon="1.97479">
        <ele>147.3</ele>
      </trkpt>
      <trkpt lat="49.20617" lon="1.97529">
        <ele>146.9</ele>
      </trkpt>
      <trkpt lat="49.20555" lon="1.97561">
        <ele>147.2</ele>
      </trkpt>
      <trkpt lat="49.20544" lon="1.97569">
        <ele>147.4</ele>
      </trkpt>
      <trkpt lat="49.20485" lon="1.97649">
        <ele>147.7</ele>
      </trkpt>
      <trkpt lat="49.20468" lon="1.97669">
        <ele>147.5</ele>
      </trkpt>
      <trkpt lat="49.20443" lon="1.97691">
        <ele>146.6</ele>
      </trkpt>
      <trkpt lat="49.20433" lon="1.977">
        <ele>146.2</ele>
      </trkpt>
      <trkpt lat="49.20421" lon="1.97706">
        <ele>145.7</ele>
      </trkpt>
      <trkpt lat="49.204" lon="1.97713">
        <ele>145.1</ele>
      </trkpt>
      <trkpt lat="49.2032" lon="1.97729">
        <ele>143.4</ele>
      </trkpt>
      <trkpt lat="49.20284" lon="1.97727">
        <ele>143.2</ele>
      </trkpt>
      <trkpt lat="49.2022" lon="1.97715">
        <ele>141.5</ele>
      </trkpt>
      <trkpt lat="49.20188" lon="1.97705">
        <ele>140.1</ele>
      </trkpt>
      <trkpt lat="49.20158" lon="1.97703">
        <ele>138.6</ele>
      </trkpt>
      <trkpt lat="49.20148" lon="1.977">
        <ele>138.1</ele>
      </trkpt>
      <trkpt lat="49.20075" lon="1.97687">
        <ele>134.0</ele>
      </trkpt>
      <trkpt lat="49.20031" lon="1.97677">
        <ele>131.6</ele>
      </trkpt>
      <trkpt lat="49.20018" lon="1.97672">
        <ele>131.0</ele>
      </trkpt>
      <trkpt lat="49.20005" lon="1.97664">
        <ele>130.4</ele>
      </trkpt>
      <trkpt lat="49.19949" lon="1.97624">
        <ele>128.4</ele>
      </trkpt>
      <trkpt lat="49.19933" lon="1.97616">
        <ele>127.6</ele>
      </trkpt>
      <trkpt lat="49.19915" lon="1.97607">
        <ele>126.8</ele>
      </trkpt>
      <trkpt lat="49.19874" lon="1.97592">
        <ele>125.5</ele>
      </trkpt>
      <trkpt lat="49.19831" lon="1.97578">
        <ele>124.2</ele>
      </trkpt>
      <trkpt lat="49.19801" lon="1.97573">
        <ele>121.5</ele>
      </trkpt>
      <trkpt lat="49.19726" lon="1.97568">
        <ele>115.2</ele>
      </trkpt>
      <trkpt lat="49.1965" lon="1.97563">
        <ele>112.8</ele>
      </trkpt>
      <trkpt lat="49.19619" lon="1.97556">
        <ele>114.3</ele>
      </trkpt>
      <trkpt lat="49.19602" lon="1.9755">
        <ele>115.1</ele>
      </trkpt>
      <trkpt lat="49.19566" lon="1.97536">
        <ele>116.7</ele>
      </trkpt>
      <trkpt lat="49.19502" lon="1.97513">
        <ele>120.3</ele>
      </trkpt>
      <trkpt lat="49.19438" lon="1.9749">
        <ele>119.0</ele>
      </trkpt>
      <trkpt lat="49.19373" lon="1.97486">
        <ele>115.4</ele>
      </trkpt>
      <trkpt lat="49.19308" lon="1.97481">
        <ele>112.2</ele>
      </trkpt>
      <trkpt lat="49.19243" lon="1.97476">
        <ele>110.6</ele>
      </trkpt>
      <trkpt lat="49.19182" lon="1.97469">
        <ele>109.6</ele>
      </trkpt>
      <trkpt lat="49.19121" lon="1.97462">
        <ele>109.8</ele>
      </trkpt>
      <trkpt lat="49.1906" lon="1.97455">
        <ele>110.4</ele>
      </trkpt>
      <trkpt lat="49.1899" lon="1.97432">
        <ele>111.8</ele>
      </trkpt>
      <trkpt lat="49.1892" lon="1.9741">
        <ele>115.7</ele>
      </trkpt>
      <trkpt lat="49.18857" lon="1.97401">
        <ele>120.4</ele>
      </trkpt>
      <trkpt lat="49.18784" lon="1.97397">
        <ele>122.5</ele>
      </trkpt>
      <trkpt lat="49.18711" lon="1.97393">
        <ele>119.6</ele>
      </trkpt>
      <trkpt lat="49.18637" lon="1.97388">
        <ele>114.4</ele>
      </trkpt>
      <trkpt lat="49.18564" lon="1.97384">
        <ele>111.6</ele>
      </trkpt>
      <trkpt lat="49.18512" lon="1.97401">
        <ele>111.4</ele>
      </trkpt>
      <trkpt lat="49.1845" lon="1.97429">
        <ele>109.1</ele>
      </trkpt>
      <trkpt lat="49.18375" lon="1.97466">
        <ele>105.3</ele>
      </trkpt>
      <trkpt lat="49.183" lon="1.97503">
        <ele>103.5</ele>
      </trkpt>
      <trkpt lat="49.18225" lon="1.97539">
        <ele>106.2</ele>
      </trkpt>
      <trkpt lat="49.18174" lon="1.97557">
        <ele>108.3</ele>
      </trkpt>
      <trkpt lat="49.18123" lon="1.97574">
        <ele>111.7</ele>
      </trkpt>
      <trkpt lat="49.1806" lon="1.97587">
        <ele>116.4</ele>
      </trkpt>
      <trkpt lat="49.17996" lon="1.976">
        <ele>122.6</ele>
      </trkpt>
      <trkpt lat="49.17933" lon="1.97613">
        <ele>127.4</ele>
      </trkpt>
      <trkpt lat="49.17856" lon="1.9762">
        <ele>126.5</ele>
      </trkpt>
      <trkpt lat="49.17779" lon="1.97628">
        <ele>125.1</ele>
      </trkpt>
      <trkpt lat="49.17709" lon="1.97631">
        <ele>126.1</ele>
      </trkpt>
      <trkpt lat="49.17638" lon="1.97635">
        <ele>128.0</ele>
      </trkpt>
      <trkpt lat="49.17567" lon="1.97638">
        <ele>129.4</ele>
      </trkpt>
      <trkpt lat="49.17489" lon="1.97627">
        <ele>129.6</ele>
      </trkpt>
      <trkpt lat="49.17441" lon="1.97605">
        <ele>129.8</ele>
      </trkpt>
      <trkpt lat="49.17393" lon="1.97583">
        <ele>130.6</ele>
      </trkpt>
      <trkpt lat="49.17327" lon="1.97562">
        <ele>132.7</ele>
      </trkpt>
      <trkpt lat="49.1726" lon="1.97541">
        <ele>135.2</ele>
      </trkpt>
      <trkpt lat="49.17194" lon="1.97521">
        <ele>137.8</ele>
      </trkpt>
      <trkpt lat="49.17128" lon="1.975">
        <ele>140.9</ele>
      </trkpt>
      <trkpt lat="49.17102" lon="1.97483">
        <ele>142.5</ele>
      </trkpt>
      <trkpt lat="49.17084" lon="1.97475">
        <ele>143.6</ele>
      </trkpt>
      <trkpt lat="49.17073" lon="1.97476">
        <ele>144.2</ele>
      </trkpt>
      <trkpt lat="49.17059" lon="1.97484">
        <ele>144.8</ele>
      </trkpt>
      <trkpt lat="49.16978" lon="1.97518">
        <ele>149.8</ele>
      </trkpt>
      <trkpt lat="49.16924" lon="1.97542">
        <ele>154.4</ele>
      </trkpt>
      <trkpt lat="49.1687" lon="1.97566">
        <ele>157.4</ele>
      </trkpt>
      <trkpt lat="49.16842" lon="1.97576">
        <ele>158.7</ele>
      </trkpt>
      <trkpt lat="49.16831" lon="1.97574">
        <ele>159.2</ele>
      </trkpt>
      <trkpt lat="49.1682" lon="1.97567">
        <ele>159.9</ele>
      </trkpt>
      <trkpt lat="49.16812" lon="1.97558">
        <ele>160.4</ele>
      </trkpt>
      <trkpt lat="49.16798" lon="1.97551">
        <ele>161.2</ele>
      </trkpt>
      <trkpt lat="49.16785" lon="1.97549">
        <ele>161.8</ele>
      </trkpt>
      <trkpt lat="49.16769" lon="1.9755">
        <ele>162.6</ele>
      </trkpt>
      <trkpt lat="49.16754" lon="1.97555">
        <ele>163.5</ele>
      </trkpt>
      <trkpt lat="49.16743" lon="1.97562">
        <ele>163.7</ele>
      </trkpt>
      <trkpt lat="49.16703" lon="1.97592">
        <ele>163.9</ele>
      </trkpt>
      <trkpt lat="49.16639" lon="1.9764">
        <ele>165.8</ele>
      </trkpt>
      <trkpt lat="49.16576" lon="1.97688">
        <ele>172.0</ele>
      </trkpt>
      <trkpt lat="49.16513" lon="1.97736">
        <ele>176.9</ele>
      </trkpt>
      <trkpt lat="49.1645" lon="1.97784">
        <ele>177.0</ele>
      </trkpt>
      <trkpt lat="49.16434" lon="1.97793">
        <ele>176.8</ele>
      </trkpt>
      <trkpt lat="49.16422" lon="1.97796">
        <ele>176.5</ele>
      </trkpt>
      <trkpt lat="49.16398" lon="1.97795">
        <ele>175.4</ele>
      </trkpt>
      <trkpt lat="49.16378" lon="1.97789">
        <ele>174.2</ele>
      </trkpt>
      <trkpt lat="49.1634" lon="1.97772">
        <ele>172.0</ele>
      </trkpt>
      <trkpt lat="49.16288" lon="1.97732">
        <ele>169.1</ele>
      </trkpt>
      <trkpt lat="49.16249" lon="1.97706">
        <ele>166.9</ele>
      </trkpt>
      <trkpt lat="49.16208" lon="1.9769">
        <ele>164.8</ele>
      </trkpt>
      <trkpt lat="49.16135" lon="1.9767">
        <ele>161.5</ele>
      </trkpt>
      <trkpt lat="49.16062" lon="1.9765">
        <ele>158.5</ele>
      </trkpt>
      <trkpt lat="49.15989" lon="1.9763">
        <ele>156.6</ele>
      </trkpt>
      <trkpt lat="49.15916" lon="1.9761">
        <ele>152.6</ele>
      </trkpt>
      <trkpt lat="49.15843" lon="1.9759">
        <ele>151.1</ele>
      </trkpt>
      <trkpt lat="49.15821" lon="1.97586">
        <ele>150.5</ele>
      </trkpt>
      <trkpt lat="49.15791" lon="1.97587">
        <ele>149.5</ele>
      </trkpt>
      <trkpt lat="49.15719" lon="1.97606">
        <ele>146.4</ele>
      </trkpt>
      <trkpt lat="49.15647" lon="1.97624">
        <ele>142.5</ele>
      </trkpt>
      <trkpt lat="49.15574" lon="1.97642">
        <ele>138.2</ele>
      </trkpt>
      <trkpt lat="49.1551" lon="1.97668">
        <ele>135.3</ele>
      </trkpt>
      <trkpt lat="49.15468" lon="1.97693">
        <ele>132.8</ele>
      </trkpt>
      <trkpt lat="49.15404" lon="1.97732">
        <ele>128.7</ele>
      </trkpt>
      <trkpt lat="49.15341" lon="1.97771">
        <ele>124.0</ele>
      </trkpt>
      <trkpt lat="49.15277" lon="1.9781">
        <ele>119.4</ele>
      </trkpt>
      <trkpt lat="49.15249" lon="1.97833">
        <ele>117.0</ele>
      </trkpt>
      <trkpt lat="49.1521" lon="1.97876">
        <ele>115.8</ele>
      </trkpt>
      <trkpt lat="49.15188" lon="1.97897">
        <ele>115.7</ele>
      </trkpt>
      <trkpt lat="49.15165" lon="1.9791">
        <ele>115.9</ele>
      </trkpt>
      <trkpt lat="49.15087" lon="1.97933">
        <ele>120.2</ele>
      </trkpt>
      <trkpt lat="49.15056" lon="1.97956">
        <ele>122.8</ele>
      </trkpt>
      <trkpt lat="49.14985" lon="1.98027">
        <ele>127.2</ele>
      </trkpt>
      <trkpt lat="49.14953" lon="1.98051">
        <ele>127.9</ele>
      </trkpt>
      <trkpt lat="49.14904" lon="1.98068">
        <ele>128.1</ele>
      </trkpt>
      <trkpt lat="49.14888" lon="1.98077">
        <ele>127.2</ele>
      </trkpt>
      <trkpt lat="49.14847" lon="1.98091">
        <ele>125.0</ele>
      </trkpt>
      <trkpt lat="49.14772" lon="1.98106">
        <ele>121.9</ele>
      </trkpt>
      <trkpt lat="49.14745" lon="1.98112">
        <ele>120.9</ele>
      </trkpt>
      <trkpt lat="49.14736" lon="1.98117">
        <ele>120.6</ele>
      </trkpt>
      <trkpt lat="49.14725" lon="1.98126">
        <ele>120.1</ele>
      </trkpt>
      <trkpt lat="49.14718" lon="1.98136">
        <ele>119.8</ele>
      </trkpt>
      <trkpt lat="49.14696" lon="1.9819">
        <ele>118.4</ele>
      </trkpt>
      <trkpt lat="49.14662" lon="1.98275">
        <ele>117.0</ele>
      </trkpt>
      <trkpt lat="49.14628" lon="1.98361">
        <ele>118.0</ele>
      </trkpt>
      <trkpt lat="49.14581" lon="1.98456">
        <ele>119.5</ele>
      </trkpt>
      <trkpt lat="49.14567" lon="1.98467">
        <ele>119.9</ele>
      </trkpt>
      <trkpt lat="49.14551" lon="1.98471">
        <ele>120.3</ele>
      </trkpt>
      <trkpt lat="49.14545" lon="1.9847">
        <ele>120.4</ele>
      </trkpt>
      <trkpt lat="49.14535" lon="1.98464">
        <ele>120.5</ele>
      </trkpt>
      <trkpt lat="49.14484" lon="1.98363">
        <ele>119.6</ele>
      </trkpt>
      <trkpt lat="49.14479" lon="1.98372">
        <ele>119.5</ele>
      </trkpt>
      <trkpt lat="49.14472" lon="1.98387">
        <ele>119.3</ele>
      </trkpt>
      <trkpt lat="49.14469" lon="1.98397">
        <ele>119.3</ele>
      </trkpt>
      <trkpt lat="49.14468" lon="1.98407">
        <ele>119.2</ele>
      </trkpt>
      <trkpt lat="49.14469" lon="1.98425">
        <ele>119.4</ele>
      </trkpt>
      <trkpt lat="49.14474" lon="1.98472">
        <ele>120.3</ele>
      </trkpt>
      <trkpt lat="49.1444" lon="1.98507">
        <ele>119.2</ele>
      </trkpt>
      <trkpt lat="49.14401" lon="1.98551">
        <ele>118.9</ele>
      </trkpt>
      <trkpt lat="49.14361" lon="1.98596">
        <ele>118.7</ele>
      </trkpt>
      <trkpt lat="49.14325" lon="1.98633">
        <ele>117.7</ele>
      </trkpt>
      <trkpt lat="49.14264" lon="1.98689">
        <ele>114.2</ele>
      </trkpt>
      <trkpt lat="49.14248" lon="1.98707">
        <ele>113.0</ele>
      </trkpt>
      <trkpt lat="49.14224" lon="1.98736">
        <ele>111.7</ele>
      </trkpt>
      <trkpt lat="49.14202" lon="1.98771">
        <ele>110.7</ele>
      </trkpt>
      <trkpt lat="49.14161" lon="1.98838">
        <ele>109.9</ele>
      </trkpt>
      <trkpt lat="49.14145" lon="1.98865">
        <ele>109.7</ele>
      </trkpt>
      <trkpt lat="49.14134" lon="1.98887">
        <ele>109.4</ele>
      </trkpt>
      <trkpt lat="49.14121" lon="1.98917">
        <ele>108.8</ele>
      </trkpt>
      <trkpt lat="49.1411" lon="1.98945">
        <ele>108.4</ele>
      </trkpt>
      <trkpt lat="49.14089" lon="1.99014">
        <ele>108.4</ele>
      </trkpt>
      <trkpt lat="49.14037" lon="1.99087">
        <ele>109.5</ele>
      </trkpt>
      <trkpt lat="49.13993" lon="1.99141">
        <ele>110.2</ele>
      </trkpt>
      <trkpt lat="49.13948" lon="1.99195">
        <ele>110.4</ele>
      </trkpt>
      <trkpt lat="49.13892" lon="1.99272">
        <ele>110.6</ele>
      </trkpt>
      <trkpt lat="49.13869" lon="1.99308">
        <ele>110.3</ele>
      </trkpt>
      <trkpt lat="49.13863" lon="1.99306">
        <ele>110.0</ele>
      </trkpt>
      <trkpt lat="49.1384" lon="1.99429">
        <ele>108.6</ele>
      </trkpt>
      <trkpt lat="49.13816" lon="1.99551">
        <ele>107.8</ele>
      </trkpt>
      <trkpt lat="49.13804" lon="1.99623">
        <ele>108.0</ele>
      </trkpt>
      <trkpt lat="49.13802" lon="1.99648">
        <ele>108.4</ele>
      </trkpt>
      <trkpt lat="49.13804" lon="1.99685">
        <ele>109.4</ele>
      </trkpt>
      <trkpt lat="49.13808" lon="1.99717">
        <ele>110.4</ele>
      </trkpt>
      <trkpt lat="49.1382" lon="1.99796">
        <ele>109.8</ele>
      </trkpt>
      <trkpt lat="49.13839" lon="1.99893">
        <ele>109.0</ele>
      </trkpt>
      <trkpt lat="49.13858" lon="1.99991">
        <ele>111.8</ele>
      </trkpt>
      <trkpt lat="49.13877" lon="2.00089">
        <ele>112.5</ele>
      </trkpt>
      <trkpt lat="49.13883" lon="2.00128">
        <ele>112.6</ele>
      </trkpt>
      <trkpt lat="49.13885" lon="2.00157">
        <ele>112.7</ele>
      </trkpt>
      <trkpt lat="49.13887" lon="2.001869">
        <ele>112.7</ele>
      </trkpt>
      <trkpt lat="49.13886" lon="2.00225">
        <ele>112.7</ele>
      </trkpt>
      <trkpt lat="49.13878" lon="2.003299">
        <ele>112.5</ele>
      </trkpt>
      <trkpt lat="49.13869" lon="2.00435">
        <ele>111.9</ele>
      </trkpt>
      <trkpt lat="49.13861" lon="2.005399">
        <ele>112.6</ele>
      </trkpt>
      <trkpt lat="49.13853" lon="2.00645">
        <ele>115.0</ele>
      </trkpt>
      <trkpt lat="49.13852" lon="2.006749">
        <ele>115.5</ele>
      </trkpt>
      <trkpt lat="49.13854" lon="2.00708">
        <ele>116.5</ele>
      </trkpt>
      <trkpt lat="49.13858" lon="2.00739">
        <ele>117.5</ele>
      </trkpt>
      <trkpt lat="49.13865" lon="2.007699">
        <ele>118.4</ele>
      </trkpt>
      <trkpt lat="49.13881" lon="2.008109">
        <ele>119.7</ele>
      </trkpt>
      <trkpt lat="49.13894" lon="2.00842">
        <ele>120.5</ele>
      </trkpt>
      <trkpt lat="49.1392" lon="2.00891">
        <ele>120.9</ele>
      </trkpt>
      <trkpt lat="49.13967" lon="2.009599">
        <ele>123.9</ele>
      </trkpt>
      <trkpt lat="49.13989" lon="2.00998">
        <ele>125.2</ele>
      </trkpt>
      <trkpt lat="49.14018" lon="2.01067">
        <ele>126.4</ele>
      </trkpt>
      <trkpt lat="49.14046" lon="2.011359">
        <ele>127.3</ele>
      </trkpt>
      <trkpt lat="49.14068" lon="2.01182">
        <ele>127.6</ele>
      </trkpt>
      <trkpt lat="49.14084" lon="2.0121">
        <ele>127.5</ele>
      </trkpt>
      <trkpt lat="49.14105" lon="2.01241">
        <ele>128.1</ele>
      </trkpt>
      <trkpt lat="49.14127" lon="2.01268">
        <ele>128.7</ele>
      </trkpt>
      <trkpt lat="49.14189" lon="2.01337">
        <ele>127.7</ele>
      </trkpt>
      <trkpt lat="49.14251" lon="2.014069">
        <ele>133.0</ele>
      </trkpt>
      <trkpt lat="49.14312" lon="2.01476">
        <ele>139.5</ele>
      </trkpt>
      <trkpt lat="49.1433" lon="2.015">
        <ele>141.7</ele>
      </trkpt>
      <trkpt lat="49.14335" lon="2.01508">
        <ele>142.7</ele>
      </trkpt>
      <trkpt lat="49.14341" lon="2.01524">
        <ele>144.3</ele>
      </trkpt>
      <trkpt lat="49.14344" lon="2.01538">
        <ele>145.3</ele>
      </trkpt>
      <trkpt lat="49.14346" lon="2.015559">
        <ele>146.2</ele>
      </trkpt>
      <trkpt lat="49.14347" lon="2.0158">
        <ele>147.2</ele>
      </trkpt>
      <trkpt lat="49.14347" lon="2.01613">
        <ele>147.4</ele>
      </trkpt>
      <trkpt lat="49.14346" lon="2.01635">
        <ele>147.5</ele>
      </trkpt>
      <trkpt lat="49.14343" lon="2.016589">
        <ele>147.4</ele>
      </trkpt>
      <trkpt lat="49.14338" lon="2.01683">
        <ele>147.4</ele>
      </trkpt>
      <trkpt lat="49.1433" lon="2.0171">
        <ele>147.5</ele>
      </trkpt>
      <trkpt lat="49.14313" lon="2.01755">
        <ele>148.4</ele>
      </trkpt>
      <trkpt lat="49.14308" lon="2.017729">
        <ele>148.9</ele>
      </trkpt>
      <trkpt lat="49.14303" lon="2.018009">
        <ele>149.8</ele>
      </trkpt>
      <trkpt lat="49.14303" lon="2.01824">
        <ele>150.5</ele>
      </trkpt>
      <trkpt lat="49.14311" lon="2.01872">
        <ele>150.7</ele>
      </trkpt>
      <trkpt lat="49.14314" lon="2.019">
        <ele>150.6</ele>
      </trkpt>
      <trkpt lat="49.14314" lon="2.019229">
        <ele>150.8</ele>
      </trkpt>
      <trkpt lat="49.14311" lon="2.019429">
        <ele>151.4</ele>
      </trkpt>
      <trkpt lat="49.14305" lon="2.01968">
        <ele>152.3</ele>
      </trkpt>
      <trkpt lat="49.14295" lon="2.01986">
        <ele>153.0</ele>
      </trkpt>
      <trkpt lat="49.14247" lon="2.02056">
        <ele>155.0</ele>
      </trkpt>
      <trkpt lat="49.14238" lon="2.02076">
        <ele>155.0</ele>
      </trkpt>
      <trkpt lat="49.14231" lon="2.02104">
        <ele>155.1</ele>
      </trkpt>
      <trkpt lat="49.1423" lon="2.02121">
        <ele>155.1</ele>
      </trkpt>
      <trkpt lat="49.1423" lon="2.021319">
        <ele>155.1</ele>
      </trkpt>
      <trkpt lat="49.14232" lon="2.021389">
        <ele>155.1</ele>
      </trkpt>
      <trkpt lat="49.14253" lon="2.02169">
        <ele>154.8</ele>
      </trkpt>
      <trkpt lat="49.14256" lon="2.02178">
        <ele>154.5</ele>
      </trkpt>
      <trkpt lat="49.14258" lon="2.02188">
        <ele>154.4</ele>
      </trkpt>
      <trkpt lat="49.14262" lon="2.0222">
        <ele>154.0</ele>
      </trkpt>
      <trkpt lat="49.14262" lon="2.022279">
        <ele>153.9</ele>
      </trkpt>
      <trkpt lat="49.14262" lon="2.022349">
        <ele>153.9</ele>
      </trkpt>
      <trkpt lat="49.14256" lon="2.022749">
        <ele>153.6</ele>
      </trkpt>
      <trkpt lat="49.1425" lon="2.023">
        <ele>153.2</ele>
      </trkpt>
      <trkpt lat="49.14245" lon="2.02311">
        <ele>152.9</ele>
      </trkpt>
      <trkpt lat="49.14233" lon="2.023299">
        <ele>152.3</ele>
      </trkpt>
      <trkpt lat="49.14216" lon="2.023499">
        <ele>152.0</ele>
      </trkpt>
      <trkpt lat="49.14213" lon="2.023569">
        <ele>151.9</ele>
      </trkpt>
      <trkpt lat="49.14211" lon="2.02371">
        <ele>151.6</ele>
      </trkpt>
      <trkpt lat="49.14209" lon="2.024179">
        <ele>150.5</ele>
      </trkpt>
      <trkpt lat="49.14204" lon="2.0246">
        <ele>148.9</ele>
      </trkpt>
      <trkpt lat="49.14199" lon="2.02484">
        <ele>148.0</ele>
      </trkpt>
      <trkpt lat="49.14182" lon="2.02543">
        <ele>145.8</ele>
      </trkpt>
      <trkpt lat="49.14162" lon="2.02623">
        <ele>142.3</ele>
      </trkpt>
      <trkpt lat="49.14134" lon="2.02728">
        <ele>137.5</ele>
      </trkpt>
      <trkpt lat="49.14105" lon="2.02832">
        <ele>133.1</ele>
      </trkpt>
      <trkpt lat="49.14077" lon="2.02936">
        <ele>130.6</ele>
      </trkpt>
      <trkpt lat="49.14048" lon="2.030539">
        <ele>129.0</ele>
      </trkpt>
      <trkpt lat="49.14019" lon="2.03173">
        <ele>130.2</ele>
      </trkpt>
      <trkpt lat="49.13991" lon="2.03291">
        <ele>130.4</ele>
      </trkpt>
      <trkpt lat="49.13982" lon="2.03317">
        <ele>130.6</ele>
      </trkpt>
      <trkpt lat="49.13974" lon="2.03337">
        <ele>130.7</ele>
      </trkpt>
      <trkpt lat="49.13954" lon="2.03375">
        <ele>130.4</ele>
      </trkpt>
      <trkpt lat="49.13897" lon="2.03469">
        <ele>130.1</ele>
      </trkpt>
      <trkpt lat="49.13872" lon="2.035149">
        <ele>131.0</ele>
      </trkpt>
      <trkpt lat="49.13844" lon="2.03573">
        <ele>134.0</ele>
      </trkpt>
      <trkpt lat="49.13813" lon="2.036439">
        <ele>141.5</ele>
      </trkpt>
      <trkpt lat="49.13782" lon="2.03714">
        <ele>145.8</ele>
      </trkpt>
      <trkpt lat="49.13752" lon="2.037939">
        <ele>145.7</ele>
      </trkpt>
      <trkpt lat="49.13721" lon="2.038749">
        <ele>146.3</ele>
      </trkpt>
      <trkpt lat="49.1371" lon="2.03918">
        <ele>146.3</ele>
      </trkpt>
      <trkpt lat="49.13696" lon="2.04">
        <ele>145.8</ele>
      </trkpt>
      <trkpt lat="49.13681" lon="2.04088">
        <ele>142.8</ele>
      </trkpt>
      <trkpt lat="49.13678" lon="2.04109">
        <ele>142.3</ele>
      </trkpt>
      <trkpt lat="49.13677" lon="2.0413">
        <ele>141.6</ele>
      </trkpt>
      <trkpt lat="49.13679" lon="2.04188">
        <ele>140.4</ele>
      </trkpt>
      <trkpt lat="49.13679" lon="2.04208">
        <ele>140.6</ele>
      </trkpt>
      <trkpt lat="49.13678" lon="2.04224">
        <ele>140.8</ele>
      </trkpt>
      <trkpt lat="49.13675" lon="2.04244">
        <ele>141.2</ele>
      </trkpt>
      <trkpt lat="49.13663" lon="2.04285">
        <ele>141.1</ele>
      </trkpt>
      <trkpt lat="49.13635" lon="2.04367">
        <ele>140.1</ele>
      </trkpt>
      <trkpt lat="49.13608" lon="2.04449">
        <ele>140.9</ele>
      </trkpt>
      <trkpt lat="49.13568" lon="2.04535">
        <ele>142.1</ele>
      </trkpt>
      <trkpt lat="49.13532" lon="2.04611">
        <ele>143.6</ele>
      </trkpt>
      <trkpt lat="49.13504" lon="2.04671">
        <ele>144.0</ele>
      </trkpt>
      <trkpt lat="49.13487" lon="2.047159">
        <ele>144.9</ele>
      </trkpt>
      <trkpt lat="49.13469" lon="2.0476">
        <ele>146.5</ele>
      </trkpt>
      <trkpt lat="49.13468" lon="2.047629">
        <ele>146.6</ele>
      </trkpt>
      <trkpt lat="49.13468" lon="2.047689">
        <ele>146.9</ele>
      </trkpt>
      <trkpt lat="49.1347" lon="2.047759">
        <ele>147.2</ele>
      </trkpt>
      <trkpt lat="49.13457" lon="2.04789">
        <ele>147.9</ele>
      </trkpt>
      <trkpt lat="49.13436" lon="2.04812">
        <ele>149.0</ele>
      </trkpt>
      <trkpt lat="49.13411" lon="2.04849">
        <ele>150.1</ele>
      </trkpt>
      <trkpt lat="49.13404" lon="2.048569">
        <ele>150.2</ele>
      </trkpt>
      <trkpt lat="49.13397" lon="2.048639">
        <ele>150.4</ele>
      </trkpt>
      <trkpt lat="49.13391" lon="2.04867">
        <ele>150.6</ele>
      </trkpt>
      <trkpt lat="49.13375" lon="2.04873">
        <ele>151.0</ele>
      </trkpt>
      <trkpt lat="49.1329" lon="2.04893">
        <ele>151.9</ele>
      </trkpt>
      <trkpt lat="49.13273" lon="2.04894">
        <ele>151.7</ele>
      </trkpt>
      <trkpt lat="49.13262" lon="2.04897">
        <ele>151.7</ele>
      </trkpt>
      <trkpt lat="49.13251" lon="2.04903">
        <ele>151.7</ele>
      </trkpt>
      <trkpt lat="49.13241" lon="2.04907">
        <ele>151.6</ele>
      </trkpt>
      <trkpt lat="49.13243" lon="2.04921">
        <ele>152.0</ele>
      </trkpt>
      <trkpt lat="49.13241" lon="2.04935">
        <ele>152.7</ele>
      </trkpt>
      <trkpt lat="49.13202" lon="2.05023">
        <ele>155.3</ele>
      </trkpt>
      <trkpt lat="49.13176" lon="2.05073">
        <ele>155.9</ele>
      </trkpt>
      <trkpt lat="49.13159" lon="2.051019">
        <ele>156.0</ele>
      </trkpt>
      <trkpt lat="49.13131" lon="2.05132">
        <ele>155.6</ele>
      </trkpt>
      <trkpt lat="49.13122" lon="2.05145">
        <ele>155.5</ele>
      </trkpt>
      <trkpt lat="49.13108" lon="2.05174">
        <ele>155.8</ele>
      </trkpt>
      <trkpt lat="49.13082" lon="2.05236">
        <ele>157.5</ele>
      </trkpt>
      <trkpt lat="49.13056" lon="2.052989">
        <ele>159.0</ele>
      </trkpt>
      <trkpt lat="49.1302" lon="2.05389">
        <ele>158.6</ele>
      </trkpt>
      <trkpt lat="49.12984" lon="2.05479">
        <ele>157.5</ele>
      </trkpt>
      <trkpt lat="49.12979" lon="2.054889">
        <ele>157.2</ele>
      </trkpt>
      <trkpt lat="49.12972" lon="2.05505">
        <ele>156.8</ele>
      </trkpt>
      <trkpt lat="49.12967" lon="2.05523">
        <ele>156.8</ele>
      </trkpt>
      <trkpt lat="49.12928" lon="2.0562">
        <ele>158.2</ele>
      </trkpt>
      <trkpt lat="49.12883" lon="2.057319">
        <ele>168.3</ele>
      </trkpt>
      <trkpt lat="49.12838" lon="2.05844">
        <ele>173.4</ele>
      </trkpt>
      <trkpt lat="49.12826" lon="2.05878">
        <ele>173.5</ele>
      </trkpt>
      <trkpt lat="49.12793" lon="2.05973">
        <ele>171.5</ele>
      </trkpt>
      <trkpt lat="49.12785" lon="2.059899">
        <ele>170.3</ele>
      </trkpt>
      <trkpt lat="49.1277" lon="2.060169">
        <ele>168.5</ele>
      </trkpt>
      <trkpt lat="49.12761" lon="2.06027">
        <ele>167.2</ele>
      </trkpt>
      <trkpt lat="49.12736" lon="2.06053">
        <ele>166.5</ele>
      </trkpt>
      <trkpt lat="49.12707" lon="2.06086">
        <ele>167.0</ele>
      </trkpt>
      <trkpt lat="49.12687" lon="2.06117">
        <ele>167.1</ele>
      </trkpt>
      <trkpt lat="49.12634" lon="2.06208">
        <ele>169.4</ele>
      </trkpt>
      <trkpt lat="49.12612" lon="2.06249">
        <ele>169.7</ele>
      </trkpt>
      <trkpt lat="49.12605" lon="2.06264">
        <ele>169.0</ele>
      </trkpt>
      <trkpt lat="49.12575" lon="2.06347">
        <ele>164.6</ele>
      </trkpt>
      <trkpt lat="49.12568" lon="2.06361">
        <ele>164.1</ele>
      </trkpt>
      <trkpt lat="49.1253" lon="2.06432">
        <ele>160.6</ele>
      </trkpt>
      <trkpt lat="49.12484" lon="2.06513">
        <ele>155.5</ele>
      </trkpt>
      <trkpt lat="49.12474" lon="2.06527">
        <ele>154.6</ele>
      </trkpt>
      <trkpt lat="49.12444" lon="2.065529">
        <ele>152.8</ele>
      </trkpt>
      <trkpt lat="49.12434" lon="2.065659">
        <ele>152.4</ele>
      </trkpt>
      <trkpt lat="49.12419" lon="2.06534">
        <ele>151.5</ele>
      </trkpt>
      <trkpt lat="49.12394" lon="2.06494">
        <ele>148.9</ele>
      </trkpt>
      <trkpt lat="49.12384" lon="2.06474">
        <ele>148.4</ele>
      </trkpt>
      <trkpt lat="49.12364" lon="2.064439">
        <ele>146.9</ele>
      </trkpt>
      <trkpt lat="49.12351" lon="2.064299">
        <ele>145.7</ele>
      </trkpt>
      <trkpt lat="49.12334" lon="2.06418">
        <ele>144.1</ele>
      </trkpt>
      <trkpt lat="49.12317" lon="2.064099">
        <ele>143.5</ele>
      </trkpt>
      <trkpt lat="49.12296" lon="2.06401">
        <ele>142.8</ele>
      </trkpt>
      <trkpt lat="49.12296" lon="2.06428">
        <ele>141.5</ele>
      </trkpt>
      <trkpt lat="49.1229" lon="2.06486">
        <ele>139.7</ele>
      </trkpt>
      <trkpt lat="49.12285" lon="2.06527">
        <ele>138.6</ele>
      </trkpt>
      <trkpt lat="49.12283" lon="2.06535">
        <ele>138.3</ele>
      </trkpt>
      <trkpt lat="49.12258" lon="2.066209">
        <ele>134.0</ele>
      </trkpt>
      <trkpt lat="49.12253" lon="2.066329">
        <ele>133.2</ele>
      </trkpt>
      <trkpt lat="49.12243" lon="2.06656">
        <ele>131.7</ele>
      </trkpt>
      <trkpt lat="49.12219" lon="2.06699">
        <ele>128.0</ele>
      </trkpt>
      <trkpt lat="49.1219" lon="2.067489">
        <ele>123.7</ele>
      </trkpt>
      <trkpt lat="49.12176" lon="2.06781">
        <ele>122.3</ele>
      </trkpt>
      <trkpt lat="49.12165" lon="2.06842">
        <ele>121.2</ele>
      </trkpt>
      <trkpt lat="49.12159" lon="2.06863">
        <ele>121.5</ele>
      </trkpt>
      <trkpt lat="49.12137" lon="2.06899">
        <ele>121.0</ele>
      </trkpt>
      <trkpt lat="49.12098" lon="2.0694">
        <ele>119.2</ele>
      </trkpt>
      <trkpt lat="49.12058" lon="2.06981">
        <ele>118.8</ele>
      </trkpt>
      <trkpt lat="49.12031" lon="2.07026">
        <ele>119.0</ele>
      </trkpt>
      <trkpt lat="49.12024" lon="2.07035">
        <ele>118.8</ele>
      </trkpt>
      <trkpt lat="49.12015" lon="2.07042">
        <ele>118.5</ele>
      </trkpt>
      <trkpt lat="49.12009" lon="2.07044">
        <ele>118.3</ele>
      </trkpt>
      <trkpt lat="49.11995" lon="2.07046">
        <ele>117.8</ele>
      </trkpt>
      <trkpt lat="49.11984" lon="2.070469">
        <ele>117.5</ele>
      </trkpt>
      <trkpt lat="49.11978" lon="2.07049">
        <ele>117.3</ele>
      </trkpt>
      <trkpt lat="49.11968" lon="2.07055">
        <ele>117.0</ele>
      </trkpt>
      <trkpt lat="49.11958" lon="2.07066">
        <ele>116.6</ele>
      </trkpt>
      <trkpt lat="49.11945" lon="2.07084">
        <ele>116.0</ele>
      </trkpt>
      <trkpt lat="49.11934" lon="2.07104">
        <ele>115.4</ele>
      </trkpt>
      <trkpt lat="49.11889" lon="2.071899">
        <ele>113.6</ele>
      </trkpt>
      <trkpt lat="49.11861" lon="2.07238">
        <ele>113.5</ele>
      </trkpt>
      <trkpt lat="49.11843" lon="2.07266">
        <ele>113.4</ele>
      </trkpt>
      <trkpt lat="49.11822" lon="2.07296">
        <ele>113.5</ele>
      </trkpt>
      <trkpt lat="49.11815" lon="2.073049">
        <ele>113.6</ele>
      </trkpt>
      <trkpt lat="49.11797" lon="2.0732">
        <ele>113.8</ele>
      </trkpt>
      <trkpt lat="49.11752" lon="2.073459">
        <ele>113.9</ele>
      </trkpt>
      <trkpt lat="49.11738" lon="2.07355">
        <ele>113.3</ele>
      </trkpt>
      <trkpt lat="49.11719" lon="2.073719">
        <ele>112.6</ele>
      </trkpt>
      <trkpt lat="49.11676" lon="2.07421">
        <ele>111.2</ele>
      </trkpt>
      <trkpt lat="49.11623" lon="2.07487">
        <ele>110.0</ele>
      </trkpt>
      <trkpt lat="49.11561" lon="2.07567">
        <ele>108.2</ele>
      </trkpt>
      <trkpt lat="49.11499" lon="2.07647">
        <ele>104.4</ele>
      </trkpt>
      <trkpt lat="49.11437" lon="2.07726">
        <ele>101.2</ele>
      </trkpt>
      <trkpt lat="49.11375" lon="2.078059">
        <ele>98.8</ele>
      </trkpt>
      <trkpt lat="49.11317" lon="2.07889">
        <ele>97.8</ele>
      </trkpt>
      <trkpt lat="49.1126" lon="2.07972">
        <ele>97.8</ele>
      </trkpt>
      <trkpt lat="49.11202" lon="2.08054">
        <ele>99.5</ele>
      </trkpt>
      <trkpt lat="49.11144" lon="2.08137">
        <ele>99.3</ele>
      </trkpt>
      <trkpt lat="49.11094" lon="2.08195">
        <ele>97.1</ele>
      </trkpt>
      <trkpt lat="49.11037" lon="2.08252">
        <ele>93.2</ele>
      </trkpt>
      <trkpt lat="49.10979" lon="2.083079">
        <ele>90.9</ele>
      </trkpt>
      <trkpt lat="49.10922" lon="2.08364">
        <ele>92.4</ele>
      </trkpt>
      <trkpt lat="49.10869" lon="2.08415">
        <ele>94.4</ele>
      </trkpt>
      <trkpt lat="49.10817" lon="2.08466">
        <ele>94.5</ele>
      </trkpt>
      <trkpt lat="49.10765" lon="2.08517">
        <ele>94.0</ele>
      </trkpt>
      <trkpt lat="49.1071" lon="2.08577">
        <ele>93.0</ele>
      </trkpt>
      <trkpt lat="49.10647" lon="2.086609">
        <ele>91.6</ele>
      </trkpt>
      <trkpt lat="49.10584" lon="2.0874">
        <ele>90.0</ele>
      </trkpt>
      <trkpt lat="49.10551" lon="2.087759">
        <ele>91.3</ele>
      </trkpt>
      <trkpt lat="49.10487" lon="2.08839">
        <ele>92.8</ele>
      </trkpt>
      <trkpt lat="49.1045" lon="2.0888">
        <ele>92.4</ele>
      </trkpt>
      <trkpt lat="49.10413" lon="2.08936">
        <ele>91.7</ele>
      </trkpt>
      <trkpt lat="49.10375" lon="2.08991">
        <ele>91.1</ele>
      </trkpt>
      <trkpt lat="49.1032" lon="2.09055">
        <ele>91.9</ele>
      </trkpt>
      <trkpt lat="49.1026" lon="2.09103">
        <ele>93.6</ele>
      </trkpt>
      <trkpt lat="49.1019" lon="2.09187">
        <ele>92.5</ele>
      </trkpt>
      <trkpt lat="49.1012" lon="2.09272">
        <ele>92.2</ele>
      </trkpt>
      <trkpt lat="49.1005" lon="2.09357">
        <ele>93.2</ele>
      </trkpt>
      <trkpt lat="49.10028" lon="2.093859">
        <ele>93.8</ele>
      </trkpt>
      <trkpt lat="49.09994" lon="2.094399">
        <ele>94.5</ele>
      </trkpt>
      <trkpt lat="49.09957" lon="2.095019">
        <ele>96.0</ele>
      </trkpt>
      <trkpt lat="49.09949" lon="2.0952">
        <ele>96.5</ele>
      </trkpt>
      <trkpt lat="49.09909" lon="2.0962">
        <ele>99.5</ele>
      </trkpt>
      <trkpt lat="49.09905" lon="2.09622">
        <ele>99.6</ele>
      </trkpt>
      <trkpt lat="49.09901" lon="2.096229">
        <ele>99.7</ele>
      </trkpt>
      <trkpt lat="49.09895" lon="2.096229">
        <ele>99.8</ele>
      </trkpt>
      <trkpt lat="49.0986" lon="2.096169">
        <ele>100.3</ele>
      </trkpt>
      <trkpt lat="49.09846" lon="2.09613">
        <ele>100.5</ele>
      </trkpt>
      <trkpt lat="49.09827" lon="2.09606">
        <ele>100.6</ele>
      </trkpt>
      <trkpt lat="49.09777" lon="2.09584">
        <ele>100.7</ele>
      </trkpt>
      <trkpt lat="49.09727" lon="2.09561">
        <ele>101.0</ele>
      </trkpt>
      <trkpt lat="49.09673" lon="2.09547">
        <ele>102.0</ele>
      </trkpt>
      <trkpt lat="49.09619" lon="2.09533">
        <ele>102.9</ele>
      </trkpt>
      <trkpt lat="49.0961" lon="2.09531">
        <ele>103.1</ele>
      </trkpt>
      <trkpt lat="49.09604" lon="2.09531">
        <ele>103.2</ele>
      </trkpt>
      <trkpt lat="49.09599" lon="2.09534">
        <ele>103.4</ele>
      </trkpt>
      <trkpt lat="49.09596" lon="2.09538">
        <ele>103.6</ele>
      </trkpt>
      <trkpt lat="49.09593" lon="2.09534">
        <ele>103.6</ele>
      </trkpt>
      <trkpt lat="49.09591" lon="2.09532">
        <ele>103.6</ele>
      </trkpt>
      <trkpt lat="49.09568" lon="2.0953">
        <ele>103.7</ele>
      </trkpt>
      <trkpt lat="49.09524" lon="2.095209">
        <ele>103.5</ele>
      </trkpt>
      <trkpt lat="49.09518" lon="2.095209">
        <ele>103.5</ele>
      </trkpt>
      <trkpt lat="49.09507" lon="2.09526">
        <ele>103.6</ele>
      </trkpt>
      <trkpt lat="49.09503" lon="2.0953">
        <ele>103.7</ele>
      </trkpt>
      <trkpt lat="49.095" lon="2.09539">
        <ele>103.9</ele>
      </trkpt>
      <trkpt lat="49.09495" lon="2.09545">
        <ele>104.1</ele>
      </trkpt>
      <trkpt lat="49.09489" lon="2.09546">
        <ele>104.2</ele>
      </trkpt>
      <trkpt lat="49.09464" lon="2.09538">
        <ele>104.3</ele>
      </trkpt>
      <trkpt lat="49.09446" lon="2.09543">
        <ele>104.7</ele>
      </trkpt>
      <trkpt lat="49.09401" lon="2.095619">
        <ele>105.0</ele>
      </trkpt>
      <trkpt lat="49.09356" lon="2.09591">
        <ele>103.9</ele>
      </trkpt>
      <trkpt lat="49.09322" lon="2.0962">
        <ele>103.1</ele>
      </trkpt>
      <trkpt lat="49.09284" lon="2.09668">
        <ele>102.8</ele>
      </trkpt>
      <trkpt lat="49.09258" lon="2.09689">
        <ele>102.5</ele>
      </trkpt>
      <trkpt lat="49.09232" lon="2.09701">
        <ele>101.9</ele>
      </trkpt>
      <trkpt lat="49.0919" lon="2.097109">
        <ele>101.1</ele>
      </trkpt>
      <trkpt lat="49.09153" lon="2.09725">
        <ele>100.9</ele>
      </trkpt>
      <trkpt lat="49.09069" lon="2.09766">
        <ele>100.2</ele>
      </trkpt>
      <trkpt lat="49.08985" lon="2.09808">
        <ele>100.3</ele>
      </trkpt>
      <trkpt lat="49.08946" lon="2.09817">
        <ele>99.5</ele>
      </trkpt>
      <trkpt lat="49.08882" lon="2.09832">
        <ele>98.2</ele>
      </trkpt>
      <trkpt lat="49.08819" lon="2.09848">
        <ele>96.6</ele>
      </trkpt>
      <trkpt lat="49.08813" lon="2.09851">
        <ele>96.5</ele>
      </trkpt>
      <trkpt lat="49.08793" lon="2.09872">
        <ele>95.8</ele>
      </trkpt>
      <trkpt lat="49.08733" lon="2.09956">
        <ele>92.6</ele>
      </trkpt>
      <trkpt lat="49.08729" lon="2.09975">
        <ele>92.2</ele>
      </trkpt>
      <trkpt lat="49.0873" lon="2.09993">
        <ele>92.1</ele>
      </trkpt>
      <trkpt lat="49.08746" lon="2.10059">
        <ele>90.8</ele>
      </trkpt>
      <trkpt lat="49.08762" lon="2.10124">
        <ele>90.3</ele>
      </trkpt>
      <trkpt lat="49.08756" lon="2.10141">
        <ele>89.7</ele>
      </trkpt>
      <trkpt lat="49.087" lon="2.10167">
        <ele>87.2</ele>
      </trkpt>
      <trkpt lat="49.08643" lon="2.10194">
        <ele>84.6</ele>
      </trkpt>
      <trkpt lat="49.08603" lon="2.10226">
        <ele>82.8</ele>
      </trkpt>
      <trkpt lat="49.08564" lon="2.10259">
        <ele>82.7</ele>
      </trkpt>
      <trkpt lat="49.08553" lon="2.10264">
        <ele>83.2</ele>
      </trkpt>
      <trkpt lat="49.08544" lon="2.10272">
        <ele>83.5</ele>
      </trkpt>
      <trkpt lat="49.0854" lon="2.10279">
        <ele>83.7</ele>
      </trkpt>
      <trkpt lat="49.08493" lon="2.10316">
        <ele>86.6</ele>
      </trkpt>
      <trkpt lat="49.08451" lon="2.1036">
        <ele>90.5</ele>
      </trkpt>
      <trkpt lat="49.08409" lon="2.10404">
        <ele>91.8</ele>
      </trkpt>
      <trkpt lat="49.08378" lon="2.10443">
        <ele>93.9</ele>
      </trkpt>
      <trkpt lat="49.08318" lon="2.10504">
        <ele>97.4</ele>
      </trkpt>
      <trkpt lat="49.08257" lon="2.10565">
        <ele>98.1</ele>
      </trkpt>
      <trkpt lat="49.08202" lon="2.10616">
        <ele>98.9</ele>
      </trkpt>
      <trkpt lat="49.08148" lon="2.10668">
        <ele>98.2</ele>
      </trkpt>
      <trkpt lat="49.08093" lon="2.10719">
        <ele>100.1</ele>
      </trkpt>
      <trkpt lat="49.08022" lon="2.10767">
        <ele>102.6</ele>
      </trkpt>
      <trkpt lat="49.07961" lon="2.10811">
        <ele>101.8</ele>
      </trkpt>
      <trkpt lat="49.07953" lon="2.10823">
        <ele>101.4</ele>
      </trkpt>
      <trkpt lat="49.0791" lon="2.10792">
        <ele>102.2</ele>
      </trkpt>
      <trkpt lat="49.07867" lon="2.10762">
        <ele>101.3</ele>
      </trkpt>
      <trkpt lat="49.0781" lon="2.10724">
        <ele>99.7</ele>
      </trkpt>
      <trkpt lat="49.07753" lon="2.10685">
        <ele>98.1</ele>
      </trkpt>
      <trkpt lat="49.07737" lon="2.10671">
        <ele>97.8</ele>
      </trkpt>
      <trkpt lat="49.07728" lon="2.10661">
        <ele>97.7</ele>
      </trkpt>
      <trkpt lat="49.07692" lon="2.1062">
        <ele>96.9</ele>
      </trkpt>
      <trkpt lat="49.0764" lon="2.10545">
        <ele>95.7</ele>
      </trkpt>
      <trkpt lat="49.07616" lon="2.10509">
        <ele>94.9</ele>
      </trkpt>
      <trkpt lat="49.07603" lon="2.10492">
        <ele>94.4</ele>
      </trkpt>
      <trkpt lat="49.07582" lon="2.1047">
        <ele>93.6</ele>
      </trkpt>
      <trkpt lat="49.07572" lon="2.10464">
        <ele>93.4</ele>
      </trkpt>
      <trkpt lat="49.07562" lon="2.10465">
        <ele>93.3</ele>
      </trkpt>
      <trkpt lat="49.07518" lon="2.10478">
        <ele>93.1</ele>
      </trkpt>
      <trkpt lat="49.07473" lon="2.1049">
        <ele>92.5</ele>
      </trkpt>
      <trkpt lat="49.07459" lon="2.10492">
        <ele>92.1</ele>
      </trkpt>
      <trkpt lat="49.07453" lon="2.10491">
        <ele>91.9</ele>
      </trkpt>
      <trkpt lat="49.07441" lon="2.10488">
        <ele>91.3</ele>
      </trkpt>
      <trkpt lat="49.07429" lon="2.1048">
        <ele>90.5</ele>
      </trkpt>
      <trkpt lat="49.07421" lon="2.10472">
        <ele>89.8</ele>
      </trkpt>
      <trkpt lat="49.0741" lon="2.10457">
        <ele>88.9</ele>
      </trkpt>
      <trkpt lat="49.07355" lon="2.10362">
        <ele>85.6</ele>
      </trkpt>
      <trkpt lat="49.073" lon="2.10267">
        <ele>82.5</ele>
      </trkpt>
      <trkpt lat="49.07246" lon="2.10172">
        <ele>80.0</ele>
      </trkpt>
      <trkpt lat="49.07234" lon="2.10153">
        <ele>79.3</ele>
      </trkpt>
      <trkpt lat="49.07225" lon="2.10139">
        <ele>78.8</ele>
      </trkpt>
      <trkpt lat="49.07208" lon="2.10118">
        <ele>78.0</ele>
      </trkpt>
      <trkpt lat="49.07192" lon="2.10103">
        <ele>77.5</ele>
      </trkpt>
      <trkpt lat="49.0718" lon="2.10092">
        <ele>77.2</ele>
      </trkpt>
      <trkpt lat="49.07165" lon="2.10082">
        <ele>76.9</ele>
      </trkpt>
      <trkpt lat="49.07145" lon="2.10071">
        <ele>76.3</ele>
      </trkpt>
      <trkpt lat="49.07123" lon="2.10065">
        <ele>75.6</ele>
      </trkpt>
      <trkpt lat="49.07094" lon="2.10064">
        <ele>74.8</ele>
      </trkpt>
      <trkpt lat="49.07073" lon="2.10068">
        <ele>73.4</ele>
      </trkpt>
      <trkpt lat="49.07063" lon="2.10072">
        <ele>72.4</ele>
      </trkpt>
      <trkpt lat="49.07041" lon="2.10082">
        <ele>70.4</ele>
      </trkpt>
      <trkpt lat="49.06975" lon="2.10119">
        <ele>66.8</ele>
      </trkpt>
      <trkpt lat="49.06951" lon="2.10135">
        <ele>65.9</ele>
      </trkpt>
      <trkpt lat="49.06941" lon="2.10145">
        <ele>65.7</ele>
      </trkpt>
      <trkpt lat="49.06917" lon="2.10172">
        <ele>65.2</ele>
      </trkpt>
      <trkpt lat="49.06907" lon="2.10191">
        <ele>64.6</ele>
      </trkpt>
      <trkpt lat="49.06857" lon="2.10299">
        <ele>61.7</ele>
      </trkpt>
      <trkpt lat="49.06808" lon="2.10406">
        <ele>58.6</ele>
      </trkpt>
      <trkpt lat="49.06758" lon="2.10514">
        <ele>56.5</ele>
      </trkpt>
      <trkpt lat="49.0675" lon="2.10527">
        <ele>56.9</ele>
      </trkpt>
      <trkpt lat="49.06741" lon="2.10536">
        <ele>57.6</ele>
      </trkpt>
      <trkpt lat="49.06732" lon="2.10542">
        <ele>57.9</ele>
      </trkpt>
      <trkpt lat="49.06718" lon="2.10548">
        <ele>58.0</ele>
      </trkpt>
      <trkpt lat="49.06709" lon="2.10548">
        <ele>57.6</ele>
      </trkpt>
      <trkpt lat="49.06701" lon="2.10545">
        <ele>57.1</ele>
      </trkpt>
      <trkpt lat="49.06693" lon="2.10541">
        <ele>56.4</ele>
      </trkpt>
      <trkpt lat="49.06659" lon="2.10513">
        <ele>52.5</ele>
      </trkpt>
      <trkpt lat="49.06648" lon="2.10509">
        <ele>51.3</ele>
      </trkpt>
      <trkpt lat="49.06636" lon="2.10508">
        <ele>50.3</ele>
      </trkpt>
      <trkpt lat="49.06623" lon="2.1051">
        <ele>49.4</ele>
      </trkpt>
      <trkpt lat="49.06558" lon="2.10529">
        <ele>46.8</ele>
      </trkpt>
      <trkpt lat="49.06544" lon="2.10533">
        <ele>46.9</ele>
      </trkpt>
      <trkpt lat="49.06535" lon="2.10539">
        <ele>47.1</ele>
      </trkpt>
      <trkpt lat="49.0653" lon="2.10539">
        <ele>47.1</ele>
      </trkpt>
      <trkpt lat="49.06518" lon="2.10534">
        <ele>46.8</ele>
      </trkpt>
      <trkpt lat="49.06507" lon="2.10531">
        <ele>46.5</ele>
      </trkpt>
      <trkpt lat="49.06482" lon="2.10529">
        <ele>46.0</ele>
      </trkpt>
      <trkpt lat="49.06443" lon="2.10525">
        <ele>45.2</ele>
      </trkpt>
      <trkpt lat="49.06414" lon="2.10519">
        <ele>45.0</ele>
      </trkpt>
      <trkpt lat="49.06347" lon="2.10497">
        <ele>41.9</ele>
      </trkpt>
      <trkpt lat="49.06279" lon="2.10474">
        <ele>42.9</ele>
      </trkpt>
      <trkpt lat="49.06257" lon="2.10467">
        <ele>43.2</ele>
      </trkpt>
      <trkpt lat="49.06249" lon="2.10466">
        <ele>43.4</ele>
      </trkpt>
      <trkpt lat="49.06241" lon="2.10467">
        <ele>43.4</ele>
      </trkpt>
      <trkpt lat="49.06179" lon="2.10479">
        <ele>43.4</ele>
      </trkpt>
      <trkpt lat="49.06117" lon="2.10491">
        <ele>41.3</ele>
      </trkpt>
      <trkpt lat="49.06104" lon="2.10495">
        <ele>40.5</ele>
      </trkpt>
      <trkpt lat="49.06094" lon="2.10502">
        <ele>39.7</ele>
      </trkpt>
      <trkpt lat="49.06086" lon="2.10509">
        <ele>39.2</ele>
      </trkpt>
      <trkpt lat="49.06073" lon="2.1053">
        <ele>39.9</ele>
      </trkpt>
      <trkpt lat="49.06036" lon="2.10595">
        <ele>40.0</ele>
      </trkpt>
      <trkpt lat="49.05999" lon="2.1066">
        <ele>35.5</ele>
      </trkpt>
      <trkpt lat="49.05992" lon="2.10669">
        <ele>35.6</ele>
      </trkpt>
      <trkpt lat="49.05985" lon="2.10675">
        <ele>36.6</ele>
      </trkpt>
      <trkpt lat="49.05979" lon="2.10678">
        <ele>37.2</ele>
      </trkpt>
      <trkpt lat="49.05968" lon="2.10679">
        <ele>37.8</ele>
      </trkpt>
      <trkpt lat="49.05958" lon="2.10676">
        <ele>38.0</ele>
      </trkpt>
      <trkpt lat="49.05952" lon="2.10672">
        <ele>37.9</ele>
      </trkpt>
      <trkpt lat="49.05942" lon="2.10661">
        <ele>38.0</ele>
      </trkpt>
      <trkpt lat="49.05897" lon="2.1059">
        <ele>40.4</ele>
      </trkpt>
      <trkpt lat="49.05853" lon="2.10519">
        <ele>37.3</ele>
      </trkpt>
      <trkpt lat="49.0585" lon="2.10511">
        <ele>36.7</ele>
      </trkpt>
      <trkpt lat="49.05844" lon="2.10501">
        <ele>35.6</ele>
      </trkpt>
      <trkpt lat="49.05838" lon="2.10496">
        <ele>34.8</ele>
      </trkpt>
      <trkpt lat="49.05829" lon="2.10481">
        <ele>34.8</ele>
      </trkpt>
      <trkpt lat="49.05824" lon="2.10469">
        <ele>35.3</ele>
      </trkpt>
      <trkpt lat="49.05816" lon="2.10453">
        <ele>35.7</ele>
      </trkpt>
      <trkpt lat="49.05813" lon="2.10448">
        <ele>35.7</ele>
      </trkpt>
      <trkpt lat="49.05808" lon="2.10443">
        <ele>35.7</ele>
      </trkpt>
      <trkpt lat="49.05804" lon="2.10441">
        <ele>35.6</ele>
      </trkpt>
      <trkpt lat="49.05794" lon="2.10439">
        <ele>35.4</ele>
      </trkpt>
      <trkpt lat="49.05765" lon="2.10428">
        <ele>34.3</ele>
      </trkpt>
      <trkpt lat="49.05761" lon="2.10423">
        <ele>33.9</ele>
      </trkpt>
      <trkpt lat="49.05752" lon="2.10419">
        <ele>33.3</ele>
      </trkpt>
      <trkpt lat="49.05748" lon="2.1042">
        <ele>33.2</ele>
      </trkpt>
      <trkpt lat="49.05742" lon="2.10417">
        <ele>32.7</ele>
      </trkpt>
      <trkpt lat="49.05726" lon="2.1041">
        <ele>32.2</ele>
      </trkpt>
      <trkpt lat="49.05703" lon="2.10397">
        <ele>32.0</ele>
      </trkpt>
      <trkpt lat="49.05699" lon="2.10396">
        <ele>32.0</ele>
      </trkpt>
      <trkpt lat="49.05667" lon="2.10412">
        <ele>30.3</ele>
      </trkpt>
      <trkpt lat="49.05622" lon="2.10447">
        <ele>31.9</ele>
      </trkpt>
      <trkpt lat="49.05589" lon="2.1047">
        <ele>32.0</ele>
      </trkpt>
      <trkpt lat="49.05571" lon="2.1048">
        <ele>30.9</ele>
      </trkpt>
      <trkpt lat="49.05553" lon="2.10485">
        <ele>29.7</ele>
      </trkpt>
      <trkpt lat="49.05527" lon="2.10488">
        <ele>28.4</ele>
      </trkpt>
      <trkpt lat="49.05457" lon="2.10501">
        <ele>26.5</ele>
      </trkpt>
      <trkpt lat="49.05416" lon="2.10507">
        <ele>26.3</ele>
      </trkpt>
      <trkpt lat="49.05406" lon="2.10507">
        <ele>26.3</ele>
      </trkpt>
      <trkpt lat="49.0534" lon="2.10516">
        <ele>25.9</ele>
      </trkpt>
      <trkpt lat="49.05316" lon="2.10521">
        <ele>25.9</ele>
      </trkpt>
      <trkpt lat="49.05303" lon="2.10522">
        <ele>25.9</ele>
      </trkpt>
      <trkpt lat="49.05291" lon="2.10526">
        <ele>25.9</ele>
      </trkpt>
      <trkpt lat="49.05264" lon="2.10529">
        <ele>25.9</ele>
      </trkpt>
      <trkpt lat="49.05234" lon="2.10534">
        <ele>25.6</ele>
      </trkpt>
      <trkpt lat="49.05225" lon="2.10533">
        <ele>25.5</ele>
      </trkpt>
      <trkpt lat="49.05193" lon="2.10538">
        <ele>24.9</ele>
      </trkpt>
      <trkpt lat="49.05183" lon="2.10541">
        <ele>24.7</ele>
      </trkpt>
      <trkpt lat="49.05114" lon="2.10552">
        <ele>24.1</ele>
      </trkpt>
      <trkpt lat="49.05109" lon="2.1055">
        <ele>24.2</ele>
      </trkpt>
      <trkpt lat="49.05097" lon="2.10551">
        <ele>24.2</ele>
      </trkpt>
      <trkpt lat="49.05093" lon="2.1055">
        <ele>24.2</ele>
      </trkpt>
      <trkpt lat="49.05045" lon="2.10462">
        <ele>24.1</ele>
      </trkpt>
      <trkpt lat="49.0501" lon="2.10403">
        <ele>23.7</ele>
      </trkpt>
      <trkpt lat="49.05003" lon="2.10383">
        <ele>23.9</ele>
      </trkpt>
      <trkpt lat="49.04997" lon="2.10371">
        <ele>24.1</ele>
      </trkpt>
      <trkpt lat="49.04992" lon="2.10358">
        <ele>24.3</ele>
      </trkpt>
      <trkpt lat="49.04952" lon="2.10292">
        <ele>26.1</ele>
      </trkpt>
      <trkpt lat="49.04938" lon="2.10274">
        <ele>26.9</ele>
      </trkpt>
      <trkpt lat="49.04885" lon="2.10185">
        <ele>28.8</ele>
      </trkpt>
      <trkpt lat="49.04872" lon="2.10161">
        <ele>29.2</ele>
      </trkpt>
      <trkpt lat="49.04867" lon="2.10147">
        <ele>29.8</ele>
      </trkpt>
      <trkpt lat="49.04858" lon="2.10124">
        <ele>30.8</ele>
      </trkpt>
      <trkpt lat="49.04841" lon="2.10142">
        <ele>30.0</ele>
      </trkpt>
      <trkpt lat="49.04839" lon="2.10146">
        <ele>29.9</ele>
      </trkpt>
      <trkpt lat="49.04792" lon="2.10258">
        <ele>26.6</ele>
      </trkpt>
      <trkpt lat="49.04791" lon="2.10261">
        <ele>26.5</ele>
      </trkpt>
      <trkpt lat="49.04788" lon="2.10266">
        <ele>26.4</ele>
      </trkpt>
      <trkpt lat="49.04782" lon="2.10273">
        <ele>26.1</ele>
      </trkpt>
      <trkpt lat="49.04779" lon="2.10275">
        <ele>26.0</ele>
      </trkpt>
      <trkpt lat="49.04774" lon="2.10278">
        <ele>25.8</ele>
      </trkpt>
      <trkpt lat="49.04772" lon="2.10281">
        <ele>26.0</ele>
      </trkpt>
      <trkpt lat="49.0477" lon="2.10287">
        <ele>26.2</ele>
      </trkpt>
      <trkpt lat="49.0477" lon="2.10291">
        <ele>26.4</ele>
      </trkpt>
      <trkpt lat="49.04771" lon="2.10297">
        <ele>26.5</ele>
      </trkpt>
      <trkpt lat="49.04769" lon="2.10309">
        <ele>27.0</ele>
      </trkpt>
      <trkpt lat="49.04757" lon="2.10336">
        <ele>27.9</ele>
      </trkpt>
      <trkpt lat="49.04737" lon="2.10394">
        <ele>27.2</ele>
      </trkpt>
      <trkpt lat="49.04717" lon="2.10453">
        <ele>26.9</ele>
      </trkpt>
      <trkpt lat="49.04689" lon="2.10523">
        <ele>27.2</ele>
      </trkpt>
      <trkpt lat="49.04662" lon="2.10563">
        <ele>27.2</ele>
      </trkpt>
      <trkpt lat="49.04655" lon="2.10571">
        <ele>27.1</ele>
      </trkpt>
      <trkpt lat="49.04646" lon="2.10578">
        <ele>27.0</ele>
      </trkpt>
      <trkpt lat="49.04641" lon="2.10582">
        <ele>27.0</ele>
      </trkpt>
      <trkpt lat="49.04635" lon="2.10592">
        <ele>27.2</ele>
      </trkpt>
      <trkpt lat="49.04623" lon="2.10607">
        <ele>27.4</ele>
      </trkpt>
      <trkpt lat="49.04555" lon="2.10684">
        <ele>28.3</ele>
      </trkpt>
      <trkpt lat="49.04512" lon="2.10736">
        <ele>26.7</ele>
      </trkpt>
      <trkpt lat="49.04477" lon="2.10776">
        <ele>26.9</ele>
      </trkpt>
      <trkpt lat="49.04463" lon="2.10789">
        <ele>27.7</ele>
      </trkpt>
      <trkpt lat="49.04455" lon="2.10792">
        <ele>28.2</ele>
      </trkpt>
      <trkpt lat="49.04447" lon="2.10794">
        <ele>28.7</ele>
      </trkpt>
      <trkpt lat="49.04361" lon="2.10792">
        <ele>33.9</ele>
      </trkpt>
      <trkpt lat="49.04347" lon="2.10792">
        <ele>34.7</ele>
      </trkpt>
      <trkpt lat="49.04336" lon="2.10795">
        <ele>35.7</ele>
      </trkpt>
      <trkpt lat="49.04325" lon="2.10802">
        <ele>36.6</ele>
      </trkpt>
      <trkpt lat="49.04316" lon="2.10815">
        <ele>38.0</ele>
      </trkpt>
      <trkpt lat="49.04312" lon="2.10822">
        <ele>38.6</ele>
      </trkpt>
      <trkpt lat="49.04308" lon="2.10832">
        <ele>39.6</ele>
      </trkpt>
      <trkpt lat="49.04281" lon="2.10921">
        <ele>40.1</ele>
      </trkpt>
      <trkpt lat="49.04254" lon="2.1101">
        <ele>43.3</ele>
      </trkpt>
      <trkpt lat="49.04227" lon="2.11099">
        <ele>47.0</ele>
      </trkpt>
      <trkpt lat="49.04209" lon="2.11158">
        <ele>47.9</ele>
      </trkpt>
      <trkpt lat="49.04193" lon="2.11192">
        <ele>47.5</ele>
      </trkpt>
      <trkpt lat="49.04188" lon="2.11197">
        <ele>47.4</ele>
      </trkpt>
      <trkpt lat="49.04184" lon="2.11198">
        <ele>47.3</ele>
      </trkpt>
      <trkpt lat="49.04182" lon="2.112">
        <ele>47.3</ele>
      </trkpt>
      <trkpt lat="49.04179" lon="2.11205">
        <ele>47.2</ele>
      </trkpt>
      <trkpt lat="49.04179" lon="2.11212">
        <ele>47.2</ele>
      </trkpt>
      <trkpt lat="49.04174" lon="2.11222">
        <ele>47.1</ele>
      </trkpt>
      <trkpt lat="49.04157" lon="2.11251">
        <ele>46.9</ele>
      </trkpt>
      <trkpt lat="49.04109" lon="2.11332">
        <ele>46.4</ele>
      </trkpt>
      <trkpt lat="49.0406" lon="2.11412">
        <ele>46.0</ele>
      </trkpt>
      <trkpt lat="49.04012" lon="2.11493">
        <ele>45.9</ele>
      </trkpt>
      <trkpt lat="49.03963" lon="2.11576">
        <ele>46.0</ele>
      </trkpt>
      <trkpt lat="49.03915" lon="2.11659">
        <ele>46.0</ele>
      </trkpt>
      <trkpt lat="49.03866" lon="2.11743">
        <ele>45.9</ele>
      </trkpt>
      <trkpt lat="49.03854" lon="2.1176">
        <ele>46.0</ele>
      </trkpt>
      <trkpt lat="49.03848" lon="2.11767">
        <ele>46.0</ele>
      </trkpt>
      <trkpt lat="49.03841" lon="2.11768">
        <ele>46.0</ele>
      </trkpt>
      <trkpt lat="49.03839" lon="2.1177">
        <ele>46.0</ele>
      </trkpt>
      <trkpt lat="49.03835" lon="2.11777">
        <ele>46.0</ele>
      </trkpt>
      <trkpt lat="49.03831" lon="2.1179">
        <ele>46.1</ele>
      </trkpt>
      <trkpt lat="49.03826" lon="2.11803">
        <ele>46.2</ele>
      </trkpt>
      <trkpt lat="49.0382" lon="2.11811">
        <ele>46.3</ele>
      </trkpt>
      <trkpt lat="49.03806" lon="2.11826">
        <ele>46.7</ele>
      </trkpt>
      <trkpt lat="49.03803" lon="2.11832">
        <ele>46.7</ele>
      </trkpt>
      <trkpt lat="49.03803" lon="2.11836">
        <ele>46.7</ele>
      </trkpt>
      <trkpt lat="49.03803" lon="2.11845">
        <ele>46.8</ele>
      </trkpt>
      <trkpt lat="49.03794" lon="2.11865">
        <ele>47.0</ele>
      </trkpt>
      <trkpt lat="49.03774" lon="2.11906">
        <ele>47.1</ele>
      </trkpt>
      <trkpt lat="49.03753" lon="2.11942">
        <ele>47.3</ele>
      </trkpt>
      <trkpt lat="49.03729" lon="2.11973">
        <ele>47.8</ele>
      </trkpt>
      <trkpt lat="49.03679" lon="2.12054">
        <ele>46.8</ele>
      </trkpt>
      <trkpt lat="49.03647" lon="2.12108">
        <ele>46.3</ele>
      </trkpt>
      <trkpt lat="49.03637" lon="2.12124">
        <ele>46.1</ele>
      </trkpt>
      <trkpt lat="49.0361" lon="2.12175">
        <ele>45.6</ele>
      </trkpt>
      <trkpt lat="49.0359" lon="2.12219">
        <ele>45.3</ele>
      </trkpt>
      <trkpt lat="49.03571" lon="2.1225">
        <ele>45.3</ele>
      </trkpt>
      <trkpt lat="49.03561" lon="2.12263">
        <ele>45.4</ele>
      </trkpt>
      <trkpt lat="49.03549" lon="2.12281">
        <ele>45.5</ele>
      </trkpt>
      <trkpt lat="49.03539" lon="2.12284">
        <ele>45.7</ele>
      </trkpt>
      <trkpt lat="49.03535" lon="2.12282">
        <ele>45.8</ele>
      </trkpt>
      <trkpt lat="49.03528" lon="2.12282">
        <ele>45.9</ele>
      </trkpt>
      <trkpt lat="49.03523" lon="2.12285">
        <ele>46.0</ele>
      </trkpt>
      <trkpt lat="49.03518" lon="2.12291">
        <ele>46.1</ele>
      </trkpt>
      <trkpt lat="49.03516" lon="2.12295">
        <ele>46.1</ele>
      </trkpt>
      <trkpt lat="49.03514" lon="2.12304">
        <ele>46.0</ele>
      </trkpt>
      <trkpt lat="49.03514" lon="2.1231">
        <ele>45.9</ele>
      </trkpt>
      <trkpt lat="49.03516" lon="2.1232">
        <ele>45.8</ele>
      </trkpt>
      <trkpt lat="49.03518" lon="2.12325">
        <ele>45.7</ele>
      </trkpt>
      <trkpt lat="49.03517" lon="2.12334">
        <ele>45.6</ele>
      </trkpt>
      <trkpt lat="49.03514" lon="2.12341">
        <ele>45.5</ele>
      </trkpt>
      <trkpt lat="49.03497" lon="2.12375">
        <ele>45.6</ele>
      </trkpt>
      <trkpt lat="49.03491" lon="2.12385">
        <ele>45.7</ele>
      </trkpt>
      <trkpt lat="49.03477" lon="2.12407">
        <ele>45.8</ele>
      </trkpt>
      <trkpt lat="49.0344" lon="2.1247">
        <ele>46.2</ele>
      </trkpt>
      <trkpt lat="49.0343" lon="2.12481">
        <ele>46.5</ele>
      </trkpt>
      <trkpt lat="49.03422" lon="2.12492">
        <ele>46.8</ele>
      </trkpt>
      <trkpt lat="49.03379" lon="2.12564">
        <ele>46.2</ele>
      </trkpt>
      <trkpt lat="49.0333" lon="2.12646">
        <ele>46.1</ele>
      </trkpt>
      <trkpt lat="49.03281" lon="2.12729">
        <ele>48.0</ele>
      </trkpt>
      <trkpt lat="49.03275" lon="2.12737">
        <ele>48.2</ele>
      </trkpt>
      <trkpt lat="49.03258" lon="2.12756">
        <ele>48.7</ele>
      </trkpt>
      <trkpt lat="49.03213" lon="2.128">
        <ele>47.0</ele>
      </trkpt>
      <trkpt lat="49.03211" lon="2.12805">
        <ele>46.9</ele>
      </trkpt>
      <trkpt lat="49.03212" lon="2.12813">
        <ele>46.8</ele>
      </trkpt>
      <trkpt lat="49.03215" lon="2.12819">
        <ele>46.8</ele>
      </trkpt>
      <trkpt lat="49.03225" lon="2.12828">
        <ele>46.8</ele>
      </trkpt>
      <trkpt lat="49.03235" lon="2.12841">
        <ele>46.7</ele>
      </trkpt>
      <trkpt lat="49.0323" lon="2.12847">
        <ele>46.5</ele>
      </trkpt>
      <trkpt lat="49.03222" lon="2.12847">
        <ele>46.4</ele>
      </trkpt>
      <trkpt lat="49.03216" lon="2.12852">
        <ele>46.3</ele>
      </trkpt>
      <trkpt lat="49.03194" lon="2.12882">
        <ele>45.9</ele>
      </trkpt>
      <trkpt lat="49.03189" lon="2.12881">
        <ele>46.0</ele>
      </trkpt>
      <trkpt lat="49.03186" lon="2.12883">
        <ele>46.0</ele>
      </trkpt>
      <trkpt lat="49.03135" lon="2.12952">
        <ele>46.0</ele>
      </trkpt>
      <trkpt lat="49.03083" lon="2.13021">
        <ele>45.8</ele>
      </trkpt>
      <trkpt lat="49.03032" lon="2.1309">
        <ele>45.5</ele>
      </trkpt>
      <trkpt lat="49.0298" lon="2.1316">
        <ele>44.4</ele>
      </trkpt>
      <trkpt lat="49.02916" lon="2.13247">
        <ele>45.0</ele>
      </trkpt>
      <trkpt lat="49.02851" lon="2.13334">
        <ele>44.8</ele>
      </trkpt>
      <trkpt lat="49.02791" lon="2.13423">
        <ele>43.7</ele>
      </trkpt>
      <trkpt lat="49.02752" lon="2.1349">
        <ele>41.4</ele>
      </trkpt>
      <trkpt lat="49.02713" lon="2.13557">
        <ele>38.8</ele>
      </trkpt>
      <trkpt lat="49.02653" lon="2.13657">
        <ele>38.6</ele>
      </trkpt>
      <trkpt lat="49.02623" lon="2.13709">
        <ele>38.8</ele>
      </trkpt>
      <trkpt lat="49.02594" lon="2.13761">
        <ele>39.6</ele>
      </trkpt>
      <trkpt lat="49.0255" lon="2.13836">
        <ele>40.8</ele>
      </trkpt>
      <trkpt lat="49.02506" lon="2.13911">
        <ele>41.9</ele>
      </trkpt>
      <trkpt lat="49.02462" lon="2.13986">
        <ele>41.5</ele>
      </trkpt>
      <trkpt lat="49.02416" lon="2.14065">
        <ele>42.0</ele>
      </trkpt>
      <trkpt lat="49.0237" lon="2.14145">
        <ele>42.9</ele>
      </trkpt>
      <trkpt lat="49.02324" lon="2.14224">
        <ele>44.1</ele>
      </trkpt>
      <trkpt lat="49.02305" lon="2.14254">
        <ele>44.4</ele>
      </trkpt>
      <trkpt lat="49.02297" lon="2.14269">
        <ele>44.5</ele>
      </trkpt>
      <trkpt lat="49.02293" lon="2.14285">
        <ele>44.7</ele>
      </trkpt>
      <trkpt lat="49.02292" lon="2.1429">
        <ele>44.7</ele>
      </trkpt>
      <trkpt lat="49.0229" lon="2.14292">
        <ele>44.8</ele>
      </trkpt>
      <trkpt lat="49.02286" lon="2.14284">
        <ele>44.8</ele>
      </trkpt>
      <trkpt lat="49.02283" lon="2.14282">
        <ele>44.8</ele>
      </trkpt>
      <trkpt lat="49.02284" lon="2.14271">
        <ele>44.7</ele>
      </trkpt>
      <trkpt lat="49.02282" lon="2.14262">
        <ele>44.7</ele>
      </trkpt>
      <trkpt lat="49.02279" lon="2.14256">
        <ele>44.7</ele>
      </trkpt>
      <trkpt lat="49.02275" lon="2.14252">
        <ele>44.7</ele>
      </trkpt>
      <trkpt lat="49.02271" lon="2.1425">
        <ele>44.7</ele>
      </trkpt>
      <trkpt lat="49.02267" lon="2.14249">
        <ele>44.8</ele>
      </trkpt>
      <trkpt lat="49.02262" lon="2.1425">
        <ele>44.9</ele>
      </trkpt>
      <trkpt lat="49.02259" lon="2.14252">
        <ele>44.9</ele>
      </trkpt>
      <trkpt lat="49.02236" lon="2.14292">
        <ele>45.6</ele>
      </trkpt>
      <trkpt lat="49.02234" lon="2.14299">
        <ele>45.7</ele>
      </trkpt>
      <trkpt lat="49.02234" lon="2.14308">
        <ele>45.8</ele>
      </trkpt>
      <trkpt lat="49.02235" lon="2.14316">
        <ele>45.8</ele>
      </trkpt>
      <trkpt lat="49.02238" lon="2.14321">
        <ele>45.9</ele>
      </trkpt>
      <trkpt lat="49.02236" lon="2.14336">
        <ele>45.9</ele>
      </trkpt>
      <trkpt lat="49.02228" lon="2.14359">
        <ele>45.5</ele>
      </trkpt>
      <trkpt lat="49.02219" lon="2.14378">
        <ele>45.1</ele>
      </trkpt>
      <trkpt lat="49.02171" lon="2.14461">
        <ele>44.9</ele>
      </trkpt>
      <trkpt lat="49.02123" lon="2.14545">
        <ele>45.8</ele>
      </trkpt>
      <trkpt lat="49.02091" lon="2.14598">
        <ele>46.7</ele>
      </trkpt>
      <trkpt lat="49.02074" lon="2.14624">
        <ele>47.3</ele>
      </trkpt>
      <trkpt lat="49.0204" lon="2.14681">
        <ele>47.7</ele>
      </trkpt>
      <trkpt lat="49.02007" lon="2.14739">
        <ele>47.1</ele>
      </trkpt>
      <trkpt lat="49.01989" lon="2.14776">
        <ele>47.3</ele>
      </trkpt>
      <trkpt lat="49.01933" lon="2.14871">
        <ele>48.9</ele>
      </trkpt>
      <trkpt lat="49.01878" lon="2.14966">
        <ele>52.2</ele>
      </trkpt>
      <trkpt lat="49.01823" lon="2.15061">
        <ele>54.3</ele>
      </trkpt>
      <trkpt lat="49.01768" lon="2.15156">
        <ele>57.7</ele>
      </trkpt>
      <trkpt lat="49.01713" lon="2.15251">
        <ele>62.3</ele>
      </trkpt>
      <trkpt lat="49.01657" lon="2.15346">
        <ele>65.2</ele>
      </trkpt>
      <trkpt lat="49.01603" lon="2.15442">
        <ele>67.5</ele>
      </trkpt>
      <trkpt lat="49.01546" lon="2.15542">
        <ele>69.1</ele>
      </trkpt>
      <trkpt lat="49.01488" lon="2.15641">
        <ele>70.8</ele>
      </trkpt>
      <trkpt lat="49.01431" lon="2.1574">
        <ele>72.6</ele>
      </trkpt>
      <trkpt lat="49.01428" lon="2.15745">
        <ele>72.6</ele>
      </trkpt>
      <trkpt lat="49.01423" lon="2.15745">
        <ele>72.8</ele>
      </trkpt>
      <trkpt lat="49.01421" lon="2.15746">
        <ele>72.9</ele>
      </trkpt>
      <trkpt lat="49.01417" lon="2.1575">
        <ele>73.0</ele>
      </trkpt>
      <trkpt lat="49.01414" lon="2.15756">
        <ele>72.7</ele>
      </trkpt>
      <trkpt lat="49.01414" lon="2.15766">
        <ele>72.3</ele>
      </trkpt>
      <trkpt lat="49.01411" lon="2.15773">
        <ele>72.0</ele>
      </trkpt>
      <trkpt lat="49.01402" lon="2.1579">
        <ele>71.4</ele>
      </trkpt>
      <trkpt lat="49.01348" lon="2.15884">
        <ele>70.3</ele>
      </trkpt>
      <trkpt lat="49.01294" lon="2.15978">
        <ele>70.4</ele>
      </trkpt>
      <trkpt lat="49.01239" lon="2.16072">
        <ele>70.7</ele>
      </trkpt>
      <trkpt lat="49.01185" lon="2.16166">
        <ele>70.6</ele>
      </trkpt>
      <trkpt lat="49.01131" lon="2.1626">
        <ele>70.2</ele>
      </trkpt>
      <trkpt lat="49.01123" lon="2.16271">
        <ele>70.2</ele>
      </trkpt>
      <trkpt lat="49.01112" lon="2.16283">
        <ele>70.1</ele>
      </trkpt>
      <trkpt lat="49.01107" lon="2.16288">
        <ele>70.1</ele>
      </trkpt>
      <trkpt lat="49.011" lon="2.16289">
        <ele>70.2</ele>
      </trkpt>
      <trkpt lat="49.01089" lon="2.16288">
        <ele>70.4</ele>
      </trkpt>
      <trkpt lat="49.01082" lon="2.16284">
        <ele>70.6</ele>
      </trkpt>
      <trkpt lat="49.01075" lon="2.16278">
        <ele>70.9</ele>
      </trkpt>
      <trkpt lat="49.01073" lon="2.16282">
        <ele>70.9</ele>
      </trkpt>
      <trkpt lat="49.01056" lon="2.16303">
        <ele>71.3</ele>
      </trkpt>
      <trkpt lat="49.01055" lon="2.16307">
        <ele>71.4</ele>
      </trkpt>
      <trkpt lat="49.01057" lon="2.16317">
        <ele>71.3</ele>
      </trkpt>
      <trkpt lat="49.01056" lon="2.16334">
        <ele>71.3</ele>
      </trkpt>
      <trkpt lat="49.01057" lon="2.1635">
        <ele>71.2</ele>
      </trkpt>
      <trkpt lat="49.01057" lon="2.16364">
        <ele>71.1</ele>
      </trkpt>
      <trkpt lat="49.01054" lon="2.16384">
        <ele>71.2</ele>
      </trkpt>
      <trkpt lat="49.01013" lon="2.16459">
        <ele>70.4</ele>
      </trkpt>
      <trkpt lat="49.00967" lon="2.16538">
        <ele>69.1</ele>
      </trkpt>
      <trkpt lat="49.00921" lon="2.16618">
        <ele>68.9</ele>
      </trkpt>
      <trkpt lat="49.00875" lon="2.16697">
        <ele>69.5</ele>
      </trkpt>
      <trkpt lat="49.00867" lon="2.16705">
        <ele>69.8</ele>
      </trkpt>
      <trkpt lat="49.00859" lon="2.1671">
        <ele>70.1</ele>
      </trkpt>
      <trkpt lat="49.00856" lon="2.16716">
        <ele>70.2</ele>
      </trkpt>
      <trkpt lat="49.00848" lon="2.16717">
        <ele>70.5</ele>
      </trkpt>
      <trkpt lat="49.00845" lon="2.16719">
        <ele>70.6</ele>
      </trkpt>
      <trkpt lat="49.00838" lon="2.16726">
        <ele>70.8</ele>
      </trkpt>
      <trkpt lat="49.00834" lon="2.16736">
        <ele>71.0</ele>
      </trkpt>
      <trkpt lat="49.00833" lon="2.16745">
        <ele>71.0</ele>
      </trkpt>
      <trkpt lat="49.00834" lon="2.16758">
        <ele>71.2</ele>
      </trkpt>
      <trkpt lat="49.00833" lon="2.16771">
        <ele>71.5</ele>
      </trkpt>
      <trkpt lat="49.00831" lon="2.16779">
        <ele>71.8</ele>
      </trkpt>
      <trkpt lat="49.00784" lon="2.16863">
        <ele>74.5</ele>
      </trkpt>
      <trkpt lat="49.00739" lon="2.16948">
        <ele>74.2</ele>
      </trkpt>
      <trkpt lat="49.00694" lon="2.17034">
        <ele>74.4</ele>
      </trkpt>
      <trkpt lat="49.00649" lon="2.17119">
        <ele>75.2</ele>
      </trkpt>
      <trkpt lat="49.00604" lon="2.17204">
        <ele>74.6</ele>
      </trkpt>
      <trkpt lat="49.00558" lon="2.1729">
        <ele>74.2</ele>
      </trkpt>
      <trkpt lat="49.00522" lon="2.17357">
        <ele>73.8</ele>
      </trkpt>
      <trkpt lat="49.00487" lon="2.17423">
        <ele>73.0</ele>
      </trkpt>
      <trkpt lat="49.00465" lon="2.17468">
        <ele>73.0</ele>
      </trkpt>
      <trkpt lat="49.00427" lon="2.17539">
        <ele>72.5</ele>
      </trkpt>
      <trkpt lat="49.00389" lon="2.17611">
        <ele>71.8</ele>
      </trkpt>
      <trkpt lat="49.00351" lon="2.17682">
        <ele>72.0</ele>
      </trkpt>
      <trkpt lat="49.00344" lon="2.17694">
        <ele>72.0</ele>
      </trkpt>
      <trkpt lat="49.00336" lon="2.17701">
        <ele>72.0</ele>
      </trkpt>
      <trkpt lat="49.00329" lon="2.17701">
        <ele>72.0</ele>
      </trkpt>
      <trkpt lat="49.00324" lon="2.17703">
        <ele>71.9</ele>
      </trkpt>
      <trkpt lat="49.00319" lon="2.17709">
        <ele>71.9</ele>
      </trkpt>
      <trkpt lat="49.00316" lon="2.17716">
        <ele>71.9</ele>
      </trkpt>
      <trkpt lat="49.00315" lon="2.1772">
        <ele>71.9</ele>
      </trkpt>
      <trkpt lat="49.00314" lon="2.17731">
        <ele>71.9</ele>
      </trkpt>
      <trkpt lat="49.00316" lon="2.17738">
        <ele>72.0</ele>
      </trkpt>
      <trkpt lat="49.00314" lon="2.17752">
        <ele>72.0</ele>
      </trkpt>
      <trkpt lat="49.00303" lon="2.17774">
        <ele>71.8</ele>
      </trkpt>
      <trkpt lat="49.00261" lon="2.17851">
        <ele>71.7</ele>
      </trkpt>
      <trkpt lat="49.0022" lon="2.17929">
        <ele>70.8</ele>
      </trkpt>
      <trkpt lat="49.00179" lon="2.18006">
        <ele>69.1</ele>
      </trkpt>
      <trkpt lat="49.00133" lon="2.18087">
        <ele>67.6</ele>
      </trkpt>
      <trkpt lat="49.00082" lon="2.18181">
        <ele>66.8</ele>
      </trkpt>
      <trkpt lat="49.00037" lon="2.18269">
        <ele>67.1</ele>
      </trkpt>
      <trkpt lat="48.99992" lon="2.18357">
        <ele>68.0</ele>
      </trkpt>
      <trkpt lat="48.99946" lon="2.18445">
        <ele>68.7</ele>
      </trkpt>
      <trkpt lat="48.999" lon="2.18532">
        <ele>69.4</ele>
      </trkpt>
      <trkpt lat="48.9987" lon="2.18578">
        <ele>70.1</ele>
      </trkpt>
      <trkpt lat="48.9985" lon="2.18613">
        <ele>70.5</ele>
      </trkpt>
      <trkpt lat="48.99836" lon="2.18646">
        <ele>70.9</ele>
      </trkpt>
      <trkpt lat="48.99803" lon="2.18704">
        <ele>71.6</ele>
      </trkpt>
      <trkpt lat="48.99792" lon="2.18718">
        <ele>71.7</ele>
      </trkpt>
      <trkpt lat="48.99789" lon="2.18719">
        <ele>71.7</ele>
      </trkpt>
      <trkpt lat="48.99784" lon="2.18723">
        <ele>71.8</ele>
      </trkpt>
      <trkpt lat="48.99779" lon="2.18732">
        <ele>71.8</ele>
      </trkpt>
      <trkpt lat="48.99777" lon="2.18736">
        <ele>71.8</ele>
      </trkpt>
      <trkpt lat="48.99776" lon="2.18742">
        <ele>71.8</ele>
      </trkpt>
      <trkpt lat="48.99776" lon="2.18753">
        <ele>71.7</ele>
      </trkpt>
      <trkpt lat="48.99777" lon="2.1876">
        <ele>71.6</ele>
      </trkpt>
      <trkpt lat="48.99773" lon="2.18777">
        <ele>71.4</ele>
      </trkpt>
      <trkpt lat="48.99724" lon="2.18869">
        <ele>71.6</ele>
      </trkpt>
      <trkpt lat="48.99676" lon="2.1896">
        <ele>71.3</ele>
      </trkpt>
      <trkpt lat="48.99627" lon="2.19052">
        <ele>72.8</ele>
      </trkpt>
      <trkpt lat="48.99579" lon="2.19143">
        <ele>74.1</ele>
      </trkpt>
      <trkpt lat="48.99532" lon="2.19234">
        <ele>74.6</ele>
      </trkpt>
      <trkpt lat="48.99496" lon="2.1931">
        <ele>74.5</ele>
      </trkpt>
      <trkpt lat="48.99461" lon="2.19387">
        <ele>75.9</ele>
      </trkpt>
      <trkpt lat="48.99426" lon="2.19463">
        <ele>76.5</ele>
      </trkpt>
      <trkpt lat="48.99401" lon="2.19515">
        <ele>76.5</ele>
      </trkpt>
      <trkpt lat="48.99375" lon="2.19572">
        <ele>76.7</ele>
      </trkpt>
      <trkpt lat="48.9934" lon="2.19651">
        <ele>79.3</ele>
      </trkpt>
      <trkpt lat="48.99311" lon="2.19715">
        <ele>79.9</ele>
      </trkpt>
      <trkpt lat="48.99282" lon="2.1978">
        <ele>79.7</ele>
      </trkpt>
      <trkpt lat="48.99274" lon="2.19791">
        <ele>79.9</ele>
      </trkpt>
      <trkpt lat="48.99264" lon="2.19799">
        <ele>80.2</ele>
      </trkpt>
      <trkpt lat="48.99258" lon="2.19799">
        <ele>80.4</ele>
      </trkpt>
      <trkpt lat="48.99254" lon="2.19801">
        <ele>80.6</ele>
      </trkpt>
      <trkpt lat="48.99248" lon="2.19807">
        <ele>80.7</ele>
      </trkpt>
      <trkpt lat="48.99245" lon="2.19816">
        <ele>80.6</ele>
      </trkpt>
      <trkpt lat="48.99244" lon="2.19826">
        <ele>80.4</ele>
      </trkpt>
      <trkpt lat="48.99246" lon="2.19837">
        <ele>80.1</ele>
      </trkpt>
      <trkpt lat="48.99244" lon="2.1985">
        <ele>80.2</ele>
      </trkpt>
      <trkpt lat="48.99242" lon="2.19858">
        <ele>80.3</ele>
      </trkpt>
      <trkpt lat="48.992" lon="2.19952">
        <ele>81.5</ele>
      </trkpt>
      <trkpt lat="48.99158" lon="2.20046">
        <ele>81.2</ele>
      </trkpt>
      <trkpt lat="48.99116" lon="2.2014">
        <ele>83.2</ele>
      </trkpt>
      <trkpt lat="48.99074" lon="2.20234">
        <ele>85.1</ele>
      </trkpt>
      <trkpt lat="48.99032" lon="2.20327">
        <ele>85.9</ele>
      </trkpt>
      <trkpt lat="48.99015" lon="2.2036">
        <ele>86.5</ele>
      </trkpt>
      <trkpt lat="48.99006" lon="2.20373">
        <ele>86.8</ele>
      </trkpt>
      <trkpt lat="48.98995" lon="2.20385">
        <ele>87.0</ele>
      </trkpt>
      <trkpt lat="48.9899" lon="2.20389">
        <ele>87.0</ele>
      </trkpt>
      <trkpt lat="48.98984" lon="2.2039">
        <ele>87.1</ele>
      </trkpt>
      <trkpt lat="48.98977" lon="2.20387">
        <ele>87.1</ele>
      </trkpt>
      <trkpt lat="48.98974" lon="2.20386">
        <ele>87.1</ele>
      </trkpt>
      <trkpt lat="48.98968" lon="2.20387">
        <ele>87.1</ele>
      </trkpt>
      <trkpt lat="48.98961" lon="2.20392">
        <ele>87.2</ele>
      </trkpt>
      <trkpt lat="48.98957" lon="2.20398">
        <ele>87.3</ele>
      </trkpt>
      <trkpt lat="48.98954" lon="2.20405">
        <ele>87.4</ele>
      </trkpt>
      <trkpt lat="48.98953" lon="2.20412">
        <ele>87.5</ele>
      </trkpt>
      <trkpt lat="48.98953" lon="2.20419">
        <ele>87.6</ele>
      </trkpt>
      <trkpt lat="48.98953" lon="2.20427">
        <ele>87.6</ele>
      </trkpt>
      <trkpt lat="48.98956" lon="2.20435">
        <ele>87.6</ele>
      </trkpt>
      <trkpt lat="48.98961" lon="2.20443">
        <ele>87.4</ele>
      </trkpt>
      <trkpt lat="48.98967" lon="2.20448">
        <ele>87.2</ele>
      </trkpt>
      <trkpt lat="48.98974" lon="2.2045">
        <ele>87.0</ele>
      </trkpt>
      <trkpt lat="48.98981" lon="2.20448">
        <ele>86.8</ele>
      </trkpt>
      <trkpt lat="48.98987" lon="2.20457">
        <ele>86.5</ele>
      </trkpt>
      <trkpt lat="48.98984" lon="2.20471">
        <ele>86.4</ele>
      </trkpt>
      <trkpt lat="48.9898" lon="2.20478">
        <ele>86.5</ele>
      </trkpt>
      <trkpt lat="48.98948" lon="2.20552">
        <ele>87.5</ele>
      </trkpt>
      <trkpt lat="48.98944" lon="2.20567">
        <ele>87.6</ele>
      </trkpt>
      <trkpt lat="48.98912" lon="2.2065">
        <ele>87.6</ele>
      </trkpt>
      <trkpt lat="48.9888" lon="2.20733">
        <ele>87.0</ele>
      </trkpt>
      <trkpt lat="48.98844" lon="2.20831">
        <ele>86.7</ele>
      </trkpt>
      <trkpt lat="48.98827" lon="2.20908">
        <ele>84.6</ele>
      </trkpt>
      <trkpt lat="48.98819" lon="2.20912">
        <ele>84.7</ele>
      </trkpt>
      <trkpt lat="48.98812" lon="2.20917">
        <ele>84.8</ele>
      </trkpt>
      <trkpt lat="48.98804" lon="2.20926">
        <ele>84.9</ele>
      </trkpt>
      <trkpt lat="48.98802" lon="2.2093">
        <ele>84.9</ele>
      </trkpt>
      <trkpt lat="48.98802" lon="2.20935">
        <ele>84.8</ele>
      </trkpt>
      <trkpt lat="48.98805" lon="2.20941">
        <ele>84.6</ele>
      </trkpt>
      <trkpt lat="48.98806" lon="2.20947">
        <ele>84.5</ele>
      </trkpt>
      <trkpt lat="48.9879" lon="2.21016">
        <ele>84.2</ele>
      </trkpt>
      <trkpt lat="48.9878" lon="2.21073">
        <ele>84.9</ele>
      </trkpt>
      <trkpt lat="48.9878" lon="2.21079">
        <ele>85.0</ele>
      </trkpt>
      <trkpt lat="48.98783" lon="2.21083">
        <ele>85.0</ele>
      </trkpt>
      <trkpt lat="48.98772" lon="2.21158">
        <ele>86.3</ele>
      </trkpt>
      <trkpt lat="48.98773" lon="2.21164">
        <ele>86.4</ele>
      </trkpt>
      <trkpt lat="48.98776" lon="2.21166">
        <ele>86.4</ele>
      </trkpt>
      <trkpt lat="48.98771" lon="2.21212">
        <ele>86.9</ele>
      </trkpt>
      <trkpt lat="48.9876" lon="2.21281">
        <ele>87.6</ele>
      </trkpt>
      <trkpt lat="48.9875" lon="2.2135">
        <ele>88.0</ele>
      </trkpt>
      <trkpt lat="48.98747" lon="2.21363">
        <ele>88.1</ele>
      </trkpt>
      <trkpt lat="48.9874" lon="2.2141">
        <ele>88.4</ele>
      </trkpt>
      <trkpt lat="48.98727" lon="2.21518">
        <ele>86.3</ele>
      </trkpt>
      <trkpt lat="48.98714" lon="2.21629">
        <ele>82.2</ele>
      </trkpt>
      <trkpt lat="48.98701" lon="2.21741">
        <ele>77.5</ele>
      </trkpt>
      <trkpt lat="48.98688" lon="2.21852">
        <ele>75.1</ele>
      </trkpt>
      <trkpt lat="48.98689" lon="2.2187">
        <ele>74.4</ele>
      </trkpt>
      <trkpt lat="48.98684" lon="2.21912">
        <ele>73.0</ele>
      </trkpt>
      <trkpt lat="48.98672" lon="2.21914">
        <ele>73.0</ele>
      </trkpt>
      <trkpt lat="48.98672" lon="2.21923">
        <ele>72.9</ele>
      </trkpt>
      <trkpt lat="48.98664" lon="2.22004">
        <ele>72.1</ele>
      </trkpt>
      <trkpt lat="48.98655" lon="2.22085">
        <ele>72.0</ele>
      </trkpt>
      <trkpt lat="48.98654" lon="2.221">
        <ele>72.0</ele>
      </trkpt>
      <trkpt lat="48.98628" lon="2.22224">
        <ele>71.1</ele>
      </trkpt>
      <trkpt lat="48.98617" lon="2.22265">
        <ele>69.6</ele>
      </trkpt>
      <trkpt lat="48.98604" lon="2.22307">
        <ele>68.1</ele>
      </trkpt>
      <trkpt lat="48.98589" lon="2.22344">
        <ele>67.1</ele>
      </trkpt>
      <trkpt lat="48.98549" lon="2.22422">
        <ele>68.0</ele>
      </trkpt>
      <trkpt lat="48.9851" lon="2.225">
        <ele>67.9</ele>
      </trkpt>
      <trkpt lat="48.98475" lon="2.22571">
        <ele>68.9</ele>
      </trkpt>
      <trkpt lat="48.9846" lon="2.22594">
        <ele>69.9</ele>
      </trkpt>
      <trkpt lat="48.98452" lon="2.22611">
        <ele>70.5</ele>
      </trkpt>
      <trkpt lat="48.98446" lon="2.22624">
        <ele>70.9</ele>
      </trkpt>
      <trkpt lat="48.98439" lon="2.22639">
        <ele>71.4</ele>
      </trkpt>
      <trkpt lat="48.98417" lon="2.22702">
        <ele>71.3</ele>
      </trkpt>
      <trkpt lat="48.984" lon="2.22747">
        <ele>70.1</ele>
      </trkpt>
      <trkpt lat="48.98366" lon="2.22846">
        <ele>73.1</ele>
      </trkpt>
      <trkpt lat="48.98361" lon="2.22859">
        <ele>73.4</ele>
      </trkpt>
      <trkpt lat="48.98347" lon="2.22898">
        <ele>74.3</ele>
      </trkpt>
      <trkpt lat="48.98342" lon="2.22918">
        <ele>74.6</ele>
      </trkpt>
      <trkpt lat="48.98335" lon="2.22949">
        <ele>74.6</ele>
      </trkpt>
      <trkpt lat="48.98323" lon="2.23006">
        <ele>74.7</ele>
      </trkpt>
      <trkpt lat="48.98319" lon="2.23013">
        <ele>74.9</ele>
      </trkpt>
      <trkpt lat="48.98315" lon="2.23018">
        <ele>75.1</ele>
      </trkpt>
      <trkpt lat="48.98312" lon="2.23019">
        <ele>75.3</ele>
      </trkpt>
      <trkpt lat="48.98309" lon="2.23022">
        <ele>75.4</ele>
      </trkpt>
      <trkpt lat="48.98307" lon="2.23026">
        <ele>75.5</ele>
      </trkpt>
      <trkpt lat="48.98305" lon="2.23031">
        <ele>75.6</ele>
      </trkpt>
      <trkpt lat="48.98306" lon="2.23038">
        <ele>75.5</ele>
      </trkpt>
      <trkpt lat="48.98301" lon="2.23051">
        <ele>75.6</ele>
      </trkpt>
      <trkpt lat="48.98293" lon="2.23066">
        <ele>75.7</ele>
      </trkpt>
      <trkpt lat="48.98256" lon="2.23122">
        <ele>76.4</ele>
      </trkpt>
      <trkpt lat="48.98216" lon="2.23185">
        <ele>77.2</ele>
      </trkpt>
      <trkpt lat="48.98158" lon="2.23272">
        <ele>75.1</ele>
      </trkpt>
      <trkpt lat="48.98111" lon="2.23347">
        <ele>74.7</ele>
      </trkpt>
      <trkpt lat="48.98065" lon="2.23422">
        <ele>73.5</ele>
      </trkpt>
      <trkpt lat="48.98018" lon="2.23497">
        <ele>72.7</ele>
      </trkpt>
      <trkpt lat="48.98009" lon="2.23516">
        <ele>72.2</ele>
      </trkpt>
      <trkpt lat="48.9798" lon="2.23598">
        <ele>69.7</ele>
      </trkpt>
      <trkpt lat="48.9795" lon="2.2368">
        <ele>68.3</ele>
      </trkpt>
      <trkpt lat="48.97949" lon="2.23685">
        <ele>68.2</ele>
      </trkpt>
      <trkpt lat="48.97945" lon="2.23713">
        <ele>67.5</ele>
      </trkpt>
      <trkpt lat="48.97941" lon="2.23726">
        <ele>67.3</ele>
      </trkpt>
      <trkpt lat="48.97929" lon="2.23733">
        <ele>67.3</ele>
      </trkpt>
      <trkpt lat="48.97927" lon="2.23741">
        <ele>67.1</ele>
      </trkpt>
      <trkpt lat="48.97926" lon="2.23749">
        <ele>66.9</ele>
      </trkpt>
      <trkpt lat="48.97925" lon="2.23756">
        <ele>66.8</ele>
      </trkpt>
      <trkpt lat="48.9792" lon="2.2377">
        <ele>66.7</ele>
      </trkpt>
      <trkpt lat="48.97903" lon="2.23812">
        <ele>66.4</ele>
      </trkpt>
      <trkpt lat="48.97878" lon="2.23882">
        <ele>67.4</ele>
      </trkpt>
      <trkpt lat="48.97862" lon="2.23934">
        <ele>68.1</ele>
      </trkpt>
      <trkpt lat="48.97859" lon="2.23936">
        <ele>68.1</ele>
      </trkpt>
      <trkpt lat="48.97824" lon="2.24032">
        <ele>68.0</ele>
      </trkpt>
      <trkpt lat="48.97789" lon="2.24128">
        <ele>65.2</ele>
      </trkpt>
      <trkpt lat="48.97781" lon="2.24148">
        <ele>64.8</ele>
      </trkpt>
      <trkpt lat="48.97747" lon="2.24242">
        <ele>65.0</ele>
      </trkpt>
      <trkpt lat="48.97722" lon="2.24309">
        <ele>63.9</ele>
      </trkpt>
      <trkpt lat="48.97714" lon="2.24339">
        <ele>63.4</ele>
      </trkpt>
      <trkpt lat="48.97708" lon="2.24353">
        <ele>63.5</ele>
      </trkpt>
      <trkpt lat="48.97703" lon="2.24361">
        <ele>63.6</ele>
      </trkpt>
      <trkpt lat="48.97671" lon="2.2445">
        <ele>63.5</ele>
      </trkpt>
      <trkpt lat="48.97638" lon="2.24539">
        <ele>63.6</ele>
      </trkpt>
      <trkpt lat="48.97606" lon="2.24629">
        <ele>64.3</ele>
      </trkpt>
      <trkpt lat="48.97594" lon="2.24653">
        <ele>65.1</ele>
      </trkpt>
      <trkpt lat="48.97569" lon="2.24723">
        <ele>65.0</ele>
      </trkpt>
      <trkpt lat="48.97544" lon="2.24792">
        <ele>65.1</ele>
      </trkpt>
      <trkpt lat="48.97542" lon="2.24798">
        <ele>65.2</ele>
      </trkpt>
      <trkpt lat="48.97503" lon="2.24903">
        <ele>66.0</ele>
      </trkpt>
      <trkpt lat="48.97503" lon="2.24907">
        <ele>66.0</ele>
      </trkpt>
      <trkpt lat="48.97504" lon="2.24911">
        <ele>65.9</ele>
      </trkpt>
      <trkpt lat="48.97511" lon="2.24917">
        <ele>65.5</ele>
      </trkpt>
      <trkpt lat="48.97513" lon="2.24919">
        <ele>65.4</ele>
      </trkpt>
      <trkpt lat="48.97513" lon="2.24923">
        <ele>65.4</ele>
      </trkpt>
      <trkpt lat="48.97495" lon="2.24974">
        <ele>66.2</ele>
      </trkpt>
      <trkpt lat="48.97479" lon="2.25021">
        <ele>66.6</ele>
      </trkpt>
      <trkpt lat="48.97475" lon="2.25034">
        <ele>66.6</ele>
      </trkpt>
      <trkpt lat="48.97459" lon="2.25082">
        <ele>66.5</ele>
      </trkpt>
      <trkpt lat="48.97456" lon="2.25089">
        <ele>66.3</ele>
      </trkpt>
      <trkpt lat="48.97432" lon="2.25154">
        <ele>64.0</ele>
      </trkpt>
      <trkpt lat="48.97408" lon="2.25219">
        <ele>61.3</ele>
      </trkpt>
      <trkpt lat="48.97379" lon="2.25288">
        <ele>60.2</ele>
      </trkpt>
      <trkpt lat="48.97368" lon="2.25309">
        <ele>60.0</ele>
      </trkpt>
      <trkpt lat="48.97342" lon="2.25365">
        <ele>59.2</ele>
      </trkpt>
      <trkpt lat="48.97316" lon="2.25421">
        <ele>58.2</ele>
      </trkpt>
      <trkpt lat="48.9731" lon="2.25414">
        <ele>58.4</ele>
      </trkpt>
      <trkpt lat="48.97295" lon="2.25451">
        <ele>58.8</ele>
      </trkpt>
      <trkpt lat="48.97249" lon="2.25548">
        <ele>59.9</ele>
      </trkpt>
      <trkpt lat="48.97237" lon="2.25572">
        <ele>59.6</ele>
      </trkpt>
      <trkpt lat="48.97214" lon="2.25627">
        <ele>58.7</ele>
      </trkpt>
      <trkpt lat="48.97178" lon="2.25726">
        <ele>58.1</ele>
      </trkpt>
      <trkpt lat="48.97177" lon="2.25741">
        <ele>57.8</ele>
      </trkpt>
      <trkpt lat="48.97164" lon="2.25782">
        <ele>57.7</ele>
      </trkpt>
      <trkpt lat="48.97136" lon="2.25864">
        <ele>57.5</ele>
      </trkpt>
      <trkpt lat="48.97108" lon="2.25946">
        <ele>57.9</ele>
      </trkpt>
      <trkpt lat="48.97075" lon="2.2604">
        <ele>59.2</ele>
      </trkpt>
      <trkpt lat="48.97042" lon="2.26135">
        <ele>58.4</ele>
      </trkpt>
      <trkpt lat="48.97009" lon="2.2623">
        <ele>57.2</ele>
      </trkpt>
      <trkpt lat="48.96976" lon="2.26324">
        <ele>54.9</ele>
      </trkpt>
      <trkpt lat="48.96913" lon="2.26299">
        <ele>54.8</ele>
      </trkpt>
      <trkpt lat="48.96848" lon="2.26274">
        <ele>54.3</ele>
      </trkpt>
      <trkpt lat="48.96783" lon="2.2625">
        <ele>55.8</ele>
      </trkpt>
      <trkpt lat="48.96702" lon="2.26217">
        <ele>58.5</ele>
      </trkpt>
      <trkpt lat="48.9662" lon="2.26184">
        <ele>60.2</ele>
      </trkpt>
      <trkpt lat="48.96611" lon="2.26176">
        <ele>60.5</ele>
      </trkpt>
      <trkpt lat="48.96553" lon="2.26154">
        <ele>61.3</ele>
      </trkpt>
      <trkpt lat="48.96551" lon="2.26149">
        <ele>61.5</ele>
      </trkpt>
      <trkpt lat="48.96547" lon="2.26145">
        <ele>61.6</ele>
      </trkpt>
      <trkpt lat="48.96543" lon="2.26146">
        <ele>61.6</ele>
      </trkpt>
      <trkpt lat="48.9654" lon="2.2615">
        <ele>61.5</ele>
      </trkpt>
      <trkpt lat="48.96532" lon="2.26148">
        <ele>61.6</ele>
      </trkpt>
      <trkpt lat="48.96507" lon="2.26133">
        <ele>62.5</ele>
      </trkpt>
      <trkpt lat="48.96427" lon="2.2609">
        <ele>61.4</ele>
      </trkpt>
      <trkpt lat="48.96373" lon="2.2606">
        <ele>60.8</ele>
      </trkpt>
      <trkpt lat="48.9632" lon="2.2603">
        <ele>60.6</ele>
      </trkpt>
      <trkpt lat="48.96254" lon="2.25987">
        <ele>61.3</ele>
      </trkpt>
      <trkpt lat="48.96205" lon="2.25958">
        <ele>60.7</ele>
      </trkpt>
      <trkpt lat="48.96157" lon="2.25929">
        <ele>59.5</ele>
      </trkpt>
      <trkpt lat="48.96098" lon="2.25889">
        <ele>57.8</ele>
      </trkpt>
      <trkpt lat="48.9604" lon="2.25848">
        <ele>57.6</ele>
      </trkpt>
      <trkpt lat="48.96037" lon="2.25843">
        <ele>57.8</ele>
      </trkpt>
      <trkpt lat="48.96034" lon="2.25832">
        <ele>58.0</ele>
      </trkpt>
      <trkpt lat="48.96033" lon="2.25828">
        <ele>58.1</ele>
      </trkpt>
      <trkpt lat="48.96028" lon="2.25821">
        <ele>58.1</ele>
      </trkpt>
      <trkpt lat="48.96022" lon="2.25818">
        <ele>58.2</ele>
      </trkpt>
      <trkpt lat="48.96014" lon="2.25817">
        <ele>58.2</ele>
      </trkpt>
      <trkpt lat="48.96007" lon="2.25822">
        <ele>58.1</ele>
      </trkpt>
      <trkpt lat="48.95999" lon="2.25819">
        <ele>58.1</ele>
      </trkpt>
      <trkpt lat="48.95966" lon="2.25804">
        <ele>57.3</ele>
      </trkpt>
      <trkpt lat="48.95913" lon="2.2577">
        <ele>56.4</ele>
      </trkpt>
      <trkpt lat="48.95861" lon="2.25736">
        <ele>54.4</ele>
      </trkpt>
      <trkpt lat="48.9585" lon="2.2573">
        <ele>53.9</ele>
      </trkpt>
      <trkpt lat="48.95779" lon="2.25686">
        <ele>52.6</ele>
      </trkpt>
      <trkpt lat="48.95708" lon="2.25642">
        <ele>52.0</ele>
      </trkpt>
      <trkpt lat="48.95637" lon="2.25597">
        <ele>50.7</ele>
      </trkpt>
      <trkpt lat="48.95566" lon="2.25553">
        <ele>47.7</ele>
      </trkpt>
      <trkpt lat="48.95503" lon="2.25514">
        <ele>46.2</ele>
      </trkpt>
      <trkpt lat="48.9544" lon="2.25476">
        <ele>45.3</ele>
      </trkpt>
      <trkpt lat="48.95377" lon="2.25437">
        <ele>43.8</ele>
      </trkpt>
      <trkpt lat="48.95357" lon="2.25432">
        <ele>43.4</ele>
      </trkpt>
      <trkpt lat="48.9535" lon="2.25431">
        <ele>43.2</ele>
      </trkpt>
      <trkpt lat="48.95319" lon="2.25418">
        <ele>42.5</ele>
      </trkpt>
      <trkpt lat="48.95288" lon="2.25404">
        <ele>41.9</ele>
      </trkpt>
      <trkpt lat="48.95265" lon="2.25397">
        <ele>41.4</ele>
      </trkpt>
      <trkpt lat="48.95243" lon="2.25391">
        <ele>41.2</ele>
      </trkpt>
      <trkpt lat="48.95208" lon="2.25384">
        <ele>41.0</ele>
      </trkpt>
      <trkpt lat="48.95138" lon="2.25376">
        <ele>40.3</ele>
      </trkpt>
      <trkpt lat="48.95068" lon="2.25369">
        <ele>39.9</ele>
      </trkpt>
      <trkpt lat="48.94998" lon="2.25361">
        <ele>38.9</ele>
      </trkpt>
      <trkpt lat="48.94928" lon="2.25353">
        <ele>36.2</ele>
      </trkpt>
      <trkpt lat="48.94905" lon="2.25339">
        <ele>35.5</ele>
      </trkpt>
      <trkpt lat="48.94889" lon="2.25334">
        <ele>35.7</ele>
      </trkpt>
      <trkpt lat="48.94874" lon="2.25367">
        <ele>36.6</ele>
      </trkpt>
      <trkpt lat="48.9486" lon="2.25355">
        <ele>36.6</ele>
      </trkpt>
      <trkpt lat="48.94784" lon="2.25378">
        <ele>35.8</ele>
      </trkpt>
      <trkpt lat="48.94709" lon="2.25401">
        <ele>33.5</ele>
      </trkpt>
      <trkpt lat="48.94634" lon="2.25424">
        <ele>31.7</ele>
      </trkpt>
      <trkpt lat="48.94587" lon="2.2544">
        <ele>31.1</ele>
      </trkpt>
      <trkpt lat="48.94526" lon="2.2546">
        <ele>29.6</ele>
      </trkpt>
      <trkpt lat="48.94465" lon="2.2548">
        <ele>27.7</ele>
      </trkpt>
      <trkpt lat="48.94421" lon="2.25498">
        <ele>26.2</ele>
      </trkpt>
      <trkpt lat="48.944" lon="2.25502">
        <ele>26.2</ele>
      </trkpt>
      <trkpt lat="48.9439" lon="2.25506">
        <ele>26.4</ele>
      </trkpt>
      <trkpt lat="48.94366" lon="2.25525">
        <ele>26.7</ele>
      </trkpt>
      <trkpt lat="48.94356" lon="2.25531">
        <ele>26.7</ele>
      </trkpt>
      <trkpt lat="48.94352" lon="2.25523">
        <ele>26.7</ele>
      </trkpt>
      <trkpt lat="48.94346" lon="2.25517">
        <ele>26.7</ele>
      </trkpt>
      <trkpt lat="48.9434" lon="2.25514">
        <ele>26.8</ele>
      </trkpt>
      <trkpt lat="48.94332" lon="2.25514">
        <ele>26.8</ele>
      </trkpt>
      <trkpt lat="48.94325" lon="2.2552">
        <ele>26.7</ele>
      </trkpt>
      <trkpt lat="48.94275" lon="2.25428">
        <ele>27.9</ele>
      </trkpt>
      <trkpt lat="48.94264" lon="2.25405">
        <ele>28.4</ele>
      </trkpt>
      <trkpt lat="48.94236" lon="2.25348">
        <ele>30.0</ele>
      </trkpt>
      <trkpt lat="48.94214" lon="2.253">
        <ele>30.4</ele>
      </trkpt>
      <trkpt lat="48.94167" lon="2.25352">
        <ele>27.8</ele>
      </trkpt>
      <trkpt lat="48.9412" lon="2.25403">
        <ele>28.1</ele>
      </trkpt>
      <trkpt lat="48.94056" lon="2.25471">
        <ele>28.5</ele>
      </trkpt>
      <trkpt lat="48.93992" lon="2.25538">
        <ele>28.9</ele>
      </trkpt>
      <trkpt lat="48.93928" lon="2.25605">
        <ele>29.3</ele>
      </trkpt>
      <trkpt lat="48.93902" lon="2.25634">
        <ele>29.5</ele>
      </trkpt>
      <trkpt lat="48.93846" lon="2.25698">
        <ele>30.8</ele>
      </trkpt>
      <trkpt lat="48.93814" lon="2.2574">
        <ele>30.9</ele>
      </trkpt>
      <trkpt lat="48.93771" lon="2.25795">
        <ele>29.7</ele>
      </trkpt>
      <trkpt lat="48.9376" lon="2.25806">
        <ele>29.4</ele>
      </trkpt>
      <trkpt lat="48.93744" lon="2.25821">
        <ele>29.4</ele>
      </trkpt>
      <trkpt lat="48.93729" lon="2.25837">
        <ele>30.0</ele>
      </trkpt>
      <trkpt lat="48.93699" lon="2.25876">
        <ele>30.9</ele>
      </trkpt>
      <trkpt lat="48.93645" lon="2.25962">
        <ele>29.1</ele>
      </trkpt>
      <trkpt lat="48.93591" lon="2.26048">
        <ele>25.3</ele>
      </trkpt>
      <trkpt lat="48.93584" lon="2.26056">
        <ele>25.0</ele>
      </trkpt>
      <trkpt lat="48.93564" lon="2.26091">
        <ele>25.4</ele>
      </trkpt>
      <trkpt lat="48.93561" lon="2.26098">
        <ele>25.5</ele>
      </trkpt>
      <trkpt lat="48.93538" lon="2.26135">
        <ele>26.0</ele>
      </trkpt>
      <trkpt lat="48.93511" lon="2.2618">
        <ele>26.7</ele>
      </trkpt>
      <trkpt lat="48.93471" lon="2.26243">
        <ele>27.4</ele>
      </trkpt>
      <trkpt lat="48.93431" lon="2.26306">
        <ele>28.5</ele>
      </trkpt>
      <trkpt lat="48.93392" lon="2.26372">
        <ele>28.8</ele>
      </trkpt>
      <trkpt lat="48.93362" lon="2.26415">
        <ele>28.7</ele>
      </trkpt>
      <trkpt lat="48.93344" lon="2.26438">
        <ele>29.6</ele>
      </trkpt>
      <trkpt lat="48.93305" lon="2.26492">
        <ele>30.7</ele>
      </trkpt>
      <trkpt lat="48.93258" lon="2.26559">
        <ele>28.9</ele>
      </trkpt>
      <trkpt lat="48.93255" lon="2.26567">
        <ele>28.6</ele>
      </trkpt>
      <trkpt lat="48.93216" lon="2.26617">
        <ele>27.8</ele>
      </trkpt>
      <trkpt lat="48.93177" lon="2.26666">
        <ele>27.0</ele>
      </trkpt>
      <trkpt lat="48.93163" lon="2.26678">
        <ele>27.2</ele>
      </trkpt>
      <trkpt lat="48.93096" lon="2.26717">
        <ele>26.9</ele>
      </trkpt>
      <trkpt lat="48.93028" lon="2.26757">
        <ele>27.3</ele>
      </trkpt>
      <trkpt lat="48.9296" lon="2.26796">
        <ele>28.9</ele>
      </trkpt>
      <trkpt lat="48.92951" lon="2.26803">
        <ele>29.0</ele>
      </trkpt>
      <trkpt lat="48.92936" lon="2.26819">
        <ele>29.0</ele>
      </trkpt>
      <trkpt lat="48.92901" lon="2.26858">
        <ele>28.4</ele>
      </trkpt>
      <trkpt lat="48.92883" lon="2.26881">
        <ele>27.9</ele>
      </trkpt>
      <trkpt lat="48.92879" lon="2.26887">
        <ele>27.7</ele>
      </trkpt>
      <trkpt lat="48.92866" lon="2.26915">
        <ele>27.0</ele>
      </trkpt>
      <trkpt lat="48.92854" lon="2.26945">
        <ele>27.3</ele>
      </trkpt>
      <trkpt lat="48.92829" lon="2.27023">
        <ele>29.6</ele>
      </trkpt>
      <trkpt lat="48.92791" lon="2.27138">
        <ele>32.4</ele>
      </trkpt>
      <trkpt lat="48.92753" lon="2.27253">
        <ele>33.1</ele>
      </trkpt>
      <trkpt lat="48.92745" lon="2.27273">
        <ele>34.2</ele>
      </trkpt>
      <trkpt lat="48.92737" lon="2.27284">
        <ele>34.3</ele>
      </trkpt>
      <trkpt lat="48.92717" lon="2.27306">
        <ele>34.0</ele>
      </trkpt>
      <trkpt lat="48.92695" lon="2.27324">
        <ele>32.6</ele>
      </trkpt>
      <trkpt lat="48.92667" lon="2.27342">
        <ele>30.2</ele>
      </trkpt>
      <trkpt lat="48.92638" lon="2.27363">
        <ele>30.2</ele>
      </trkpt>
      <trkpt lat="48.92573" lon="2.27411">
        <ele>29.9</ele>
      </trkpt>
      <trkpt lat="48.92509" lon="2.27459">
        <ele>29.1</ele>
      </trkpt>
      <trkpt lat="48.92444" lon="2.27508">
        <ele>30.1</ele>
      </trkpt>
      <trkpt lat="48.92379" lon="2.27556">
        <ele>31.5</ele>
      </trkpt>
      <trkpt lat="48.92315" lon="2.27604">
        <ele>31.8</ele>
      </trkpt>
      <trkpt lat="48.92301" lon="2.2762">
        <ele>31.6</ele>
      </trkpt>
      <trkpt lat="48.92269" lon="2.27658">
        <ele>31.2</ele>
      </trkpt>
      <trkpt lat="48.92213" lon="2.27728">
        <ele>31.0</ele>
      </trkpt>
      <trkpt lat="48.92169" lon="2.27781">
        <ele>31.7</ele>
      </trkpt>
      <trkpt lat="48.92126" lon="2.27834">
        <ele>32.0</ele>
      </trkpt>
      <trkpt lat="48.9209" lon="2.27871">
        <ele>30.7</ele>
      </trkpt>
      <trkpt lat="48.92041" lon="2.27925">
        <ele>30.6</ele>
      </trkpt>
      <trkpt lat="48.9199" lon="2.27978">
        <ele>33.1</ele>
      </trkpt>
      <trkpt lat="48.91939" lon="2.28032">
        <ele>33.1</ele>
      </trkpt>
      <trkpt lat="48.9193" lon="2.28036">
        <ele>33.0</ele>
      </trkpt>
      <trkpt lat="48.91905" lon="2.28061">
        <ele>33.0</ele>
      </trkpt>
      <trkpt lat="48.91883" lon="2.28128">
        <ele>33.5</ele>
      </trkpt>
      <trkpt lat="48.9188" lon="2.28161">
        <ele>33.9</ele>
      </trkpt>
      <trkpt lat="48.91851" lon="2.28262">
        <ele>33.1</ele>
      </trkpt>
      <trkpt lat="48.91821" lon="2.28364">
        <ele>33.6</ele>
      </trkpt>
      <trkpt lat="48.91789" lon="2.28469">
        <ele>32.6</ele>
      </trkpt>
      <trkpt lat="48.91756" lon="2.28575">
        <ele>33.0</ele>
      </trkpt>
      <trkpt lat="48.91724" lon="2.28682">
        <ele>35.8</ele>
      </trkpt>
      <trkpt lat="48.91692" lon="2.2879">
        <ele>33.2</ele>
      </trkpt>
      <trkpt lat="48.91687" lon="2.2881">
        <ele>32.8</ele>
      </trkpt>
      <trkpt lat="48.91653" lon="2.28914">
        <ele>34.1</ele>
      </trkpt>
      <trkpt lat="48.91629" lon="2.28995">
        <ele>32.1</ele>
      </trkpt>
      <trkpt lat="48.91604" lon="2.29077">
        <ele>32.0</ele>
      </trkpt>
      <trkpt lat="48.91595" lon="2.29094">
        <ele>32.3</ele>
      </trkpt>
      <trkpt lat="48.91575" lon="2.29164">
        <ele>31.9</ele>
      </trkpt>
      <trkpt lat="48.91554" lon="2.29233">
        <ele>30.4</ele>
      </trkpt>
      <trkpt lat="48.91552" lon="2.29251">
        <ele>30.2</ele>
      </trkpt>
      <trkpt lat="48.91545" lon="2.29276">
        <ele>31.0</ele>
      </trkpt>
      <trkpt lat="48.91511" lon="2.29389">
        <ele>34.3</ele>
      </trkpt>
      <trkpt lat="48.91505" lon="2.29402">
        <ele>34.6</ele>
      </trkpt>
      <trkpt lat="48.915" lon="2.29412">
        <ele>34.9</ele>
      </trkpt>
      <trkpt lat="48.91492" lon="2.29421">
        <ele>34.8</ele>
      </trkpt>
      <trkpt lat="48.91489" lon="2.29417">
        <ele>34.7</ele>
      </trkpt>
      <trkpt lat="48.91483" lon="2.29417">
        <ele>34.6</ele>
      </trkpt>
      <trkpt lat="48.91438" lon="2.29454">
        <ele>33.4</ele>
      </trkpt>
      <trkpt lat="48.91431" lon="2.2946">
        <ele>33.3</ele>
      </trkpt>
      <trkpt lat="48.91359" lon="2.29517">
        <ele>33.3</ele>
      </trkpt>
      <trkpt lat="48.91356" lon="2.29524">
        <ele>33.2</ele>
      </trkpt>
      <trkpt lat="48.91345" lon="2.29531">
        <ele>33.1</ele>
      </trkpt>
      <trkpt lat="48.91344" lon="2.29541">
        <ele>32.9</ele>
      </trkpt>
      <trkpt lat="48.91312" lon="2.29567">
        <ele>32.1</ele>
      </trkpt>
      <trkpt lat="48.91269" lon="2.29593">
        <ele>31.1</ele>
      </trkpt>
      <trkpt lat="48.91263" lon="2.29591">
        <ele>31.0</ele>
      </trkpt>
      <trkpt lat="48.91257" lon="2.29595">
        <ele>30.9</ele>
      </trkpt>
      <trkpt lat="48.91254" lon="2.29603">
        <ele>30.8</ele>
      </trkpt>
      <trkpt lat="48.91245" lon="2.29615">
        <ele>30.8</ele>
      </trkpt>
      <trkpt lat="48.91231" lon="2.29632">
        <ele>31.3</ele>
      </trkpt>
      <trkpt lat="48.91225" lon="2.29637">
        <ele>31.5</ele>
      </trkpt>
      <trkpt lat="48.91214" lon="2.29635">
        <ele>32.0</ele>
      </trkpt>
      <trkpt lat="48.91168" lon="2.29671">
        <ele>34.8</ele>
      </trkpt>
      <trkpt lat="48.91164" lon="2.29677">
        <ele>34.7</ele>
      </trkpt>
      <trkpt lat="48.91157" lon="2.29684">
        <ele>34.3</ele>
      </trkpt>
      <trkpt lat="48.91146" lon="2.29689">
        <ele>33.8</ele>
      </trkpt>
      <trkpt lat="48.91115" lon="2.29714">
        <ele>32.4</ele>
      </trkpt>
      <trkpt lat="48.91103" lon="2.29724">
        <ele>31.9</ele>
      </trkpt>
      <trkpt lat="48.91099" lon="2.29729">
        <ele>31.7</ele>
      </trkpt>
      <trkpt lat="48.91101" lon="2.29736">
        <ele>31.6</ele>
      </trkpt>
      <trkpt lat="48.91105" lon="2.29748">
        <ele>31.6</ele>
      </trkpt>
      <trkpt lat="48.91097" lon="2.29757">
        <ele>31.4</ele>
      </trkpt>
      <trkpt lat="48.91091" lon="2.29761">
        <ele>31.3</ele>
      </trkpt>
      <trkpt lat="48.9109" lon="2.29764">
        <ele>31.3</ele>
      </trkpt>
      <trkpt lat="48.91091" lon="2.29766">
        <ele>31.3</ele>
      </trkpt>
      <trkpt lat="48.91092" lon="2.29767">
        <ele>31.4</ele>
      </trkpt>
      <trkpt lat="48.91094" lon="2.2977">
        <ele>31.4</ele>
      </trkpt>
      <trkpt lat="48.91112" lon="2.29825">
        <ele>32.0</ele>
      </trkpt>
      <trkpt lat="48.91111" lon="2.29828">
        <ele>32.0</ele>
      </trkpt>
      <trkpt lat="48.91095" lon="2.29839">
        <ele>31.9</ele>
      </trkpt>
      <trkpt lat="48.91093" lon="2.29843">
        <ele>31.8</ele>
      </trkpt>
      <trkpt lat="48.91109" lon="2.29894">
        <ele>31.4</ele>
      </trkpt>
      <trkpt lat="48.91058" lon="2.29915">
        <ele>31.4</ele>
      </trkpt>
      <trkpt lat="48.90999" lon="2.29942">
        <ele>31.5</ele>
      </trkpt>
      <trkpt lat="48.9094" lon="2.29969">
        <ele>31.6</ele>
      </trkpt>
      <trkpt lat="48.9088" lon="2.29996">
        <ele>31.7</ele>
      </trkpt>
      <trkpt lat="48.90877" lon="2.3">
        <ele>31.7</ele>
      </trkpt>
      <trkpt lat="48.90875" lon="2.30008">
        <ele>31.7</ele>
      </trkpt>
      <trkpt lat="48.90874" lon="2.30011">
        <ele>31.7</ele>
      </trkpt>
      <trkpt lat="48.90872" lon="2.30011">
        <ele>31.7</ele>
      </trkpt>
      <trkpt lat="48.9086" lon="2.30013">
        <ele>31.7</ele>
      </trkpt>
      <trkpt lat="48.90856" lon="2.30004">
        <ele>31.8</ele>
      </trkpt>
      <trkpt lat="48.9085" lon="2.29993">
        <ele>32.0</ele>
      </trkpt>
      <trkpt lat="48.90845" lon="2.29992">
        <ele>32.3</ele>
      </trkpt>
      <trkpt lat="48.90842" lon="2.29991">
        <ele>32.5</ele>
      </trkpt>
      <trkpt lat="48.90827" lon="2.29987">
        <ele>33.1</ele>
      </trkpt>
      <trkpt lat="48.90819" lon="2.29987">
        <ele>33.3</ele>
      </trkpt>
      <trkpt lat="48.908" lon="2.2999">
        <ele>33.8</ele>
      </trkpt>
      <trkpt lat="48.90778" lon="2.29995">
        <ele>34.3</ele>
      </trkpt>
      <trkpt lat="48.90768" lon="2.30001">
        <ele>34.6</ele>
      </trkpt>
      <trkpt lat="48.90748" lon="2.30017">
        <ele>34.5</ele>
      </trkpt>
      <trkpt lat="48.90729" lon="2.30035">
        <ele>33.6</ele>
      </trkpt>
      <trkpt lat="48.90676" lon="2.30077">
        <ele>32.1</ele>
      </trkpt>
      <trkpt lat="48.90624" lon="2.3012">
        <ele>32.5</ele>
      </trkpt>
      <trkpt lat="48.90553" lon="2.30176">
        <ele>32.6</ele>
      </trkpt>
      <trkpt lat="48.90482" lon="2.30232">
        <ele>32.2</ele>
      </trkpt>
      <trkpt lat="48.90412" lon="2.30288">
        <ele>33.5</ele>
      </trkpt>
      <trkpt lat="48.9037" lon="2.30324">
        <ele>34.4</ele>
      </trkpt>
      <trkpt lat="48.90302" lon="2.3038">
        <ele>34.8</ele>
      </trkpt>
      <trkpt lat="48.90233" lon="2.30436">
        <ele>35.0</ele>
      </trkpt>
      <trkpt lat="48.90174" lon="2.30481">
        <ele>35.0</ele>
      </trkpt>
      <trkpt lat="48.90116" lon="2.30527">
        <ele>32.8</ele>
      </trkpt>
      <trkpt lat="48.90039" lon="2.30592">
        <ele>34.0</ele>
      </trkpt>
      <trkpt lat="48.8997" lon="2.30649">
        <ele>34.6</ele>
      </trkpt>
      <trkpt lat="48.89901" lon="2.30705">
        <ele>34.2</ele>
      </trkpt>
      <trkpt lat="48.89831" lon="2.30761">
        <ele>35.9</ele>
      </trkpt>
      <trkpt lat="48.89784" lon="2.30801">
        <ele>35.0</ele>
      </trkpt>
      <trkpt lat="48.89779" lon="2.30806">
        <ele>34.9</ele>
      </trkpt>
      <trkpt lat="48.89731" lon="2.30871">
        <ele>33.9</ele>
      </trkpt>
      <trkpt lat="48.89684" lon="2.30935">
        <ele>32.8</ele>
      </trkpt>
      <trkpt lat="48.89627" lon="2.31002">
        <ele>29.6</ele>
      </trkpt>
      <trkpt lat="48.89607" lon="2.31033">
        <ele>30.1</ele>
      </trkpt>
      <trkpt lat="48.8955" lon="2.3113">
        <ele>32.7</ele>
      </trkpt>
      <trkpt lat="48.89493" lon="2.31228">
        <ele>33.7</ele>
      </trkpt>
      <trkpt lat="48.89436" lon="2.31325">
        <ele>36.8</ele>
      </trkpt>
      <trkpt lat="48.8943" lon="2.31341">
        <ele>37.2</ele>
      </trkpt>
      <trkpt lat="48.89428" lon="2.31348">
        <ele>37.2</ele>
      </trkpt>
      <trkpt lat="48.89426" lon="2.31364">
        <ele>37.2</ele>
      </trkpt>
      <trkpt lat="48.8942" lon="2.31393">
        <ele>37.2</ele>
      </trkpt>
      <trkpt lat="48.89382" lon="2.31457">
        <ele>37.5</ele>
      </trkpt>
      <trkpt lat="48.89344" lon="2.3152">
        <ele>37.4</ele>
      </trkpt>
      <trkpt lat="48.89312" lon="2.31577">
        <ele>39.2</ele>
      </trkpt>
      <trkpt lat="48.8928" lon="2.31634">
        <ele>41.5</ele>
      </trkpt>
      <trkpt lat="48.89246" lon="2.31694">
        <ele>41.9</ele>
      </trkpt>
      <trkpt lat="48.89212" lon="2.31754">
        <ele>41.2</ele>
      </trkpt>
      <trkpt lat="48.892" lon="2.31774">
        <ele>41.5</ele>
      </trkpt>
      <trkpt lat="48.89189" lon="2.31792">
        <ele>41.7</ele>
      </trkpt>
      <trkpt lat="48.89165" lon="2.31833">
        <ele>42.0</ele>
      </trkpt>
      <trkpt lat="48.89156" lon="2.31848">
        <ele>42.9</ele>
      </trkpt>
      <trkpt lat="48.89124" lon="2.31909">
        <ele>45.2</ele>
      </trkpt>
      <trkpt lat="48.89067" lon="2.32007">
        <ele>48.8</ele>
      </trkpt>
      <trkpt lat="48.8901" lon="2.32105">
        <ele>54.1</ele>
      </trkpt>
      <trkpt lat="48.88954" lon="2.32203">
        <ele>57.0</ele>
      </trkpt>
      <trkpt lat="48.88897" lon="2.32301">
        <ele>61.5</ele>
      </trkpt>
      <trkpt lat="48.8884" lon="2.32399">
        <ele>64.3</ele>
      </trkpt>
      <trkpt lat="48.88784" lon="2.32497">
        <ele>68.1</ele>
      </trkpt>
      <trkpt lat="48.88762" lon="2.32537">
        <ele>70.4</ele>
      </trkpt>
      <trkpt lat="48.8875" lon="2.32555">
        <ele>71.6</ele>
      </trkpt>
      <trkpt lat="48.88749" lon="2.32565">
        <ele>72.1</ele>
      </trkpt>
      <trkpt lat="48.88685" lon="2.32593">
        <ele>72.6</ele>
      </trkpt>
      <trkpt lat="48.88635" lon="2.32616">
        <ele>72.7</ele>
      </trkpt>
      <trkpt lat="48.88584" lon="2.3264">
        <ele>72.1</ele>
      </trkpt>
      <trkpt lat="48.88518" lon="2.32671">
        <ele>70.7</ele>
      </trkpt>
      <trkpt lat="48.88452" lon="2.32701">
        <ele>69.3</ele>
      </trkpt>
      <trkpt lat="48.88385" lon="2.32732">
        <ele>68.6</ele>
      </trkpt>
      <trkpt lat="48.88375" lon="2.32739">
        <ele>68.5</ele>
      </trkpt>
      <trkpt lat="48.8837" lon="2.32724">
        <ele>68.5</ele>
      </trkpt>
      <trkpt lat="48.88364" lon="2.32716">
        <ele>68.5</ele>
      </trkpt>
      <trkpt lat="48.88359" lon="2.32712">
        <ele>68.5</ele>
      </trkpt>
      <trkpt lat="48.88353" lon="2.32709">
        <ele>68.5</ele>
      </trkpt>
      <trkpt lat="48.88334" lon="2.32718">
        <ele>68.4</ele>
      </trkpt>
      <trkpt lat="48.88264" lon="2.32714">
        <ele>70.0</ele>
      </trkpt>
      <trkpt lat="48.88194" lon="2.32711">
        <ele>66.8</ele>
      </trkpt>
      <trkpt lat="48.88124" lon="2.32708">
        <ele>63.2</ele>
      </trkpt>
      <trkpt lat="48.88054" lon="2.32704">
        <ele>60.9</ele>
      </trkpt>
      <trkpt lat="48.88005" lon="2.32703">
        <ele>60.1</ele>
      </trkpt>
      <trkpt lat="48.87957" lon="2.32702">
        <ele>59.0</ele>
      </trkpt>
      <trkpt lat="48.87877" lon="2.32699">
        <ele>56.3</ele>
      </trkpt>
      <trkpt lat="48.87798" lon="2.32695">
        <ele>51.0</ele>
      </trkpt>
      <trkpt lat="48.87711" lon="2.32692">
        <ele>47.8</ele>
      </trkpt>
      <trkpt lat="48.87656" lon="2.32689">
        <ele>47.7</ele>
      </trkpt>
      <trkpt lat="48.87602" lon="2.32687">
        <ele>43.4</ele>
      </trkpt>
      <trkpt lat="48.87588" lon="2.32685">
        <ele>42.2</ele>
      </trkpt>
      <trkpt lat="48.8757" lon="2.32677">
        <ele>41.9</ele>
      </trkpt>
      <trkpt lat="48.87566" lon="2.32673">
        <ele>41.8</ele>
      </trkpt>
      <trkpt lat="48.87552" lon="2.32673">
        <ele>42.3</ele>
      </trkpt>
      <trkpt lat="48.87546" lon="2.32668">
        <ele>42.4</ele>
      </trkpt>
      <trkpt lat="48.87483" lon="2.32682">
        <ele>44.4</ele>
      </trkpt>
      <trkpt lat="48.87426" lon="2.32698">
        <ele>46.7</ele>
      </trkpt>
      <trkpt lat="48.8741" lon="2.32701">
        <ele>47.3</ele>
      </trkpt>
      <trkpt lat="48.87374" lon="2.32723">
        <ele>48.0</ele>
      </trkpt>
      <trkpt lat="48.87367" lon="2.32723">
        <ele>48.0</ele>
      </trkpt>
      <trkpt lat="48.87364" lon="2.32721">
        <ele>48.0</ele>
      </trkpt>
      <trkpt lat="48.8734" lon="2.32769">
        <ele>48.1</ele>
      </trkpt>
      <trkpt lat="48.87303" lon="2.3283">
        <ele>48.8</ele>
      </trkpt>
      <trkpt lat="48.87286" lon="2.32868">
        <ele>49.5</ele>
      </trkpt>
      <trkpt lat="48.8723" lon="2.32965">
        <ele>48.9</ele>
      </trkpt>
      <trkpt lat="48.87189" lon="2.33039">
        <ele>48.7</ele>
      </trkpt>
      <trkpt lat="48.87148" lon="2.33112">
        <ele>50.9</ele>
      </trkpt>
      <trkpt lat="48.87107" lon="2.33185">
        <ele>50.2</ele>
      </trkpt>
      <trkpt lat="48.87075" lon="2.33201">
        <ele>48.5</ele>
      </trkpt>
      <trkpt lat="48.87021" lon="2.33223">
        <ele>48.1</ele>
      </trkpt>
      <trkpt lat="48.8703" lon="2.33272">
        <ele>48.1</ele>
      </trkpt>
      <trkpt lat="48.87029" lon="2.33284">
        <ele>48.1</ele>
      </trkpt>
      <trkpt lat="48.87014" lon="2.33363">
        <ele>48.4</ele>
      </trkpt>
      <trkpt lat="48.87014" lon="2.33376">
        <ele>48.5</ele>
      </trkpt>
      <trkpt lat="48.86995" lon="2.33478">
        <ele>48.9</ele>
      </trkpt>
      <trkpt lat="48.86976" lon="2.33581">
        <ele>47.3</ele>
      </trkpt>
      <trkpt lat="48.86956" lon="2.33689">
        <ele>48.6</ele>
      </trkpt>
      <trkpt lat="48.86931" lon="2.33817">
        <ele>50.0</ele>
      </trkpt>
      <trkpt lat="48.86906" lon="2.33945">
        <ele>47.7</ele>
      </trkpt>
      <trkpt lat="48.86894" lon="2.34012">
        <ele>45.3</ele>
      </trkpt>
      <trkpt lat="48.86876" lon="2.34102">
        <ele>45.0</ele>
      </trkpt>
      <trkpt lat="48.86858" lon="2.34191">
        <ele>47.7</ele>
      </trkpt>
      <trkpt lat="48.86851" lon="2.3423">
        <ele>48.3</ele>
      </trkpt>
      <trkpt lat="48.86822" lon="2.34355">
        <ele>48.2</ele>
      </trkpt>
      <trkpt lat="48.86803" lon="2.34441">
        <ele>47.1</ele>
      </trkpt>
      <trkpt lat="48.86785" lon="2.34526">
        <ele>49.7</ele>
      </trkpt>
      <trkpt lat="48.86783" lon="2.34539">
        <ele>49.6</ele>
      </trkpt>
      <trkpt lat="48.86778" lon="2.34557">
        <ele>49.6</ele>
      </trkpt>
      <trkpt lat="48.86775" lon="2.34575">
        <ele>49.5</ele>
      </trkpt>
      <trkpt lat="48.8676" lon="2.34644">
        <ele>50.2</ele>
      </trkpt>
      <trkpt lat="48.86739" lon="2.34739">
        <ele>48.5</ele>
      </trkpt>
      <trkpt lat="48.86718" lon="2.34834">
        <ele>47.6</ele>
      </trkpt>
      <trkpt lat="48.86697" lon="2.34929">
        <ele>46.1</ele>
      </trkpt>
      <trkpt lat="48.86677" lon="2.35019">
        <ele>48.0</ele>
      </trkpt>
      <trkpt lat="48.86658" lon="2.35108">
        <ele>47.7</ele>
      </trkpt>
      <trkpt lat="48.86638" lon="2.35197">
        <ele>48.4</ele>
      </trkpt>
      <trkpt lat="48.8662" lon="2.35287">
        <ele>49.2</ele>
      </trkpt>
      <trkpt lat="48.86601" lon="2.35376">
        <ele>48.0</ele>
      </trkpt>
      <trkpt lat="48.86582" lon="2.35466">
        <ele>46.9</ele>
      </trkpt>
      <trkpt lat="48.86562" lon="2.35557">
        <ele>43.7</ele>
      </trkpt>
      <trkpt lat="48.86556" lon="2.35563">
        <ele>43.7</ele>
      </trkpt>
      <trkpt lat="48.86545" lon="2.35567">
        <ele>44.1</ele>
      </trkpt>
      <trkpt lat="48.86522" lon="2.35566">
        <ele>45.4</ele>
      </trkpt>
      <trkpt lat="48.86454" lon="2.35528">
        <ele>46.3</ele>
      </trkpt>
      <trkpt lat="48.86385" lon="2.3549">
        <ele>44.8</ele>
      </trkpt>
      <trkpt lat="48.86317" lon="2.35451">
        <ele>44.9</ele>
      </trkpt>
      <trkpt lat="48.86252" lon="2.35417">
        <ele>46.0</ele>
      </trkpt>
      <trkpt lat="48.86187" lon="2.35383">
        <ele>47.5</ele>
      </trkpt>
      <trkpt lat="48.86123" lon="2.35349">
        <ele>51.8</ele>
      </trkpt>
      <trkpt lat="48.86119" lon="2.3536">
        <ele>51.4</ele>
      </trkpt>
      <trkpt lat="48.86094" lon="2.35432">
        <ele>47.8</ele>
      </trkpt>
      <trkpt lat="48.86069" lon="2.35505">
        <ele>44.3</ele>
      </trkpt>
      <trkpt lat="48.86071" lon="2.35506">
        <ele>44.3</ele>
      </trkpt>
      <trkpt lat="48.86073" lon="2.35507">
        <ele>44.3</ele>
      </trkpt>
      <trkpt lat="48.86072" lon="2.35516">
        <ele>44.4</ele>
      </trkpt>
      <trkpt lat="48.86074" lon="2.35516">
        <ele>44.4</ele>
      </trkpt>
      <trkpt lat="48.86074" lon="2.35511">
        <ele>44.3</ele>
      </trkpt>
      <trkpt lat="48.86081" lon="2.35488">
        <ele>44.7</ele>
      </trkpt>
    </trkseg>
  </trk>
</gpx>
