<?xml version="1.0" encoding="UTF-8" standalone="yes"?>
<gpx version="1.1" creator="OS Maps - Web" xmlns="http://www.topografix.com/GPX/1/1"
xmlns:xsi="http://www.w3.org/2001/XMLSchema-instance"
xsi:schemaLocation="http://www.topografix.com/GPX/1/1 http://www.topografix.com/GPX/1/1/gpx.xsd"
xmlns:gs="http://www.topografix.com/GPX/gpx_style/0/2"
xmlns:gh="https://graphhopper.com/public/schema/gpx/1.1"
xmlns:os="https://ordnancesurvey.co.uk/public/schema/route/0.1">
    <metadata>
        <name>Spokeys2025</name>
        <desc></desc>
        <bounds minlat="51.0001160" minlon="-2.3285260" maxlat="51.5899160" maxlon="-1.5730300"/>
    </metadata>
    <wpt lat="51.0782090" lon="-1.8482000"/>
    <wpt lat="51.0785220" lon="-1.8466850"/>
    <wpt lat="51.0788220" lon="-1.8419740"/>
    <wpt lat="51.0783800" lon="-1.8384530"/>
    <wpt lat="51.0763300" lon="-1.8350020"/>
    <wpt lat="51.0752920" lon="-1.8322080"/>
    <wpt lat="51.0742370" lon="-1.8300420"/>
    <wpt lat="51.0738950" lon="-1.8237200"/>
    <wpt lat="51.0735950" lon="-1.8216800"/>
    <wpt lat="51.0730900" lon="-1.8208110"/>
    <wpt lat="51.0726050" lon="-1.8207130"/>
    <wpt lat="51.0722340" lon="-1.8192590"/>
    <wpt lat="51.0717010" lon="-1.8180760"/>
    <wpt lat="51.0711820" lon="-1.8134680"/>
    <wpt lat="51.0698840" lon="-1.8062800"/>
    <wpt lat="51.0694770" lon="-1.8046830"/>
    <wpt lat="51.0686410" lon="-1.8051010"/>
    <wpt lat="51.0680860" lon="-1.8038940"/>
    <wpt lat="51.0685990" lon="-1.8011330"/>
    <wpt lat="51.0676700" lon="-1.7994820"/>
    <wpt lat="51.0673760" lon="-1.7975960"/>
    <wpt lat="51.0685650" lon="-1.7972370"/>
    <wpt lat="51.0686710" lon="-1.7962950"/>
    <wpt lat="51.0694420" lon="-1.7962880"/>
    <wpt lat="51.0697060" lon="-1.7965330"/>
    <wpt lat="51.0708660" lon="-1.7963420"/>
    <wpt lat="51.0709700" lon="-1.7976170"/>
    <wpt lat="51.0713050" lon="-1.7980260"/>
    <wpt lat="51.0717420" lon="-1.7979220"/>
    <wpt lat="51.0724620" lon="-1.7981820"/>
    <wpt lat="51.0732950" lon="-1.7975490"/>
    <wpt lat="51.0733780" lon="-1.7977380"/>
    <wpt lat="51.0737680" lon="-1.7976270"/>
    <wpt lat="51.0770770" lon="-1.7997160"/>
    <wpt lat="51.0775780" lon="-1.8004440"/>
    <wpt lat="51.0777570" lon="-1.8013150"/>
    <wpt lat="51.0784220" lon="-1.8010690"/>
    <wpt lat="51.0810040" lon="-1.8041750"/>
    <wpt lat="51.0817320" lon="-1.8044740"/>
    <wpt lat="51.0831140" lon="-1.8059210"/>
    <wpt lat="51.0848670" lon="-1.8081640"/>
    <wpt lat="51.0852860" lon="-1.8082450"/>
    <wpt lat="51.0856430" lon="-1.8089270"/>
    <wpt lat="51.0864980" lon="-1.8092660"/>
    <wpt lat="51.0874790" lon="-1.8102040"/>
    <wpt lat="51.0888530" lon="-1.8109840"/>
    <wpt lat="51.0896880" lon="-1.8117780"/>
    <wpt lat="51.0920190" lon="-1.8153690"/>
    <wpt lat="51.0929100" lon="-1.8158650"/>
    <wpt lat="51.0955070" lon="-1.8165010"/>
    <wpt lat="51.0961030" lon="-1.8162660"/>
    <wpt lat="51.0976970" lon="-1.8163070"/>
    <wpt lat="51.1004700" lon="-1.8182680"/>
    <wpt lat="51.1036660" lon="-1.8201680"/>
    <wpt lat="51.1066250" lon="-1.8213450"/>
    <wpt lat="51.1078320" lon="-1.8226980"/>
    <wpt lat="51.1090010" lon="-1.8233960"/>
    <wpt lat="51.1099310" lon="-1.8231340"/>
    <wpt lat="51.1134170" lon="-1.8188400"/>
    <wpt lat="51.1141440" lon="-1.8182660"/>
    <wpt lat="51.1170880" lon="-1.8168680"/>
    <wpt lat="51.1202850" lon="-1.8173560"/>
    <wpt lat="51.1223210" lon="-1.8200630"/>
    <wpt lat="51.1228430" lon="-1.8201320"/>
    <wpt lat="51.1249420" lon="-1.8158730"/>
    <wpt lat="51.1260100" lon="-1.8148700"/>
    <wpt lat="51.1277430" lon="-1.8140110"/>
    <wpt lat="51.1286450" lon="-1.8147920"/>
    <wpt lat="51.1313100" lon="-1.8179700"/>
    <wpt lat="51.1323360" lon="-1.8186090"/>
    <wpt lat="51.1327510" lon="-1.8193360"/>
    <wpt lat="51.1334230" lon="-1.8237780"/>
    <wpt lat="51.1350500" lon="-1.8232890"/>
    <wpt lat="51.1362630" lon="-1.8225430"/>
    <wpt lat="51.1394510" lon="-1.8160670"/>
    <wpt lat="51.1399210" lon="-1.8155200"/>
    <wpt lat="51.1414850" lon="-1.8149710"/>
    <wpt lat="51.1430640" lon="-1.8140230"/>
    <wpt lat="51.1463540" lon="-1.8127860"/>
    <wpt lat="51.1486810" lon="-1.8104740"/>
    <wpt lat="51.1491110" lon="-1.8097930"/>
    <wpt lat="51.1498140" lon="-1.8106910"/>
    <wpt lat="51.1510720" lon="-1.8112100"/>
    <wpt lat="51.1522240" lon="-1.8120920"/>
    <wpt lat="51.1534040" lon="-1.8125070"/>
    <wpt lat="51.1550500" lon="-1.8125720"/>
    <wpt lat="51.1569130" lon="-1.8107820"/>
    <wpt lat="51.1602000" lon="-1.8056010"/>
    <wpt lat="51.1628150" lon="-1.8038950"/>
    <wpt lat="51.1630500" lon="-1.8038680"/>
    <wpt lat="51.1638680" lon="-1.8050620"/>
    <wpt lat="51.1651910" lon="-1.8065080"/>
    <wpt lat="51.1663430" lon="-1.8069690"/>
    <wpt lat="51.1686030" lon="-1.8058330"/>
    <wpt lat="51.1698610" lon="-1.8044910"/>
    <wpt lat="51.1709230" lon="-1.8015560"/>
    <wpt lat="51.1721640" lon="-1.7988850"/>
    <wpt lat="51.1723970" lon="-1.7977800"/>
    <wpt lat="51.1724130" lon="-1.7968120"/>
    <wpt lat="51.1721640" lon="-1.7951600"/>
    <wpt lat="51.1729410" lon="-1.7946050"/>
    <wpt lat="51.1721600" lon="-1.7903310"/>
    <wpt lat="51.1703820" lon="-1.7868210"/>
    <wpt lat="51.1707180" lon="-1.7855300"/>
    <wpt lat="51.1722980" lon="-1.7818590"/>
    <wpt lat="51.1736700" lon="-1.7796510"/>
    <wpt lat="51.1752320" lon="-1.7777350"/>
    <wpt lat="51.1761170" lon="-1.7760550"/>
    <wpt lat="51.1763340" lon="-1.7751220"/>
    <wpt lat="51.1767630" lon="-1.7695510"/>
    <wpt lat="51.1766070" lon="-1.7683280"/>
    <wpt lat="51.1768590" lon="-1.7676580"/>
    <wpt lat="51.1774700" lon="-1.7644280"/>
    <wpt lat="51.1773160" lon="-1.7630020"/>
    <wpt lat="51.1766530" lon="-1.7620460"/>
    <wpt lat="51.1768480" lon="-1.7612520"/>
    <wpt lat="51.1770820" lon="-1.7611180"/>
    <wpt lat="51.1787940" lon="-1.7605490"/>
    <wpt lat="51.1797000" lon="-1.7607970"/>
    <wpt lat="51.1797060" lon="-1.7605890"/>
    <wpt lat="51.1831720" lon="-1.7602520"/>
    <wpt lat="51.1851820" lon="-1.7608900"/>
    <wpt lat="51.1876700" lon="-1.7608630"/>
    <wpt lat="51.1885220" lon="-1.7594440"/>
    <wpt lat="51.1891580" lon="-1.7601880"/>
    <wpt lat="51.1908820" lon="-1.7597130"/>
    <wpt lat="51.1917660" lon="-1.7598920"/>
    <wpt lat="51.1943340" lon="-1.7594600"/>
    <wpt lat="51.1953600" lon="-1.7596620"/>
    <wpt lat="51.1994180" lon="-1.7612370"/>
    <wpt lat="51.2009000" lon="-1.7614670"/>
    <wpt lat="51.2045700" lon="-1.7628930"/>
    <wpt lat="51.2062360" lon="-1.7637690"/>
    <wpt lat="51.2095580" lon="-1.7660540"/>
    <wpt lat="51.2105480" lon="-1.7671960"/>
    <wpt lat="51.2116280" lon="-1.7678730"/>
    <wpt lat="51.2166930" lon="-1.7686820"/>
    <wpt lat="51.2195640" lon="-1.7700280"/>
    <wpt lat="51.2219210" lon="-1.7717880"/>
    <wpt lat="51.2247530" lon="-1.7746990"/>
    <wpt lat="51.2282880" lon="-1.7775200"/>
    <wpt lat="51.2291400" lon="-1.7785590"/>
    <wpt lat="51.2310030" lon="-1.7796670"/>
    <wpt lat="51.2318490" lon="-1.7800210"/>
    <wpt lat="51.2329910" lon="-1.7801300"/>
    <wpt lat="51.2341170" lon="-1.7806920"/>
    <wpt lat="51.2366740" lon="-1.7807780"/>
    <wpt lat="51.2384970" lon="-1.7822870"/>
    <wpt lat="51.2392350" lon="-1.7806930"/>
    <wpt lat="51.2399450" lon="-1.7798320"/>
    <wpt lat="51.2408420" lon="-1.7801500"/>
    <wpt lat="51.2449420" lon="-1.7849130"/>
    <wpt lat="51.2462060" lon="-1.7804300"/>
    <wpt lat="51.2469900" lon="-1.7794730"/>
    <wpt lat="51.2484470" lon="-1.7744630"/>
    <wpt lat="51.2501560" lon="-1.7672330"/>
    <wpt lat="51.2526440" lon="-1.7523230"/>
    <wpt lat="51.2532430" lon="-1.7455580"/>
    <wpt lat="51.2541880" lon="-1.7376860"/>
    <wpt lat="51.2544650" lon="-1.7367820"/>
    <wpt lat="51.2563460" lon="-1.7341100"/>
    <wpt lat="51.2581850" lon="-1.7306520"/>
    <wpt lat="51.2646100" lon="-1.7248740"/>
    <wpt lat="51.2669660" lon="-1.7215980"/>
    <wpt lat="51.2698170" lon="-1.7149490"/>
    <wpt lat="51.2706740" lon="-1.7124500"/>
    <wpt lat="51.2713570" lon="-1.7088330"/>
    <wpt lat="51.2725890" lon="-1.7085820"/>
    <wpt lat="51.2810690" lon="-1.7089150"/>
    <wpt lat="51.2813920" lon="-1.7087550"/>
    <wpt lat="51.2814620" lon="-1.7044680"/>
    <wpt lat="51.2808610" lon="-1.7007520"/>
    <wpt lat="51.2802530" lon="-1.6992710"/>
    <wpt lat="51.2809540" lon="-1.6954670"/>
    <wpt lat="51.2818810" lon="-1.6924790"/>
    <wpt lat="51.2822500" lon="-1.6895810"/>
    <wpt lat="51.2821870" lon="-1.6826150"/>
    <wpt lat="51.2823260" lon="-1.6811710"/>
    <wpt lat="51.2817360" lon="-1.6784730"/>
    <wpt lat="51.2817150" lon="-1.6775540"/>
    <wpt lat="51.2824220" lon="-1.6735820"/>
    <wpt lat="51.2826430" lon="-1.6708550"/>
    <wpt lat="51.2832990" lon="-1.6680330"/>
    <wpt lat="51.2833150" lon="-1.6644230"/>
    <wpt lat="51.2836180" lon="-1.6604490"/>
    <wpt lat="51.2852550" lon="-1.6539840"/>
    <wpt lat="51.2854590" lon="-1.6463820"/>
    <wpt lat="51.2853440" lon="-1.6445550"/>
    <wpt lat="51.2849770" lon="-1.6436260"/>
    <wpt lat="51.2836070" lon="-1.6414360"/>
    <wpt lat="51.2825140" lon="-1.6372580"/>
    <wpt lat="51.2832110" lon="-1.6369310"/>
    <wpt lat="51.2861490" lon="-1.6338950"/>
    <wpt lat="51.2899220" lon="-1.6308180"/>
    <wpt lat="51.2917700" lon="-1.6298160"/>
    <wpt lat="51.2941980" lon="-1.6274590"/>
    <wpt lat="51.2948820" lon="-1.6270520"/>
    <wpt lat="51.2980340" lon="-1.6280530"/>
    <wpt lat="51.2997130" lon="-1.6288920"/>
    <wpt lat="51.3027810" lon="-1.6289000"/>
    <wpt lat="51.3052160" lon="-1.6293480"/>
    <wpt lat="51.3077510" lon="-1.6284580"/>
    <wpt lat="51.3093700" lon="-1.6276110"/>
    <wpt lat="51.3209770" lon="-1.6194740"/>
    <wpt lat="51.3236390" lon="-1.6180230"/>
    <wpt lat="51.3259370" lon="-1.6171190"/>
    <wpt lat="51.3271630" lon="-1.6163130"/>
    <wpt lat="51.3289320" lon="-1.6147980"/>
    <wpt lat="51.3304450" lon="-1.6129120"/>
    <wpt lat="51.3314590" lon="-1.6123770"/>
    <wpt lat="51.3351020" lon="-1.6096360"/>
    <wpt lat="51.3375300" lon="-1.6083240"/>
    <wpt lat="51.3416110" lon="-1.6034020"/>
    <wpt lat="51.3437550" lon="-1.6002070"/>
    <wpt lat="51.3470150" lon="-1.6045290"/>
    <wpt lat="51.3479900" lon="-1.6054970"/>
    <wpt lat="51.3493540" lon="-1.6075680"/>
    <wpt lat="51.3537260" lon="-1.6129800"/>
    <wpt lat="51.3541320" lon="-1.6107870"/>
    <wpt lat="51.3545230" lon="-1.6103190"/>
    <wpt lat="51.3569360" lon="-1.6087750"/>
    <wpt lat="51.3577830" lon="-1.6085300"/>
    <wpt lat="51.3587060" lon="-1.6076170"/>
    <wpt lat="51.3601670" lon="-1.6034540"/>
    <wpt lat="51.3608920" lon="-1.6023700"/>
    <wpt lat="51.3620260" lon="-1.6012050"/>
    <wpt lat="51.3673810" lon="-1.6015530"/>
    <wpt lat="51.3685960" lon="-1.6018870"/>
    <wpt lat="51.3698000" lon="-1.6017040"/>
    <wpt lat="51.3703600" lon="-1.6023170"/>
    <wpt lat="51.3712360" lon="-1.6046780"/>
    <wpt lat="51.3722340" lon="-1.6061860"/>
    <wpt lat="51.3740570" lon="-1.6054170"/>
    <wpt lat="51.3776400" lon="-1.6027870"/>
    <wpt lat="51.3790710" lon="-1.6014790"/>
    <wpt lat="51.3798210" lon="-1.6028000"/>
    <wpt lat="51.3800030" lon="-1.6035360"/>
    <wpt lat="51.3814500" lon="-1.6023300"/>
    <wpt lat="51.3822460" lon="-1.6009480"/>
    <wpt lat="51.3840470" lon="-1.5986700"/>
    <wpt lat="51.3855960" lon="-1.5957550"/>
    <wpt lat="51.3868070" lon="-1.5915820"/>
    <wpt lat="51.3887520" lon="-1.5891000"/>
    <wpt lat="51.3902990" lon="-1.5880300"/>
    <wpt lat="51.3932540" lon="-1.5878460"/>
    <wpt lat="51.3941900" lon="-1.5867540"/>
    <wpt lat="51.3942830" lon="-1.5863990"/>
    <wpt lat="51.3968330" lon="-1.5839130"/>
    <wpt lat="51.3981950" lon="-1.5822150"/>
    <wpt lat="51.3993240" lon="-1.5812480"/>
    <wpt lat="51.4015530" lon="-1.5781020"/>
    <wpt lat="51.4031020" lon="-1.5765150"/>
    <wpt lat="51.4061290" lon="-1.5755520"/>
    <wpt lat="51.4081520" lon="-1.5753500"/>
    <wpt lat="51.4087310" lon="-1.5749960"/>
    <wpt lat="51.4095150" lon="-1.5738810"/>
    <wpt lat="51.4098050" lon="-1.5738450"/>
    <wpt lat="51.4098820" lon="-1.5741200"/>
    <wpt lat="51.4107160" lon="-1.5730300"/>
    <wpt lat="51.4108900" lon="-1.5730390"/>
    <wpt lat="51.4104800" lon="-1.5757480"/>
    <wpt lat="51.4114380" lon="-1.5765140"/>
    <wpt lat="51.4114240" lon="-1.5773900"/>
    <wpt lat="51.4124820" lon="-1.5793610"/>
    <wpt lat="51.4130960" lon="-1.5810960"/>
    <wpt lat="51.4144240" lon="-1.5827230"/>
    <wpt lat="51.4155600" lon="-1.5849040"/>
    <wpt lat="51.4158830" lon="-1.5865290"/>
    <wpt lat="51.4159970" lon="-1.5892520"/>
    <wpt lat="51.4163290" lon="-1.5911600"/>
    <wpt lat="51.4171700" lon="-1.5940670"/>
    <wpt lat="51.4182570" lon="-1.5963640"/>
    <wpt lat="51.4184440" lon="-1.5971600"/>
    <wpt lat="51.4185020" lon="-1.5991590"/>
    <wpt lat="51.4186910" lon="-1.5994720"/>
    <wpt lat="51.4198990" lon="-1.5999720"/>
    <wpt lat="51.4209260" lon="-1.6007670"/>
    <wpt lat="51.4226500" lon="-1.6028690"/>
    <wpt lat="51.4239460" lon="-1.6039670"/>
    <wpt lat="51.4250480" lon="-1.6038030"/>
    <wpt lat="51.4276210" lon="-1.6052280"/>
    <wpt lat="51.4283230" lon="-1.6053660"/>
    <wpt lat="51.4286690" lon="-1.6049780"/>
    <wpt lat="51.4294680" lon="-1.6002730"/>
    <wpt lat="51.4310150" lon="-1.5997450"/>
    <wpt lat="51.4319190" lon="-1.5997260"/>
    <wpt lat="51.4342720" lon="-1.6002310"/>
    <wpt lat="51.4353790" lon="-1.6009370"/>
    <wpt lat="51.4364700" lon="-1.6004740"/>
    <wpt lat="51.4370940" lon="-1.5996090"/>
    <wpt lat="51.4378840" lon="-1.6007850"/>
    <wpt lat="51.4405310" lon="-1.6011210"/>
    <wpt lat="51.4422410" lon="-1.6010580"/>
    <wpt lat="51.4426080" lon="-1.6016250"/>
    <wpt lat="51.4427250" lon="-1.6025830"/>
    <wpt lat="51.4425700" lon="-1.6050140"/>
    <wpt lat="51.4421460" lon="-1.6061680"/>
    <wpt lat="51.4419440" lon="-1.6121270"/>
    <wpt lat="51.4421800" lon="-1.6126270"/>
    <wpt lat="51.4415180" lon="-1.6153540"/>
    <wpt lat="51.4405260" lon="-1.6175270"/>
    <wpt lat="51.4397960" lon="-1.6217680"/>
    <wpt lat="51.4429230" lon="-1.6293580"/>
    <wpt lat="51.4431000" lon="-1.6306780"/>
    <wpt lat="51.4429760" lon="-1.6315270"/>
    <wpt lat="51.4422570" lon="-1.6333220"/>
    <wpt lat="51.4403220" lon="-1.6364250"/>
    <wpt lat="51.4398270" lon="-1.6376500"/>
    <wpt lat="51.4393230" lon="-1.6391030"/>
    <wpt lat="51.4385860" lon="-1.6427260"/>
    <wpt lat="51.4370760" lon="-1.6449320"/>
    <wpt lat="51.4354110" lon="-1.6462600"/>
    <wpt lat="51.4322400" lon="-1.6470760"/>
    <wpt lat="51.4310000" lon="-1.6522020"/>
    <wpt lat="51.4307840" lon="-1.6537620"/>
    <wpt lat="51.4291330" lon="-1.6602060"/>
    <wpt lat="51.4286640" lon="-1.6629570"/>
    <wpt lat="51.4283860" lon="-1.6661810"/>
    <wpt lat="51.4283500" lon="-1.6712400"/>
    <wpt lat="51.4265940" lon="-1.6748530"/>
    <wpt lat="51.4254370" lon="-1.6760690"/>
    <wpt lat="51.4244310" lon="-1.6767960"/>
    <wpt lat="51.4239220" lon="-1.6776900"/>
    <wpt lat="51.4237720" lon="-1.6783130"/>
    <wpt lat="51.4241340" lon="-1.6818410"/>
    <wpt lat="51.4251730" lon="-1.6841260"/>
    <wpt lat="51.4264360" lon="-1.6862740"/>
    <wpt lat="51.4270050" lon="-1.6905860"/>
    <wpt lat="51.4268480" lon="-1.6926580"/>
    <wpt lat="51.4271370" lon="-1.6939060"/>
    <wpt lat="51.4267400" lon="-1.6959670"/>
    <wpt lat="51.4262040" lon="-1.6975240"/>
    <wpt lat="51.4255820" lon="-1.7001310"/>
    <wpt lat="51.4257820" lon="-1.7009780"/>
    <wpt lat="51.4249370" lon="-1.7047240"/>
    <wpt lat="51.4247010" lon="-1.7075440"/>
    <wpt lat="51.4248020" lon="-1.7118010"/>
    <wpt lat="51.4245360" lon="-1.7137300"/>
    <wpt lat="51.4250200" lon="-1.7164740"/>
    <wpt lat="51.4248730" lon="-1.7191500"/>
    <wpt lat="51.4249590" lon="-1.7210770"/>
    <wpt lat="51.4241650" lon="-1.7237440"/>
    <wpt lat="51.4235920" lon="-1.7249400"/>
    <wpt lat="51.4226670" lon="-1.7277170"/>
    <wpt lat="51.4220390" lon="-1.7300690"/>
    <wpt lat="51.4229850" lon="-1.7305960"/>
    <wpt lat="51.4240150" lon="-1.7319950"/>
    <wpt lat="51.4287240" lon="-1.7404580"/>
    <wpt lat="51.4326440" lon="-1.7493150"/>
    <wpt lat="51.4330620" lon="-1.7499280"/>
    <wpt lat="51.4357870" lon="-1.7525220"/>
    <wpt lat="51.4400710" lon="-1.7588500"/>
    <wpt lat="51.4415390" lon="-1.7598330"/>
    <wpt lat="51.4421910" lon="-1.7599560"/>
    <wpt lat="51.4432420" lon="-1.7618680"/>
    <wpt lat="51.4455350" lon="-1.7636440"/>
    <wpt lat="51.4462630" lon="-1.7635830"/>
    <wpt lat="51.4477960" lon="-1.7626600"/>
    <wpt lat="51.4506930" lon="-1.7620380"/>
    <wpt lat="51.4521300" lon="-1.7623570"/>
    <wpt lat="51.4532980" lon="-1.7635840"/>
    <wpt lat="51.4543260" lon="-1.7652630"/>
    <wpt lat="51.4555150" lon="-1.7679000"/>
    <wpt lat="51.4565360" lon="-1.7711400"/>
    <wpt lat="51.4581720" lon="-1.7754700"/>
    <wpt lat="51.4608260" lon="-1.7799890"/>
    <wpt lat="51.4621860" lon="-1.7833560"/>
    <wpt lat="51.4629160" lon="-1.7858610"/>
    <wpt lat="51.4637500" lon="-1.7911740"/>
    <wpt lat="51.4648360" lon="-1.7949410"/>
    <wpt lat="51.4652910" lon="-1.7980630"/>
    <wpt lat="51.4655580" lon="-1.8014010"/>
    <wpt lat="51.4664170" lon="-1.8042480"/>
    <wpt lat="51.4676250" lon="-1.8069720"/>
    <wpt lat="51.4693150" lon="-1.8114770"/>
    <wpt lat="51.4709390" lon="-1.8148680"/>
    <wpt lat="51.4715970" lon="-1.8156550"/>
    <wpt lat="51.4733040" lon="-1.8154640"/>
    <wpt lat="51.4735300" lon="-1.8156500"/>
    <wpt lat="51.4736390" lon="-1.8164270"/>
    <wpt lat="51.4734700" lon="-1.8170050"/>
    <wpt lat="51.4730480" lon="-1.8176240"/>
    <wpt lat="51.4729640" lon="-1.8189330"/>
    <wpt lat="51.4752530" lon="-1.8242210"/>
    <wpt lat="51.4767810" lon="-1.8285650"/>
    <wpt lat="51.4810590" lon="-1.8359100"/>
    <wpt lat="51.4825990" lon="-1.8381780"/>
    <wpt lat="51.4839520" lon="-1.8410120"/>
    <wpt lat="51.4841390" lon="-1.8418300"/>
    <wpt lat="51.4843970" lon="-1.8417540"/>
    <wpt lat="51.4846740" lon="-1.8432420"/>
    <wpt lat="51.4868460" lon="-1.8491800"/>
    <wpt lat="51.4888750" lon="-1.8513360"/>
    <wpt lat="51.4893270" lon="-1.8514900"/>
    <wpt lat="51.4894320" lon="-1.8518070"/>
    <wpt lat="51.4891640" lon="-1.8542470"/>
    <wpt lat="51.4894140" lon="-1.8548040"/>
    <wpt lat="51.4902470" lon="-1.8554220"/>
    <wpt lat="51.4895690" lon="-1.8584730"/>
    <wpt lat="51.4900560" lon="-1.8616690"/>
    <wpt lat="51.4891670" lon="-1.8654900"/>
    <wpt lat="51.4887790" lon="-1.8686050"/>
    <wpt lat="51.4886800" lon="-1.8715320"/>
    <wpt lat="51.4880350" lon="-1.8751780"/>
    <wpt lat="51.4872140" lon="-1.8787410"/>
    <wpt lat="51.4874180" lon="-1.8835870"/>
    <wpt lat="51.4867340" lon="-1.8860260"/>
    <wpt lat="51.4874710" lon="-1.8883200"/>
    <wpt lat="51.4871400" lon="-1.8904710"/>
    <wpt lat="51.4873860" lon="-1.8911030"/>
    <wpt lat="51.4880710" lon="-1.8916420"/>
    <wpt lat="51.4884290" lon="-1.8922840"/>
    <wpt lat="51.4887690" lon="-1.8955860"/>
    <wpt lat="51.4899210" lon="-1.8965870"/>
    <wpt lat="51.4904940" lon="-1.8956140"/>
    <wpt lat="51.4914340" lon="-1.8949050"/>
    <wpt lat="51.4934400" lon="-1.8956510"/>
    <wpt lat="51.4940450" lon="-1.8953170"/>
    <wpt lat="51.4948590" lon="-1.8953860"/>
    <wpt lat="51.4974020" lon="-1.8979010"/>
    <wpt lat="51.4983010" lon="-1.8992630"/>
    <wpt lat="51.5002930" lon="-1.9015360"/>
    <wpt lat="51.5009950" lon="-1.9025260"/>
    <wpt lat="51.5015080" lon="-1.9041820"/>
    <wpt lat="51.5018670" lon="-1.9047630"/>
    <wpt lat="51.5047270" lon="-1.9075260"/>
    <wpt lat="51.5024480" lon="-1.9102450"/>
    <wpt lat="51.5007480" lon="-1.9114620"/>
    <wpt lat="51.5034910" lon="-1.9159820"/>
    <wpt lat="51.5041980" lon="-1.9175880"/>
    <wpt lat="51.5052910" lon="-1.9218860"/>
    <wpt lat="51.5070660" lon="-1.9271370"/>
    <wpt lat="51.5080820" lon="-1.9313720"/>
    <wpt lat="51.5091070" lon="-1.9342250"/>
    <wpt lat="51.5107100" lon="-1.9378190"/>
    <wpt lat="51.5108440" lon="-1.9387740"/>
    <wpt lat="51.5107810" lon="-1.9414540"/>
    <wpt lat="51.5115790" lon="-1.9437580"/>
    <wpt lat="51.5132780" lon="-1.9461930"/>
    <wpt lat="51.5144330" lon="-1.9470560"/>
    <wpt lat="51.5153620" lon="-1.9448150"/>
    <wpt lat="51.5165960" lon="-1.9441280"/>
    <wpt lat="51.5185950" lon="-1.9454550"/>
    <wpt lat="51.5203770" lon="-1.9453520"/>
    <wpt lat="51.5224640" lon="-1.9456230"/>
    <wpt lat="51.5234800" lon="-1.9460890"/>
    <wpt lat="51.5240420" lon="-1.9467570"/>
    <wpt lat="51.5245640" lon="-1.9477800"/>
    <wpt lat="51.5244120" lon="-1.9493370"/>
    <wpt lat="51.5279910" lon="-1.9508460"/>
    <wpt lat="51.5294720" lon="-1.9508650"/>
    <wpt lat="51.5312910" lon="-1.9501800"/>
    <wpt lat="51.5326020" lon="-1.9501000"/>
    <wpt lat="51.5332210" lon="-1.9502750"/>
    <wpt lat="51.5341420" lon="-1.9510720"/>
    <wpt lat="51.5351170" lon="-1.9510840"/>
    <wpt lat="51.5363100" lon="-1.9507740"/>
    <wpt lat="51.5382400" lon="-1.9494480"/>
    <wpt lat="51.5418900" lon="-1.9460300"/>
    <wpt lat="51.5429870" lon="-1.9465480"/>
    <wpt lat="51.5440760" lon="-1.9476570"/>
    <wpt lat="51.5450550" lon="-1.9458530"/>
    <wpt lat="51.5461430" lon="-1.9446690"/>
    <wpt lat="51.5470500" lon="-1.9429520"/>
    <wpt lat="51.5474270" lon="-1.9414800"/>
    <wpt lat="51.5475430" lon="-1.9402980"/>
    <wpt lat="51.5474340" lon="-1.9382210"/>
    <wpt lat="51.5482840" lon="-1.9385870"/>
    <wpt lat="51.5492690" lon="-1.9393580"/>
    <wpt lat="51.5500070" lon="-1.9404100"/>
    <wpt lat="51.5538470" lon="-1.9478270"/>
    <wpt lat="51.5560610" lon="-1.9493350"/>
    <wpt lat="51.5583650" lon="-1.9495730"/>
    <wpt lat="51.5588950" lon="-1.9499330"/>
    <wpt lat="51.5623800" lon="-1.9503340"/>
    <wpt lat="51.5704670" lon="-1.9484120"/>
    <wpt lat="51.5712430" lon="-1.9473370"/>
    <wpt lat="51.5728340" lon="-1.9460480"/>
    <wpt lat="51.5745030" lon="-1.9464130"/>
    <wpt lat="51.5750050" lon="-1.9462390"/>
    <wpt lat="51.5751880" lon="-1.9456500"/>
    <wpt lat="51.5753220" lon="-1.9432140"/>
    <wpt lat="51.5772540" lon="-1.9448910"/>
    <wpt lat="51.5792900" lon="-1.9460980"/>
    <wpt lat="51.5820940" lon="-1.9499770"/>
    <wpt lat="51.5828540" lon="-1.9518180"/>
    <wpt lat="51.5833900" lon="-1.9538150"/>
    <wpt lat="51.5836120" lon="-1.9557430"/>
    <wpt lat="51.5831540" lon="-1.9620010"/>
    <wpt lat="51.5828790" lon="-1.9682220"/>
    <wpt lat="51.5829110" lon="-1.9731870"/>
    <wpt lat="51.5826290" lon="-1.9767610"/>
    <wpt lat="51.5820760" lon="-1.9801610"/>
    <wpt lat="51.5800800" lon="-1.9866970"/>
    <wpt lat="51.5802870" lon="-1.9896860"/>
    <wpt lat="51.5807010" lon="-1.9928710"/>
    <wpt lat="51.5812970" lon="-1.9953760"/>
    <wpt lat="51.5815480" lon="-1.9990480"/>
    <wpt lat="51.5844630" lon="-2.0134590"/>
    <wpt lat="51.5839570" lon="-2.0135870"/>
    <wpt lat="51.5839730" lon="-2.0171610"/>
    <wpt lat="51.5837960" lon="-2.0202370"/>
    <wpt lat="51.5844980" lon="-2.0283990"/>
    <wpt lat="51.5851660" lon="-2.0310780"/>
    <wpt lat="51.5855500" lon="-2.0355340"/>
    <wpt lat="51.5869420" lon="-2.0404400"/>
    <wpt lat="51.5882280" lon="-2.0439630"/>
    <wpt lat="51.5893870" lon="-2.0460640"/>
    <wpt lat="51.5888020" lon="-2.0470740"/>
    <wpt lat="51.5886300" lon="-2.0491380"/>
    <wpt lat="51.5889710" lon="-2.0504950"/>
    <wpt lat="51.5887000" lon="-2.0528330"/>
    <wpt lat="51.5886680" lon="-2.0554680"/>
    <wpt lat="51.5891380" lon="-2.0574570"/>
    <wpt lat="51.5889920" lon="-2.0589560"/>
    <wpt lat="51.5891520" lon="-2.0618070"/>
    <wpt lat="51.5899070" lon="-2.0645860"/>
    <wpt lat="51.5899160" lon="-2.0682560"/>
    <wpt lat="51.5887000" lon="-2.0793530"/>
    <wpt lat="51.5876470" lon="-2.0822370"/>
    <wpt lat="51.5872520" lon="-2.0837640"/>
    <wpt lat="51.5871540" lon="-2.0869620"/>
    <wpt lat="51.5867510" lon="-2.0888000"/>
    <wpt lat="51.5861770" lon="-2.0905890"/>
    <wpt lat="51.5856190" lon="-2.0914390"/>
    <wpt lat="51.5860950" lon="-2.0920030"/>
    <wpt lat="51.5863910" lon="-2.0933170"/>
    <wpt lat="51.5852130" lon="-2.0937910"/>
    <wpt lat="51.5847260" lon="-2.0950740"/>
    <wpt lat="51.5845020" lon="-2.0963960"/>
    <wpt lat="51.5828190" lon="-2.0966290"/>
    <wpt lat="51.5825840" lon="-2.0976390"/>
    <wpt lat="51.5838070" lon="-2.0980020"/>
    <wpt lat="51.5838060" lon="-2.0988110"/>
    <wpt lat="51.5845120" lon="-2.0991060"/>
    <wpt lat="51.5848260" lon="-2.0996330"/>
    <wpt lat="51.5855120" lon="-2.1014120"/>
    <wpt lat="51.5852410" lon="-2.1033890"/>
    <wpt lat="51.5844870" lon="-2.1052240"/>
    <wpt lat="51.5836210" lon="-2.1050150"/>
    <wpt lat="51.5833320" lon="-2.1055210"/>
    <wpt lat="51.5828990" lon="-2.1075690"/>
    <wpt lat="51.5812580" lon="-2.1118950"/>
    <wpt lat="51.5808780" lon="-2.1144050"/>
    <wpt lat="51.5804460" lon="-2.1157840"/>
    <wpt lat="51.5798850" lon="-2.1187460"/>
    <wpt lat="51.5780010" lon="-2.1232000"/>
    <wpt lat="51.5768790" lon="-2.1252250"/>
    <wpt lat="51.5744390" lon="-2.1308300"/>
    <wpt lat="51.5735850" lon="-2.1344610"/>
    <wpt lat="51.5733830" lon="-2.1363620"/>
    <wpt lat="51.5726150" lon="-2.1392310"/>
    <wpt lat="51.5722700" lon="-2.1421020"/>
    <wpt lat="51.5721910" lon="-2.1481180"/>
    <wpt lat="51.5720270" lon="-2.1498640"/>
    <wpt lat="51.5721060" lon="-2.1514220"/>
    <wpt lat="51.5708190" lon="-2.1516780"/>
    <wpt lat="51.5690650" lon="-2.1524220"/>
    <wpt lat="51.5669080" lon="-2.1513620"/>
    <wpt lat="51.5661710" lon="-2.1512000"/>
    <wpt lat="51.5646200" lon="-2.1551340"/>
    <wpt lat="51.5617550" lon="-2.1592210"/>
    <wpt lat="51.5605010" lon="-2.1622890"/>
    <wpt lat="51.5593110" lon="-2.1644050"/>
    <wpt lat="51.5592350" lon="-2.1648290"/>
    <wpt lat="51.5580410" lon="-2.1656410"/>
    <wpt lat="51.5580400" lon="-2.1667660"/>
    <wpt lat="51.5565140" lon="-2.1711460"/>
    <wpt lat="51.5561250" lon="-2.1729760"/>
    <wpt lat="51.5545630" lon="-2.1771670"/>
    <wpt lat="51.5541630" lon="-2.1796900"/>
    <wpt lat="51.5532350" lon="-2.1814210"/>
    <wpt lat="51.5535660" lon="-2.1818800"/>
    <wpt lat="51.5554260" lon="-2.1832430"/>
    <wpt lat="51.5565920" lon="-2.1848780"/>
    <wpt lat="51.5575330" lon="-2.1866140"/>
    <wpt lat="51.5520220" lon="-2.1920270"/>
    <wpt lat="51.5501120" lon="-2.1942400"/>
    <wpt lat="51.5344750" lon="-2.2103940"/>
    <wpt lat="51.5308180" lon="-2.2138070"/>
    <wpt lat="51.5305850" lon="-2.2139010"/>
    <wpt lat="51.5272270" lon="-2.2124520"/>
    <wpt lat="51.5265960" lon="-2.2114350"/>
    <wpt lat="51.5257500" lon="-2.2105660"/>
    <wpt lat="51.5250590" lon="-2.2087450"/>
    <wpt lat="51.5231980" lon="-2.2081940"/>
    <wpt lat="51.5175260" lon="-2.2051270"/>
    <wpt lat="51.5113000" lon="-2.2010180"/>
    <wpt lat="51.5087280" lon="-2.1999840"/>
    <wpt lat="51.5059770" lon="-2.1996190"/>
    <wpt lat="51.5045610" lon="-2.1991220"/>
    <wpt lat="51.5005080" lon="-2.1949800"/>
    <wpt lat="51.4995680" lon="-2.1952060"/>
    <wpt lat="51.4971330" lon="-2.1946060"/>
    <wpt lat="51.4953540" lon="-2.1934460"/>
    <wpt lat="51.4928210" lon="-2.1922800"/>
    <wpt lat="51.4874870" lon="-2.1937850"/>
    <wpt lat="51.4863460" lon="-2.1934420"/>
    <wpt lat="51.4852550" lon="-2.1938980"/>
    <wpt lat="51.4838000" lon="-2.1933820"/>
    <wpt lat="51.4830970" lon="-2.1942140"/>
    <wpt lat="51.4823390" lon="-2.1959680"/>
    <wpt lat="51.4819250" lon="-2.1964270"/>
    <wpt lat="51.4800200" lon="-2.1957570"/>
    <wpt lat="51.4771330" lon="-2.1958020"/>
    <wpt lat="51.4751980" lon="-2.1972480"/>
    <wpt lat="51.4744140" lon="-2.1980800"/>
    <wpt lat="51.4737050" lon="-2.1970830"/>
    <wpt lat="51.4713700" lon="-2.1958920"/>
    <wpt lat="51.4701120" lon="-2.1953960"/>
    <wpt lat="51.4684860" lon="-2.1952860"/>
    <wpt lat="51.4669250" lon="-2.1959580"/>
    <wpt lat="51.4643520" lon="-2.1987460"/>
    <wpt lat="51.4636750" lon="-2.1998320"/>
    <wpt lat="51.4634320" lon="-2.1999170"/>
    <wpt lat="51.4607340" lon="-2.1985190"/>
    <wpt lat="51.4604710" lon="-2.1964330"/>
    <wpt lat="51.4600780" lon="-2.1950440"/>
    <wpt lat="51.4564490" lon="-2.1924170"/>
    <wpt lat="51.4553190" lon="-2.1909300"/>
    <wpt lat="51.4537280" lon="-2.1904490"/>
    <wpt lat="51.4511610" lon="-2.1874880"/>
    <wpt lat="51.4480530" lon="-2.1885920"/>
    <wpt lat="51.4464780" lon="-2.1865040"/>
    <wpt lat="51.4454080" lon="-2.1855190"/>
    <wpt lat="51.4432530" lon="-2.1860270"/>
    <wpt lat="51.4420640" lon="-2.1859830"/>
    <wpt lat="51.4412240" lon="-2.1856490"/>
    <wpt lat="51.4397980" lon="-2.1858160"/>
    <wpt lat="51.4383060" lon="-2.1855360"/>
    <wpt lat="51.4373930" lon="-2.1850130"/>
    <wpt lat="51.4362140" lon="-2.1847650"/>
    <wpt lat="51.4359180" lon="-2.1847760"/>
    <wpt lat="51.4348250" lon="-2.1865150"/>
    <wpt lat="51.4332950" lon="-2.1871700"/>
    <wpt lat="51.4319370" lon="-2.1874380"/>
    <wpt lat="51.4316310" lon="-2.1877240"/>
    <wpt lat="51.4305750" lon="-2.1842400"/>
    <wpt lat="51.4293600" lon="-2.1840070"/>
    <wpt lat="51.4259480" lon="-2.1823650"/>
    <wpt lat="51.4243390" lon="-2.1818120"/>
    <wpt lat="51.4235690" lon="-2.1812780"/>
    <wpt lat="51.4235080" lon="-2.1842650"/>
    <wpt lat="51.4227590" lon="-2.1859040"/>
    <wpt lat="51.4225560" lon="-2.1860940"/>
    <wpt lat="51.4215540" lon="-2.1861440"/>
    <wpt lat="51.4206250" lon="-2.1875930"/>
    <wpt lat="51.4198600" lon="-2.1883520"/>
    <wpt lat="51.4191670" lon="-2.1886650"/>
    <wpt lat="51.4180620" lon="-2.1881290"/>
    <wpt lat="51.4145630" lon="-2.1889340"/>
    <wpt lat="51.4138860" lon="-2.1901390"/>
    <wpt lat="51.4119450" lon="-2.1914590"/>
    <wpt lat="51.4118680" lon="-2.1929200"/>
    <wpt lat="51.4115480" lon="-2.1944030"/>
    <wpt lat="51.4103540" lon="-2.1956520"/>
    <wpt lat="51.4037240" lon="-2.1968990"/>
    <wpt lat="51.4006780" lon="-2.1983780"/>
    <wpt lat="51.4002330" lon="-2.1990100"/>
    <wpt lat="51.3989150" lon="-2.1988190"/>
    <wpt lat="51.3981170" lon="-2.1982880"/>
    <wpt lat="51.3965140" lon="-2.1979910"/>
    <wpt lat="51.3952880" lon="-2.1993620"/>
    <wpt lat="51.3932790" lon="-2.1998990"/>
    <wpt lat="51.3929560" lon="-2.1991930"/>
    <wpt lat="51.3921520" lon="-2.2016470"/>
    <wpt lat="51.3912420" lon="-2.2028360"/>
    <wpt lat="51.3901180" lon="-2.2028460"/>
    <wpt lat="51.3896960" lon="-2.2026090"/>
    <wpt lat="51.3883640" lon="-2.2010180"/>
    <wpt lat="51.3864780" lon="-2.2013380"/>
    <wpt lat="51.3858120" lon="-2.2018350"/>
    <wpt lat="51.3849910" lon="-2.2047070"/>
    <wpt lat="51.3834970" lon="-2.2072970"/>
    <wpt lat="51.3829650" lon="-2.2049840"/>
    <wpt lat="51.3819440" lon="-2.2017720"/>
    <wpt lat="51.3815940" lon="-2.2012560"/>
    <wpt lat="51.3811060" lon="-2.1994980"/>
    <wpt lat="51.3801390" lon="-2.1974820"/>
    <wpt lat="51.3788390" lon="-2.1940450"/>
    <wpt lat="51.3787760" lon="-2.1919440"/>
    <wpt lat="51.3784990" lon="-2.1920270"/>
    <wpt lat="51.3772740" lon="-2.1941250"/>
    <wpt lat="51.3761900" lon="-2.1955400"/>
    <wpt lat="51.3709230" lon="-2.2014250"/>
    <wpt lat="51.3701860" lon="-2.2010770"/>
    <wpt lat="51.3683170" lon="-2.2022780"/>
    <wpt lat="51.3673400" lon="-2.2003490"/>
    <wpt lat="51.3660390" lon="-2.2018920"/>
    <wpt lat="51.3648980" lon="-2.2023790"/>
    <wpt lat="51.3644980" lon="-2.2052930"/>
    <wpt lat="51.3632460" lon="-2.2081560"/>
    <wpt lat="51.3630430" lon="-2.2090370"/>
    <wpt lat="51.3630490" lon="-2.2107120"/>
    <wpt lat="51.3638140" lon="-2.2154120"/>
    <wpt lat="51.3636500" lon="-2.2187800"/>
    <wpt lat="51.3632380" lon="-2.2210090"/>
    <wpt lat="51.3636420" lon="-2.2235500"/>
    <wpt lat="51.3635880" lon="-2.2242720"/>
    <wpt lat="51.3621680" lon="-2.2296380"/>
    <wpt lat="51.3616480" lon="-2.2331330"/>
    <wpt lat="51.3616400" lon="-2.2354570"/>
    <wpt lat="51.3591830" lon="-2.2398780"/>
    <wpt lat="51.3579350" lon="-2.2417610"/>
    <wpt lat="51.3527010" lon="-2.2459910"/>
    <wpt lat="51.3512730" lon="-2.2467280"/>
    <wpt lat="51.3507560" lon="-2.2472150"/>
    <wpt lat="51.3501420" lon="-2.2439810"/>
    <wpt lat="51.3492030" lon="-2.2426120"/>
    <wpt lat="51.3488370" lon="-2.2423990"/>
    <wpt lat="51.3479950" lon="-2.2424600"/>
    <wpt lat="51.3476780" lon="-2.2426610"/>
    <wpt lat="51.3472110" lon="-2.2434500"/>
    <wpt lat="51.3469050" lon="-2.2445610"/>
    <wpt lat="51.3470180" lon="-2.2465830"/>
    <wpt lat="51.3479060" lon="-2.2482980"/>
    <wpt lat="51.3480410" lon="-2.2493700"/>
    <wpt lat="51.3477640" lon="-2.2502420"/>
    <wpt lat="51.3467370" lon="-2.2512430"/>
    <wpt lat="51.3463070" lon="-2.2520720"/>
    <wpt lat="51.3437870" lon="-2.2515140"/>
    <wpt lat="51.3416010" lon="-2.2517460"/>
    <wpt lat="51.3412560" lon="-2.2522400"/>
    <wpt lat="51.3402950" lon="-2.2522840"/>
    <wpt lat="51.3390030" lon="-2.2529970"/>
    <wpt lat="51.3375560" lon="-2.2531560"/>
    <wpt lat="51.3363640" lon="-2.2536840"/>
    <wpt lat="51.3349570" lon="-2.2550400"/>
    <wpt lat="51.3344700" lon="-2.2557530"/>
    <wpt lat="51.3322120" lon="-2.2605210"/>
    <wpt lat="51.3301370" lon="-2.2639390"/>
    <wpt lat="51.3303330" lon="-2.2684060"/>
    <wpt lat="51.3300910" lon="-2.2686970"/>
    <wpt lat="51.3295160" lon="-2.2713040"/>
    <wpt lat="51.3287880" lon="-2.2716980"/>
    <wpt lat="51.3273720" lon="-2.2736270"/>
    <wpt lat="51.3245090" lon="-2.2751740"/>
    <wpt lat="51.3227840" lon="-2.2766230"/>
    <wpt lat="51.3219660" lon="-2.2781060"/>
    <wpt lat="51.3209680" lon="-2.2818400"/>
    <wpt lat="51.3205840" lon="-2.2826570"/>
    <wpt lat="51.3191020" lon="-2.2836940"/>
    <wpt lat="51.3170250" lon="-2.2839400"/>
    <wpt lat="51.3168260" lon="-2.2842830"/>
    <wpt lat="51.3168190" lon="-2.2860280"/>
    <wpt lat="51.3165770" lon="-2.2866770"/>
    <wpt lat="51.3164490" lon="-2.2877670"/>
    <wpt lat="51.3141860" lon="-2.2882820"/>
    <wpt lat="51.3124280" lon="-2.2880420"/>
    <wpt lat="51.3110940" lon="-2.2867610"/>
    <wpt lat="51.3099600" lon="-2.2867250"/>
    <wpt lat="51.3086900" lon="-2.2870400"/>
    <wpt lat="51.3077520" lon="-2.2867940"/>
    <wpt lat="51.3069800" lon="-2.2870310"/>
    <wpt lat="51.3057880" lon="-2.2878220"/>
    <wpt lat="51.3049940" lon="-2.2890320"/>
    <wpt lat="51.3030250" lon="-2.2906240"/>
    <wpt lat="51.2996320" lon="-2.2883360"/>
    <wpt lat="51.2976280" lon="-2.2882080"/>
    <wpt lat="51.2905280" lon="-2.2857420"/>
    <wpt lat="51.2880190" lon="-2.2857660"/>
    <wpt lat="51.2874500" lon="-2.2845820"/>
    <wpt lat="51.2868500" lon="-2.2839230"/>
    <wpt lat="51.2865370" lon="-2.2829220"/>
    <wpt lat="51.2862540" lon="-2.2825650"/>
    <wpt lat="51.2859720" lon="-2.2823030"/>
    <wpt lat="51.2849600" lon="-2.2821190"/>
    <wpt lat="51.2831900" lon="-2.2829670"/>
    <wpt lat="51.2826410" lon="-2.2847200"/>
    <wpt lat="51.2809910" lon="-2.2876390"/>
    <wpt lat="51.2797940" lon="-2.2888350"/>
    <wpt lat="51.2786980" lon="-2.2895400"/>
    <wpt lat="51.2776920" lon="-2.2854380"/>
    <wpt lat="51.2753760" lon="-2.2789300"/>
    <wpt lat="51.2723860" lon="-2.2739740"/>
    <wpt lat="51.2711920" lon="-2.2725230"/>
    <wpt lat="51.2717090" lon="-2.2713030"/>
    <wpt lat="51.2726780" lon="-2.2680400"/>
    <wpt lat="51.2728240" lon="-2.2671520"/>
    <wpt lat="51.2728200" lon="-2.2648300"/>
    <wpt lat="51.2723280" lon="-2.2626920"/>
    <wpt lat="51.2714960" lon="-2.2604200"/>
    <wpt lat="51.2715190" lon="-2.2594040"/>
    <wpt lat="51.2704020" lon="-2.2542830"/>
    <wpt lat="51.2702950" lon="-2.2518270"/>
    <wpt lat="51.2699070" lon="-2.2498010"/>
    <wpt lat="51.2694390" lon="-2.2485730"/>
    <wpt lat="51.2688080" lon="-2.2477250"/>
    <wpt lat="51.2684700" lon="-2.2475690"/>
    <wpt lat="51.2671300" lon="-2.2476640"/>
    <wpt lat="51.2665840" lon="-2.2473040"/>
    <wpt lat="51.2649820" lon="-2.2469340"/>
    <wpt lat="51.2648840" lon="-2.2465600"/>
    <wpt lat="51.2650290" lon="-2.2448610"/>
    <wpt lat="51.2646700" lon="-2.2433370"/>
    <wpt lat="51.2656040" lon="-2.2412670"/>
    <wpt lat="51.2664510" lon="-2.2408000"/>
    <wpt lat="51.2680390" lon="-2.2386530"/>
    <wpt lat="51.2683020" lon="-2.2364210"/>
    <wpt lat="51.2686780" lon="-2.2346740"/>
    <wpt lat="51.2676990" lon="-2.2334420"/>
    <wpt lat="51.2661000" lon="-2.2307830"/>
    <wpt lat="51.2650260" lon="-2.2296880"/>
    <wpt lat="51.2647100" lon="-2.2285860"/>
    <wpt lat="51.2645850" lon="-2.2252340"/>
    <wpt lat="51.2608450" lon="-2.2180820"/>
    <wpt lat="51.2600370" lon="-2.2175280"/>
    <wpt lat="51.2596250" lon="-2.2167070"/>
    <wpt lat="51.2594790" lon="-2.2152370"/>
    <wpt lat="51.2596690" lon="-2.2141970"/>
    <wpt lat="51.2596350" lon="-2.2135610"/>
    <wpt lat="51.2585760" lon="-2.2129630"/>
    <wpt lat="51.2573290" lon="-2.2106860"/>
    <wpt lat="51.2557000" lon="-2.2095880"/>
    <wpt lat="51.2546860" lon="-2.2092040"/>
    <wpt lat="51.2541680" lon="-2.2085150"/>
    <wpt lat="51.2495230" lon="-2.2075670"/>
    <wpt lat="51.2489500" lon="-2.2072370"/>
    <wpt lat="51.2488020" lon="-2.2065770"/>
    <wpt lat="51.2481040" lon="-2.2061560"/>
    <wpt lat="51.2470120" lon="-2.2058910"/>
    <wpt lat="51.2466890" lon="-2.2049850"/>
    <wpt lat="51.2449760" lon="-2.2066740"/>
    <wpt lat="51.2439640" lon="-2.2072860"/>
    <wpt lat="51.2435530" lon="-2.2083760"/>
    <wpt lat="51.2425850" lon="-2.2128630"/>
    <wpt lat="51.2417240" lon="-2.2149490"/>
    <wpt lat="51.2397900" lon="-2.2184270"/>
    <wpt lat="51.2388120" lon="-2.2196890"/>
    <wpt lat="51.2381680" lon="-2.2209430"/>
    <wpt lat="51.2374470" lon="-2.2236280"/>
    <wpt lat="51.2365660" lon="-2.2254160"/>
    <wpt lat="51.2361580" lon="-2.2285130"/>
    <wpt lat="51.2350790" lon="-2.2318400"/>
    <wpt lat="51.2347020" lon="-2.2337580"/>
    <wpt lat="51.2341730" lon="-2.2353730"/>
    <wpt lat="51.2329520" lon="-2.2389330"/>
    <wpt lat="51.2314890" lon="-2.2418190"/>
    <wpt lat="51.2309920" lon="-2.2432200"/>
    <wpt lat="51.2297540" lon="-2.2449940"/>
    <wpt lat="51.2296110" lon="-2.2454750"/>
    <wpt lat="51.2295900" lon="-2.2469930"/>
    <wpt lat="51.2267530" lon="-2.2512580"/>
    <wpt lat="51.2252260" lon="-2.2528620"/>
    <wpt lat="51.2237410" lon="-2.2516300"/>
    <wpt lat="51.2232150" lon="-2.2505250"/>
    <wpt lat="51.2228390" lon="-2.2491730"/>
    <wpt lat="51.2226580" lon="-2.2490210"/>
    <wpt lat="51.2219280" lon="-2.2491300"/>
    <wpt lat="51.2197570" lon="-2.2474570"/>
    <wpt lat="51.2193340" lon="-2.2474840"/>
    <wpt lat="51.2192810" lon="-2.2488570"/>
    <wpt lat="51.2189530" lon="-2.2511030"/>
    <wpt lat="51.2186160" lon="-2.2529190"/>
    <wpt lat="51.2178730" lon="-2.2555500"/>
    <wpt lat="51.2168020" lon="-2.2580320"/>
    <wpt lat="51.2155820" lon="-2.2581060"/>
    <wpt lat="51.2151390" lon="-2.2585110"/>
    <wpt lat="51.2145430" lon="-2.2595590"/>
    <wpt lat="51.2115860" lon="-2.2588310"/>
    <wpt lat="51.2105500" lon="-2.2580380"/>
    <wpt lat="51.2098280" lon="-2.2582250"/>
    <wpt lat="51.2094660" lon="-2.2593540"/>
    <wpt lat="51.2077570" lon="-2.2594730"/>
    <wpt lat="51.2074120" lon="-2.2580030"/>
    <wpt lat="51.2066740" lon="-2.2573920"/>
    <wpt lat="51.2061880" lon="-2.2574170"/>
    <wpt lat="51.2055340" lon="-2.2577970"/>
    <wpt lat="51.2044340" lon="-2.2578660"/>
    <wpt lat="51.2040050" lon="-2.2549360"/>
    <wpt lat="51.2035210" lon="-2.2530180"/>
    <wpt lat="51.2027240" lon="-2.2509640"/>
    <wpt lat="51.2012200" lon="-2.2518970"/>
    <wpt lat="51.1991720" lon="-2.2524800"/>
    <wpt lat="51.1958470" lon="-2.2530080"/>
    <wpt lat="51.1957490" lon="-2.2536610"/>
    <wpt lat="51.1965480" lon="-2.2612190"/>
    <wpt lat="51.1965340" lon="-2.2635670"/>
    <wpt lat="51.1960060" lon="-2.2665630"/>
    <wpt lat="51.1956530" lon="-2.2675950"/>
    <wpt lat="51.1953150" lon="-2.2720500"/>
    <wpt lat="51.1939660" lon="-2.2705190"/>
    <wpt lat="51.1908170" lon="-2.2704800"/>
    <wpt lat="51.1888140" lon="-2.2693190"/>
    <wpt lat="51.1859250" lon="-2.2682460"/>
    <wpt lat="51.1854140" lon="-2.2685290"/>
    <wpt lat="51.1846570" lon="-2.2738880"/>
    <wpt lat="51.1760170" lon="-2.2699780"/>
    <wpt lat="51.1757040" lon="-2.2701770"/>
    <wpt lat="51.1746700" lon="-2.2718400"/>
    <wpt lat="51.1739300" lon="-2.2725930"/>
    <wpt lat="51.1705410" lon="-2.2732230"/>
    <wpt lat="51.1681860" lon="-2.2743060"/>
    <wpt lat="51.1674430" lon="-2.2744100"/>
    <wpt lat="51.1665110" lon="-2.2741940"/>
    <wpt lat="51.1656100" lon="-2.2737290"/>
    <wpt lat="51.1641220" lon="-2.2724400"/>
    <wpt lat="51.1632840" lon="-2.2723930"/>
    <wpt lat="51.1625290" lon="-2.2730470"/>
    <wpt lat="51.1619930" lon="-2.2738560"/>
    <wpt lat="51.1610520" lon="-2.2759850"/>
    <wpt lat="51.1604880" lon="-2.2786670"/>
    <wpt lat="51.1602900" lon="-2.2790320"/>
    <wpt lat="51.1578340" lon="-2.2784680"/>
    <wpt lat="51.1561670" lon="-2.2773070"/>
    <wpt lat="51.1551780" lon="-2.2768680"/>
    <wpt lat="51.1549320" lon="-2.2764590"/>
    <wpt lat="51.1518310" lon="-2.2807910"/>
    <wpt lat="51.1510880" lon="-2.2831030"/>
    <wpt lat="51.1504660" lon="-2.2842620"/>
    <wpt lat="51.1500780" lon="-2.2857820"/>
    <wpt lat="51.1500120" lon="-2.2877670"/>
    <wpt lat="51.1502120" lon="-2.2885450"/>
    <wpt lat="51.1518460" lon="-2.2935560"/>
    <wpt lat="51.1527660" lon="-2.2954720"/>
    <wpt lat="51.1532040" lon="-2.2969200"/>
    <wpt lat="51.1531310" lon="-2.3013050"/>
    <wpt lat="51.1526810" lon="-2.3032540"/>
    <wpt lat="51.1518420" lon="-2.3054550"/>
    <wpt lat="51.1513170" lon="-2.3060330"/>
    <wpt lat="51.1491510" lon="-2.3058950"/>
    <wpt lat="51.1480550" lon="-2.3055020"/>
    <wpt lat="51.1471000" lon="-2.3048080"/>
    <wpt lat="51.1466760" lon="-2.3038390"/>
    <wpt lat="51.1453050" lon="-2.3047290"/>
    <wpt lat="51.1449590" lon="-2.3051530"/>
    <wpt lat="51.1439600" lon="-2.3090660"/>
    <wpt lat="51.1427170" lon="-2.3118240"/>
    <wpt lat="51.1421960" lon="-2.3135680"/>
    <wpt lat="51.1410770" lon="-2.3159690"/>
    <wpt lat="51.1403040" lon="-2.3186080"/>
    <wpt lat="51.1395240" lon="-2.3204990"/>
    <wpt lat="51.1380900" lon="-2.3219260"/>
    <wpt lat="51.1354320" lon="-2.3229990"/>
    <wpt lat="51.1338620" lon="-2.3240950"/>
    <wpt lat="51.1315150" lon="-2.3252110"/>
    <wpt lat="51.1287930" lon="-2.3253300"/>
    <wpt lat="51.1255150" lon="-2.3277160"/>
    <wpt lat="51.1247750" lon="-2.3285260"/>
    <wpt lat="51.1193950" lon="-2.3257580"/>
    <wpt lat="51.1180590" lon="-2.3253680"/>
    <wpt lat="51.1161730" lon="-2.3238680"/>
    <wpt lat="51.1141570" lon="-2.3210280"/>
    <wpt lat="51.1124380" lon="-2.3180050"/>
    <wpt lat="51.1110420" lon="-2.3166630"/>
    <wpt lat="51.1104270" lon="-2.3166590"/>
    <wpt lat="51.1087030" lon="-2.3183230"/>
    <wpt lat="51.1077220" lon="-2.3187820"/>
    <wpt lat="51.1074700" lon="-2.3186700"/>
    <wpt lat="51.1069850" lon="-2.3174650"/>
    <wpt lat="51.1067470" lon="-2.3172250"/>
    <wpt lat="51.1057950" lon="-2.3175810"/>
    <wpt lat="51.1054940" lon="-2.3163760"/>
    <wpt lat="51.1053180" lon="-2.3136990"/>
    <wpt lat="51.1023610" lon="-2.3142130"/>
    <wpt lat="51.1005960" lon="-2.3151150"/>
    <wpt lat="51.0974470" lon="-2.3157930"/>
    <wpt lat="51.0880240" lon="-2.3124160"/>
    <wpt lat="51.0862380" lon="-2.3111760"/>
    <wpt lat="51.0870790" lon="-2.3093110"/>
    <wpt lat="51.0874700" lon="-2.3073860"/>
    <wpt lat="51.0862210" lon="-2.3070640"/>
    <wpt lat="51.0843590" lon="-2.3039390"/>
    <wpt lat="51.0837400" lon="-2.3036640"/>
    <wpt lat="51.0826780" lon="-2.3038850"/>
    <wpt lat="51.0819340" lon="-2.3029660"/>
    <wpt lat="51.0803380" lon="-2.3017110"/>
    <wpt lat="51.0799540" lon="-2.2998980"/>
    <wpt lat="51.0793020" lon="-2.2985650"/>
    <wpt lat="51.0790980" lon="-2.2971660"/>
    <wpt lat="51.0783360" lon="-2.2951100"/>
    <wpt lat="51.0780760" lon="-2.2928120"/>
    <wpt lat="51.0771520" lon="-2.2912630"/>
    <wpt lat="51.0769240" lon="-2.2905300"/>
    <wpt lat="51.0796870" lon="-2.2807210"/>
    <wpt lat="51.0783680" lon="-2.2802680"/>
    <wpt lat="51.0760780" lon="-2.2801210"/>
    <wpt lat="51.0741600" lon="-2.2720700"/>
    <wpt lat="51.0734040" lon="-2.2721660"/>
    <wpt lat="51.0727480" lon="-2.2720480"/>
    <wpt lat="51.0726560" lon="-2.2718430"/>
    <wpt lat="51.0725840" lon="-2.2689500"/>
    <wpt lat="51.0744330" lon="-2.2631020"/>
    <wpt lat="51.0749500" lon="-2.2605420"/>
    <wpt lat="51.0754560" lon="-2.2591170"/>
    <wpt lat="51.0764310" lon="-2.2577660"/>
    <wpt lat="51.0773990" lon="-2.2552310"/>
    <wpt lat="51.0759350" lon="-2.2544520"/>
    <wpt lat="51.0725360" lon="-2.2535230"/>
    <wpt lat="51.0707520" lon="-2.2520400"/>
    <wpt lat="51.0700460" lon="-2.2509000"/>
    <wpt lat="51.0690450" lon="-2.2505470"/>
    <wpt lat="51.0660260" lon="-2.2500880"/>
    <wpt lat="51.0629710" lon="-2.2490150"/>
    <wpt lat="51.0603930" lon="-2.2478030"/>
    <wpt lat="51.0596840" lon="-2.2469140"/>
    <wpt lat="51.0632300" lon="-2.2321200"/>
    <wpt lat="51.0683770" lon="-2.2259090"/>
    <wpt lat="51.0706100" lon="-2.2244790"/>
    <wpt lat="51.0716260" lon="-2.2240650"/>
    <wpt lat="51.0723920" lon="-2.2221870"/>
    <wpt lat="51.0729610" lon="-2.2213630"/>
    <wpt lat="51.0730520" lon="-2.2206380"/>
    <wpt lat="51.0757490" lon="-2.2170580"/>
    <wpt lat="51.0738990" lon="-2.2059670"/>
    <wpt lat="51.0740170" lon="-2.2000130"/>
    <wpt lat="51.0741910" lon="-2.1983890"/>
    <wpt lat="51.0739000" lon="-2.1951050"/>
    <wpt lat="51.0747110" lon="-2.1906910"/>
    <wpt lat="51.0752620" lon="-2.1889570"/>
    <wpt lat="51.0765110" lon="-2.1869280"/>
    <wpt lat="51.0773410" lon="-2.1851680"/>
    <wpt lat="51.0765180" lon="-2.1834080"/>
    <wpt lat="51.0753240" lon="-2.1797340"/>
    <wpt lat="51.0747380" lon="-2.1789420"/>
    <wpt lat="51.0732620" lon="-2.1790990"/>
    <wpt lat="51.0719670" lon="-2.1781690"/>
    <wpt lat="51.0733380" lon="-2.1754480"/>
    <wpt lat="51.0732580" lon="-2.1743060"/>
    <wpt lat="51.0735570" lon="-2.1728660"/>
    <wpt lat="51.0743070" lon="-2.1705560"/>
    <wpt lat="51.0736870" lon="-2.1700680"/>
    <wpt lat="51.0731210" lon="-2.1699240"/>
    <wpt lat="51.0719800" lon="-2.1685320"/>
    <wpt lat="51.0719610" lon="-2.1680440"/>
    <wpt lat="51.0715320" lon="-2.1680470"/>
    <wpt lat="51.0708050" lon="-2.1671930"/>
    <wpt lat="51.0707690" lon="-2.1661330"/>
    <wpt lat="51.0713870" lon="-2.1639740"/>
    <wpt lat="51.0706560" lon="-2.1592160"/>
    <wpt lat="51.0694880" lon="-2.1569800"/>
    <wpt lat="51.0676500" lon="-2.1528490"/>
    <wpt lat="51.0673540" lon="-2.1526620"/>
    <wpt lat="51.0652580" lon="-2.1533120"/>
    <wpt lat="51.0631720" lon="-2.1531200"/>
    <wpt lat="51.0609430" lon="-2.1525270"/>
    <wpt lat="51.0594800" lon="-2.1503390"/>
    <wpt lat="51.0578810" lon="-2.1487500"/>
    <wpt lat="51.0564880" lon="-2.1480890"/>
    <wpt lat="51.0553290" lon="-2.1479000"/>
    <wpt lat="51.0548400" lon="-2.1469080"/>
    <wpt lat="51.0531190" lon="-2.1459530"/>
    <wpt lat="51.0526560" lon="-2.1454600"/>
    <wpt lat="51.0500930" lon="-2.1498810"/>
    <wpt lat="51.0482560" lon="-2.1518290"/>
    <wpt lat="51.0473640" lon="-2.1532670"/>
    <wpt lat="51.0470830" lon="-2.1544070"/>
    <wpt lat="51.0468940" lon="-2.1545490"/>
    <wpt lat="51.0436300" lon="-2.1550520"/>
    <wpt lat="51.0414970" lon="-2.1557870"/>
    <wpt lat="51.0401110" lon="-2.1564380"/>
    <wpt lat="51.0367450" lon="-2.1588940"/>
    <wpt lat="51.0342890" lon="-2.1572590"/>
    <wpt lat="51.0336460" lon="-2.1564020"/>
    <wpt lat="51.0333520" lon="-2.1547320"/>
    <wpt lat="51.0329040" lon="-2.1534050"/>
    <wpt lat="51.0311740" lon="-2.1511050"/>
    <wpt lat="51.0303630" lon="-2.1504570"/>
    <wpt lat="51.0282960" lon="-2.1496250"/>
    <wpt lat="51.0272450" lon="-2.1483130"/>
    <wpt lat="51.0254070" lon="-2.1446260"/>
    <wpt lat="51.0240420" lon="-2.1433380"/>
    <wpt lat="51.0225590" lon="-2.1424490"/>
    <wpt lat="51.0215080" lon="-2.1412480"/>
    <wpt lat="51.0206680" lon="-2.1397570"/>
    <wpt lat="51.0204940" lon="-2.1384310"/>
    <wpt lat="51.0198310" lon="-2.1367720"/>
    <wpt lat="51.0191880" lon="-2.1356700"/>
    <wpt lat="51.0185640" lon="-2.1338140"/>
    <wpt lat="51.0179080" lon="-2.1331420"/>
    <wpt lat="51.0163120" lon="-2.1304100"/>
    <wpt lat="51.0153030" lon="-2.1300280"/>
    <wpt lat="51.0151930" lon="-2.1273110"/>
    <wpt lat="51.0154930" lon="-2.1256020"/>
    <wpt lat="51.0151250" lon="-2.1239690"/>
    <wpt lat="51.0144180" lon="-2.1232390"/>
    <wpt lat="51.0141870" lon="-2.1225340"/>
    <wpt lat="51.0134340" lon="-2.1163350"/>
    <wpt lat="51.0116990" lon="-2.1119300"/>
    <wpt lat="51.0109100" lon="-2.1103240"/>
    <wpt lat="51.0104860" lon="-2.1091480"/>
    <wpt lat="51.0105110" lon="-2.1087820"/>
    <wpt lat="51.0095730" lon="-2.1065850"/>
    <wpt lat="51.0075640" lon="-2.1028460"/>
    <wpt lat="51.0072510" lon="-2.1019190"/>
    <wpt lat="51.0059960" lon="-2.1002650"/>
    <wpt lat="51.0038040" lon="-2.0952120"/>
    <wpt lat="51.0034460" lon="-2.0938450"/>
    <wpt lat="51.0031410" lon="-2.0901400"/>
    <wpt lat="51.0008920" lon="-2.0819860"/>
    <wpt lat="51.0013350" lon="-2.0796280"/>
    <wpt lat="51.0014250" lon="-2.0780380"/>
    <wpt lat="51.0012650" lon="-2.0776980"/>
    <wpt lat="51.0006980" lon="-2.0775370"/>
    <wpt lat="51.0001160" lon="-2.0765120"/>
    <wpt lat="51.0003540" lon="-2.0739430"/>
    <wpt lat="51.0001430" lon="-2.0678200"/>
    <wpt lat="51.0002820" lon="-2.0651410"/>
    <wpt lat="51.0009360" lon="-2.0617380"/>
    <wpt lat="51.0007960" lon="-2.0603440"/>
    <wpt lat="51.0041290" lon="-2.0557350"/>
    <wpt lat="51.0054590" lon="-2.0514370"/>
    <wpt lat="51.0054150" lon="-2.0501970"/>
    <wpt lat="51.0061650" lon="-2.0459720"/>
    <wpt lat="51.0076330" lon="-2.0413410"/>
    <wpt lat="51.0079680" lon="-2.0388540"/>
    <wpt lat="51.0082520" lon="-2.0382130"/>
    <wpt lat="51.0091600" lon="-2.0372300"/>
    <wpt lat="51.0097900" lon="-2.0354130"/>
    <wpt lat="51.0120130" lon="-2.0309600"/>
    <wpt lat="51.0133010" lon="-2.0295450"/>
    <wpt lat="51.0153160" lon="-2.0266260"/>
    <wpt lat="51.0173790" lon="-2.0242920"/>
    <wpt lat="51.0178030" lon="-2.0246080"/>
    <wpt lat="51.0186820" lon="-2.0231420"/>
    <wpt lat="51.0190130" lon="-2.0221510"/>
    <wpt lat="51.0192500" lon="-2.0196330"/>
    <wpt lat="51.0190740" lon="-2.0183050"/>
    <wpt lat="51.0190210" lon="-2.0134860"/>
    <wpt lat="51.0191650" lon="-2.0105920"/>
    <wpt lat="51.0198250" lon="-2.0064490"/>
    <wpt lat="51.0199080" lon="-2.0053110"/>
    <wpt lat="51.0197890" lon="-2.0040570"/>
    <wpt lat="51.0208900" lon="-1.9983740"/>
    <wpt lat="51.0212070" lon="-1.9935550"/>
    <wpt lat="51.0220810" lon="-1.9902210"/>
    <wpt lat="51.0225240" lon="-1.9890900"/>
    <wpt lat="51.0231100" lon="-1.9847320"/>
    <wpt lat="51.0229860" lon="-1.9801950"/>
    <wpt lat="51.0238670" lon="-1.9786120"/>
    <wpt lat="51.0245110" lon="-1.9768000"/>
    <wpt lat="51.0255570" lon="-1.9769860"/>
    <wpt lat="51.0257640" lon="-1.9765290"/>
    <wpt lat="51.0260330" lon="-1.9749890"/>
    <wpt lat="51.0258080" lon="-1.9728500"/>
    <wpt lat="51.0263640" lon="-1.9685300"/>
    <wpt lat="51.0263730" lon="-1.9672750"/>
    <wpt lat="51.0261480" lon="-1.9655500"/>
    <wpt lat="51.0262720" lon="-1.9611010"/>
    <wpt lat="51.0268200" lon="-1.9582340"/>
    <wpt lat="51.0277470" lon="-1.9559950"/>
    <wpt lat="51.0289130" lon="-1.9537400"/>
    <wpt lat="51.0299190" lon="-1.9496470"/>
    <wpt lat="51.0304840" lon="-1.9465950"/>
    <wpt lat="51.0294580" lon="-1.9457970"/>
    <wpt lat="51.0295470" lon="-1.9434870"/>
    <wpt lat="51.0301300" lon="-1.9416330"/>
    <wpt lat="51.0304710" lon="-1.9391650"/>
    <wpt lat="51.0307880" lon="-1.9379040"/>
    <wpt lat="51.0308470" lon="-1.9355710"/>
    <wpt lat="51.0305760" lon="-1.9329050"/>
    <wpt lat="51.0300260" lon="-1.9309660"/>
    <wpt lat="51.0298640" lon="-1.9290480"/>
    <wpt lat="51.0298610" lon="-1.9273880"/>
    <wpt lat="51.0301840" lon="-1.9252620"/>
    <wpt lat="51.0297120" lon="-1.9187310"/>
    <wpt lat="51.0298030" lon="-1.9177190"/>
    <wpt lat="51.0314440" lon="-1.9100360"/>
    <wpt lat="51.0320800" lon="-1.9033740"/>
    <wpt lat="51.0336490" lon="-1.8994050"/>
    <wpt lat="51.0344570" lon="-1.8981450"/>
    <wpt lat="51.0385040" lon="-1.8872650"/>
    <wpt lat="51.0392310" lon="-1.8839120"/>
    <wpt lat="51.0392470" lon="-1.8824570"/>
    <wpt lat="51.0389080" lon="-1.8813350"/>
    <wpt lat="51.0388520" lon="-1.8804270"/>
    <wpt lat="51.0396030" lon="-1.8801900"/>
    <wpt lat="51.0414780" lon="-1.8806320"/>
    <wpt lat="51.0445370" lon="-1.8807360"/>
    <wpt lat="51.0475570" lon="-1.8816170"/>
    <wpt lat="51.0493200" lon="-1.8827350"/>
    <wpt lat="51.0525040" lon="-1.8835360"/>
    <wpt lat="51.0572090" lon="-1.8858570"/>
    <wpt lat="51.0579010" lon="-1.8857570"/>
    <wpt lat="51.0716980" lon="-1.8703010"/>
    <wpt lat="51.0735940" lon="-1.8685260"/>
    <wpt lat="51.0749510" lon="-1.8680510"/>
    <wpt lat="51.0762810" lon="-1.8669910"/>
    <wpt lat="51.0776470" lon="-1.8662590"/>
    <wpt lat="51.0799730" lon="-1.8637680"/>
    <wpt lat="51.0793610" lon="-1.8628260"/>
    <wpt lat="51.0795020" lon="-1.8612860"/>
    <wpt lat="51.0793370" lon="-1.8605330"/>
    <wpt lat="51.0794890" lon="-1.8597610"/>
    <wpt lat="51.0802770" lon="-1.8579620"/>
    <wpt lat="51.0820080" lon="-1.8562230"/>
    <wpt lat="51.0815170" lon="-1.8542390"/>
    <wpt lat="51.0810660" lon="-1.8480450"/>
    <wpt lat="51.0783180" lon="-1.8484280"/>
    <wpt lat="51.0782090" lon="-1.8482000"/>
    <trk>
        <name>Spokeys2025</name>
        <trkseg>
            <trkpt lat="51.0782090" lon="-1.8482000"><ele>63.0</ele></trkpt>
            <trkpt lat="51.0785220" lon="-1.8466850"><ele>57.0</ele></trkpt>
            <trkpt lat="51.0785650" lon="-1.8453150"><ele>56.0</ele></trkpt>
            <trkpt lat="51.0787820" lon="-1.8437070"><ele>56.0</ele></trkpt>
            <trkpt lat="51.0788220" lon="-1.8419740"><ele>57.0</ele></trkpt>
            <trkpt lat="51.0787570" lon="-1.8408750"><ele>59.0</ele></trkpt>
            <trkpt lat="51.0783800" lon="-1.8384530"><ele>63.0</ele></trkpt>
            <trkpt lat="51.0783020" lon="-1.8384640"><ele>57.0</ele></trkpt>
            <trkpt lat="51.0763300" lon="-1.8350020"><ele>52.0</ele></trkpt>
            <trkpt lat="51.0752920" lon="-1.8322080"><ele>54.0</ele></trkpt>
            <trkpt lat="51.0742370" lon="-1.8300420"><ele>52.0</ele></trkpt>
            <trkpt lat="51.0741830" lon="-1.8297000"><ele>55.0</ele></trkpt>
            <trkpt lat="51.0742080" lon="-1.8284720"><ele>54.0</ele></trkpt>
            <trkpt lat="51.0740170" lon="-1.8272170"><ele>53.0</ele></trkpt>
            <trkpt lat="51.0738950" lon="-1.8237200"><ele>53.0</ele></trkpt>
            <trkpt lat="51.0737860" lon="-1.8226500"><ele>53.0</ele></trkpt>
            <trkpt lat="51.0735950" lon="-1.8216800"><ele>54.0</ele></trkpt>
            <trkpt lat="51.0733970" lon="-1.8212240"><ele>58.0</ele></trkpt>
            <trkpt lat="51.0730900" lon="-1.8208110"><ele>53.0</ele></trkpt>
            <trkpt lat="51.0726050" lon="-1.8207130"><ele>53.0</ele></trkpt>
            <trkpt lat="51.0724870" lon="-1.8204280"><ele>50.0</ele></trkpt>
            <trkpt lat="51.0722340" lon="-1.8192590"><ele>53.0</ele></trkpt>
            <trkpt lat="51.0719450" lon="-1.8187460"><ele>51.0</ele></trkpt>
            <trkpt lat="51.0717010" lon="-1.8180760"><ele>51.0</ele></trkpt>
            <trkpt lat="51.0711820" lon="-1.8134680"><ele>52.0</ele></trkpt>
            <trkpt lat="51.0698840" lon="-1.8062800"><ele>51.0</ele></trkpt>
            <trkpt lat="51.0694770" lon="-1.8046830"><ele>51.0</ele></trkpt>
            <trkpt lat="51.0688850" lon="-1.8051250"><ele>48.0</ele></trkpt>
            <trkpt lat="51.0686410" lon="-1.8051010"><ele>48.0</ele></trkpt>
            <trkpt lat="51.0684340" lon="-1.8048300"><ele>50.0</ele></trkpt>
            <trkpt lat="51.0683160" lon="-1.8044740"><ele>49.0</ele></trkpt>
            <trkpt lat="51.0681920" lon="-1.8043010"><ele>49.0</ele></trkpt>
            <trkpt lat="51.0680860" lon="-1.8038940"><ele>49.0</ele></trkpt>
            <trkpt lat="51.0681000" lon="-1.8033680"><ele>47.0</ele></trkpt>
            <trkpt lat="51.0681980" lon="-1.8033330"><ele>47.0</ele></trkpt>
            <trkpt lat="51.0682680" lon="-1.8025760"><ele>47.0</ele></trkpt>
            <trkpt lat="51.0685550" lon="-1.8016470"><ele>48.0</ele></trkpt>
            <trkpt lat="51.0685990" lon="-1.8011330"><ele>48.0</ele></trkpt>
            <trkpt lat="51.0676700" lon="-1.7994820"><ele>48.0</ele></trkpt>
            <trkpt lat="51.0675430" lon="-1.7991110"><ele>48.0</ele></trkpt>
            <trkpt lat="51.0673760" lon="-1.7975960"><ele>50.0</ele></trkpt>
            <trkpt lat="51.0685650" lon="-1.7972370"><ele>50.0</ele></trkpt>
            <trkpt lat="51.0686710" lon="-1.7962950"><ele>50.0</ele></trkpt>
            <trkpt lat="51.0694420" lon="-1.7962880"><ele>51.0</ele></trkpt>
            <trkpt lat="51.0697060" lon="-1.7965330"><ele>51.0</ele></trkpt>
            <trkpt lat="51.0708660" lon="-1.7963420"><ele>48.0</ele></trkpt>
            <trkpt lat="51.0709700" lon="-1.7976170"><ele>47.0</ele></trkpt>
            <trkpt lat="51.0713050" lon="-1.7980260"><ele>47.0</ele></trkpt>
            <trkpt lat="51.0717420" lon="-1.7979220"><ele>48.0</ele></trkpt>
            <trkpt lat="51.0721590" lon="-1.7979860"><ele>48.0</ele></trkpt>
            <trkpt lat="51.0724620" lon="-1.7981820"><ele>48.0</ele></trkpt>
            <trkpt lat="51.0727620" lon="-1.7980700"><ele>51.0</ele></trkpt>
            <trkpt lat="51.0732950" lon="-1.7975490"><ele>51.0</ele></trkpt>
            <trkpt lat="51.0733780" lon="-1.7977380"><ele>52.0</ele></trkpt>
            <trkpt lat="51.0736140" lon="-1.7975980"><ele>52.0</ele></trkpt>
            <trkpt lat="51.0737680" lon="-1.7976270"><ele>52.0</ele></trkpt>
            <trkpt lat="51.0747220" lon="-1.7980980"><ele>52.0</ele></trkpt>
            <trkpt lat="51.0762200" lon="-1.7992510"><ele>53.0</ele></trkpt>
            <trkpt lat="51.0770770" lon="-1.7997160"><ele>51.0</ele></trkpt>
            <trkpt lat="51.0772530" lon="-1.7998610"><ele>51.0</ele></trkpt>
            <trkpt lat="51.0775780" lon="-1.8004440"><ele>51.0</ele></trkpt>
            <trkpt lat="51.0777570" lon="-1.8013150"><ele>53.0</ele></trkpt>
            <trkpt lat="51.0782080" lon="-1.8012150"><ele>51.0</ele></trkpt>
            <trkpt lat="51.0784220" lon="-1.8010690"><ele>49.0</ele></trkpt>
            <trkpt lat="51.0810040" lon="-1.8041750"><ele>54.0</ele></trkpt>
            <trkpt lat="51.0817320" lon="-1.8044740"><ele>51.0</ele></trkpt>
            <trkpt lat="51.0831140" lon="-1.8059210"><ele>51.0</ele></trkpt>
            <trkpt lat="51.0848670" lon="-1.8081640"><ele>50.0</ele></trkpt>
            <trkpt lat="51.0852860" lon="-1.8082450"><ele>50.0</ele></trkpt>
            <trkpt lat="51.0853360" lon="-1.8085570"><ele>50.0</ele></trkpt>
            <trkpt lat="51.0856430" lon="-1.8089270"><ele>50.0</ele></trkpt>
            <trkpt lat="51.0864980" lon="-1.8092660"><ele>50.0</ele></trkpt>
            <trkpt lat="51.0874790" lon="-1.8102040"><ele>52.0</ele></trkpt>
            <trkpt lat="51.0888530" lon="-1.8109840"><ele>52.0</ele></trkpt>
            <trkpt lat="51.0896880" lon="-1.8117780"><ele>52.0</ele></trkpt>
            <trkpt lat="51.0908470" lon="-1.8134460"><ele>51.0</ele></trkpt>
            <trkpt lat="51.0916050" lon="-1.8148990"><ele>52.0</ele></trkpt>
            <trkpt lat="51.0920190" lon="-1.8153690"><ele>50.0</ele></trkpt>
            <trkpt lat="51.0929100" lon="-1.8158650"><ele>51.0</ele></trkpt>
            <trkpt lat="51.0952760" lon="-1.8163270"><ele>50.0</ele></trkpt>
            <trkpt lat="51.0954200" lon="-1.8163690"><ele>50.0</ele></trkpt>
            <trkpt lat="51.0955070" lon="-1.8165010"><ele>50.0</ele></trkpt>
            <trkpt lat="51.0961030" lon="-1.8162660"><ele>50.0</ele></trkpt>
            <trkpt lat="51.0963270" lon="-1.8163730"><ele>50.0</ele></trkpt>
            <trkpt lat="51.0972830" lon="-1.8162520"><ele>51.0</ele></trkpt>
            <trkpt lat="51.0976970" lon="-1.8163070"><ele>51.0</ele></trkpt>
            <trkpt lat="51.0991410" lon="-1.8173980"><ele>58.0</ele></trkpt>
            <trkpt lat="51.1004700" lon="-1.8182680"><ele>58.0</ele></trkpt>
            <trkpt lat="51.1036660" lon="-1.8201680"><ele>59.0</ele></trkpt>
            <trkpt lat="51.1058750" lon="-1.8211720"><ele>63.0</ele></trkpt>
            <trkpt lat="51.1066250" lon="-1.8213450"><ele>58.0</ele></trkpt>
            <trkpt lat="51.1078320" lon="-1.8226980"><ele>60.0</ele></trkpt>
            <trkpt lat="51.1084010" lon="-1.8231120"><ele>66.0</ele></trkpt>
            <trkpt lat="51.1090010" lon="-1.8233960"><ele>66.0</ele></trkpt>
            <trkpt lat="51.1095340" lon="-1.8233710"><ele>57.0</ele></trkpt>
            <trkpt lat="51.1099310" lon="-1.8231340"><ele>57.0</ele></trkpt>
            <trkpt lat="51.1127490" lon="-1.8195040"><ele>55.0</ele></trkpt>
            <trkpt lat="51.1134170" lon="-1.8188400"><ele>55.0</ele></trkpt>
            <trkpt lat="51.1141440" lon="-1.8182660"><ele>61.0</ele></trkpt>
            <trkpt lat="51.1165250" lon="-1.8170280"><ele>59.0</ele></trkpt>
            <trkpt lat="51.1170880" lon="-1.8168680"><ele>62.0</ele></trkpt>
            <trkpt lat="51.1176000" lon="-1.8168360"><ele>65.0</ele></trkpt>
            <trkpt lat="51.1202850" lon="-1.8173560"><ele>81.0</ele></trkpt>
            <trkpt lat="51.1214350" lon="-1.8187370"><ele>80.0</ele></trkpt>
            <trkpt lat="51.1223210" lon="-1.8200630"><ele>71.0</ele></trkpt>
            <trkpt lat="51.1225460" lon="-1.8202050"><ele>61.0</ele></trkpt>
            <trkpt lat="51.1228430" lon="-1.8201320"><ele>61.0</ele></trkpt>
            <trkpt lat="51.1231570" lon="-1.8196020"><ele>63.0</ele></trkpt>
            <trkpt lat="51.1246350" lon="-1.8163950"><ele>57.0</ele></trkpt>
            <trkpt lat="51.1249420" lon="-1.8158730"><ele>67.0</ele></trkpt>
            <trkpt lat="51.1255010" lon="-1.8152350"><ele>60.0</ele></trkpt>
            <trkpt lat="51.1260100" lon="-1.8148700"><ele>63.0</ele></trkpt>
            <trkpt lat="51.1267220" lon="-1.8146100"><ele>61.0</ele></trkpt>
            <trkpt lat="51.1277430" lon="-1.8140110"><ele>64.0</ele></trkpt>
            <trkpt lat="51.1286450" lon="-1.8147920"><ele>67.0</ele></trkpt>
            <trkpt lat="51.1295000" lon="-1.8159330"><ele>64.0</ele></trkpt>
            <trkpt lat="51.1305080" lon="-1.8169150"><ele>64.0</ele></trkpt>
            <trkpt lat="51.1313100" lon="-1.8179700"><ele>63.0</ele></trkpt>
            <trkpt lat="51.1320030" lon="-1.8182670"><ele>63.0</ele></trkpt>
            <trkpt lat="51.1323360" lon="-1.8186090"><ele>63.0</ele></trkpt>
            <trkpt lat="51.1327510" lon="-1.8193360"><ele>62.0</ele></trkpt>
            <trkpt lat="51.1334230" lon="-1.8237780"><ele>64.0</ele></trkpt>
            <trkpt lat="51.1342320" lon="-1.8236420"><ele>62.0</ele></trkpt>
            <trkpt lat="51.1350500" lon="-1.8232890"><ele>68.0</ele></trkpt>
            <trkpt lat="51.1360110" lon="-1.8228470"><ele>74.0</ele></trkpt>
            <trkpt lat="51.1362630" lon="-1.8225430"><ele>74.0</ele></trkpt>
            <trkpt lat="51.1372990" lon="-1.8203100"><ele>69.0</ele></trkpt>
            <trkpt lat="51.1390620" lon="-1.8169860"><ele>67.0</ele></trkpt>
            <trkpt lat="51.1394510" lon="-1.8160670"><ele>74.0</ele></trkpt>
            <trkpt lat="51.1399210" lon="-1.8155200"><ele>74.0</ele></trkpt>
            <trkpt lat="51.1414850" lon="-1.8149710"><ele>89.0</ele></trkpt>
            <trkpt lat="51.1424190" lon="-1.8145240"><ele>95.0</ele></trkpt>
            <trkpt lat="51.1430640" lon="-1.8140230"><ele>96.0</ele></trkpt>
            <trkpt lat="51.1443320" lon="-1.8136090"><ele>99.0</ele></trkpt>
            <trkpt lat="51.1463540" lon="-1.8127860"><ele>110.0</ele></trkpt>
            <trkpt lat="51.1486810" lon="-1.8104740"><ele>65.0</ele></trkpt>
            <trkpt lat="51.1491110" lon="-1.8097930"><ele>74.0</ele></trkpt>
            <trkpt lat="51.1492100" lon="-1.8098360"><ele>67.0</ele></trkpt>
            <trkpt lat="51.1498140" lon="-1.8106910"><ele>64.0</ele></trkpt>
            <trkpt lat="51.1505630" lon="-1.8110930"><ele>68.0</ele></trkpt>
            <trkpt lat="51.1510720" lon="-1.8112100"><ele>70.0</ele></trkpt>
            <trkpt lat="51.1522240" lon="-1.8120920"><ele>81.0</ele></trkpt>
            <trkpt lat="51.1534040" lon="-1.8125070"><ele>76.0</ele></trkpt>
            <trkpt lat="51.1546990" lon="-1.8126590"><ele>86.0</ele></trkpt>
            <trkpt lat="51.1550500" lon="-1.8125720"><ele>88.0</ele></trkpt>
            <trkpt lat="51.1559840" lon="-1.8118390"><ele>81.0</ele></trkpt>
            <trkpt lat="51.1569130" lon="-1.8107820"><ele>77.0</ele></trkpt>
            <trkpt lat="51.1602000" lon="-1.8056010"><ele>78.0</ele></trkpt>
            <trkpt lat="51.1628150" lon="-1.8038950"><ele>74.0</ele></trkpt>
            <trkpt lat="51.1630500" lon="-1.8038680"><ele>74.0</ele></trkpt>
            <trkpt lat="51.1638680" lon="-1.8050620"><ele>82.0</ele></trkpt>
            <trkpt lat="51.1651910" lon="-1.8065080"><ele>83.0</ele></trkpt>
            <trkpt lat="51.1655410" lon="-1.8067590"><ele>83.0</ele></trkpt>
            <trkpt lat="51.1663430" lon="-1.8069690"><ele>81.0</ele></trkpt>
            <trkpt lat="51.1666160" lon="-1.8069420"><ele>81.0</ele></trkpt>
            <trkpt lat="51.1686030" lon="-1.8058330"><ele>75.0</ele></trkpt>
            <trkpt lat="51.1694640" lon="-1.8050210"><ele>90.0</ele></trkpt>
            <trkpt lat="51.1698610" lon="-1.8044910"><ele>71.0</ele></trkpt>
            <trkpt lat="51.1701800" lon="-1.8038260"><ele>80.0</ele></trkpt>
            <trkpt lat="51.1709230" lon="-1.8015560"><ele>71.0</ele></trkpt>
            <trkpt lat="51.1721640" lon="-1.7988850"><ele>72.0</ele></trkpt>
            <trkpt lat="51.1723970" lon="-1.7977800"><ele>73.0</ele></trkpt>
            <trkpt lat="51.1724130" lon="-1.7968120"><ele>71.0</ele></trkpt>
            <trkpt lat="51.1721640" lon="-1.7951600"><ele>68.0</ele></trkpt>
            <trkpt lat="51.1722280" lon="-1.7950100"><ele>68.0</ele></trkpt>
            <trkpt lat="51.1726270" lon="-1.7946780"><ele>76.0</ele></trkpt>
            <trkpt lat="51.1729410" lon="-1.7946050"><ele>76.0</ele></trkpt>
            <trkpt lat="51.1724960" lon="-1.7917870"><ele>103.0</ele></trkpt>
            <trkpt lat="51.1721600" lon="-1.7903310"><ele>90.0</ele></trkpt>
            <trkpt lat="51.1719260" lon="-1.7897600"><ele>89.0</ele></trkpt>
            <trkpt lat="51.1704420" lon="-1.7871620"><ele>74.0</ele></trkpt>
            <trkpt lat="51.1703820" lon="-1.7868210"><ele>74.0</ele></trkpt>
            <trkpt lat="51.1707180" lon="-1.7855300"><ele>70.0</ele></trkpt>
            <trkpt lat="51.1722980" lon="-1.7818590"><ele>72.0</ele></trkpt>
            <trkpt lat="51.1736700" lon="-1.7796510"><ele>77.0</ele></trkpt>
            <trkpt lat="51.1752320" lon="-1.7777350"><ele>85.0</ele></trkpt>
            <trkpt lat="51.1761170" lon="-1.7760550"><ele>81.0</ele></trkpt>
            <trkpt lat="51.1763340" lon="-1.7751220"><ele>81.0</ele></trkpt>
            <trkpt lat="51.1767630" lon="-1.7695510"><ele>89.0</ele></trkpt>
            <trkpt lat="51.1767680" lon="-1.7694060"><ele>89.0</ele></trkpt>
            <trkpt lat="51.1767100" lon="-1.7693900"><ele>89.0</ele></trkpt>
            <trkpt lat="51.1767130" lon="-1.7687430"><ele>86.0</ele></trkpt>
            <trkpt lat="51.1766070" lon="-1.7683280"><ele>91.0</ele></trkpt>
            <trkpt lat="51.1768590" lon="-1.7676580"><ele>86.0</ele></trkpt>
            <trkpt lat="51.1774080" lon="-1.7650320"><ele>82.0</ele></trkpt>
            <trkpt lat="51.1774700" lon="-1.7644280"><ele>84.0</ele></trkpt>
            <trkpt lat="51.1774300" lon="-1.7634940"><ele>83.0</ele></trkpt>
            <trkpt lat="51.1773160" lon="-1.7630020"><ele>83.0</ele></trkpt>
            <trkpt lat="51.1771780" lon="-1.7626740"><ele>83.0</ele></trkpt>
            <trkpt lat="51.1766530" lon="-1.7620460"><ele>84.0</ele></trkpt>
            <trkpt lat="51.1767540" lon="-1.7618020"><ele>84.0</ele></trkpt>
            <trkpt lat="51.1767180" lon="-1.7615380"><ele>84.0</ele></trkpt>
            <trkpt lat="51.1768480" lon="-1.7612520"><ele>86.0</ele></trkpt>
            <trkpt lat="51.1770820" lon="-1.7611180"><ele>86.0</ele></trkpt>
            <trkpt lat="51.1787940" lon="-1.7605490"><ele>85.0</ele></trkpt>
            <trkpt lat="51.1789120" lon="-1.7605490"><ele>85.0</ele></trkpt>
            <trkpt lat="51.1791200" lon="-1.7607770"><ele>85.0</ele></trkpt>
            <trkpt lat="51.1797000" lon="-1.7607970"><ele>89.0</ele></trkpt>
            <trkpt lat="51.1797060" lon="-1.7605890"><ele>89.0</ele></trkpt>
            <trkpt lat="51.1831720" lon="-1.7602520"><ele>108.0</ele></trkpt>
            <trkpt lat="51.1836000" lon="-1.7602830"><ele>110.0</ele></trkpt>
            <trkpt lat="51.1842640" lon="-1.7607080"><ele>109.0</ele></trkpt>
            <trkpt lat="51.1851820" lon="-1.7608900"><ele>105.0</ele></trkpt>
            <trkpt lat="51.1876700" lon="-1.7608630"><ele>81.0</ele></trkpt>
            <trkpt lat="51.1880050" lon="-1.7601390"><ele>81.0</ele></trkpt>
            <trkpt lat="51.1883840" lon="-1.7595330"><ele>80.0</ele></trkpt>
            <trkpt lat="51.1885220" lon="-1.7594440"><ele>80.0</ele></trkpt>
            <trkpt lat="51.1891580" lon="-1.7601880"><ele>77.0</ele></trkpt>
            <trkpt lat="51.1903010" lon="-1.7598030"><ele>77.0</ele></trkpt>
            <trkpt lat="51.1908820" lon="-1.7597130"><ele>78.0</ele></trkpt>
            <trkpt lat="51.1916830" lon="-1.7598030"><ele>77.0</ele></trkpt>
            <trkpt lat="51.1917660" lon="-1.7598920"><ele>77.0</ele></trkpt>
            <trkpt lat="51.1930120" lon="-1.7596310"><ele>82.0</ele></trkpt>
            <trkpt lat="51.1933490" lon="-1.7594820"><ele>79.0</ele></trkpt>
            <trkpt lat="51.1943340" lon="-1.7594600"><ele>79.0</ele></trkpt>
            <trkpt lat="51.1953600" lon="-1.7596620"><ele>80.0</ele></trkpt>
            <trkpt lat="51.1972110" lon="-1.7604520"><ele>82.0</ele></trkpt>
            <trkpt lat="51.1994180" lon="-1.7612370"><ele>91.0</ele></trkpt>
            <trkpt lat="51.2009000" lon="-1.7614670"><ele>85.0</ele></trkpt>
            <trkpt lat="51.2034650" lon="-1.7625480"><ele>80.0</ele></trkpt>
            <trkpt lat="51.2045700" lon="-1.7628930"><ele>86.0</ele></trkpt>
            <trkpt lat="51.2053470" lon="-1.7633940"><ele>89.0</ele></trkpt>
            <trkpt lat="51.2062360" lon="-1.7637690"><ele>89.0</ele></trkpt>
            <trkpt lat="51.2070620" lon="-1.7642720"><ele>92.0</ele></trkpt>
            <trkpt lat="51.2082450" lon="-1.7652620"><ele>87.0</ele></trkpt>
            <trkpt lat="51.2095580" lon="-1.7660540"><ele>90.0</ele></trkpt>
            <trkpt lat="51.2105480" lon="-1.7671960"><ele>95.0</ele></trkpt>
            <trkpt lat="51.2116280" lon="-1.7678730"><ele>96.0</ele></trkpt>
            <trkpt lat="51.2125250" lon="-1.7680500"><ele>95.0</ele></trkpt>
            <trkpt lat="51.2134700" lon="-1.7680620"><ele>96.0</ele></trkpt>
            <trkpt lat="51.2166930" lon="-1.7686820"><ele>89.0</ele></trkpt>
            <trkpt lat="51.2195640" lon="-1.7700280"><ele>85.0</ele></trkpt>
            <trkpt lat="51.2208790" lon="-1.7708950"><ele>87.0</ele></trkpt>
            <trkpt lat="51.2219210" lon="-1.7717880"><ele>82.0</ele></trkpt>
            <trkpt lat="51.2228220" lon="-1.7728520"><ele>89.0</ele></trkpt>
            <trkpt lat="51.2238780" lon="-1.7737530"><ele>93.0</ele></trkpt>
            <trkpt lat="51.2247530" lon="-1.7746990"><ele>98.0</ele></trkpt>
            <trkpt lat="51.2282880" lon="-1.7775200"><ele>104.0</ele></trkpt>
            <trkpt lat="51.2291400" lon="-1.7785590"><ele>94.0</ele></trkpt>
            <trkpt lat="51.2310030" lon="-1.7796670"><ele>86.0</ele></trkpt>
            <trkpt lat="51.2318490" lon="-1.7800210"><ele>81.0</ele></trkpt>
            <trkpt lat="51.2329910" lon="-1.7801300"><ele>83.0</ele></trkpt>
            <trkpt lat="51.2337200" lon="-1.7805710"><ele>89.0</ele></trkpt>
            <trkpt lat="51.2341170" lon="-1.7806920"><ele>89.0</ele></trkpt>
            <trkpt lat="51.2366740" lon="-1.7807780"><ele>110.0</ele></trkpt>
            <trkpt lat="51.2374170" lon="-1.7812410"><ele>110.0</ele></trkpt>
            <trkpt lat="51.2384970" lon="-1.7822870"><ele>109.0</ele></trkpt>
            <trkpt lat="51.2392350" lon="-1.7806930"><ele>107.0</ele></trkpt>
            <trkpt lat="51.2399450" lon="-1.7798320"><ele>112.0</ele></trkpt>
            <trkpt lat="51.2408420" lon="-1.7801500"><ele>98.0</ele></trkpt>
            <trkpt lat="51.2449420" lon="-1.7849130"><ele>88.0</ele></trkpt>
            <trkpt lat="51.2453880" lon="-1.7835180"><ele>89.0</ele></trkpt>
            <trkpt lat="51.2462060" lon="-1.7804300"><ele>98.0</ele></trkpt>
            <trkpt lat="51.2469900" lon="-1.7794730"><ele>107.0</ele></trkpt>
            <trkpt lat="51.2484470" lon="-1.7744630"><ele>118.0</ele></trkpt>
            <trkpt lat="51.2501560" lon="-1.7672330"><ele>127.0</ele></trkpt>
            <trkpt lat="51.2526440" lon="-1.7523230"><ele>131.0</ele></trkpt>
            <trkpt lat="51.2532430" lon="-1.7455580"><ele>140.0</ele></trkpt>
            <trkpt lat="51.2541880" lon="-1.7376860"><ele>136.0</ele></trkpt>
            <trkpt lat="51.2544650" lon="-1.7367820"><ele>133.0</ele></trkpt>
            <trkpt lat="51.2563460" lon="-1.7341100"><ele>127.0</ele></trkpt>
            <trkpt lat="51.2570630" lon="-1.7326570"><ele>134.0</ele></trkpt>
            <trkpt lat="51.2581850" lon="-1.7306520"><ele>138.0</ele></trkpt>
            <trkpt lat="51.2597710" lon="-1.7293520"><ele>135.0</ele></trkpt>
            <trkpt lat="51.2610100" lon="-1.7279990"><ele>124.0</ele></trkpt>
            <trkpt lat="51.2629400" lon="-1.7262380"><ele>120.0</ele></trkpt>
            <trkpt lat="51.2646100" lon="-1.7248740"><ele>121.0</ele></trkpt>
            <trkpt lat="51.2651160" lon="-1.7242880"><ele>126.0</ele></trkpt>
            <trkpt lat="51.2669660" lon="-1.7215980"><ele>125.0</ele></trkpt>
            <trkpt lat="51.2698170" lon="-1.7149490"><ele>141.0</ele></trkpt>
            <trkpt lat="51.2706740" lon="-1.7124500"><ele>145.0</ele></trkpt>
            <trkpt lat="51.2712560" lon="-1.7090330"><ele>151.0</ele></trkpt>
            <trkpt lat="51.2713570" lon="-1.7088330"><ele>151.0</ele></trkpt>
            <trkpt lat="51.2725890" lon="-1.7085820"><ele>155.0</ele></trkpt>
            <trkpt lat="51.2810690" lon="-1.7089150"><ele>163.0</ele></trkpt>
            <trkpt lat="51.2813920" lon="-1.7087550"><ele>169.0</ele></trkpt>
            <trkpt lat="51.2813260" lon="-1.7074510"><ele>165.0</ele></trkpt>
            <trkpt lat="51.2814830" lon="-1.7055430"><ele>170.0</ele></trkpt>
            <trkpt lat="51.2814620" lon="-1.7044680"><ele>166.0</ele></trkpt>
            <trkpt lat="51.2808610" lon="-1.7007520"><ele>156.0</ele></trkpt>
            <trkpt lat="51.2806330" lon="-1.6999710"><ele>158.0</ele></trkpt>
            <trkpt lat="51.2802530" lon="-1.6992710"><ele>158.0</ele></trkpt>
            <trkpt lat="51.2803940" lon="-1.6981090"><ele>150.0</ele></trkpt>
            <trkpt lat="51.2807870" lon="-1.6966420"><ele>145.0</ele></trkpt>
            <trkpt lat="51.2809540" lon="-1.6954670"><ele>146.0</ele></trkpt>
            <trkpt lat="51.2817300" lon="-1.6931100"><ele>156.0</ele></trkpt>
            <trkpt lat="51.2818810" lon="-1.6924790"><ele>156.0</ele></trkpt>
            <trkpt lat="51.2822500" lon="-1.6895810"><ele>155.0</ele></trkpt>
            <trkpt lat="51.2821830" lon="-1.6876300"><ele>154.0</ele></trkpt>
            <trkpt lat="51.2822940" lon="-1.6848120"><ele>145.0</ele></trkpt>
            <trkpt lat="51.2821870" lon="-1.6826150"><ele>141.0</ele></trkpt>
            <trkpt lat="51.2823360" lon="-1.6818720"><ele>141.0</ele></trkpt>
            <trkpt lat="51.2823260" lon="-1.6811710"><ele>142.0</ele></trkpt>
            <trkpt lat="51.2817360" lon="-1.6784730"><ele>148.0</ele></trkpt>
            <trkpt lat="51.2817150" lon="-1.6775540"><ele>148.0</ele></trkpt>
            <trkpt lat="51.2819620" lon="-1.6756600"><ele>148.0</ele></trkpt>
            <trkpt lat="51.2824220" lon="-1.6735820"><ele>139.0</ele></trkpt>
            <trkpt lat="51.2826430" lon="-1.6708550"><ele>134.0</ele></trkpt>
            <trkpt lat="51.2832990" lon="-1.6680330"><ele>132.0</ele></trkpt>
            <trkpt lat="51.2833440" lon="-1.6672770"><ele>133.0</ele></trkpt>
            <trkpt lat="51.2832820" lon="-1.6655700"><ele>132.0</ele></trkpt>
            <trkpt lat="51.2833150" lon="-1.6644230"><ele>131.0</ele></trkpt>
            <trkpt lat="51.2836180" lon="-1.6604490"><ele>136.0</ele></trkpt>
            <trkpt lat="51.2841780" lon="-1.6581790"><ele>144.0</ele></trkpt>
            <trkpt lat="51.2848540" lon="-1.6557650"><ele>146.0</ele></trkpt>
            <trkpt lat="51.2852550" lon="-1.6539840"><ele>143.0</ele></trkpt>
            <trkpt lat="51.2853150" lon="-1.6533240"><ele>136.0</ele></trkpt>
            <trkpt lat="51.2853000" lon="-1.6524080"><ele>131.0</ele></trkpt>
            <trkpt lat="51.2852190" lon="-1.6524070"><ele>131.0</ele></trkpt>
            <trkpt lat="51.2854590" lon="-1.6463820"><ele>133.0</ele></trkpt>
            <trkpt lat="51.2853440" lon="-1.6445550"><ele>137.0</ele></trkpt>
            <trkpt lat="51.2849770" lon="-1.6436260"><ele>136.0</ele></trkpt>
            <trkpt lat="51.2842070" lon="-1.6425600"><ele>136.0</ele></trkpt>
            <trkpt lat="51.2836070" lon="-1.6414360"><ele>137.0</ele></trkpt>
            <trkpt lat="51.2825140" lon="-1.6372580"><ele>144.0</ele></trkpt>
            <trkpt lat="51.2829370" lon="-1.6371290"><ele>144.0</ele></trkpt>
            <trkpt lat="51.2832110" lon="-1.6369310"><ele>144.0</ele></trkpt>
            <trkpt lat="51.2861490" lon="-1.6338950"><ele>164.0</ele></trkpt>
            <trkpt lat="51.2899220" lon="-1.6308180"><ele>175.0</ele></trkpt>
            <trkpt lat="51.2917700" lon="-1.6298160"><ele>165.0</ele></trkpt>
            <trkpt lat="51.2941980" lon="-1.6274590"><ele>177.0</ele></trkpt>
            <trkpt lat="51.2948820" lon="-1.6270520"><ele>177.0</ele></trkpt>
            <trkpt lat="51.2954090" lon="-1.6271300"><ele>178.0</ele></trkpt>
            <trkpt lat="51.2970530" lon="-1.6278240"><ele>185.0</ele></trkpt>
            <trkpt lat="51.2980340" lon="-1.6280530"><ele>188.0</ele></trkpt>
            <trkpt lat="51.2997130" lon="-1.6288920"><ele>196.0</ele></trkpt>
            <trkpt lat="51.3006620" lon="-1.6289860"><ele>199.0</ele></trkpt>
            <trkpt lat="51.3027810" lon="-1.6289000"><ele>206.0</ele></trkpt>
            <trkpt lat="51.3052160" lon="-1.6293480"><ele>212.0</ele></trkpt>
            <trkpt lat="51.3077510" lon="-1.6284580"><ele>218.0</ele></trkpt>
            <trkpt lat="51.3093700" lon="-1.6276110"><ele>219.0</ele></trkpt>
            <trkpt lat="51.3105780" lon="-1.6268590"><ele>221.0</ele></trkpt>
            <trkpt lat="51.3209770" lon="-1.6194740"><ele>219.0</ele></trkpt>
            <trkpt lat="51.3236390" lon="-1.6180230"><ele>210.0</ele></trkpt>
            <trkpt lat="51.3259370" lon="-1.6171190"><ele>214.0</ele></trkpt>
            <trkpt lat="51.3271630" lon="-1.6163130"><ele>215.0</ele></trkpt>
            <trkpt lat="51.3289320" lon="-1.6147980"><ele>212.0</ele></trkpt>
            <trkpt lat="51.3300060" lon="-1.6133200"><ele>199.0</ele></trkpt>
            <trkpt lat="51.3304450" lon="-1.6129120"><ele>199.0</ele></trkpt>
            <trkpt lat="51.3314590" lon="-1.6123770"><ele>185.0</ele></trkpt>
            <trkpt lat="51.3351020" lon="-1.6096360"><ele>150.0</ele></trkpt>
            <trkpt lat="51.3375300" lon="-1.6083240"><ele>144.0</ele></trkpt>
            <trkpt lat="51.3416110" lon="-1.6034020"><ele>143.0</ele></trkpt>
            <trkpt lat="51.3428240" lon="-1.6015220"><ele>140.0</ele></trkpt>
            <trkpt lat="51.3431870" lon="-1.6010160"><ele>142.0</ele></trkpt>
            <trkpt lat="51.3435860" lon="-1.6006190"><ele>142.0</ele></trkpt>
            <trkpt lat="51.3437550" lon="-1.6002070"><ele>142.0</ele></trkpt>
            <trkpt lat="51.3442070" lon="-1.6009070"><ele>140.0</ele></trkpt>
            <trkpt lat="51.3470150" lon="-1.6045290"><ele>137.0</ele></trkpt>
            <trkpt lat="51.3479900" lon="-1.6054970"><ele>136.0</ele></trkpt>
            <trkpt lat="51.3483700" lon="-1.6062410"><ele>141.0</ele></trkpt>
            <trkpt lat="51.3493540" lon="-1.6075680"><ele>139.0</ele></trkpt>
            <trkpt lat="51.3502390" lon="-1.6085370"><ele>142.0</ele></trkpt>
            <trkpt lat="51.3508800" lon="-1.6094790"><ele>139.0</ele></trkpt>
            <trkpt lat="51.3519280" lon="-1.6108050"><ele>139.0</ele></trkpt>
            <trkpt lat="51.3530740" lon="-1.6121020"><ele>145.0</ele></trkpt>
            <trkpt lat="51.3537260" lon="-1.6129800"><ele>154.0</ele></trkpt>
            <trkpt lat="51.3538800" lon="-1.6124140"><ele>154.0</ele></trkpt>
            <trkpt lat="51.3541320" lon="-1.6107870"><ele>153.0</ele></trkpt>
            <trkpt lat="51.3545230" lon="-1.6103190"><ele>158.0</ele></trkpt>
            <trkpt lat="51.3554060" lon="-1.6096920"><ele>159.0</ele></trkpt>
            <trkpt lat="51.3565680" lon="-1.6091360"><ele>160.0</ele></trkpt>
            <trkpt lat="51.3569360" lon="-1.6087750"><ele>164.0</ele></trkpt>
            <trkpt lat="51.3577830" lon="-1.6085300"><ele>168.0</ele></trkpt>
            <trkpt lat="51.3587060" lon="-1.6076170"><ele>175.0</ele></trkpt>
            <trkpt lat="51.3592860" lon="-1.6062330"><ele>167.0</ele></trkpt>
            <trkpt lat="51.3599350" lon="-1.6039730"><ele>168.0</ele></trkpt>
            <trkpt lat="51.3601670" lon="-1.6034540"><ele>162.0</ele></trkpt>
            <trkpt lat="51.3608920" lon="-1.6023700"><ele>167.0</ele></trkpt>
            <trkpt lat="51.3618140" lon="-1.6013380"><ele>165.0</ele></trkpt>
            <trkpt lat="51.3620260" lon="-1.6012050"><ele>147.0</ele></trkpt>
            <trkpt lat="51.3673810" lon="-1.6015530"><ele>132.0</ele></trkpt>
            <trkpt lat="51.3685960" lon="-1.6018870"><ele>129.0</ele></trkpt>
            <trkpt lat="51.3693950" lon="-1.6016640"><ele>126.0</ele></trkpt>
            <trkpt lat="51.3698000" lon="-1.6017040"><ele>126.0</ele></trkpt>
            <trkpt lat="51.3700890" lon="-1.6019030"><ele>122.0</ele></trkpt>
            <trkpt lat="51.3703600" lon="-1.6023170"><ele>122.0</ele></trkpt>
            <trkpt lat="51.3706480" lon="-1.6029320"><ele>122.0</ele></trkpt>
            <trkpt lat="51.3712360" lon="-1.6046780"><ele>123.0</ele></trkpt>
            <trkpt lat="51.3717680" lon="-1.6053980"><ele>124.0</ele></trkpt>
            <trkpt lat="51.3722340" lon="-1.6061860"><ele>124.0</ele></trkpt>
            <trkpt lat="51.3740570" lon="-1.6054170"><ele>122.0</ele></trkpt>
            <trkpt lat="51.3776400" lon="-1.6027870"><ele>124.0</ele></trkpt>
            <trkpt lat="51.3782810" lon="-1.6022620"><ele>123.0</ele></trkpt>
            <trkpt lat="51.3787370" lon="-1.6016620"><ele>126.0</ele></trkpt>
            <trkpt lat="51.3790710" lon="-1.6014790"><ele>126.0</ele></trkpt>
            <trkpt lat="51.3794140" lon="-1.6019840"><ele>131.0</ele></trkpt>
            <trkpt lat="51.3798210" lon="-1.6028000"><ele>131.0</ele></trkpt>
            <trkpt lat="51.3800030" lon="-1.6035360"><ele>135.0</ele></trkpt>
            <trkpt lat="51.3814500" lon="-1.6023300"><ele>131.0</ele></trkpt>
            <trkpt lat="51.3822460" lon="-1.6009480"><ele>125.0</ele></trkpt>
            <trkpt lat="51.3840470" lon="-1.5986700"><ele>126.0</ele></trkpt>
            <trkpt lat="51.3852040" lon="-1.5966120"><ele>124.0</ele></trkpt>
            <trkpt lat="51.3855960" lon="-1.5957550"><ele>125.0</ele></trkpt>
            <trkpt lat="51.3856450" lon="-1.5953520"><ele>125.0</ele></trkpt>
            <trkpt lat="51.3863230" lon="-1.5929460"><ele>127.0</ele></trkpt>
            <trkpt lat="51.3868070" lon="-1.5915820"><ele>129.0</ele></trkpt>
            <trkpt lat="51.3887520" lon="-1.5891000"><ele>124.0</ele></trkpt>
            <trkpt lat="51.3895630" lon="-1.5883960"><ele>125.0</ele></trkpt>
            <trkpt lat="51.3902990" lon="-1.5880300"><ele>126.0</ele></trkpt>
            <trkpt lat="51.3913060" lon="-1.5880500"><ele>127.0</ele></trkpt>
            <trkpt lat="51.3921180" lon="-1.5878140"><ele>129.0</ele></trkpt>
            <trkpt lat="51.3931040" lon="-1.5879320"><ele>133.0</ele></trkpt>
            <trkpt lat="51.3932540" lon="-1.5878460"><ele>133.0</ele></trkpt>
            <trkpt lat="51.3940530" lon="-1.5868410"><ele>132.0</ele></trkpt>
            <trkpt lat="51.3941900" lon="-1.5867540"><ele>127.0</ele></trkpt>
            <trkpt lat="51.3942830" lon="-1.5863990"><ele>127.0</ele></trkpt>
            <trkpt lat="51.3956700" lon="-1.5849080"><ele>126.0</ele></trkpt>
            <trkpt lat="51.3968330" lon="-1.5839130"><ele>136.0</ele></trkpt>
            <trkpt lat="51.3981950" lon="-1.5822150"><ele>132.0</ele></trkpt>
            <trkpt lat="51.3993240" lon="-1.5812480"><ele>132.0</ele></trkpt>
            <trkpt lat="51.4015530" lon="-1.5781020"><ele>132.0</ele></trkpt>
            <trkpt lat="51.4031020" lon="-1.5765150"><ele>136.0</ele></trkpt>
            <trkpt lat="51.4034210" lon="-1.5763080"><ele>136.0</ele></trkpt>
            <trkpt lat="51.4043640" lon="-1.5759670"><ele>138.0</ele></trkpt>
            <trkpt lat="51.4061290" lon="-1.5755520"><ele>139.0</ele></trkpt>
            <trkpt lat="51.4071320" lon="-1.5753600"><ele>136.0</ele></trkpt>
            <trkpt lat="51.4081520" lon="-1.5753500"><ele>126.0</ele></trkpt>
            <trkpt lat="51.4087310" lon="-1.5749960"><ele>115.0</ele></trkpt>
            <trkpt lat="51.4095150" lon="-1.5738810"><ele>111.0</ele></trkpt>
            <trkpt lat="51.4096770" lon="-1.5737630"><ele>111.0</ele></trkpt>
            <trkpt lat="51.4098050" lon="-1.5738450"><ele>111.0</ele></trkpt>
            <trkpt lat="51.4098820" lon="-1.5741200"><ele>111.0</ele></trkpt>
            <trkpt lat="51.4104020" lon="-1.5735980"><ele>111.0</ele></trkpt>
            <trkpt lat="51.4107160" lon="-1.5730300"><ele>111.0</ele></trkpt>
            <trkpt lat="51.4108900" lon="-1.5730390"><ele>119.0</ele></trkpt>
            <trkpt lat="51.4104430" lon="-1.5755100"><ele>120.0</ele></trkpt>
            <trkpt lat="51.4104800" lon="-1.5757480"><ele>120.0</ele></trkpt>
            <trkpt lat="51.4109930" lon="-1.5760770"><ele>125.0</ele></trkpt>
            <trkpt lat="51.4114380" lon="-1.5765140"><ele>129.0</ele></trkpt>
            <trkpt lat="51.4114830" lon="-1.5766330"><ele>129.0</ele></trkpt>
            <trkpt lat="51.4114240" lon="-1.5773900"><ele>129.0</ele></trkpt>
            <trkpt lat="51.4117250" lon="-1.5777380"><ele>136.0</ele></trkpt>
            <trkpt lat="51.4124820" lon="-1.5793610"><ele>134.0</ele></trkpt>
            <trkpt lat="51.4130960" lon="-1.5810960"><ele>138.0</ele></trkpt>
            <trkpt lat="51.4139180" lon="-1.5820230"><ele>142.0</ele></trkpt>
            <trkpt lat="51.4144240" lon="-1.5827230"><ele>148.0</ele></trkpt>
            <trkpt lat="51.4151840" lon="-1.5840680"><ele>151.0</ele></trkpt>
            <trkpt lat="51.4155600" lon="-1.5849040"><ele>151.0</ele></trkpt>
            <trkpt lat="51.4157630" lon="-1.5856930"><ele>148.0</ele></trkpt>
            <trkpt lat="51.4158830" lon="-1.5865290"><ele>145.0</ele></trkpt>
            <trkpt lat="51.4159970" lon="-1.5892520"><ele>133.0</ele></trkpt>
            <trkpt lat="51.4163290" lon="-1.5911600"><ele>129.0</ele></trkpt>
            <trkpt lat="51.4171700" lon="-1.5940670"><ele>137.0</ele></trkpt>
            <trkpt lat="51.4178290" lon="-1.5952800"><ele>140.0</ele></trkpt>
            <trkpt lat="51.4182570" lon="-1.5963640"><ele>145.0</ele></trkpt>
            <trkpt lat="51.4184440" lon="-1.5971600"><ele>140.0</ele></trkpt>
            <trkpt lat="51.4185020" lon="-1.5991590"><ele>151.0</ele></trkpt>
            <trkpt lat="51.4186910" lon="-1.5994720"><ele>151.0</ele></trkpt>
            <trkpt lat="51.4189520" lon="-1.5996480"><ele>151.0</ele></trkpt>
            <trkpt lat="51.4198990" lon="-1.5999720"><ele>149.0</ele></trkpt>
            <trkpt lat="51.4209260" lon="-1.6007670"><ele>151.0</ele></trkpt>
            <trkpt lat="51.4220280" lon="-1.6020370"><ele>153.0</ele></trkpt>
            <trkpt lat="51.4226500" lon="-1.6028690"><ele>156.0</ele></trkpt>
            <trkpt lat="51.4232280" lon="-1.6032800"><ele>156.0</ele></trkpt>
            <trkpt lat="51.4239460" lon="-1.6039670"><ele>161.0</ele></trkpt>
            <trkpt lat="51.4244900" lon="-1.6037920"><ele>166.0</ele></trkpt>
            <trkpt lat="51.4250480" lon="-1.6038030"><ele>172.0</ele></trkpt>
            <trkpt lat="51.4261580" lon="-1.6044810"><ele>175.0</ele></trkpt>
            <trkpt lat="51.4276210" lon="-1.6052280"><ele>178.0</ele></trkpt>
            <trkpt lat="51.4283230" lon="-1.6053660"><ele>178.0</ele></trkpt>
            <trkpt lat="51.4285350" lon="-1.6052040"><ele>177.0</ele></trkpt>
            <trkpt lat="51.4286690" lon="-1.6049780"><ele>178.0</ele></trkpt>
            <trkpt lat="51.4294680" lon="-1.6002730"><ele>175.0</ele></trkpt>
            <trkpt lat="51.4303210" lon="-1.5998900"><ele>176.0</ele></trkpt>
            <trkpt lat="51.4310150" lon="-1.5997450"><ele>173.0</ele></trkpt>
            <trkpt lat="51.4319190" lon="-1.5997260"><ele>169.0</ele></trkpt>
            <trkpt lat="51.4342720" lon="-1.6002310"><ele>175.0</ele></trkpt>
            <trkpt lat="51.4350190" lon="-1.6008540"><ele>172.0</ele></trkpt>
            <trkpt lat="51.4353790" lon="-1.6009370"><ele>172.0</ele></trkpt>
            <trkpt lat="51.4357470" lon="-1.6008700"><ele>172.0</ele></trkpt>
            <trkpt lat="51.4364700" lon="-1.6004740"><ele>164.0</ele></trkpt>
            <trkpt lat="51.4367550" lon="-1.6001560"><ele>145.0</ele></trkpt>
            <trkpt lat="51.4369420" lon="-1.5996670"><ele>147.0</ele></trkpt>
            <trkpt lat="51.4370940" lon="-1.5996090"><ele>147.0</ele></trkpt>
            <trkpt lat="51.4373110" lon="-1.5998800"><ele>147.0</ele></trkpt>
            <trkpt lat="51.4377000" lon="-1.6006390"><ele>125.0</ele></trkpt>
            <trkpt lat="51.4378840" lon="-1.6007850"><ele>125.0</ele></trkpt>
            <trkpt lat="51.4398320" lon="-1.6009090"><ele>110.0</ele></trkpt>
            <trkpt lat="51.4405310" lon="-1.6011210"><ele>112.0</ele></trkpt>
            <trkpt lat="51.4419640" lon="-1.6009490"><ele>112.0</ele></trkpt>
            <trkpt lat="51.4422410" lon="-1.6010580"><ele>112.0</ele></trkpt>
            <trkpt lat="51.4424720" lon="-1.6015540"><ele>114.0</ele></trkpt>
            <trkpt lat="51.4426080" lon="-1.6016250"><ele>122.0</ele></trkpt>
            <trkpt lat="51.4427250" lon="-1.6025830"><ele>121.0</ele></trkpt>
            <trkpt lat="51.4425720" lon="-1.6040230"><ele>120.0</ele></trkpt>
            <trkpt lat="51.4425700" lon="-1.6050140"><ele>119.0</ele></trkpt>
            <trkpt lat="51.4422680" lon="-1.6057190"><ele>115.0</ele></trkpt>
            <trkpt lat="51.4421460" lon="-1.6061680"><ele>115.0</ele></trkpt>
            <trkpt lat="51.4419440" lon="-1.6121270"><ele>116.0</ele></trkpt>
            <trkpt lat="51.4421800" lon="-1.6126270"><ele>117.0</ele></trkpt>
            <trkpt lat="51.4415180" lon="-1.6153540"><ele>116.0</ele></trkpt>
            <trkpt lat="51.4405260" lon="-1.6175270"><ele>113.0</ele></trkpt>
            <trkpt lat="51.4397960" lon="-1.6217680"><ele>123.0</ele></trkpt>
            <trkpt lat="51.4398270" lon="-1.6220100"><ele>123.0</ele></trkpt>
            <trkpt lat="51.4410360" lon="-1.6249970"><ele>123.0</ele></trkpt>
            <trkpt lat="51.4422190" lon="-1.6278590"><ele>148.0</ele></trkpt>
            <trkpt lat="51.4429230" lon="-1.6293580"><ele>168.0</ele></trkpt>
            <trkpt lat="51.4431000" lon="-1.6306780"><ele>175.0</ele></trkpt>
            <trkpt lat="51.4429760" lon="-1.6315270"><ele>180.0</ele></trkpt>
            <trkpt lat="51.4426800" lon="-1.6324240"><ele>180.0</ele></trkpt>
            <trkpt lat="51.4422570" lon="-1.6333220"><ele>178.0</ele></trkpt>
            <trkpt lat="51.4414080" lon="-1.6347760"><ele>177.0</ele></trkpt>
            <trkpt lat="51.4403220" lon="-1.6364250"><ele>154.0</ele></trkpt>
            <trkpt lat="51.4398270" lon="-1.6376500"><ele>166.0</ele></trkpt>
            <trkpt lat="51.4393230" lon="-1.6391030"><ele>165.0</ele></trkpt>
            <trkpt lat="51.4391530" lon="-1.6398350"><ele>167.0</ele></trkpt>
            <trkpt lat="51.4388440" lon="-1.6419170"><ele>158.0</ele></trkpt>
            <trkpt lat="51.4385860" lon="-1.6427260"><ele>139.0</ele></trkpt>
            <trkpt lat="51.4370760" lon="-1.6449320"><ele>129.0</ele></trkpt>
            <trkpt lat="51.4363770" lon="-1.6455620"><ele>124.0</ele></trkpt>
            <trkpt lat="51.4354110" lon="-1.6462600"><ele>125.0</ele></trkpt>
            <trkpt lat="51.4345100" lon="-1.6463650"><ele>139.0</ele></trkpt>
            <trkpt lat="51.4326380" lon="-1.6468740"><ele>142.0</ele></trkpt>
            <trkpt lat="51.4322400" lon="-1.6470760"><ele>129.0</ele></trkpt>
            <trkpt lat="51.4310000" lon="-1.6522020"><ele>129.0</ele></trkpt>
            <trkpt lat="51.4307840" lon="-1.6537620"><ele>128.0</ele></trkpt>
            <trkpt lat="51.4302590" lon="-1.6554620"><ele>132.0</ele></trkpt>
            <trkpt lat="51.4291330" lon="-1.6602060"><ele>130.0</ele></trkpt>
            <trkpt lat="51.4286640" lon="-1.6629570"><ele>134.0</ele></trkpt>
            <trkpt lat="51.4284540" lon="-1.6648720"><ele>136.0</ele></trkpt>
            <trkpt lat="51.4283860" lon="-1.6661810"><ele>137.0</ele></trkpt>
            <trkpt lat="51.4283190" lon="-1.6681380"><ele>127.0</ele></trkpt>
            <trkpt lat="51.4284010" lon="-1.6707320"><ele>142.0</ele></trkpt>
            <trkpt lat="51.4283500" lon="-1.6712400"><ele>142.0</ele></trkpt>
            <trkpt lat="51.4277650" lon="-1.6723700"><ele>133.0</ele></trkpt>
            <trkpt lat="51.4274970" lon="-1.6731490"><ele>136.0</ele></trkpt>
            <trkpt lat="51.4265940" lon="-1.6748530"><ele>123.0</ele></trkpt>
            <trkpt lat="51.4260830" lon="-1.6754750"><ele>134.0</ele></trkpt>
            <trkpt lat="51.4254370" lon="-1.6760690"><ele>125.0</ele></trkpt>
            <trkpt lat="51.4244310" lon="-1.6767960"><ele>122.0</ele></trkpt>
            <trkpt lat="51.4239220" lon="-1.6776900"><ele>121.0</ele></trkpt>
            <trkpt lat="51.4237720" lon="-1.6783130"><ele>121.0</ele></trkpt>
            <trkpt lat="51.4238760" lon="-1.6799690"><ele>121.0</ele></trkpt>
            <trkpt lat="51.4241340" lon="-1.6818410"><ele>120.0</ele></trkpt>
            <trkpt lat="51.4251730" lon="-1.6841260"><ele>126.0</ele></trkpt>
            <trkpt lat="51.4262180" lon="-1.6857150"><ele>128.0</ele></trkpt>
            <trkpt lat="51.4264360" lon="-1.6862740"><ele>125.0</ele></trkpt>
            <trkpt lat="51.4270050" lon="-1.6905860"><ele>130.0</ele></trkpt>
            <trkpt lat="51.4270260" lon="-1.6909830"><ele>130.0</ele></trkpt>
            <trkpt lat="51.4268260" lon="-1.6921510"><ele>130.0</ele></trkpt>
            <trkpt lat="51.4268480" lon="-1.6926580"><ele>129.0</ele></trkpt>
            <trkpt lat="51.4271370" lon="-1.6939060"><ele>130.0</ele></trkpt>
            <trkpt lat="51.4267400" lon="-1.6959670"><ele>133.0</ele></trkpt>
            <trkpt lat="51.4262040" lon="-1.6975240"><ele>136.0</ele></trkpt>
            <trkpt lat="51.4255820" lon="-1.7001310"><ele>134.0</ele></trkpt>
            <trkpt lat="51.4256140" lon="-1.7004370"><ele>134.0</ele></trkpt>
            <trkpt lat="51.4257000" lon="-1.7005480"><ele>134.0</ele></trkpt>
            <trkpt lat="51.4257820" lon="-1.7009780"><ele>134.0</ele></trkpt>
            <trkpt lat="51.4254890" lon="-1.7026920"><ele>129.0</ele></trkpt>
            <trkpt lat="51.4249370" lon="-1.7047240"><ele>136.0</ele></trkpt>
            <trkpt lat="51.4247010" lon="-1.7075440"><ele>149.0</ele></trkpt>
            <trkpt lat="51.4246880" lon="-1.7094280"><ele>147.0</ele></trkpt>
            <trkpt lat="51.4248000" lon="-1.7109810"><ele>148.0</ele></trkpt>
            <trkpt lat="51.4248020" lon="-1.7118010"><ele>149.0</ele></trkpt>
            <trkpt lat="51.4245740" lon="-1.7131090"><ele>149.0</ele></trkpt>
            <trkpt lat="51.4245360" lon="-1.7137300"><ele>149.0</ele></trkpt>
            <trkpt lat="51.4245560" lon="-1.7142470"><ele>146.0</ele></trkpt>
            <trkpt lat="51.4250200" lon="-1.7164740"><ele>137.0</ele></trkpt>
            <trkpt lat="51.4248730" lon="-1.7191500"><ele>128.0</ele></trkpt>
            <trkpt lat="51.4249650" lon="-1.7199260"><ele>128.0</ele></trkpt>
            <trkpt lat="51.4249590" lon="-1.7210770"><ele>131.0</ele></trkpt>
            <trkpt lat="51.4241650" lon="-1.7237440"><ele>135.0</ele></trkpt>
            <trkpt lat="51.4235920" lon="-1.7249400"><ele>147.0</ele></trkpt>
            <trkpt lat="51.4226670" lon="-1.7277170"><ele>150.0</ele></trkpt>
            <trkpt lat="51.4220390" lon="-1.7300690"><ele>151.0</ele></trkpt>
            <trkpt lat="51.4225610" lon="-1.7302820"><ele>157.0</ele></trkpt>
            <trkpt lat="51.4229850" lon="-1.7305960"><ele>157.0</ele></trkpt>
            <trkpt lat="51.4238010" lon="-1.7318030"><ele>165.0</ele></trkpt>
            <trkpt lat="51.4240150" lon="-1.7319950"><ele>165.0</ele></trkpt>
            <trkpt lat="51.4240440" lon="-1.7322130"><ele>165.0</ele></trkpt>
            <trkpt lat="51.4255040" lon="-1.7346280"><ele>175.0</ele></trkpt>
            <trkpt lat="51.4287240" lon="-1.7404580"><ele>186.0</ele></trkpt>
            <trkpt lat="51.4326440" lon="-1.7493150"><ele>165.0</ele></trkpt>
            <trkpt lat="51.4330620" lon="-1.7499280"><ele>165.0</ele></trkpt>
            <trkpt lat="51.4357870" lon="-1.7525220"><ele>170.0</ele></trkpt>
            <trkpt lat="51.4400710" lon="-1.7588500"><ele>144.0</ele></trkpt>
            <trkpt lat="51.4415390" lon="-1.7598330"><ele>144.0</ele></trkpt>
            <trkpt lat="51.4421910" lon="-1.7599560"><ele>147.0</ele></trkpt>
            <trkpt lat="51.4432420" lon="-1.7618680"><ele>144.0</ele></trkpt>
            <trkpt lat="51.4436000" lon="-1.7622260"><ele>148.0</ele></trkpt>
            <trkpt lat="51.4443710" lon="-1.7626720"><ele>151.0</ele></trkpt>
            <trkpt lat="51.4452120" lon="-1.7634690"><ele>152.0</ele></trkpt>
            <trkpt lat="51.4455350" lon="-1.7636440"><ele>152.0</ele></trkpt>
            <trkpt lat="51.4458590" lon="-1.7637000"><ele>149.0</ele></trkpt>
            <trkpt lat="51.4462630" lon="-1.7635830"><ele>149.0</ele></trkpt>
            <trkpt lat="51.4469910" lon="-1.7630470"><ele>150.0</ele></trkpt>
            <trkpt lat="51.4477960" lon="-1.7626600"><ele>154.0</ele></trkpt>
            <trkpt lat="51.4495900" lon="-1.7622150"><ele>153.0</ele></trkpt>
            <trkpt lat="51.4506930" lon="-1.7620380"><ele>163.0</ele></trkpt>
            <trkpt lat="51.4513760" lon="-1.7620460"><ele>162.0</ele></trkpt>
            <trkpt lat="51.4521300" lon="-1.7623570"><ele>154.0</ele></trkpt>
            <trkpt lat="51.4532980" lon="-1.7635840"><ele>157.0</ele></trkpt>
            <trkpt lat="51.4536840" lon="-1.7641120"><ele>157.0</ele></trkpt>
            <trkpt lat="51.4543260" lon="-1.7652630"><ele>156.0</ele></trkpt>
            <trkpt lat="51.4555150" lon="-1.7679000"><ele>156.0</ele></trkpt>
            <trkpt lat="51.4565360" lon="-1.7711400"><ele>157.0</ele></trkpt>
            <trkpt lat="51.4577730" lon="-1.7745380"><ele>160.0</ele></trkpt>
            <trkpt lat="51.4581720" lon="-1.7754700"><ele>163.0</ele></trkpt>
            <trkpt lat="51.4587870" lon="-1.7766740"><ele>168.0</ele></trkpt>
            <trkpt lat="51.4601060" lon="-1.7786780"><ele>166.0</ele></trkpt>
            <trkpt lat="51.4608260" lon="-1.7799890"><ele>171.0</ele></trkpt>
            <trkpt lat="51.4621860" lon="-1.7833560"><ele>184.0</ele></trkpt>
            <trkpt lat="51.4629160" lon="-1.7858610"><ele>196.0</ele></trkpt>
            <trkpt lat="51.4637500" lon="-1.7911740"><ele>217.0</ele></trkpt>
            <trkpt lat="51.4640590" lon="-1.7924000"><ele>225.0</ele></trkpt>
            <trkpt lat="51.4648360" lon="-1.7949410"><ele>235.0</ele></trkpt>
            <trkpt lat="51.4650080" lon="-1.7958470"><ele>230.0</ele></trkpt>
            <trkpt lat="51.4652910" lon="-1.7980630"><ele>238.0</ele></trkpt>
            <trkpt lat="51.4654670" lon="-1.8008550"><ele>242.0</ele></trkpt>
            <trkpt lat="51.4655580" lon="-1.8014010"><ele>243.0</ele></trkpt>
            <trkpt lat="51.4664170" lon="-1.8042480"><ele>248.0</ele></trkpt>
            <trkpt lat="51.4676250" lon="-1.8069720"><ele>254.0</ele></trkpt>
            <trkpt lat="51.4693150" lon="-1.8114770"><ele>267.0</ele></trkpt>
            <trkpt lat="51.4709390" lon="-1.8148680"><ele>265.0</ele></trkpt>
            <trkpt lat="51.4713700" lon="-1.8155530"><ele>259.0</ele></trkpt>
            <trkpt lat="51.4715970" lon="-1.8156550"><ele>259.0</ele></trkpt>
            <trkpt lat="51.4722620" lon="-1.8156830"><ele>252.0</ele></trkpt>
            <trkpt lat="51.4733040" lon="-1.8154640"><ele>244.0</ele></trkpt>
            <trkpt lat="51.4735300" lon="-1.8156500"><ele>231.0</ele></trkpt>
            <trkpt lat="51.4736470" lon="-1.8161100"><ele>231.0</ele></trkpt>
            <trkpt lat="51.4736390" lon="-1.8164270"><ele>218.0</ele></trkpt>
            <trkpt lat="51.4734700" lon="-1.8170050"><ele>218.0</ele></trkpt>
            <trkpt lat="51.4730480" lon="-1.8176240"><ele>214.0</ele></trkpt>
            <trkpt lat="51.4729500" lon="-1.8184740"><ele>214.0</ele></trkpt>
            <trkpt lat="51.4729640" lon="-1.8189330"><ele>206.0</ele></trkpt>
            <trkpt lat="51.4731120" lon="-1.8193800"><ele>206.0</ele></trkpt>
            <trkpt lat="51.4752530" lon="-1.8242210"><ele>191.0</ele></trkpt>
            <trkpt lat="51.4767810" lon="-1.8285650"><ele>183.0</ele></trkpt>
            <trkpt lat="51.4772510" lon="-1.8295000"><ele>182.0</ele></trkpt>
            <trkpt lat="51.4794910" lon="-1.8330190"><ele>180.0</ele></trkpt>
            <trkpt lat="51.4810590" lon="-1.8359100"><ele>172.0</ele></trkpt>
            <trkpt lat="51.4825990" lon="-1.8381780"><ele>171.0</ele></trkpt>
            <trkpt lat="51.4839520" lon="-1.8410120"><ele>174.0</ele></trkpt>
            <trkpt lat="51.4841390" lon="-1.8418300"><ele>174.0</ele></trkpt>
            <trkpt lat="51.4843970" lon="-1.8417540"><ele>177.0</ele></trkpt>
            <trkpt lat="51.4845120" lon="-1.8426080"><ele>179.0</ele></trkpt>
            <trkpt lat="51.4846740" lon="-1.8432420"><ele>179.0</ele></trkpt>
            <trkpt lat="51.4863290" lon="-1.8478090"><ele>195.0</ele></trkpt>
            <trkpt lat="51.4866980" lon="-1.8485380"><ele>194.0</ele></trkpt>
            <trkpt lat="51.4867260" lon="-1.8489050"><ele>196.0</ele></trkpt>
            <trkpt lat="51.4868460" lon="-1.8491800"><ele>196.0</ele></trkpt>
            <trkpt lat="51.4873300" lon="-1.8496140"><ele>196.0</ele></trkpt>
            <trkpt lat="51.4888750" lon="-1.8513360"><ele>195.0</ele></trkpt>
            <trkpt lat="51.4893270" lon="-1.8514900"><ele>195.0</ele></trkpt>
            <trkpt lat="51.4894320" lon="-1.8518070"><ele>195.0</ele></trkpt>
            <trkpt lat="51.4894540" lon="-1.8523970"><ele>195.0</ele></trkpt>
            <trkpt lat="51.4892370" lon="-1.8533930"><ele>195.0</ele></trkpt>
            <trkpt lat="51.4891640" lon="-1.8542470"><ele>193.0</ele></trkpt>
            <trkpt lat="51.4892740" lon="-1.8546180"><ele>193.0</ele></trkpt>
            <trkpt lat="51.4894140" lon="-1.8548040"><ele>193.0</ele></trkpt>
            <trkpt lat="51.4902470" lon="-1.8554220"><ele>194.0</ele></trkpt>
            <trkpt lat="51.4896890" lon="-1.8575990"><ele>187.0</ele></trkpt>
            <trkpt lat="51.4895690" lon="-1.8584730"><ele>187.0</ele></trkpt>
            <trkpt lat="51.4897250" lon="-1.8599600"><ele>188.0</ele></trkpt>
            <trkpt lat="51.4899900" lon="-1.8611090"><ele>190.0</ele></trkpt>
            <trkpt lat="51.4900560" lon="-1.8616690"><ele>194.0</ele></trkpt>
            <trkpt lat="51.4891670" lon="-1.8654900"><ele>192.0</ele></trkpt>
            <trkpt lat="51.4887790" lon="-1.8686050"><ele>193.0</ele></trkpt>
            <trkpt lat="51.4887750" lon="-1.8706480"><ele>200.0</ele></trkpt>
            <trkpt lat="51.4886800" lon="-1.8715320"><ele>203.0</ele></trkpt>
            <trkpt lat="51.4880350" lon="-1.8751780"><ele>208.0</ele></trkpt>
            <trkpt lat="51.4875400" lon="-1.8775100"><ele>207.0</ele></trkpt>
            <trkpt lat="51.4872140" lon="-1.8787410"><ele>204.0</ele></trkpt>
            <trkpt lat="51.4873090" lon="-1.8822910"><ele>206.0</ele></trkpt>
            <trkpt lat="51.4874180" lon="-1.8835870"><ele>207.0</ele></trkpt>
            <trkpt lat="51.4867340" lon="-1.8860260"><ele>207.0</ele></trkpt>
            <trkpt lat="51.4873300" lon="-1.8876040"><ele>209.0</ele></trkpt>
            <trkpt lat="51.4874710" lon="-1.8883200"><ele>209.0</ele></trkpt>
            <trkpt lat="51.4871400" lon="-1.8904710"><ele>222.0</ele></trkpt>
            <trkpt lat="51.4873860" lon="-1.8911030"><ele>222.0</ele></trkpt>
            <trkpt lat="51.4880710" lon="-1.8916420"><ele>208.0</ele></trkpt>
            <trkpt lat="51.4884290" lon="-1.8922840"><ele>169.0</ele></trkpt>
            <trkpt lat="51.4887690" lon="-1.8955860"><ele>158.0</ele></trkpt>
            <trkpt lat="51.4899210" lon="-1.8965870"><ele>143.0</ele></trkpt>
            <trkpt lat="51.4904940" lon="-1.8956140"><ele>136.0</ele></trkpt>
            <trkpt lat="51.4908870" lon="-1.8953050"><ele>132.0</ele></trkpt>
            <trkpt lat="51.4910610" lon="-1.8950590"><ele>132.0</ele></trkpt>
            <trkpt lat="51.4914340" lon="-1.8949050"><ele>137.0</ele></trkpt>
            <trkpt lat="51.4934400" lon="-1.8956510"><ele>115.0</ele></trkpt>
            <trkpt lat="51.4940450" lon="-1.8953170"><ele>115.0</ele></trkpt>
            <trkpt lat="51.4945670" lon="-1.8952900"><ele>114.0</ele></trkpt>
            <trkpt lat="51.4948590" lon="-1.8953860"><ele>114.0</ele></trkpt>
            <trkpt lat="51.4958960" lon="-1.8965490"><ele>116.0</ele></trkpt>
            <trkpt lat="51.4974020" lon="-1.8979010"><ele>119.0</ele></trkpt>
            <trkpt lat="51.4983010" lon="-1.8992630"><ele>119.0</ele></trkpt>
            <trkpt lat="51.5002930" lon="-1.9015360"><ele>121.0</ele></trkpt>
            <trkpt lat="51.5009950" lon="-1.9025260"><ele>120.0</ele></trkpt>
            <trkpt lat="51.5015080" lon="-1.9041820"><ele>119.0</ele></trkpt>
            <trkpt lat="51.5018670" lon="-1.9047630"><ele>117.0</ele></trkpt>
            <trkpt lat="51.5024650" lon="-1.9052420"><ele>113.0</ele></trkpt>
            <trkpt lat="51.5042670" lon="-1.9069830"><ele>107.0</ele></trkpt>
            <trkpt lat="51.5047270" lon="-1.9075260"><ele>109.0</ele></trkpt>
            <trkpt lat="51.5042180" lon="-1.9082820"><ele>109.0</ele></trkpt>
            <trkpt lat="51.5024480" lon="-1.9102450"><ele>113.0</ele></trkpt>
            <trkpt lat="51.5017110" lon="-1.9108530"><ele>113.0</ele></trkpt>
            <trkpt lat="51.5007480" lon="-1.9114620"><ele>112.0</ele></trkpt>
            <trkpt lat="51.5011550" lon="-1.9120050"><ele>113.0</ele></trkpt>
            <trkpt lat="51.5034910" lon="-1.9159820"><ele>122.0</ele></trkpt>
            <trkpt lat="51.5039810" lon="-1.9169430"><ele>118.0</ele></trkpt>
            <trkpt lat="51.5041980" lon="-1.9175880"><ele>115.0</ele></trkpt>
            <trkpt lat="51.5052910" lon="-1.9218860"><ele>111.0</ele></trkpt>
            <trkpt lat="51.5056460" lon="-1.9227360"><ele>108.0</ele></trkpt>
            <trkpt lat="51.5067130" lon="-1.9261730"><ele>110.0</ele></trkpt>
            <trkpt lat="51.5070660" lon="-1.9271370"><ele>111.0</ele></trkpt>
            <trkpt lat="51.5080820" lon="-1.9313720"><ele>110.0</ele></trkpt>
            <trkpt lat="51.5091070" lon="-1.9342250"><ele>110.0</ele></trkpt>
            <trkpt lat="51.5107100" lon="-1.9378190"><ele>112.0</ele></trkpt>
            <trkpt lat="51.5108440" lon="-1.9387740"><ele>118.0</ele></trkpt>
            <trkpt lat="51.5107410" lon="-1.9403560"><ele>113.0</ele></trkpt>
            <trkpt lat="51.5107810" lon="-1.9414540"><ele>115.0</ele></trkpt>
            <trkpt lat="51.5110930" lon="-1.9422290"><ele>118.0</ele></trkpt>
            <trkpt lat="51.5115790" lon="-1.9437580"><ele>121.0</ele></trkpt>
            <trkpt lat="51.5125180" lon="-1.9452660"><ele>124.0</ele></trkpt>
            <trkpt lat="51.5132780" lon="-1.9461930"><ele>124.0</ele></trkpt>
            <trkpt lat="51.5144330" lon="-1.9470560"><ele>122.0</ele></trkpt>
            <trkpt lat="51.5147310" lon="-1.9461460"><ele>121.0</ele></trkpt>
            <trkpt lat="51.5153620" lon="-1.9448150"><ele>120.0</ele></trkpt>
            <trkpt lat="51.5162540" lon="-1.9442150"><ele>119.0</ele></trkpt>
            <trkpt lat="51.5165960" lon="-1.9441280"><ele>119.0</ele></trkpt>
            <trkpt lat="51.5185950" lon="-1.9454550"><ele>114.0</ele></trkpt>
            <trkpt lat="51.5197910" lon="-1.9453120"><ele>113.0</ele></trkpt>
            <trkpt lat="51.5203770" lon="-1.9453520"><ele>114.0</ele></trkpt>
            <trkpt lat="51.5214970" lon="-1.9456210"><ele>114.0</ele></trkpt>
            <trkpt lat="51.5224640" lon="-1.9456230"><ele>112.0</ele></trkpt>
            <trkpt lat="51.5234800" lon="-1.9460890"><ele>113.0</ele></trkpt>
            <trkpt lat="51.5240420" lon="-1.9467570"><ele>118.0</ele></trkpt>
            <trkpt lat="51.5243840" lon="-1.9475780"><ele>126.0</ele></trkpt>
            <trkpt lat="51.5245640" lon="-1.9477800"><ele>126.0</ele></trkpt>
            <trkpt lat="51.5244120" lon="-1.9493370"><ele>127.0</ele></trkpt>
            <trkpt lat="51.5248880" lon="-1.9496530"><ele>127.0</ele></trkpt>
            <trkpt lat="51.5256320" lon="-1.9499610"><ele>130.0</ele></trkpt>
            <trkpt lat="51.5265120" lon="-1.9500760"><ele>127.0</ele></trkpt>
            <trkpt lat="51.5272120" lon="-1.9505190"><ele>126.0</ele></trkpt>
            <trkpt lat="51.5279910" lon="-1.9508460"><ele>125.0</ele></trkpt>
            <trkpt lat="51.5283870" lon="-1.9509180"><ele>121.0</ele></trkpt>
            <trkpt lat="51.5291870" lon="-1.9508160"><ele>118.0</ele></trkpt>
            <trkpt lat="51.5294720" lon="-1.9508650"><ele>118.0</ele></trkpt>
            <trkpt lat="51.5312910" lon="-1.9501800"><ele>89.0</ele></trkpt>
            <trkpt lat="51.5326020" lon="-1.9501000"><ele>87.0</ele></trkpt>
            <trkpt lat="51.5332210" lon="-1.9502750"><ele>87.0</ele></trkpt>
            <trkpt lat="51.5341420" lon="-1.9510720"><ele>88.0</ele></trkpt>
            <trkpt lat="51.5351170" lon="-1.9510840"><ele>92.0</ele></trkpt>
            <trkpt lat="51.5363100" lon="-1.9507740"><ele>92.0</ele></trkpt>
            <trkpt lat="51.5382400" lon="-1.9494480"><ele>83.0</ele></trkpt>
            <trkpt lat="51.5398820" lon="-1.9477630"><ele>84.0</ele></trkpt>
            <trkpt lat="51.5414130" lon="-1.9466300"><ele>86.0</ele></trkpt>
            <trkpt lat="51.5418900" lon="-1.9460300"><ele>81.0</ele></trkpt>
            <trkpt lat="51.5421780" lon="-1.9460440"><ele>81.0</ele></trkpt>
            <trkpt lat="51.5426010" lon="-1.9463750"><ele>81.0</ele></trkpt>
            <trkpt lat="51.5429870" lon="-1.9465480"><ele>81.0</ele></trkpt>
            <trkpt lat="51.5435180" lon="-1.9471810"><ele>79.0</ele></trkpt>
            <trkpt lat="51.5440760" lon="-1.9476570"><ele>82.0</ele></trkpt>
            <trkpt lat="51.5446200" lon="-1.9468280"><ele>75.0</ele></trkpt>
            <trkpt lat="51.5450550" lon="-1.9458530"><ele>73.0</ele></trkpt>
            <trkpt lat="51.5461430" lon="-1.9446690"><ele>73.0</ele></trkpt>
            <trkpt lat="51.5467360" lon="-1.9437020"><ele>75.0</ele></trkpt>
            <trkpt lat="51.5470500" lon="-1.9429520"><ele>75.0</ele></trkpt>
            <trkpt lat="51.5474270" lon="-1.9414800"><ele>75.0</ele></trkpt>
            <trkpt lat="51.5475430" lon="-1.9402980"><ele>78.0</ele></trkpt>
            <trkpt lat="51.5475520" lon="-1.9394470"><ele>80.0</ele></trkpt>
            <trkpt lat="51.5474340" lon="-1.9382210"><ele>79.0</ele></trkpt>
            <trkpt lat="51.5482840" lon="-1.9385870"><ele>80.0</ele></trkpt>
            <trkpt lat="51.5492690" lon="-1.9393580"><ele>73.0</ele></trkpt>
            <trkpt lat="51.5500070" lon="-1.9404100"><ele>73.0</ele></trkpt>
            <trkpt lat="51.5519990" lon="-1.9442380"><ele>77.0</ele></trkpt>
            <trkpt lat="51.5534180" lon="-1.9471640"><ele>97.0</ele></trkpt>
            <trkpt lat="51.5538470" lon="-1.9478270"><ele>94.0</ele></trkpt>
            <trkpt lat="51.5544540" lon="-1.9483530"><ele>103.0</ele></trkpt>
            <trkpt lat="51.5560610" lon="-1.9493350"><ele>104.0</ele></trkpt>
            <trkpt lat="51.5583650" lon="-1.9495730"><ele>107.0</ele></trkpt>
            <trkpt lat="51.5588950" lon="-1.9499330"><ele>107.0</ele></trkpt>
            <trkpt lat="51.5623800" lon="-1.9503340"><ele>113.0</ele></trkpt>
            <trkpt lat="51.5635890" lon="-1.9501730"><ele>108.0</ele></trkpt>
            <trkpt lat="51.5704670" lon="-1.9484120"><ele>94.0</ele></trkpt>
            <trkpt lat="51.5707220" lon="-1.9481600"><ele>94.0</ele></trkpt>
            <trkpt lat="51.5712430" lon="-1.9473370"><ele>98.0</ele></trkpt>
            <trkpt lat="51.5725560" lon="-1.9461990"><ele>106.0</ele></trkpt>
            <trkpt lat="51.5728340" lon="-1.9460480"><ele>106.0</ele></trkpt>
            <trkpt lat="51.5732100" lon="-1.9460390"><ele>106.0</ele></trkpt>
            <trkpt lat="51.5745030" lon="-1.9464130"><ele>113.0</ele></trkpt>
            <trkpt lat="51.5747840" lon="-1.9463980"><ele>113.0</ele></trkpt>
            <trkpt lat="51.5750050" lon="-1.9462390"><ele>115.0</ele></trkpt>
            <trkpt lat="51.5751880" lon="-1.9456500"><ele>115.0</ele></trkpt>
            <trkpt lat="51.5753220" lon="-1.9432140"><ele>117.0</ele></trkpt>
            <trkpt lat="51.5772540" lon="-1.9448910"><ele>121.0</ele></trkpt>
            <trkpt lat="51.5777690" lon="-1.9452080"><ele>121.0</ele></trkpt>
            <trkpt lat="51.5784270" lon="-1.9454620"><ele>123.0</ele></trkpt>
            <trkpt lat="51.5792900" lon="-1.9460980"><ele>122.0</ele></trkpt>
            <trkpt lat="51.5806630" lon="-1.9481200"><ele>124.0</ele></trkpt>
            <trkpt lat="51.5820940" lon="-1.9499770"><ele>118.0</ele></trkpt>
            <trkpt lat="51.5828540" lon="-1.9518180"><ele>125.0</ele></trkpt>
            <trkpt lat="51.5833900" lon="-1.9538150"><ele>121.0</ele></trkpt>
            <trkpt lat="51.5836120" lon="-1.9557430"><ele>124.0</ele></trkpt>
            <trkpt lat="51.5835390" lon="-1.9575180"><ele>118.0</ele></trkpt>
            <trkpt lat="51.5833000" lon="-1.9594730"><ele>132.0</ele></trkpt>
            <trkpt lat="51.5831540" lon="-1.9620010"><ele>120.0</ele></trkpt>
            <trkpt lat="51.5828790" lon="-1.9682220"><ele>124.0</ele></trkpt>
            <trkpt lat="51.5829110" lon="-1.9731870"><ele>125.0</ele></trkpt>
            <trkpt lat="51.5826290" lon="-1.9767610"><ele>121.0</ele></trkpt>
            <trkpt lat="51.5823670" lon="-1.9787580"><ele>123.0</ele></trkpt>
            <trkpt lat="51.5820760" lon="-1.9801610"><ele>120.0</ele></trkpt>
            <trkpt lat="51.5800800" lon="-1.9866970"><ele>121.0</ele></trkpt>
            <trkpt lat="51.5802870" lon="-1.9896860"><ele>119.0</ele></trkpt>
            <trkpt lat="51.5807010" lon="-1.9928710"><ele>117.0</ele></trkpt>
            <trkpt lat="51.5812970" lon="-1.9953760"><ele>114.0</ele></trkpt>
            <trkpt lat="51.5815480" lon="-1.9990480"><ele>111.0</ele></trkpt>
            <trkpt lat="51.5821870" lon="-2.0026260"><ele>114.0</ele></trkpt>
            <trkpt lat="51.5843190" lon="-2.0124250"><ele>104.0</ele></trkpt>
            <trkpt lat="51.5844630" lon="-2.0134590"><ele>106.0</ele></trkpt>
            <trkpt lat="51.5839570" lon="-2.0135870"><ele>110.0</ele></trkpt>
            <trkpt lat="51.5839730" lon="-2.0171610"><ele>110.0</ele></trkpt>
            <trkpt lat="51.5837960" lon="-2.0202370"><ele>106.0</ele></trkpt>
            <trkpt lat="51.5844980" lon="-2.0283990"><ele>95.0</ele></trkpt>
            <trkpt lat="51.5845980" lon="-2.0289960"><ele>96.0</ele></trkpt>
            <trkpt lat="51.5851660" lon="-2.0310780"><ele>93.0</ele></trkpt>
            <trkpt lat="51.5855010" lon="-2.0343630"><ele>96.0</ele></trkpt>
            <trkpt lat="51.5855500" lon="-2.0355340"><ele>98.0</ele></trkpt>
            <trkpt lat="51.5869420" lon="-2.0404400"><ele>96.0</ele></trkpt>
            <trkpt lat="51.5875480" lon="-2.0419690"><ele>92.0</ele></trkpt>
            <trkpt lat="51.5882280" lon="-2.0439630"><ele>95.0</ele></trkpt>
            <trkpt lat="51.5885490" lon="-2.0446940"><ele>90.0</ele></trkpt>
            <trkpt lat="51.5893870" lon="-2.0460640"><ele>87.0</ele></trkpt>
            <trkpt lat="51.5892520" lon="-2.0464970"><ele>86.0</ele></trkpt>
            <trkpt lat="51.5888020" lon="-2.0470740"><ele>90.0</ele></trkpt>
            <trkpt lat="51.5886300" lon="-2.0491380"><ele>80.0</ele></trkpt>
            <trkpt lat="51.5889530" lon="-2.0502060"><ele>75.0</ele></trkpt>
            <trkpt lat="51.5889710" lon="-2.0504950"><ele>75.0</ele></trkpt>
            <trkpt lat="51.5887000" lon="-2.0528330"><ele>78.0</ele></trkpt>
            <trkpt lat="51.5886680" lon="-2.0554680"><ele>83.0</ele></trkpt>
            <trkpt lat="51.5888190" lon="-2.0562740"><ele>81.0</ele></trkpt>
            <trkpt lat="51.5891380" lon="-2.0574570"><ele>81.0</ele></trkpt>
            <trkpt lat="51.5889920" lon="-2.0589560"><ele>72.0</ele></trkpt>
            <trkpt lat="51.5891520" lon="-2.0618070"><ele>73.0</ele></trkpt>
            <trkpt lat="51.5896140" lon="-2.0637270"><ele>78.0</ele></trkpt>
            <trkpt lat="51.5899070" lon="-2.0645860"><ele>80.0</ele></trkpt>
            <trkpt lat="51.5899160" lon="-2.0682560"><ele>84.0</ele></trkpt>
            <trkpt lat="51.5890090" lon="-2.0769380"><ele>91.0</ele></trkpt>
            <trkpt lat="51.5887000" lon="-2.0793530"><ele>93.0</ele></trkpt>
            <trkpt lat="51.5885680" lon="-2.0799680"><ele>93.0</ele></trkpt>
            <trkpt lat="51.5876470" lon="-2.0822370"><ele>94.0</ele></trkpt>
            <trkpt lat="51.5872520" lon="-2.0837640"><ele>92.0</ele></trkpt>
            <trkpt lat="51.5871290" lon="-2.0858250"><ele>91.0</ele></trkpt>
            <trkpt lat="51.5871540" lon="-2.0869620"><ele>90.0</ele></trkpt>
            <trkpt lat="51.5867510" lon="-2.0888000"><ele>86.0</ele></trkpt>
            <trkpt lat="51.5861770" lon="-2.0905890"><ele>89.0</ele></trkpt>
            <trkpt lat="51.5856190" lon="-2.0914390"><ele>74.0</ele></trkpt>
            <trkpt lat="51.5856910" lon="-2.0916120"><ele>74.0</ele></trkpt>
            <trkpt lat="51.5859790" lon="-2.0917570"><ele>82.0</ele></trkpt>
            <trkpt lat="51.5860950" lon="-2.0920030"><ele>82.0</ele></trkpt>
            <trkpt lat="51.5863020" lon="-2.0926530"><ele>77.0</ele></trkpt>
            <trkpt lat="51.5863910" lon="-2.0933170"><ele>77.0</ele></trkpt>
            <trkpt lat="51.5854920" lon="-2.0936040"><ele>78.0</ele></trkpt>
            <trkpt lat="51.5852130" lon="-2.0937910"><ele>82.0</ele></trkpt>
            <trkpt lat="51.5847260" lon="-2.0950740"><ele>90.0</ele></trkpt>
            <trkpt lat="51.5845670" lon="-2.0963180"><ele>90.0</ele></trkpt>
            <trkpt lat="51.5845020" lon="-2.0963960"><ele>90.0</ele></trkpt>
            <trkpt lat="51.5839520" lon="-2.0964150"><ele>91.0</ele></trkpt>
            <trkpt lat="51.5833620" lon="-2.0966560"><ele>91.0</ele></trkpt>
            <trkpt lat="51.5828190" lon="-2.0966290"><ele>90.0</ele></trkpt>
            <trkpt lat="51.5825840" lon="-2.0976390"><ele>86.0</ele></trkpt>
            <trkpt lat="51.5832670" lon="-2.0979290"><ele>86.0</ele></trkpt>
            <trkpt lat="51.5838070" lon="-2.0980020"><ele>88.0</ele></trkpt>
            <trkpt lat="51.5838060" lon="-2.0988110"><ele>74.0</ele></trkpt>
            <trkpt lat="51.5845120" lon="-2.0991060"><ele>84.0</ele></trkpt>
            <trkpt lat="51.5848260" lon="-2.0996330"><ele>84.0</ele></trkpt>
            <trkpt lat="51.5852520" lon="-2.1009500"><ele>86.0</ele></trkpt>
            <trkpt lat="51.5855120" lon="-2.1014120"><ele>86.0</ele></trkpt>
            <trkpt lat="51.5854040" lon="-2.1015850"><ele>86.0</ele></trkpt>
            <trkpt lat="51.5852410" lon="-2.1033890"><ele>85.0</ele></trkpt>
            <trkpt lat="51.5848800" lon="-2.1044130"><ele>80.0</ele></trkpt>
            <trkpt lat="51.5846590" lon="-2.1046790"><ele>80.0</ele></trkpt>
            <trkpt lat="51.5844870" lon="-2.1052240"><ele>82.0</ele></trkpt>
            <trkpt lat="51.5836210" lon="-2.1050150"><ele>74.0</ele></trkpt>
            <trkpt lat="51.5835170" lon="-2.1050870"><ele>74.0</ele></trkpt>
            <trkpt lat="51.5833320" lon="-2.1055210"><ele>74.0</ele></trkpt>
            <trkpt lat="51.5828990" lon="-2.1075690"><ele>72.0</ele></trkpt>
            <trkpt lat="51.5824580" lon="-2.1085200"><ele>82.0</ele></trkpt>
            <trkpt lat="51.5812580" lon="-2.1118950"><ele>81.0</ele></trkpt>
            <trkpt lat="51.5808780" lon="-2.1144050"><ele>74.0</ele></trkpt>
            <trkpt lat="51.5804460" lon="-2.1157840"><ele>75.0</ele></trkpt>
            <trkpt lat="51.5801380" lon="-2.1177080"><ele>74.0</ele></trkpt>
            <trkpt lat="51.5798850" lon="-2.1187460"><ele>76.0</ele></trkpt>
            <trkpt lat="51.5780010" lon="-2.1232000"><ele>76.0</ele></trkpt>
            <trkpt lat="51.5774610" lon="-2.1240500"><ele>77.0</ele></trkpt>
            <trkpt lat="51.5768790" lon="-2.1252250"><ele>76.0</ele></trkpt>
            <trkpt lat="51.5744390" lon="-2.1308300"><ele>76.0</ele></trkpt>
            <trkpt lat="51.5738940" lon="-2.1333510"><ele>75.0</ele></trkpt>
            <trkpt lat="51.5735850" lon="-2.1344610"><ele>75.0</ele></trkpt>
            <trkpt lat="51.5733830" lon="-2.1363620"><ele>74.0</ele></trkpt>
            <trkpt lat="51.5730400" lon="-2.1373280"><ele>75.0</ele></trkpt>
            <trkpt lat="51.5726150" lon="-2.1392310"><ele>77.0</ele></trkpt>
            <trkpt lat="51.5722700" lon="-2.1421020"><ele>79.0</ele></trkpt>
            <trkpt lat="51.5722670" lon="-2.1447420"><ele>80.0</ele></trkpt>
            <trkpt lat="51.5721560" lon="-2.1467330"><ele>79.0</ele></trkpt>
            <trkpt lat="51.5721910" lon="-2.1481180"><ele>81.0</ele></trkpt>
            <trkpt lat="51.5720270" lon="-2.1498640"><ele>84.0</ele></trkpt>
            <trkpt lat="51.5721060" lon="-2.1514220"><ele>86.0</ele></trkpt>
            <trkpt lat="51.5719340" lon="-2.1515370"><ele>86.0</ele></trkpt>
            <trkpt lat="51.5708190" lon="-2.1516780"><ele>84.0</ele></trkpt>
            <trkpt lat="51.5694430" lon="-2.1523800"><ele>84.0</ele></trkpt>
            <trkpt lat="51.5690650" lon="-2.1524220"><ele>85.0</ele></trkpt>
            <trkpt lat="51.5685260" lon="-2.1522180"><ele>85.0</ele></trkpt>
            <trkpt lat="51.5669080" lon="-2.1513620"><ele>84.0</ele></trkpt>
            <trkpt lat="51.5661710" lon="-2.1512000"><ele>84.0</ele></trkpt>
            <trkpt lat="51.5653240" lon="-2.1532320"><ele>85.0</ele></trkpt>
            <trkpt lat="51.5650260" lon="-2.1542260"><ele>85.0</ele></trkpt>
            <trkpt lat="51.5646200" lon="-2.1551340"><ele>86.0</ele></trkpt>
            <trkpt lat="51.5641060" lon="-2.1560120"><ele>86.0</ele></trkpt>
            <trkpt lat="51.5630520" lon="-2.1573640"><ele>88.0</ele></trkpt>
            <trkpt lat="51.5622950" lon="-2.1586170"><ele>90.0</ele></trkpt>
            <trkpt lat="51.5617550" lon="-2.1592210"><ele>91.0</ele></trkpt>
            <trkpt lat="51.5614210" lon="-2.1599120"><ele>92.0</ele></trkpt>
            <trkpt lat="51.5605010" lon="-2.1622890"><ele>93.0</ele></trkpt>
            <trkpt lat="51.5593110" lon="-2.1644050"><ele>96.0</ele></trkpt>
            <trkpt lat="51.5592350" lon="-2.1648290"><ele>96.0</ele></trkpt>
            <trkpt lat="51.5591130" lon="-2.1648230"><ele>100.0</ele></trkpt>
            <trkpt lat="51.5584200" lon="-2.1652680"><ele>105.0</ele></trkpt>
            <trkpt lat="51.5580410" lon="-2.1656410"><ele>102.0</ele></trkpt>
            <trkpt lat="51.5580400" lon="-2.1667660"><ele>102.0</ele></trkpt>
            <trkpt lat="51.5576790" lon="-2.1677600"><ele>100.0</ele></trkpt>
            <trkpt lat="51.5573440" lon="-2.1689850"><ele>100.0</ele></trkpt>
            <trkpt lat="51.5569110" lon="-2.1699790"><ele>100.0</ele></trkpt>
            <trkpt lat="51.5565140" lon="-2.1711460"><ele>100.0</ele></trkpt>
            <trkpt lat="51.5561250" lon="-2.1729760"><ele>99.0</ele></trkpt>
            <trkpt lat="51.5555830" lon="-2.1745900"><ele>102.0</ele></trkpt>
            <trkpt lat="51.5545630" lon="-2.1771670"><ele>105.0</ele></trkpt>
            <trkpt lat="51.5541630" lon="-2.1796900"><ele>102.0</ele></trkpt>
            <trkpt lat="51.5539100" lon="-2.1803240"><ele>104.0</ele></trkpt>
            <trkpt lat="51.5532350" lon="-2.1814210"><ele>105.0</ele></trkpt>
            <trkpt lat="51.5533150" lon="-2.1816340"><ele>105.0</ele></trkpt>
            <trkpt lat="51.5535660" lon="-2.1818800"><ele>104.0</ele></trkpt>
            <trkpt lat="51.5548690" lon="-2.1827650"><ele>102.0</ele></trkpt>
            <trkpt lat="51.5554260" lon="-2.1832430"><ele>103.0</ele></trkpt>
            <trkpt lat="51.5565920" lon="-2.1848780"><ele>103.0</ele></trkpt>
            <trkpt lat="51.5573540" lon="-2.1861650"><ele>104.0</ele></trkpt>
            <trkpt lat="51.5575330" lon="-2.1866140"><ele>105.0</ele></trkpt>
            <trkpt lat="51.5552820" lon="-2.1887380"><ele>107.0</ele></trkpt>
            <trkpt lat="51.5520220" lon="-2.1920270"><ele>109.0</ele></trkpt>
            <trkpt lat="51.5501120" lon="-2.1942400"><ele>114.0</ele></trkpt>
            <trkpt lat="51.5486440" lon="-2.1956620"><ele>112.0</ele></trkpt>
            <trkpt lat="51.5481570" lon="-2.1962650"><ele>112.0</ele></trkpt>
            <trkpt lat="51.5344750" lon="-2.2103940"><ele>127.0</ele></trkpt>
            <trkpt lat="51.5320870" lon="-2.2127320"><ele>121.0</ele></trkpt>
            <trkpt lat="51.5308180" lon="-2.2138070"><ele>114.0</ele></trkpt>
            <trkpt lat="51.5305850" lon="-2.2139010"><ele>114.0</ele></trkpt>
            <trkpt lat="51.5278340" lon="-2.2127990"><ele>116.0</ele></trkpt>
            <trkpt lat="51.5272270" lon="-2.2124520"><ele>120.0</ele></trkpt>
            <trkpt lat="51.5265960" lon="-2.2114350"><ele>119.0</ele></trkpt>
            <trkpt lat="51.5257500" lon="-2.2105660"><ele>119.0</ele></trkpt>
            <trkpt lat="51.5252170" lon="-2.2090110"><ele>118.0</ele></trkpt>
            <trkpt lat="51.5250590" lon="-2.2087450"><ele>118.0</ele></trkpt>
            <trkpt lat="51.5240560" lon="-2.2085850"><ele>122.0</ele></trkpt>
            <trkpt lat="51.5231980" lon="-2.2081940"><ele>123.0</ele></trkpt>
            <trkpt lat="51.5190170" lon="-2.2059120"><ele>118.0</ele></trkpt>
            <trkpt lat="51.5183810" lon="-2.2054430"><ele>118.0</ele></trkpt>
            <trkpt lat="51.5175260" lon="-2.2051270"><ele>117.0</ele></trkpt>
            <trkpt lat="51.5154990" lon="-2.2039040"><ele>111.0</ele></trkpt>
            <trkpt lat="51.5124510" lon="-2.2016450"><ele>115.0</ele></trkpt>
            <trkpt lat="51.5113000" lon="-2.2010180"><ele>124.0</ele></trkpt>
            <trkpt lat="51.5087280" lon="-2.1999840"><ele>124.0</ele></trkpt>
            <trkpt lat="51.5071680" lon="-2.1996620"><ele>123.0</ele></trkpt>
            <trkpt lat="51.5059770" lon="-2.1996190"><ele>122.0</ele></trkpt>
            <trkpt lat="51.5045610" lon="-2.1991220"><ele>118.0</ele></trkpt>
            <trkpt lat="51.5040000" lon="-2.1986310"><ele>119.0</ele></trkpt>
            <trkpt lat="51.5033730" lon="-2.1977570"><ele>119.0</ele></trkpt>
            <trkpt lat="51.5005080" lon="-2.1949800"><ele>125.0</ele></trkpt>
            <trkpt lat="51.5003320" lon="-2.1949590"><ele>125.0</ele></trkpt>
            <trkpt lat="51.4998920" lon="-2.1951790"><ele>125.0</ele></trkpt>
            <trkpt lat="51.4995680" lon="-2.1952060"><ele>125.0</ele></trkpt>
            <trkpt lat="51.4984630" lon="-2.1950000"><ele>127.0</ele></trkpt>
            <trkpt lat="51.4971330" lon="-2.1946060"><ele>131.0</ele></trkpt>
            <trkpt lat="51.4953540" lon="-2.1934460"><ele>127.0</ele></trkpt>
            <trkpt lat="51.4928210" lon="-2.1922800"><ele>125.0</ele></trkpt>
            <trkpt lat="51.4914560" lon="-2.1925390"><ele>123.0</ele></trkpt>
            <trkpt lat="51.4889430" lon="-2.1935190"><ele>127.0</ele></trkpt>
            <trkpt lat="51.4880890" lon="-2.1936900"><ele>128.0</ele></trkpt>
            <trkpt lat="51.4876000" lon="-2.1936970"><ele>128.0</ele></trkpt>
            <trkpt lat="51.4874870" lon="-2.1937850"><ele>125.0</ele></trkpt>
            <trkpt lat="51.4863460" lon="-2.1934420"><ele>127.0</ele></trkpt>
            <trkpt lat="51.4862980" lon="-2.1935910"><ele>127.0</ele></trkpt>
            <trkpt lat="51.4852550" lon="-2.1938980"><ele>123.0</ele></trkpt>
            <trkpt lat="51.4838000" lon="-2.1933820"><ele>124.0</ele></trkpt>
            <trkpt lat="51.4835930" lon="-2.1934960"><ele>124.0</ele></trkpt>
            <trkpt lat="51.4830970" lon="-2.1942140"><ele>122.0</ele></trkpt>
            <trkpt lat="51.4823390" lon="-2.1959680"><ele>123.0</ele></trkpt>
            <trkpt lat="51.4819250" lon="-2.1964270"><ele>122.0</ele></trkpt>
            <trkpt lat="51.4816820" lon="-2.1964120"><ele>122.0</ele></trkpt>
            <trkpt lat="51.4805860" lon="-2.1959030"><ele>123.0</ele></trkpt>
            <trkpt lat="51.4800200" lon="-2.1957570"><ele>123.0</ele></trkpt>
            <trkpt lat="51.4790400" lon="-2.1956950"><ele>125.0</ele></trkpt>
            <trkpt lat="51.4771330" lon="-2.1958020"><ele>126.0</ele></trkpt>
            <trkpt lat="51.4767460" lon="-2.1959870"><ele>126.0</ele></trkpt>
            <trkpt lat="51.4751980" lon="-2.1972480"><ele>127.0</ele></trkpt>
            <trkpt lat="51.4744140" lon="-2.1980800"><ele>127.0</ele></trkpt>
            <trkpt lat="51.4742610" lon="-2.1980210"><ele>127.0</ele></trkpt>
            <trkpt lat="51.4737050" lon="-2.1970830"><ele>128.0</ele></trkpt>
            <trkpt lat="51.4713700" lon="-2.1958920"><ele>132.0</ele></trkpt>
            <trkpt lat="51.4701120" lon="-2.1953960"><ele>132.0</ele></trkpt>
            <trkpt lat="51.4694110" lon="-2.1952880"><ele>129.0</ele></trkpt>
            <trkpt lat="51.4684860" lon="-2.1952860"><ele>127.0</ele></trkpt>
            <trkpt lat="51.4675730" lon="-2.1955680"><ele>126.0</ele></trkpt>
            <trkpt lat="51.4669250" lon="-2.1959580"><ele>125.0</ele></trkpt>
            <trkpt lat="51.4660120" lon="-2.1968380"><ele>125.0</ele></trkpt>
            <trkpt lat="51.4643520" lon="-2.1987460"><ele>126.0</ele></trkpt>
            <trkpt lat="51.4636750" lon="-2.1998320"><ele>127.0</ele></trkpt>
            <trkpt lat="51.4634320" lon="-2.1999170"><ele>127.0</ele></trkpt>
            <trkpt lat="51.4618490" lon="-2.1990480"><ele>123.0</ele></trkpt>
            <trkpt lat="51.4609630" lon="-2.1987140"><ele>120.0</ele></trkpt>
            <trkpt lat="51.4607340" lon="-2.1985190"><ele>119.0</ele></trkpt>
            <trkpt lat="51.4606250" lon="-2.1981470"><ele>119.0</ele></trkpt>
            <trkpt lat="51.4604710" lon="-2.1964330"><ele>118.0</ele></trkpt>
            <trkpt lat="51.4602260" lon="-2.1953520"><ele>118.0</ele></trkpt>
            <trkpt lat="51.4600780" lon="-2.1950440"><ele>118.0</ele></trkpt>
            <trkpt lat="51.4584780" lon="-2.1937790"><ele>113.0</ele></trkpt>
            <trkpt lat="51.4577920" lon="-2.1934160"><ele>109.0</ele></trkpt>
            <trkpt lat="51.4564490" lon="-2.1924170"><ele>107.0</ele></trkpt>
            <trkpt lat="51.4560000" lon="-2.1919700"><ele>107.0</ele></trkpt>
            <trkpt lat="51.4553190" lon="-2.1909300"><ele>107.0</ele></trkpt>
            <trkpt lat="51.4537280" lon="-2.1904490"><ele>110.0</ele></trkpt>
            <trkpt lat="51.4511610" lon="-2.1874880"><ele>112.0</ele></trkpt>
            <trkpt lat="51.4500910" lon="-2.1877420"><ele>115.0</ele></trkpt>
            <trkpt lat="51.4480530" lon="-2.1885920"><ele>109.0</ele></trkpt>
            <trkpt lat="51.4478600" lon="-2.1884530"><ele>109.0</ele></trkpt>
            <trkpt lat="51.4464780" lon="-2.1865040"><ele>111.0</ele></trkpt>
            <trkpt lat="51.4454080" lon="-2.1855190"><ele>113.0</ele></trkpt>
            <trkpt lat="51.4451000" lon="-2.1855200"><ele>113.0</ele></trkpt>
            <trkpt lat="51.4440860" lon="-2.1858700"><ele>115.0</ele></trkpt>
            <trkpt lat="51.4432530" lon="-2.1860270"><ele>113.0</ele></trkpt>
            <trkpt lat="51.4427340" lon="-2.1859450"><ele>113.0</ele></trkpt>
            <trkpt lat="51.4420640" lon="-2.1859830"><ele>110.0</ele></trkpt>
            <trkpt lat="51.4412240" lon="-2.1856490"><ele>109.0</ele></trkpt>
            <trkpt lat="51.4406980" lon="-2.1856460"><ele>107.0</ele></trkpt>
            <trkpt lat="51.4397980" lon="-2.1858160"><ele>107.0</ele></trkpt>
            <trkpt lat="51.4383060" lon="-2.1855360"><ele>103.0</ele></trkpt>
            <trkpt lat="51.4373930" lon="-2.1850130"><ele>101.0</ele></trkpt>
            <trkpt lat="51.4362140" lon="-2.1847650"><ele>98.0</ele></trkpt>
            <trkpt lat="51.4359180" lon="-2.1847760"><ele>98.0</ele></trkpt>
            <trkpt lat="51.4353660" lon="-2.1854810"><ele>98.0</ele></trkpt>
            <trkpt lat="51.4350320" lon="-2.1862130"><ele>98.0</ele></trkpt>
            <trkpt lat="51.4348250" lon="-2.1865150"><ele>98.0</ele></trkpt>
            <trkpt lat="51.4344380" lon="-2.1867430"><ele>98.0</ele></trkpt>
            <trkpt lat="51.4332950" lon="-2.1871700"><ele>96.0</ele></trkpt>
            <trkpt lat="51.4319370" lon="-2.1874380"><ele>95.0</ele></trkpt>
            <trkpt lat="51.4316310" lon="-2.1877240"><ele>96.0</ele></trkpt>
            <trkpt lat="51.4311210" lon="-2.1860100"><ele>94.0</ele></trkpt>
            <trkpt lat="51.4307000" lon="-2.1848580"><ele>93.0</ele></trkpt>
            <trkpt lat="51.4305750" lon="-2.1842400"><ele>93.0</ele></trkpt>
            <trkpt lat="51.4293600" lon="-2.1840070"><ele>90.0</ele></trkpt>
            <trkpt lat="51.4271430" lon="-2.1829020"><ele>81.0</ele></trkpt>
            <trkpt lat="51.4264060" lon="-2.1826690"><ele>83.0</ele></trkpt>
            <trkpt lat="51.4259480" lon="-2.1823650"><ele>84.0</ele></trkpt>
            <trkpt lat="51.4243390" lon="-2.1818120"><ele>92.0</ele></trkpt>
            <trkpt lat="51.4235690" lon="-2.1812780"><ele>93.0</ele></trkpt>
            <trkpt lat="51.4234850" lon="-2.1815500"><ele>93.0</ele></trkpt>
            <trkpt lat="51.4234650" lon="-2.1827140"><ele>93.0</ele></trkpt>
            <trkpt lat="51.4235820" lon="-2.1838370"><ele>94.0</ele></trkpt>
            <trkpt lat="51.4235080" lon="-2.1842650"><ele>94.0</ele></trkpt>
            <trkpt lat="51.4227590" lon="-2.1859040"><ele>94.0</ele></trkpt>
            <trkpt lat="51.4225560" lon="-2.1860940"><ele>94.0</ele></trkpt>
            <trkpt lat="51.4218780" lon="-2.1860300"><ele>96.0</ele></trkpt>
            <trkpt lat="51.4215540" lon="-2.1861440"><ele>97.0</ele></trkpt>
            <trkpt lat="51.4212560" lon="-2.1864590"><ele>96.0</ele></trkpt>
            <trkpt lat="51.4208860" lon="-2.1872490"><ele>96.0</ele></trkpt>
            <trkpt lat="51.4206250" lon="-2.1875930"><ele>96.0</ele></trkpt>
            <trkpt lat="51.4198600" lon="-2.1883520"><ele>98.0</ele></trkpt>
            <trkpt lat="51.4191670" lon="-2.1886650"><ele>98.0</ele></trkpt>
            <trkpt lat="51.4189420" lon="-2.1886210"><ele>100.0</ele></trkpt>
            <trkpt lat="51.4180620" lon="-2.1881290"><ele>103.0</ele></trkpt>
            <trkpt lat="51.4173690" lon="-2.1881980"><ele>105.0</ele></trkpt>
            <trkpt lat="51.4148960" lon="-2.1887630"><ele>112.0</ele></trkpt>
            <trkpt lat="51.4145630" lon="-2.1889340"><ele>112.0</ele></trkpt>
            <trkpt lat="51.4140940" lon="-2.1898670"><ele>116.0</ele></trkpt>
            <trkpt lat="51.4138860" lon="-2.1901390"><ele>115.0</ele></trkpt>
            <trkpt lat="51.4120880" lon="-2.1912660"><ele>122.0</ele></trkpt>
            <trkpt lat="51.4119450" lon="-2.1914590"><ele>122.0</ele></trkpt>
            <trkpt lat="51.4118680" lon="-2.1929200"><ele>121.0</ele></trkpt>
            <trkpt lat="51.4115480" lon="-2.1944030"><ele>123.0</ele></trkpt>
            <trkpt lat="51.4103540" lon="-2.1956520"><ele>122.0</ele></trkpt>
            <trkpt lat="51.4099830" lon="-2.1958660"><ele>120.0</ele></trkpt>
            <trkpt lat="51.4095070" lon="-2.1958140"><ele>120.0</ele></trkpt>
            <trkpt lat="51.4083110" lon="-2.1959820"><ele>115.0</ele></trkpt>
            <trkpt lat="51.4066560" lon="-2.1963480"><ele>109.0</ele></trkpt>
            <trkpt lat="51.4062330" lon="-2.1965340"><ele>109.0</ele></trkpt>
            <trkpt lat="51.4037240" lon="-2.1968990"><ele>101.0</ele></trkpt>
            <trkpt lat="51.4021510" lon="-2.1976360"><ele>90.0</ele></trkpt>
            <trkpt lat="51.4015520" lon="-2.1980330"><ele>86.0</ele></trkpt>
            <trkpt lat="51.4006780" lon="-2.1983780"><ele>85.0</ele></trkpt>
            <trkpt lat="51.4005210" lon="-2.1985010"><ele>85.0</ele></trkpt>
            <trkpt lat="51.4003230" lon="-2.1989490"><ele>84.0</ele></trkpt>
            <trkpt lat="51.4002330" lon="-2.1990100"><ele>84.0</ele></trkpt>
            <trkpt lat="51.3989150" lon="-2.1988190"><ele>86.0</ele></trkpt>
            <trkpt lat="51.3981170" lon="-2.1982880"><ele>83.0</ele></trkpt>
            <trkpt lat="51.3973580" lon="-2.1982450"><ele>77.0</ele></trkpt>
            <trkpt lat="51.3965140" lon="-2.1979910"><ele>75.0</ele></trkpt>
            <trkpt lat="51.3962250" lon="-2.1982920"><ele>75.0</ele></trkpt>
            <trkpt lat="51.3957740" lon="-2.1989490"><ele>76.0</ele></trkpt>
            <trkpt lat="51.3952880" lon="-2.1993620"><ele>76.0</ele></trkpt>
            <trkpt lat="51.3932790" lon="-2.1998990"><ele>69.0</ele></trkpt>
            <trkpt lat="51.3929560" lon="-2.1991930"><ele>69.0</ele></trkpt>
            <trkpt lat="51.3927850" lon="-2.1995230"><ele>69.0</ele></trkpt>
            <trkpt lat="51.3924500" lon="-2.2008010"><ele>76.0</ele></trkpt>
            <trkpt lat="51.3921520" lon="-2.2016470"><ele>77.0</ele></trkpt>
            <trkpt lat="51.3919080" lon="-2.2020920"><ele>77.0</ele></trkpt>
            <trkpt lat="51.3912420" lon="-2.2028360"><ele>79.0</ele></trkpt>
            <trkpt lat="51.3906210" lon="-2.2027470"><ele>77.0</ele></trkpt>
            <trkpt lat="51.3901180" lon="-2.2028460"><ele>77.0</ele></trkpt>
            <trkpt lat="51.3896960" lon="-2.2026090"><ele>73.0</ele></trkpt>
            <trkpt lat="51.3886130" lon="-2.2011830"><ele>70.0</ele></trkpt>
            <trkpt lat="51.3883640" lon="-2.2010180"><ele>70.0</ele></trkpt>
            <trkpt lat="51.3876230" lon="-2.2012300"><ele>67.0</ele></trkpt>
            <trkpt lat="51.3864780" lon="-2.2013380"><ele>67.0</ele></trkpt>
            <trkpt lat="51.3861420" lon="-2.2014950"><ele>67.0</ele></trkpt>
            <trkpt lat="51.3858120" lon="-2.2018350"><ele>67.0</ele></trkpt>
            <trkpt lat="51.3855730" lon="-2.2023350"><ele>67.0</ele></trkpt>
            <trkpt lat="51.3853360" lon="-2.2031640"><ele>68.0</ele></trkpt>
            <trkpt lat="51.3851120" lon="-2.2043770"><ele>70.0</ele></trkpt>
            <trkpt lat="51.3849910" lon="-2.2047070"><ele>68.0</ele></trkpt>
            <trkpt lat="51.3846670" lon="-2.2052180"><ele>70.0</ele></trkpt>
            <trkpt lat="51.3839030" lon="-2.2067350"><ele>70.0</ele></trkpt>
            <trkpt lat="51.3834970" lon="-2.2072970"><ele>70.0</ele></trkpt>
            <trkpt lat="51.3829650" lon="-2.2049840"><ele>66.0</ele></trkpt>
            <trkpt lat="51.3819440" lon="-2.2017720"><ele>60.0</ele></trkpt>
            <trkpt lat="51.3815940" lon="-2.2012560"><ele>57.0</ele></trkpt>
            <trkpt lat="51.3811060" lon="-2.1994980"><ele>55.0</ele></trkpt>
            <trkpt lat="51.3801390" lon="-2.1974820"><ele>52.0</ele></trkpt>
            <trkpt lat="51.3788390" lon="-2.1940450"><ele>54.0</ele></trkpt>
            <trkpt lat="51.3787760" lon="-2.1919440"><ele>59.0</ele></trkpt>
            <trkpt lat="51.3784990" lon="-2.1920270"><ele>59.0</ele></trkpt>
            <trkpt lat="51.3782660" lon="-2.1922840"><ele>61.0</ele></trkpt>
            <trkpt lat="51.3772740" lon="-2.1941250"><ele>56.0</ele></trkpt>
            <trkpt lat="51.3761900" lon="-2.1955400"><ele>60.0</ele></trkpt>
            <trkpt lat="51.3744340" lon="-2.1975550"><ele>58.0</ele></trkpt>
            <trkpt lat="51.3727700" lon="-2.1992920"><ele>48.0</ele></trkpt>
            <trkpt lat="51.3716520" lon="-2.2007380"><ele>47.0</ele></trkpt>
            <trkpt lat="51.3709230" lon="-2.2014250"><ele>45.0</ele></trkpt>
            <trkpt lat="51.3707220" lon="-2.2014440"><ele>46.0</ele></trkpt>
            <trkpt lat="51.3703840" lon="-2.2011060"><ele>48.0</ele></trkpt>
            <trkpt lat="51.3701860" lon="-2.2010770"><ele>48.0</ele></trkpt>
            <trkpt lat="51.3683170" lon="-2.2022780"><ele>53.0</ele></trkpt>
            <trkpt lat="51.3682440" lon="-2.2022260"><ele>53.0</ele></trkpt>
            <trkpt lat="51.3676010" lon="-2.2006460"><ele>50.0</ele></trkpt>
            <trkpt lat="51.3674640" lon="-2.2004180"><ele>51.0</ele></trkpt>
            <trkpt lat="51.3673400" lon="-2.2003490"><ele>51.0</ele></trkpt>
            <trkpt lat="51.3671440" lon="-2.2004400"><ele>51.0</ele></trkpt>
            <trkpt lat="51.3660390" lon="-2.2018920"><ele>55.0</ele></trkpt>
            <trkpt lat="51.3657170" lon="-2.2020970"><ele>55.0</ele></trkpt>
            <trkpt lat="51.3648980" lon="-2.2023790"><ele>54.0</ele></trkpt>
            <trkpt lat="51.3644980" lon="-2.2052930"><ele>59.0</ele></trkpt>
            <trkpt lat="51.3640380" lon="-2.2062170"><ele>58.0</ele></trkpt>
            <trkpt lat="51.3637380" lon="-2.2072000"><ele>59.0</ele></trkpt>
            <trkpt lat="51.3632460" lon="-2.2081560"><ele>60.0</ele></trkpt>
            <trkpt lat="51.3630430" lon="-2.2090370"><ele>62.0</ele></trkpt>
            <trkpt lat="51.3630490" lon="-2.2107120"><ele>65.0</ele></trkpt>
            <trkpt lat="51.3634540" lon="-2.2134000"><ele>69.0</ele></trkpt>
            <trkpt lat="51.3637030" lon="-2.2141680"><ele>71.0</ele></trkpt>
            <trkpt lat="51.3638140" lon="-2.2154120"><ele>72.0</ele></trkpt>
            <trkpt lat="51.3636490" lon="-2.2178400"><ele>74.0</ele></trkpt>
            <trkpt lat="51.3636500" lon="-2.2187800"><ele>74.0</ele></trkpt>
            <trkpt lat="51.3632380" lon="-2.2210090"><ele>77.0</ele></trkpt>
            <trkpt lat="51.3632540" lon="-2.2214370"><ele>78.0</ele></trkpt>
            <trkpt lat="51.3636420" lon="-2.2235500"><ele>78.0</ele></trkpt>
            <trkpt lat="51.3635880" lon="-2.2242720"><ele>79.0</ele></trkpt>
            <trkpt lat="51.3630210" lon="-2.2263420"><ele>83.0</ele></trkpt>
            <trkpt lat="51.3625600" lon="-2.2283210"><ele>84.0</ele></trkpt>
            <trkpt lat="51.3621680" lon="-2.2296380"><ele>87.0</ele></trkpt>
            <trkpt lat="51.3616480" lon="-2.2331330"><ele>90.0</ele></trkpt>
            <trkpt lat="51.3616400" lon="-2.2354570"><ele>90.0</ele></trkpt>
            <trkpt lat="51.3611980" lon="-2.2361180"><ele>90.0</ele></trkpt>
            <trkpt lat="51.3599640" lon="-2.2383040"><ele>94.0</ele></trkpt>
            <trkpt lat="51.3591830" lon="-2.2398780"><ele>93.0</ele></trkpt>
            <trkpt lat="51.3584550" lon="-2.2410680"><ele>94.0</ele></trkpt>
            <trkpt lat="51.3579350" lon="-2.2417610"><ele>96.0</ele></trkpt>
            <trkpt lat="51.3560240" lon="-2.2431510"><ele>98.0</ele></trkpt>
            <trkpt lat="51.3555250" lon="-2.2436300"><ele>97.0</ele></trkpt>
            <trkpt lat="51.3536310" lon="-2.2451200"><ele>88.0</ele></trkpt>
            <trkpt lat="51.3527010" lon="-2.2459910"><ele>87.0</ele></trkpt>
            <trkpt lat="51.3512730" lon="-2.2467280"><ele>86.0</ele></trkpt>
            <trkpt lat="51.3507560" lon="-2.2472150"><ele>82.0</ele></trkpt>
            <trkpt lat="51.3505800" lon="-2.2458520"><ele>83.0</ele></trkpt>
            <trkpt lat="51.3501420" lon="-2.2439810"><ele>77.0</ele></trkpt>
            <trkpt lat="51.3492030" lon="-2.2426120"><ele>68.0</ele></trkpt>
            <trkpt lat="51.3488370" lon="-2.2423990"><ele>63.0</ele></trkpt>
            <trkpt lat="51.3484820" lon="-2.2423640"><ele>63.0</ele></trkpt>
            <trkpt lat="51.3479950" lon="-2.2424600"><ele>60.0</ele></trkpt>
            <trkpt lat="51.3476780" lon="-2.2426610"><ele>62.0</ele></trkpt>
            <trkpt lat="51.3472110" lon="-2.2434500"><ele>53.0</ele></trkpt>
            <trkpt lat="51.3469370" lon="-2.2442420"><ele>57.0</ele></trkpt>
            <trkpt lat="51.3469050" lon="-2.2445610"><ele>57.0</ele></trkpt>
            <trkpt lat="51.3469290" lon="-2.2460730"><ele>56.0</ele></trkpt>
            <trkpt lat="51.3470180" lon="-2.2465830"><ele>48.0</ele></trkpt>
            <trkpt lat="51.3471850" lon="-2.2470180"><ele>48.0</ele></trkpt>
            <trkpt lat="51.3479060" lon="-2.2482980"><ele>46.0</ele></trkpt>
            <trkpt lat="51.3480850" lon="-2.2490870"><ele>41.0</ele></trkpt>
            <trkpt lat="51.3480410" lon="-2.2493700"><ele>41.0</ele></trkpt>
            <trkpt lat="51.3478080" lon="-2.2499640"><ele>41.0</ele></trkpt>
            <trkpt lat="51.3477640" lon="-2.2502420"><ele>41.0</ele></trkpt>
            <trkpt lat="51.3467370" lon="-2.2512430"><ele>32.0</ele></trkpt>
            <trkpt lat="51.3464820" lon="-2.2518910"><ele>30.0</ele></trkpt>
            <trkpt lat="51.3463070" lon="-2.2520720"><ele>30.0</ele></trkpt>
            <trkpt lat="51.3460320" lon="-2.2520900"><ele>30.0</ele></trkpt>
            <trkpt lat="51.3456020" lon="-2.2518830"><ele>34.0</ele></trkpt>
            <trkpt lat="51.3444160" lon="-2.2515800"><ele>33.0</ele></trkpt>
            <trkpt lat="51.3437870" lon="-2.2515140"><ele>33.0</ele></trkpt>
            <trkpt lat="51.3430670" lon="-2.2516650"><ele>32.0</ele></trkpt>
            <trkpt lat="51.3416010" lon="-2.2517460"><ele>41.0</ele></trkpt>
            <trkpt lat="51.3413910" lon="-2.2518970"><ele>41.0</ele></trkpt>
            <trkpt lat="51.3412560" lon="-2.2522400"><ele>41.0</ele></trkpt>
            <trkpt lat="51.3402950" lon="-2.2522840"><ele>43.0</ele></trkpt>
            <trkpt lat="51.3390030" lon="-2.2529970"><ele>48.0</ele></trkpt>
            <trkpt lat="51.3384020" lon="-2.2531570"><ele>48.0</ele></trkpt>
            <trkpt lat="51.3375560" lon="-2.2531560"><ele>46.0</ele></trkpt>
            <trkpt lat="51.3363640" lon="-2.2536840"><ele>56.0</ele></trkpt>
            <trkpt lat="51.3360820" lon="-2.2539190"><ele>63.0</ele></trkpt>
            <trkpt lat="51.3354150" lon="-2.2547120"><ele>62.0</ele></trkpt>
            <trkpt lat="51.3349570" lon="-2.2550400"><ele>62.0</ele></trkpt>
            <trkpt lat="51.3344700" lon="-2.2557530"><ele>62.0</ele></trkpt>
            <trkpt lat="51.3322120" lon="-2.2605210"><ele>63.0</ele></trkpt>
            <trkpt lat="51.3315120" lon="-2.2616230"><ele>61.0</ele></trkpt>
            <trkpt lat="51.3310250" lon="-2.2626020"><ele>62.0</ele></trkpt>
            <trkpt lat="51.3301370" lon="-2.2639390"><ele>62.0</ele></trkpt>
            <trkpt lat="51.3303330" lon="-2.2684060"><ele>70.0</ele></trkpt>
            <trkpt lat="51.3300910" lon="-2.2686970"><ele>70.0</ele></trkpt>
            <trkpt lat="51.3298090" lon="-2.2697090"><ele>72.0</ele></trkpt>
            <trkpt lat="51.3296440" lon="-2.2708940"><ele>74.0</ele></trkpt>
            <trkpt lat="51.3295160" lon="-2.2713040"><ele>76.0</ele></trkpt>
            <trkpt lat="51.3293830" lon="-2.2714600"><ele>76.0</ele></trkpt>
            <trkpt lat="51.3290310" lon="-2.2715350"><ele>71.0</ele></trkpt>
            <trkpt lat="51.3287880" lon="-2.2716980"><ele>71.0</ele></trkpt>
            <trkpt lat="51.3278590" lon="-2.2730840"><ele>66.0</ele></trkpt>
            <trkpt lat="51.3273720" lon="-2.2736270"><ele>65.0</ele></trkpt>
            <trkpt lat="51.3257870" lon="-2.2745930"><ele>68.0</ele></trkpt>
            <trkpt lat="51.3245090" lon="-2.2751740"><ele>67.0</ele></trkpt>
            <trkpt lat="51.3236440" lon="-2.2759870"><ele>68.0</ele></trkpt>
            <trkpt lat="51.3227840" lon="-2.2766230"><ele>70.0</ele></trkpt>
            <trkpt lat="51.3219660" lon="-2.2781060"><ele>68.0</ele></trkpt>
            <trkpt lat="51.3209680" lon="-2.2818400"><ele>60.0</ele></trkpt>
            <trkpt lat="51.3207240" lon="-2.2824610"><ele>66.0</ele></trkpt>
            <trkpt lat="51.3205840" lon="-2.2826570"><ele>64.0</ele></trkpt>
            <trkpt lat="51.3203090" lon="-2.2828840"><ele>64.0</ele></trkpt>
            <trkpt lat="51.3195640" lon="-2.2832420"><ele>61.0</ele></trkpt>
            <trkpt lat="51.3191020" lon="-2.2836940"><ele>48.0</ele></trkpt>
            <trkpt lat="51.3181540" lon="-2.2836820"><ele>37.0</ele></trkpt>
            <trkpt lat="51.3170250" lon="-2.2839400"><ele>36.0</ele></trkpt>
            <trkpt lat="51.3168260" lon="-2.2842830"><ele>36.0</ele></trkpt>
            <trkpt lat="51.3167800" lon="-2.2849140"><ele>36.0</ele></trkpt>
            <trkpt lat="51.3168190" lon="-2.2860280"><ele>45.0</ele></trkpt>
            <trkpt lat="51.3165770" lon="-2.2866770"><ele>61.0</ele></trkpt>
            <trkpt lat="51.3164490" lon="-2.2877670"><ele>63.0</ele></trkpt>
            <trkpt lat="51.3162510" lon="-2.2876940"><ele>63.0</ele></trkpt>
            <trkpt lat="51.3157000" lon="-2.2879120"><ele>73.0</ele></trkpt>
            <trkpt lat="51.3141860" lon="-2.2882820"><ele>76.0</ele></trkpt>
            <trkpt lat="51.3124280" lon="-2.2880420"><ele>60.0</ele></trkpt>
            <trkpt lat="51.3113520" lon="-2.2869030"><ele>57.0</ele></trkpt>
            <trkpt lat="51.3110940" lon="-2.2867610"><ele>57.0</ele></trkpt>
            <trkpt lat="51.3099600" lon="-2.2867250"><ele>49.0</ele></trkpt>
            <trkpt lat="51.3086900" lon="-2.2870400"><ele>47.0</ele></trkpt>
            <trkpt lat="51.3077520" lon="-2.2867940"><ele>49.0</ele></trkpt>
            <trkpt lat="51.3069800" lon="-2.2870310"><ele>62.0</ele></trkpt>
            <trkpt lat="51.3057880" lon="-2.2878220"><ele>79.0</ele></trkpt>
            <trkpt lat="51.3049940" lon="-2.2890320"><ele>86.0</ele></trkpt>
            <trkpt lat="51.3030250" lon="-2.2906240"><ele>86.0</ele></trkpt>
            <trkpt lat="51.3026400" lon="-2.2905140"><ele>86.0</ele></trkpt>
            <trkpt lat="51.3002100" lon="-2.2886600"><ele>71.0</ele></trkpt>
            <trkpt lat="51.2996320" lon="-2.2883360"><ele>73.0</ele></trkpt>
            <trkpt lat="51.2990680" lon="-2.2881730"><ele>73.0</ele></trkpt>
            <trkpt lat="51.2976280" lon="-2.2882080"><ele>72.0</ele></trkpt>
            <trkpt lat="51.2952580" lon="-2.2874150"><ele>70.0</ele></trkpt>
            <trkpt lat="51.2939110" lon="-2.2868480"><ele>64.0</ele></trkpt>
            <trkpt lat="51.2933590" lon="-2.2867640"><ele>64.0</ele></trkpt>
            <trkpt lat="51.2920210" lon="-2.2861390"><ele>61.0</ele></trkpt>
            <trkpt lat="51.2910570" lon="-2.2859600"><ele>57.0</ele></trkpt>
            <trkpt lat="51.2905280" lon="-2.2857420"><ele>53.0</ele></trkpt>
            <trkpt lat="51.2898300" lon="-2.2857440"><ele>50.0</ele></trkpt>
            <trkpt lat="51.2891450" lon="-2.2856230"><ele>51.0</ele></trkpt>
            <trkpt lat="51.2880190" lon="-2.2857660"><ele>51.0</ele></trkpt>
            <trkpt lat="51.2874500" lon="-2.2845820"><ele>45.0</ele></trkpt>
            <trkpt lat="51.2868500" lon="-2.2839230"><ele>45.0</ele></trkpt>
            <trkpt lat="51.2865370" lon="-2.2829220"><ele>51.0</ele></trkpt>
            <trkpt lat="51.2862540" lon="-2.2825650"><ele>51.0</ele></trkpt>
            <trkpt lat="51.2859720" lon="-2.2823030"><ele>57.0</ele></trkpt>
            <trkpt lat="51.2849600" lon="-2.2821190"><ele>52.0</ele></trkpt>
            <trkpt lat="51.2831900" lon="-2.2829670"><ele>56.0</ele></trkpt>
            <trkpt lat="51.2826410" lon="-2.2847200"><ele>59.0</ele></trkpt>
            <trkpt lat="51.2814300" lon="-2.2869730"><ele>64.0</ele></trkpt>
            <trkpt lat="51.2809910" lon="-2.2876390"><ele>60.0</ele></trkpt>
            <trkpt lat="51.2797940" lon="-2.2888350"><ele>61.0</ele></trkpt>
            <trkpt lat="51.2786980" lon="-2.2895400"><ele>63.0</ele></trkpt>
            <trkpt lat="51.2776920" lon="-2.2854380"><ele>68.0</ele></trkpt>
            <trkpt lat="51.2773190" lon="-2.2846730"><ele>70.0</ele></trkpt>
            <trkpt lat="51.2767790" lon="-2.2828190"><ele>71.0</ele></trkpt>
            <trkpt lat="51.2764470" lon="-2.2818890"><ele>73.0</ele></trkpt>
            <trkpt lat="51.2760110" lon="-2.2809450"><ele>72.0</ele></trkpt>
            <trkpt lat="51.2753760" lon="-2.2789300"><ele>74.0</ele></trkpt>
            <trkpt lat="51.2743390" lon="-2.2770200"><ele>71.0</ele></trkpt>
            <trkpt lat="51.2733830" lon="-2.2756190"><ele>78.0</ele></trkpt>
            <trkpt lat="51.2723860" lon="-2.2739740"><ele>85.0</ele></trkpt>
            <trkpt lat="51.2711920" lon="-2.2725230"><ele>86.0</ele></trkpt>
            <trkpt lat="51.2717090" lon="-2.2713030"><ele>83.0</ele></trkpt>
            <trkpt lat="51.2726780" lon="-2.2680400"><ele>79.0</ele></trkpt>
            <trkpt lat="51.2728240" lon="-2.2671520"><ele>79.0</ele></trkpt>
            <trkpt lat="51.2728200" lon="-2.2648300"><ele>78.0</ele></trkpt>
            <trkpt lat="51.2727050" lon="-2.2640690"><ele>78.0</ele></trkpt>
            <trkpt lat="51.2723280" lon="-2.2626920"><ele>81.0</ele></trkpt>
            <trkpt lat="51.2714960" lon="-2.2604200"><ele>79.0</ele></trkpt>
            <trkpt lat="51.2715190" lon="-2.2594040"><ele>78.0</ele></trkpt>
            <trkpt lat="51.2710880" lon="-2.2572000"><ele>80.0</ele></trkpt>
            <trkpt lat="51.2704020" lon="-2.2542830"><ele>82.0</ele></trkpt>
            <trkpt lat="51.2702950" lon="-2.2518270"><ele>79.0</ele></trkpt>
            <trkpt lat="51.2699070" lon="-2.2498010"><ele>96.0</ele></trkpt>
            <trkpt lat="51.2694390" lon="-2.2485730"><ele>96.0</ele></trkpt>
            <trkpt lat="51.2688080" lon="-2.2477250"><ele>93.0</ele></trkpt>
            <trkpt lat="51.2684700" lon="-2.2475690"><ele>93.0</ele></trkpt>
            <trkpt lat="51.2676230" lon="-2.2477490"><ele>86.0</ele></trkpt>
            <trkpt lat="51.2671300" lon="-2.2476640"><ele>85.0</ele></trkpt>
            <trkpt lat="51.2665840" lon="-2.2473040"><ele>77.0</ele></trkpt>
            <trkpt lat="51.2659870" lon="-2.2472300"><ele>77.0</ele></trkpt>
            <trkpt lat="51.2649820" lon="-2.2469340"><ele>69.0</ele></trkpt>
            <trkpt lat="51.2648840" lon="-2.2465600"><ele>69.0</ele></trkpt>
            <trkpt lat="51.2650210" lon="-2.2454840"><ele>66.0</ele></trkpt>
            <trkpt lat="51.2650290" lon="-2.2448610"><ele>63.0</ele></trkpt>
            <trkpt lat="51.2646700" lon="-2.2433370"><ele>58.0</ele></trkpt>
            <trkpt lat="51.2651780" lon="-2.2420070"><ele>57.0</ele></trkpt>
            <trkpt lat="51.2656040" lon="-2.2412670"><ele>57.0</ele></trkpt>
            <trkpt lat="51.2659650" lon="-2.2409850"><ele>58.0</ele></trkpt>
            <trkpt lat="51.2664510" lon="-2.2408000"><ele>58.0</ele></trkpt>
            <trkpt lat="51.2680390" lon="-2.2386530"><ele>64.0</ele></trkpt>
            <trkpt lat="51.2682450" lon="-2.2375350"><ele>64.0</ele></trkpt>
            <trkpt lat="51.2683020" lon="-2.2364210"><ele>64.0</ele></trkpt>
            <trkpt lat="51.2686780" lon="-2.2346740"><ele>65.0</ele></trkpt>
            <trkpt lat="51.2676990" lon="-2.2334420"><ele>64.0</ele></trkpt>
            <trkpt lat="51.2661000" lon="-2.2307830"><ele>58.0</ele></trkpt>
            <trkpt lat="51.2650260" lon="-2.2296880"><ele>54.0</ele></trkpt>
            <trkpt lat="51.2648830" lon="-2.2293500"><ele>58.0</ele></trkpt>
            <trkpt lat="51.2647100" lon="-2.2285860"><ele>55.0</ele></trkpt>
            <trkpt lat="51.2645850" lon="-2.2252340"><ele>52.0</ele></trkpt>
            <trkpt lat="51.2608450" lon="-2.2180820"><ele>56.0</ele></trkpt>
            <trkpt lat="51.2606220" lon="-2.2178170"><ele>58.0</ele></trkpt>
            <trkpt lat="51.2600370" lon="-2.2175280"><ele>58.0</ele></trkpt>
            <trkpt lat="51.2598880" lon="-2.2173480"><ele>60.0</ele></trkpt>
            <trkpt lat="51.2596250" lon="-2.2167070"><ele>60.0</ele></trkpt>
            <trkpt lat="51.2595120" lon="-2.2161960"><ele>59.0</ele></trkpt>
            <trkpt lat="51.2594790" lon="-2.2152370"><ele>59.0</ele></trkpt>
            <trkpt lat="51.2596690" lon="-2.2141970"><ele>59.0</ele></trkpt>
            <trkpt lat="51.2596350" lon="-2.2135610"><ele>63.0</ele></trkpt>
            <trkpt lat="51.2594650" lon="-2.2133350"><ele>63.0</ele></trkpt>
            <trkpt lat="51.2590450" lon="-2.2132880"><ele>64.0</ele></trkpt>
            <trkpt lat="51.2585760" lon="-2.2129630"><ele>64.0</ele></trkpt>
            <trkpt lat="51.2583360" lon="-2.2124860"><ele>64.0</ele></trkpt>
            <trkpt lat="51.2578320" lon="-2.2117970"><ele>69.0</ele></trkpt>
            <trkpt lat="51.2573290" lon="-2.2106860"><ele>68.0</ele></trkpt>
            <trkpt lat="51.2557000" lon="-2.2095880"><ele>74.0</ele></trkpt>
            <trkpt lat="51.2546860" lon="-2.2092040"><ele>76.0</ele></trkpt>
            <trkpt lat="51.2544860" lon="-2.2090620"><ele>76.0</ele></trkpt>
            <trkpt lat="51.2541680" lon="-2.2085150"><ele>72.0</ele></trkpt>
            <trkpt lat="51.2530580" lon="-2.2083440"><ele>75.0</ele></trkpt>
            <trkpt lat="51.2513380" lon="-2.2078000"><ele>77.0</ele></trkpt>
            <trkpt lat="51.2505880" lon="-2.2076460"><ele>77.0</ele></trkpt>
            <trkpt lat="51.2495230" lon="-2.2075670"><ele>81.0</ele></trkpt>
            <trkpt lat="51.2489500" lon="-2.2072370"><ele>78.0</ele></trkpt>
            <trkpt lat="51.2488020" lon="-2.2065770"><ele>78.0</ele></trkpt>
            <trkpt lat="51.2481040" lon="-2.2061560"><ele>76.0</ele></trkpt>
            <trkpt lat="51.2470120" lon="-2.2058910"><ele>79.0</ele></trkpt>
            <trkpt lat="51.2468720" lon="-2.2056820"><ele>79.0</ele></trkpt>
            <trkpt lat="51.2466890" lon="-2.2049850"><ele>76.0</ele></trkpt>
            <trkpt lat="51.2449760" lon="-2.2066740"><ele>103.0</ele></trkpt>
            <trkpt lat="51.2439640" lon="-2.2072860"><ele>106.0</ele></trkpt>
            <trkpt lat="51.2437200" lon="-2.2078010"><ele>108.0</ele></trkpt>
            <trkpt lat="51.2435530" lon="-2.2083760"><ele>108.0</ele></trkpt>
            <trkpt lat="51.2425850" lon="-2.2128630"><ele>117.0</ele></trkpt>
            <trkpt lat="51.2417240" lon="-2.2149490"><ele>120.0</ele></trkpt>
            <trkpt lat="51.2411420" lon="-2.2158810"><ele>123.0</ele></trkpt>
            <trkpt lat="51.2397900" lon="-2.2184270"><ele>118.0</ele></trkpt>
            <trkpt lat="51.2388120" lon="-2.2196890"><ele>114.0</ele></trkpt>
            <trkpt lat="51.2384770" lon="-2.2202250"><ele>107.0</ele></trkpt>
            <trkpt lat="51.2381680" lon="-2.2209430"><ele>110.0</ele></trkpt>
            <trkpt lat="51.2374470" lon="-2.2236280"><ele>119.0</ele></trkpt>
            <trkpt lat="51.2367560" lon="-2.2248580"><ele>116.0</ele></trkpt>
            <trkpt lat="51.2365660" lon="-2.2254160"><ele>121.0</ele></trkpt>
            <trkpt lat="51.2364390" lon="-2.2260310"><ele>121.0</ele></trkpt>
            <trkpt lat="51.2363100" lon="-2.2278350"><ele>126.0</ele></trkpt>
            <trkpt lat="51.2361580" lon="-2.2285130"><ele>126.0</ele></trkpt>
            <trkpt lat="51.2350790" lon="-2.2318400"><ele>122.0</ele></trkpt>
            <trkpt lat="51.2347020" lon="-2.2337580"><ele>123.0</ele></trkpt>
            <trkpt lat="51.2341730" lon="-2.2353730"><ele>128.0</ele></trkpt>
            <trkpt lat="51.2329520" lon="-2.2389330"><ele>125.0</ele></trkpt>
            <trkpt lat="51.2314890" lon="-2.2418190"><ele>124.0</ele></trkpt>
            <trkpt lat="51.2309920" lon="-2.2432200"><ele>127.0</ele></trkpt>
            <trkpt lat="51.2297540" lon="-2.2449940"><ele>125.0</ele></trkpt>
            <trkpt lat="51.2296110" lon="-2.2454750"><ele>126.0</ele></trkpt>
            <trkpt lat="51.2295900" lon="-2.2469930"><ele>126.0</ele></trkpt>
            <trkpt lat="51.2280740" lon="-2.2494060"><ele>117.0</ele></trkpt>
            <trkpt lat="51.2267530" lon="-2.2512580"><ele>110.0</ele></trkpt>
            <trkpt lat="51.2252260" lon="-2.2528620"><ele>118.0</ele></trkpt>
            <trkpt lat="51.2247200" lon="-2.2525300"><ele>104.0</ele></trkpt>
            <trkpt lat="51.2237410" lon="-2.2516300"><ele>94.0</ele></trkpt>
            <trkpt lat="51.2232150" lon="-2.2505250"><ele>93.0</ele></trkpt>
            <trkpt lat="51.2228390" lon="-2.2491730"><ele>98.0</ele></trkpt>
            <trkpt lat="51.2226580" lon="-2.2490210"><ele>98.0</ele></trkpt>
            <trkpt lat="51.2222450" lon="-2.2491530"><ele>90.0</ele></trkpt>
            <trkpt lat="51.2219280" lon="-2.2491300"><ele>90.0</ele></trkpt>
            <trkpt lat="51.2197570" lon="-2.2474570"><ele>100.0</ele></trkpt>
            <trkpt lat="51.2193340" lon="-2.2474840"><ele>100.0</ele></trkpt>
            <trkpt lat="51.2192810" lon="-2.2488570"><ele>95.0</ele></trkpt>
            <trkpt lat="51.2189530" lon="-2.2511030"><ele>99.0</ele></trkpt>
            <trkpt lat="51.2186160" lon="-2.2529190"><ele>96.0</ele></trkpt>
            <trkpt lat="51.2182090" lon="-2.2540630"><ele>102.0</ele></trkpt>
            <trkpt lat="51.2178730" lon="-2.2555500"><ele>103.0</ele></trkpt>
            <trkpt lat="51.2173760" lon="-2.2566640"><ele>102.0</ele></trkpt>
            <trkpt lat="51.2169850" lon="-2.2577320"><ele>94.0</ele></trkpt>
            <trkpt lat="51.2168020" lon="-2.2580320"><ele>94.0</ele></trkpt>
            <trkpt lat="51.2163950" lon="-2.2581840"><ele>99.0</ele></trkpt>
            <trkpt lat="51.2159420" lon="-2.2579970"><ele>99.0</ele></trkpt>
            <trkpt lat="51.2155820" lon="-2.2581060"><ele>99.0</ele></trkpt>
            <trkpt lat="51.2151390" lon="-2.2585110"><ele>99.0</ele></trkpt>
            <trkpt lat="51.2147820" lon="-2.2592840"><ele>103.0</ele></trkpt>
            <trkpt lat="51.2145430" lon="-2.2595590"><ele>103.0</ele></trkpt>
            <trkpt lat="51.2129510" lon="-2.2590950"><ele>111.0</ele></trkpt>
            <trkpt lat="51.2122030" lon="-2.2590290"><ele>113.0</ele></trkpt>
            <trkpt lat="51.2115860" lon="-2.2588310"><ele>116.0</ele></trkpt>
            <trkpt lat="51.2105500" lon="-2.2580380"><ele>126.0</ele></trkpt>
            <trkpt lat="51.2098280" lon="-2.2582250"><ele>136.0</ele></trkpt>
            <trkpt lat="51.2094660" lon="-2.2593540"><ele>134.0</ele></trkpt>
            <trkpt lat="51.2089980" lon="-2.2594800"><ele>142.0</ele></trkpt>
            <trkpt lat="51.2085040" lon="-2.2593630"><ele>142.0</ele></trkpt>
            <trkpt lat="51.2077570" lon="-2.2594730"><ele>142.0</ele></trkpt>
            <trkpt lat="51.2074120" lon="-2.2580030"><ele>141.0</ele></trkpt>
            <trkpt lat="51.2070060" lon="-2.2575650"><ele>141.0</ele></trkpt>
            <trkpt lat="51.2066740" lon="-2.2573920"><ele>141.0</ele></trkpt>
            <trkpt lat="51.2061880" lon="-2.2574170"><ele>133.0</ele></trkpt>
            <trkpt lat="51.2055340" lon="-2.2577970"><ele>119.0</ele></trkpt>
            <trkpt lat="51.2048740" lon="-2.2578970"><ele>112.0</ele></trkpt>
            <trkpt lat="51.2044340" lon="-2.2578660"><ele>112.0</ele></trkpt>
            <trkpt lat="51.2042850" lon="-2.2570550"><ele>112.0</ele></trkpt>
            <trkpt lat="51.2042220" lon="-2.2559510"><ele>116.0</ele></trkpt>
            <trkpt lat="51.2040050" lon="-2.2549360"><ele>116.0</ele></trkpt>
            <trkpt lat="51.2035210" lon="-2.2530180"><ele>115.0</ele></trkpt>
            <trkpt lat="51.2029310" lon="-2.2512800"><ele>122.0</ele></trkpt>
            <trkpt lat="51.2027240" lon="-2.2509640"><ele>121.0</ele></trkpt>
            <trkpt lat="51.2012200" lon="-2.2518970"><ele>136.0</ele></trkpt>
            <trkpt lat="51.2004010" lon="-2.2520200"><ele>140.0</ele></trkpt>
            <trkpt lat="51.1991720" lon="-2.2524800"><ele>147.0</ele></trkpt>
            <trkpt lat="51.1978520" lon="-2.2526090"><ele>162.0</ele></trkpt>
            <trkpt lat="51.1958470" lon="-2.2530080"><ele>174.0</ele></trkpt>
            <trkpt lat="51.1957900" lon="-2.2531290"><ele>176.0</ele></trkpt>
            <trkpt lat="51.1957490" lon="-2.2536610"><ele>176.0</ele></trkpt>
            <trkpt lat="51.1959170" lon="-2.2544210"><ele>177.0</ele></trkpt>
            <trkpt lat="51.1960330" lon="-2.2559830"><ele>170.0</ele></trkpt>
            <trkpt lat="51.1961940" lon="-2.2571290"><ele>167.0</ele></trkpt>
            <trkpt lat="51.1962190" lon="-2.2581830"><ele>164.0</ele></trkpt>
            <trkpt lat="51.1965480" lon="-2.2612190"><ele>163.0</ele></trkpt>
            <trkpt lat="51.1965340" lon="-2.2635670"><ele>163.0</ele></trkpt>
            <trkpt lat="51.1964840" lon="-2.2642400"><ele>161.0</ele></trkpt>
            <trkpt lat="51.1960060" lon="-2.2665630"><ele>160.0</ele></trkpt>
            <trkpt lat="51.1956530" lon="-2.2675950"><ele>143.0</ele></trkpt>
            <trkpt lat="51.1956130" lon="-2.2679230"><ele>143.0</ele></trkpt>
            <trkpt lat="51.1956390" lon="-2.2688680"><ele>146.0</ele></trkpt>
            <trkpt lat="51.1953060" lon="-2.2711500"><ele>143.0</ele></trkpt>
            <trkpt lat="51.1953150" lon="-2.2720500"><ele>131.0</ele></trkpt>
            <trkpt lat="51.1948950" lon="-2.2714760"><ele>119.0</ele></trkpt>
            <trkpt lat="51.1940300" lon="-2.2707400"><ele>117.0</ele></trkpt>
            <trkpt lat="51.1939660" lon="-2.2705190"><ele>117.0</ele></trkpt>
            <trkpt lat="51.1919120" lon="-2.2706200"><ele>124.0</ele></trkpt>
            <trkpt lat="51.1908170" lon="-2.2704800"><ele>115.0</ele></trkpt>
            <trkpt lat="51.1903710" lon="-2.2703170"><ele>115.0</ele></trkpt>
            <trkpt lat="51.1888140" lon="-2.2693190"><ele>124.0</ele></trkpt>
            <trkpt lat="51.1876910" lon="-2.2690400"><ele>121.0</ele></trkpt>
            <trkpt lat="51.1863270" lon="-2.2683370"><ele>124.0</ele></trkpt>
            <trkpt lat="51.1859250" lon="-2.2682460"><ele>124.0</ele></trkpt>
            <trkpt lat="51.1854140" lon="-2.2685290"><ele>121.0</ele></trkpt>
            <trkpt lat="51.1849340" lon="-2.2722340"><ele>115.0</ele></trkpt>
            <trkpt lat="51.1846570" lon="-2.2738880"><ele>114.0</ele></trkpt>
            <trkpt lat="51.1760170" lon="-2.2699780"><ele>137.0</ele></trkpt>
            <trkpt lat="51.1757040" lon="-2.2701770"><ele>147.0</ele></trkpt>
            <trkpt lat="51.1752650" lon="-2.2707830"><ele>147.0</ele></trkpt>
            <trkpt lat="51.1746700" lon="-2.2718400"><ele>153.0</ele></trkpt>
            <trkpt lat="51.1741500" lon="-2.2724470"><ele>164.0</ele></trkpt>
            <trkpt lat="51.1739300" lon="-2.2725930"><ele>161.0</ele></trkpt>
            <trkpt lat="51.1711670" lon="-2.2731650"><ele>204.0</ele></trkpt>
            <trkpt lat="51.1705410" lon="-2.2732230"><ele>214.0</ele></trkpt>
            <trkpt lat="51.1681860" lon="-2.2743060"><ele>231.0</ele></trkpt>
            <trkpt lat="51.1674430" lon="-2.2744100"><ele>230.0</ele></trkpt>
            <trkpt lat="51.1665110" lon="-2.2741940"><ele>222.0</ele></trkpt>
            <trkpt lat="51.1656100" lon="-2.2737290"><ele>212.0</ele></trkpt>
            <trkpt lat="51.1645780" lon="-2.2727310"><ele>214.0</ele></trkpt>
            <trkpt lat="51.1641220" lon="-2.2724400"><ele>210.0</ele></trkpt>
            <trkpt lat="51.1637730" lon="-2.2723180"><ele>210.0</ele></trkpt>
            <trkpt lat="51.1632840" lon="-2.2723930"><ele>209.0</ele></trkpt>
            <trkpt lat="51.1625290" lon="-2.2730470"><ele>212.0</ele></trkpt>
            <trkpt lat="51.1622990" lon="-2.2733080"><ele>211.0</ele></trkpt>
            <trkpt lat="51.1619930" lon="-2.2738560"><ele>214.0</ele></trkpt>
            <trkpt lat="51.1610520" lon="-2.2759850"><ele>214.0</ele></trkpt>
            <trkpt lat="51.1607920" lon="-2.2769270"><ele>214.0</ele></trkpt>
            <trkpt lat="51.1604880" lon="-2.2786670"><ele>216.0</ele></trkpt>
            <trkpt lat="51.1603950" lon="-2.2789260"><ele>222.0</ele></trkpt>
            <trkpt lat="51.1602900" lon="-2.2790320"><ele>222.0</ele></trkpt>
            <trkpt lat="51.1578340" lon="-2.2784680"><ele>206.0</ele></trkpt>
            <trkpt lat="51.1570790" lon="-2.2778590"><ele>204.0</ele></trkpt>
            <trkpt lat="51.1561670" lon="-2.2773070"><ele>201.0</ele></trkpt>
            <trkpt lat="51.1551780" lon="-2.2768680"><ele>193.0</ele></trkpt>
            <trkpt lat="51.1549320" lon="-2.2764590"><ele>196.0</ele></trkpt>
            <trkpt lat="51.1520750" lon="-2.2803640"><ele>196.0</ele></trkpt>
            <trkpt lat="51.1518310" lon="-2.2807910"><ele>196.0</ele></trkpt>
            <trkpt lat="51.1510880" lon="-2.2831030"><ele>202.0</ele></trkpt>
            <trkpt lat="51.1507000" lon="-2.2837150"><ele>201.0</ele></trkpt>
            <trkpt lat="51.1504660" lon="-2.2842620"><ele>198.0</ele></trkpt>
            <trkpt lat="51.1500780" lon="-2.2857820"><ele>196.0</ele></trkpt>
            <trkpt lat="51.1500120" lon="-2.2877670"><ele>203.0</ele></trkpt>
            <trkpt lat="51.1502120" lon="-2.2885450"><ele>203.0</ele></trkpt>
            <trkpt lat="51.1511490" lon="-2.2912820"><ele>211.0</ele></trkpt>
            <trkpt lat="51.1518460" lon="-2.2935560"><ele>212.0</ele></trkpt>
            <trkpt lat="51.1527660" lon="-2.2954720"><ele>217.0</ele></trkpt>
            <trkpt lat="51.1530200" lon="-2.2961300"><ele>217.0</ele></trkpt>
            <trkpt lat="51.1532040" lon="-2.2969200"><ele>218.0</ele></trkpt>
            <trkpt lat="51.1532160" lon="-2.2994900"><ele>215.0</ele></trkpt>
            <trkpt lat="51.1531310" lon="-2.3013050"><ele>221.0</ele></trkpt>
            <trkpt lat="51.1530020" lon="-2.3021010"><ele>221.0</ele></trkpt>
            <trkpt lat="51.1526810" lon="-2.3032540"><ele>220.0</ele></trkpt>
            <trkpt lat="51.1521990" lon="-2.3042590"><ele>221.0</ele></trkpt>
            <trkpt lat="51.1518420" lon="-2.3054550"><ele>220.0</ele></trkpt>
            <trkpt lat="51.1516410" lon="-2.3058120"><ele>225.0</ele></trkpt>
            <trkpt lat="51.1513170" lon="-2.3060330"><ele>225.0</ele></trkpt>
            <trkpt lat="51.1491510" lon="-2.3058950"><ele>210.0</ele></trkpt>
            <trkpt lat="51.1480550" lon="-2.3055020"><ele>204.0</ele></trkpt>
            <trkpt lat="51.1471000" lon="-2.3048080"><ele>214.0</ele></trkpt>
            <trkpt lat="51.1468160" lon="-2.3040500"><ele>214.0</ele></trkpt>
            <trkpt lat="51.1466760" lon="-2.3038390"><ele>214.0</ele></trkpt>
            <trkpt lat="51.1464330" lon="-2.3038990"><ele>204.0</ele></trkpt>
            <trkpt lat="51.1453050" lon="-2.3047290"><ele>210.0</ele></trkpt>
            <trkpt lat="51.1449590" lon="-2.3051530"><ele>210.0</ele></trkpt>
            <trkpt lat="51.1444780" lon="-2.3073250"><ele>216.0</ele></trkpt>
            <trkpt lat="51.1439600" lon="-2.3090660"><ele>220.0</ele></trkpt>
            <trkpt lat="51.1431030" lon="-2.3110750"><ele>223.0</ele></trkpt>
            <trkpt lat="51.1427170" lon="-2.3118240"><ele>224.0</ele></trkpt>
            <trkpt lat="51.1421960" lon="-2.3135680"><ele>223.0</ele></trkpt>
            <trkpt lat="51.1410770" lon="-2.3159690"><ele>224.0</ele></trkpt>
            <trkpt lat="51.1406170" lon="-2.3173600"><ele>227.0</ele></trkpt>
            <trkpt lat="51.1403040" lon="-2.3186080"><ele>228.0</ele></trkpt>
            <trkpt lat="51.1395240" lon="-2.3204990"><ele>231.0</ele></trkpt>
            <trkpt lat="51.1390520" lon="-2.3210970"><ele>230.0</ele></trkpt>
            <trkpt lat="51.1380900" lon="-2.3219260"><ele>229.0</ele></trkpt>
            <trkpt lat="51.1375850" lon="-2.3221730"><ele>229.0</ele></trkpt>
            <trkpt lat="51.1365940" lon="-2.3224410"><ele>229.0</ele></trkpt>
            <trkpt lat="51.1354320" lon="-2.3229990"><ele>229.0</ele></trkpt>
            <trkpt lat="51.1338620" lon="-2.3240950"><ele>227.0</ele></trkpt>
            <trkpt lat="51.1315150" lon="-2.3252110"><ele>227.0</ele></trkpt>
            <trkpt lat="51.1311990" lon="-2.3252890"><ele>227.0</ele></trkpt>
            <trkpt lat="51.1301960" lon="-2.3251320"><ele>225.0</ele></trkpt>
            <trkpt lat="51.1293250" lon="-2.3251900"><ele>224.0</ele></trkpt>
            <trkpt lat="51.1287930" lon="-2.3253300"><ele>222.0</ele></trkpt>
            <trkpt lat="51.1279200" lon="-2.3258990"><ele>224.0</ele></trkpt>
            <trkpt lat="51.1270880" lon="-2.3266550"><ele>220.0</ele></trkpt>
            <trkpt lat="51.1255150" lon="-2.3277160"><ele>215.0</ele></trkpt>
            <trkpt lat="51.1247750" lon="-2.3285260"><ele>214.0</ele></trkpt>
            <trkpt lat="51.1193950" lon="-2.3257580"><ele>215.0</ele></trkpt>
            <trkpt lat="51.1180590" lon="-2.3253680"><ele>215.0</ele></trkpt>
            <trkpt lat="51.1161730" lon="-2.3238680"><ele>210.0</ele></trkpt>
            <trkpt lat="51.1156700" lon="-2.3232940"><ele>206.0</ele></trkpt>
            <trkpt lat="51.1141570" lon="-2.3210280"><ele>201.0</ele></trkpt>
            <trkpt lat="51.1130000" lon="-2.3188020"><ele>200.0</ele></trkpt>
            <trkpt lat="51.1124380" lon="-2.3180050"><ele>198.0</ele></trkpt>
            <trkpt lat="51.1110420" lon="-2.3166630"><ele>199.0</ele></trkpt>
            <trkpt lat="51.1107110" lon="-2.3165360"><ele>196.0</ele></trkpt>
            <trkpt lat="51.1104270" lon="-2.3166590"><ele>196.0</ele></trkpt>
            <trkpt lat="51.1099050" lon="-2.3172560"><ele>198.0</ele></trkpt>
            <trkpt lat="51.1087030" lon="-2.3183230"><ele>196.0</ele></trkpt>
            <trkpt lat="51.1080530" lon="-2.3187130"><ele>196.0</ele></trkpt>
            <trkpt lat="51.1077220" lon="-2.3187820"><ele>198.0</ele></trkpt>
            <trkpt lat="51.1074700" lon="-2.3186700"><ele>194.0</ele></trkpt>
            <trkpt lat="51.1072500" lon="-2.3183180"><ele>194.0</ele></trkpt>
            <trkpt lat="51.1069850" lon="-2.3174650"><ele>188.0</ele></trkpt>
            <trkpt lat="51.1067470" lon="-2.3172250"><ele>188.0</ele></trkpt>
            <trkpt lat="51.1064470" lon="-2.3172690"><ele>186.0</ele></trkpt>
            <trkpt lat="51.1060180" lon="-2.3175480"><ele>190.0</ele></trkpt>
            <trkpt lat="51.1057950" lon="-2.3175810"><ele>180.0</ele></trkpt>
            <trkpt lat="51.1054940" lon="-2.3163760"><ele>183.0</ele></trkpt>
            <trkpt lat="51.1053180" lon="-2.3136990"><ele>183.0</ele></trkpt>
            <trkpt lat="51.1035130" lon="-2.3140920"><ele>180.0</ele></trkpt>
            <trkpt lat="51.1023610" lon="-2.3142130"><ele>175.0</ele></trkpt>
            <trkpt lat="51.1015690" lon="-2.3145220"><ele>174.0</ele></trkpt>
            <trkpt lat="51.1005960" lon="-2.3151150"><ele>173.0</ele></trkpt>
            <trkpt lat="51.0985720" lon="-2.3156440"><ele>170.0</ele></trkpt>
            <trkpt lat="51.0974470" lon="-2.3157930"><ele>167.0</ele></trkpt>
            <trkpt lat="51.0953090" lon="-2.3151500"><ele>164.0</ele></trkpt>
            <trkpt lat="51.0888950" lon="-2.3128220"><ele>153.0</ele></trkpt>
            <trkpt lat="51.0880240" lon="-2.3124160"><ele>152.0</ele></trkpt>
            <trkpt lat="51.0867850" lon="-2.3114940"><ele>149.0</ele></trkpt>
            <trkpt lat="51.0862380" lon="-2.3111760"><ele>146.0</ele></trkpt>
            <trkpt lat="51.0870790" lon="-2.3093110"><ele>144.0</ele></trkpt>
            <trkpt lat="51.0872970" lon="-2.3085420"><ele>143.0</ele></trkpt>
            <trkpt lat="51.0874700" lon="-2.3073860"><ele>141.0</ele></trkpt>
            <trkpt lat="51.0865630" lon="-2.3072370"><ele>139.0</ele></trkpt>
            <trkpt lat="51.0862210" lon="-2.3070640"><ele>139.0</ele></trkpt>
            <trkpt lat="51.0857640" lon="-2.3065040"><ele>137.0</ele></trkpt>
            <trkpt lat="51.0847540" lon="-2.3044410"><ele>135.0</ele></trkpt>
            <trkpt lat="51.0843590" lon="-2.3039390"><ele>135.0</ele></trkpt>
            <trkpt lat="51.0837400" lon="-2.3036640"><ele>128.0</ele></trkpt>
            <trkpt lat="51.0835060" lon="-2.3037050"><ele>128.0</ele></trkpt>
            <trkpt lat="51.0832890" lon="-2.3038600"><ele>130.0</ele></trkpt>
            <trkpt lat="51.0826780" lon="-2.3038850"><ele>130.0</ele></trkpt>
            <trkpt lat="51.0819340" lon="-2.3029660"><ele>124.0</ele></trkpt>
            <trkpt lat="51.0803380" lon="-2.3017110"><ele>112.0</ele></trkpt>
            <trkpt lat="51.0801660" lon="-2.3012850"><ele>112.0</ele></trkpt>
            <trkpt lat="51.0801320" lon="-2.3005990"><ele>107.0</ele></trkpt>
            <trkpt lat="51.0799540" lon="-2.2998980"><ele>100.0</ele></trkpt>
            <trkpt lat="51.0793020" lon="-2.2985650"><ele>96.0</ele></trkpt>
            <trkpt lat="51.0792400" lon="-2.2978810"><ele>96.0</ele></trkpt>
            <trkpt lat="51.0790980" lon="-2.2971660"><ele>96.0</ele></trkpt>
            <trkpt lat="51.0783360" lon="-2.2951100"><ele>94.0</ele></trkpt>
            <trkpt lat="51.0781820" lon="-2.2932540"><ele>91.0</ele></trkpt>
            <trkpt lat="51.0780760" lon="-2.2928120"><ele>91.0</ele></trkpt>
            <trkpt lat="51.0771520" lon="-2.2912630"><ele>92.0</ele></trkpt>
            <trkpt lat="51.0769240" lon="-2.2905300"><ele>92.0</ele></trkpt>
            <trkpt lat="51.0769490" lon="-2.2901150"><ele>92.0</ele></trkpt>
            <trkpt lat="51.0796870" lon="-2.2807210"><ele>99.0</ele></trkpt>
            <trkpt lat="51.0791350" lon="-2.2806180"><ele>101.0</ele></trkpt>
            <trkpt lat="51.0783680" lon="-2.2802680"><ele>101.0</ele></trkpt>
            <trkpt lat="51.0760780" lon="-2.2801210"><ele>104.0</ele></trkpt>
            <trkpt lat="51.0741600" lon="-2.2720700"><ele>94.0</ele></trkpt>
            <trkpt lat="51.0734040" lon="-2.2721660"><ele>94.0</ele></trkpt>
            <trkpt lat="51.0727480" lon="-2.2720480"><ele>92.0</ele></trkpt>
            <trkpt lat="51.0726560" lon="-2.2718430"><ele>92.0</ele></trkpt>
            <trkpt lat="51.0726780" lon="-2.2698540"><ele>86.0</ele></trkpt>
            <trkpt lat="51.0725840" lon="-2.2689500"><ele>86.0</ele></trkpt>
            <trkpt lat="51.0728920" lon="-2.2681520"><ele>86.0</ele></trkpt>
            <trkpt lat="51.0739220" lon="-2.2644450"><ele>101.0</ele></trkpt>
            <trkpt lat="51.0744330" lon="-2.2631020"><ele>102.0</ele></trkpt>
            <trkpt lat="51.0746960" lon="-2.2615820"><ele>104.0</ele></trkpt>
            <trkpt lat="51.0749500" lon="-2.2605420"><ele>105.0</ele></trkpt>
            <trkpt lat="51.0754560" lon="-2.2591170"><ele>105.0</ele></trkpt>
            <trkpt lat="51.0759710" lon="-2.2585200"><ele>101.0</ele></trkpt>
            <trkpt lat="51.0764310" lon="-2.2577660"><ele>101.0</ele></trkpt>
            <trkpt lat="51.0770820" lon="-2.2562280"><ele>98.0</ele></trkpt>
            <trkpt lat="51.0773990" lon="-2.2552310"><ele>98.0</ele></trkpt>
            <trkpt lat="51.0759350" lon="-2.2544520"><ele>100.0</ele></trkpt>
            <trkpt lat="51.0742480" lon="-2.2538770"><ele>96.0</ele></trkpt>
            <trkpt lat="51.0733000" lon="-2.2537990"><ele>95.0</ele></trkpt>
            <trkpt lat="51.0725360" lon="-2.2535230"><ele>96.0</ele></trkpt>
            <trkpt lat="51.0717800" lon="-2.2530500"><ele>97.0</ele></trkpt>
            <trkpt lat="51.0707520" lon="-2.2520400"><ele>99.0</ele></trkpt>
            <trkpt lat="51.0700460" lon="-2.2509000"><ele>100.0</ele></trkpt>
            <trkpt lat="51.0690450" lon="-2.2505470"><ele>96.0</ele></trkpt>
            <trkpt lat="51.0660260" lon="-2.2500880"><ele>97.0</ele></trkpt>
            <trkpt lat="51.0640130" lon="-2.2493060"><ele>93.0</ele></trkpt>
            <trkpt lat="51.0629710" lon="-2.2490150"><ele>89.0</ele></trkpt>
            <trkpt lat="51.0603930" lon="-2.2478030"><ele>82.0</ele></trkpt>
            <trkpt lat="51.0598990" lon="-2.2472860"><ele>83.0</ele></trkpt>
            <trkpt lat="51.0596840" lon="-2.2469140"><ele>83.0</ele></trkpt>
            <trkpt lat="51.0601910" lon="-2.2451900"><ele>83.0</ele></trkpt>
            <trkpt lat="51.0614990" lon="-2.2391900"><ele>93.0</ele></trkpt>
            <trkpt lat="51.0628760" lon="-2.2337740"><ele>92.0</ele></trkpt>
            <trkpt lat="51.0631130" lon="-2.2324050"><ele>91.0</ele></trkpt>
            <trkpt lat="51.0632300" lon="-2.2321200"><ele>91.0</ele></trkpt>
            <trkpt lat="51.0636900" lon="-2.2316380"><ele>91.0</ele></trkpt>
            <trkpt lat="51.0665480" lon="-2.2279560"><ele>92.0</ele></trkpt>
            <trkpt lat="51.0670250" lon="-2.2275440"><ele>96.0</ele></trkpt>
            <trkpt lat="51.0675840" lon="-2.2267760"><ele>97.0</ele></trkpt>
            <trkpt lat="51.0683770" lon="-2.2259090"><ele>96.0</ele></trkpt>
            <trkpt lat="51.0692590" lon="-2.2254430"><ele>97.0</ele></trkpt>
            <trkpt lat="51.0706100" lon="-2.2244790"><ele>96.0</ele></trkpt>
            <trkpt lat="51.0716260" lon="-2.2240650"><ele>99.0</ele></trkpt>
            <trkpt lat="51.0719240" lon="-2.2234890"><ele>97.0</ele></trkpt>
            <trkpt lat="51.0723920" lon="-2.2221870"><ele>97.0</ele></trkpt>
            <trkpt lat="51.0729610" lon="-2.2213630"><ele>97.0</ele></trkpt>
            <trkpt lat="51.0730520" lon="-2.2206380"><ele>99.0</ele></trkpt>
            <trkpt lat="51.0757490" lon="-2.2170580"><ele>108.0</ele></trkpt>
            <trkpt lat="51.0748600" lon="-2.2114160"><ele>114.0</ele></trkpt>
            <trkpt lat="51.0738990" lon="-2.2059670"><ele>112.0</ele></trkpt>
            <trkpt lat="51.0738650" lon="-2.2049110"><ele>110.0</ele></trkpt>
            <trkpt lat="51.0739950" lon="-2.2026990"><ele>113.0</ele></trkpt>
            <trkpt lat="51.0740170" lon="-2.2000130"><ele>115.0</ele></trkpt>
            <trkpt lat="51.0741530" lon="-2.1992770"><ele>115.0</ele></trkpt>
            <trkpt lat="51.0741910" lon="-2.1983890"><ele>115.0</ele></trkpt>
            <trkpt lat="51.0739430" lon="-2.1963040"><ele>112.0</ele></trkpt>
            <trkpt lat="51.0739000" lon="-2.1951050"><ele>113.0</ele></trkpt>
            <trkpt lat="51.0739640" lon="-2.1942490"><ele>114.0</ele></trkpt>
            <trkpt lat="51.0747110" lon="-2.1906910"><ele>124.0</ele></trkpt>
            <trkpt lat="51.0752620" lon="-2.1889570"><ele>126.0</ele></trkpt>
            <trkpt lat="51.0755570" lon="-2.1882890"><ele>135.0</ele></trkpt>
            <trkpt lat="51.0762460" lon="-2.1873960"><ele>149.0</ele></trkpt>
            <trkpt lat="51.0765110" lon="-2.1869280"><ele>149.0</ele></trkpt>
            <trkpt lat="51.0771940" lon="-2.1856160"><ele>169.0</ele></trkpt>
            <trkpt lat="51.0773410" lon="-2.1851680"><ele>169.0</ele></trkpt>
            <trkpt lat="51.0765180" lon="-2.1834080"><ele>160.0</ele></trkpt>
            <trkpt lat="51.0759250" lon="-2.1813820"><ele>175.0</ele></trkpt>
            <trkpt lat="51.0753240" lon="-2.1797340"><ele>191.0</ele></trkpt>
            <trkpt lat="51.0747380" lon="-2.1789420"><ele>169.0</ele></trkpt>
            <trkpt lat="51.0745630" lon="-2.1788720"><ele>169.0</ele></trkpt>
            <trkpt lat="51.0732620" lon="-2.1790990"><ele>167.0</ele></trkpt>
            <trkpt lat="51.0720470" lon="-2.1783690"><ele>161.0</ele></trkpt>
            <trkpt lat="51.0719670" lon="-2.1781690"><ele>161.0</ele></trkpt>
            <trkpt lat="51.0725620" lon="-2.1771580"><ele>173.0</ele></trkpt>
            <trkpt lat="51.0733380" lon="-2.1754480"><ele>185.0</ele></trkpt>
            <trkpt lat="51.0731950" lon="-2.1746770"><ele>163.0</ele></trkpt>
            <trkpt lat="51.0732580" lon="-2.1743060"><ele>163.0</ele></trkpt>
            <trkpt lat="51.0735570" lon="-2.1728660"><ele>170.0</ele></trkpt>
            <trkpt lat="51.0737380" lon="-2.1724670"><ele>161.0</ele></trkpt>
            <trkpt lat="51.0743070" lon="-2.1705560"><ele>163.0</ele></trkpt>
            <trkpt lat="51.0736870" lon="-2.1700680"><ele>150.0</ele></trkpt>
            <trkpt lat="51.0731210" lon="-2.1699240"><ele>142.0</ele></trkpt>
            <trkpt lat="51.0719800" lon="-2.1685320"><ele>137.0</ele></trkpt>
            <trkpt lat="51.0719610" lon="-2.1680440"><ele>137.0</ele></trkpt>
            <trkpt lat="51.0715320" lon="-2.1680470"><ele>136.0</ele></trkpt>
            <trkpt lat="51.0709220" lon="-2.1674320"><ele>132.0</ele></trkpt>
            <trkpt lat="51.0708050" lon="-2.1671930"><ele>133.0</ele></trkpt>
            <trkpt lat="51.0706990" lon="-2.1665910"><ele>133.0</ele></trkpt>
            <trkpt lat="51.0707690" lon="-2.1661330"><ele>131.0</ele></trkpt>
            <trkpt lat="51.0713380" lon="-2.1644310"><ele>138.0</ele></trkpt>
            <trkpt lat="51.0713870" lon="-2.1639740"><ele>138.0</ele></trkpt>
            <trkpt lat="51.0713450" lon="-2.1633800"><ele>136.0</ele></trkpt>
            <trkpt lat="51.0708370" lon="-2.1598600"><ele>144.0</ele></trkpt>
            <trkpt lat="51.0706560" lon="-2.1592160"><ele>143.0</ele></trkpt>
            <trkpt lat="51.0694880" lon="-2.1569800"><ele>144.0</ele></trkpt>
            <trkpt lat="51.0679290" lon="-2.1533210"><ele>137.0</ele></trkpt>
            <trkpt lat="51.0676500" lon="-2.1528490"><ele>137.0</ele></trkpt>
            <trkpt lat="51.0673540" lon="-2.1526620"><ele>136.0</ele></trkpt>
            <trkpt lat="51.0652580" lon="-2.1533120"><ele>127.0</ele></trkpt>
            <trkpt lat="51.0631720" lon="-2.1531200"><ele>119.0</ele></trkpt>
            <trkpt lat="51.0609430" lon="-2.1525270"><ele>114.0</ele></trkpt>
            <trkpt lat="51.0607090" lon="-2.1522980"><ele>116.0</ele></trkpt>
            <trkpt lat="51.0594800" lon="-2.1503390"><ele>114.0</ele></trkpt>
            <trkpt lat="51.0591120" lon="-2.1498960"><ele>122.0</ele></trkpt>
            <trkpt lat="51.0578810" lon="-2.1487500"><ele>128.0</ele></trkpt>
            <trkpt lat="51.0575130" lon="-2.1484920"><ele>128.0</ele></trkpt>
            <trkpt lat="51.0564880" lon="-2.1480890"><ele>112.0</ele></trkpt>
            <trkpt lat="51.0557150" lon="-2.1480870"><ele>113.0</ele></trkpt>
            <trkpt lat="51.0553290" lon="-2.1479000"><ele>113.0</ele></trkpt>
            <trkpt lat="51.0551850" lon="-2.1477430"><ele>113.0</ele></trkpt>
            <trkpt lat="51.0548400" lon="-2.1469080"><ele>113.0</ele></trkpt>
            <trkpt lat="51.0531190" lon="-2.1459530"><ele>111.0</ele></trkpt>
            <trkpt lat="51.0526560" lon="-2.1454600"><ele>111.0</ele></trkpt>
            <trkpt lat="51.0520120" lon="-2.1463920"><ele>107.0</ele></trkpt>
            <trkpt lat="51.0506690" lon="-2.1489410"><ele>111.0</ele></trkpt>
            <trkpt lat="51.0500930" lon="-2.1498810"><ele>111.0</ele></trkpt>
            <trkpt lat="51.0489580" lon="-2.1512320"><ele>119.0</ele></trkpt>
            <trkpt lat="51.0484090" lon="-2.1516300"><ele>119.0</ele></trkpt>
            <trkpt lat="51.0482560" lon="-2.1518290"><ele>123.0</ele></trkpt>
            <trkpt lat="51.0480210" lon="-2.1523710"><ele>123.0</ele></trkpt>
            <trkpt lat="51.0473640" lon="-2.1532670"><ele>133.0</ele></trkpt>
            <trkpt lat="51.0470830" lon="-2.1544070"><ele>125.0</ele></trkpt>
            <trkpt lat="51.0468940" lon="-2.1545490"><ele>125.0</ele></trkpt>
            <trkpt lat="51.0454730" lon="-2.1549010"><ele>132.0</ele></trkpt>
            <trkpt lat="51.0446460" lon="-2.1550270"><ele>130.0</ele></trkpt>
            <trkpt lat="51.0436300" lon="-2.1550520"><ele>132.0</ele></trkpt>
            <trkpt lat="51.0414970" lon="-2.1557870"><ele>127.0</ele></trkpt>
            <trkpt lat="51.0401110" lon="-2.1564380"><ele>131.0</ele></trkpt>
            <trkpt lat="51.0393380" lon="-2.1570770"><ele>130.0</ele></trkpt>
            <trkpt lat="51.0382120" lon="-2.1578150"><ele>132.0</ele></trkpt>
            <trkpt lat="51.0371020" lon="-2.1587470"><ele>135.0</ele></trkpt>
            <trkpt lat="51.0367450" lon="-2.1588940"><ele>135.0</ele></trkpt>
            <trkpt lat="51.0364580" lon="-2.1588080"><ele>140.0</ele></trkpt>
            <trkpt lat="51.0355110" lon="-2.1580110"><ele>152.0</ele></trkpt>
            <trkpt lat="51.0346070" lon="-2.1576180"><ele>154.0</ele></trkpt>
            <trkpt lat="51.0342890" lon="-2.1572590"><ele>159.0</ele></trkpt>
            <trkpt lat="51.0340240" lon="-2.1568030"><ele>165.0</ele></trkpt>
            <trkpt lat="51.0336460" lon="-2.1564020"><ele>165.0</ele></trkpt>
            <trkpt lat="51.0335030" lon="-2.1559020"><ele>157.0</ele></trkpt>
            <trkpt lat="51.0333520" lon="-2.1547320"><ele>162.0</ele></trkpt>
            <trkpt lat="51.0330740" lon="-2.1537410"><ele>177.0</ele></trkpt>
            <trkpt lat="51.0329040" lon="-2.1534050"><ele>177.0</ele></trkpt>
            <trkpt lat="51.0323830" lon="-2.1527900"><ele>191.0</ele></trkpt>
            <trkpt lat="51.0321950" lon="-2.1524180"><ele>195.0</ele></trkpt>
            <trkpt lat="51.0311740" lon="-2.1511050"><ele>191.0</ele></trkpt>
            <trkpt lat="51.0303630" lon="-2.1504570"><ele>206.0</ele></trkpt>
            <trkpt lat="51.0289520" lon="-2.1498990"><ele>203.0</ele></trkpt>
            <trkpt lat="51.0285920" lon="-2.1498400"><ele>203.0</ele></trkpt>
            <trkpt lat="51.0282960" lon="-2.1496250"><ele>210.0</ele></trkpt>
            <trkpt lat="51.0279730" lon="-2.1490960"><ele>210.0</ele></trkpt>
            <trkpt lat="51.0275330" lon="-2.1487240"><ele>183.0</ele></trkpt>
            <trkpt lat="51.0272450" lon="-2.1483130"><ele>182.0</ele></trkpt>
            <trkpt lat="51.0266450" lon="-2.1470200"><ele>184.0</ele></trkpt>
            <trkpt lat="51.0260900" lon="-2.1461330"><ele>175.0</ele></trkpt>
            <trkpt lat="51.0258460" lon="-2.1453110"><ele>175.0</ele></trkpt>
            <trkpt lat="51.0254070" lon="-2.1446260"><ele>183.0</ele></trkpt>
            <trkpt lat="51.0249590" lon="-2.1441070"><ele>205.0</ele></trkpt>
            <trkpt lat="51.0240420" lon="-2.1433380"><ele>191.0</ele></trkpt>
            <trkpt lat="51.0225590" lon="-2.1424490"><ele>176.0</ele></trkpt>
            <trkpt lat="51.0215080" lon="-2.1412480"><ele>175.0</ele></trkpt>
            <trkpt lat="51.0206680" lon="-2.1397570"><ele>169.0</ele></trkpt>
            <trkpt lat="51.0206240" lon="-2.1390700"><ele>169.0</ele></trkpt>
            <trkpt lat="51.0204940" lon="-2.1384310"><ele>162.0</ele></trkpt>
            <trkpt lat="51.0198310" lon="-2.1367720"><ele>163.0</ele></trkpt>
            <trkpt lat="51.0191880" lon="-2.1356700"><ele>159.0</ele></trkpt>
            <trkpt lat="51.0185640" lon="-2.1338140"><ele>164.0</ele></trkpt>
            <trkpt lat="51.0179080" lon="-2.1331420"><ele>156.0</ele></trkpt>
            <trkpt lat="51.0168400" lon="-2.1314120"><ele>152.0</ele></trkpt>
            <trkpt lat="51.0163120" lon="-2.1304100"><ele>142.0</ele></trkpt>
            <trkpt lat="51.0159520" lon="-2.1301620"><ele>142.0</ele></trkpt>
            <trkpt lat="51.0153030" lon="-2.1300280"><ele>142.0</ele></trkpt>
            <trkpt lat="51.0152480" lon="-2.1297600"><ele>134.0</ele></trkpt>
            <trkpt lat="51.0152880" lon="-2.1291780"><ele>134.0</ele></trkpt>
            <trkpt lat="51.0151930" lon="-2.1273110"><ele>118.0</ele></trkpt>
            <trkpt lat="51.0154930" lon="-2.1256020"><ele>112.0</ele></trkpt>
            <trkpt lat="51.0153620" lon="-2.1247140"><ele>119.0</ele></trkpt>
            <trkpt lat="51.0151250" lon="-2.1239690"><ele>119.0</ele></trkpt>
            <trkpt lat="51.0148960" lon="-2.1236340"><ele>133.0</ele></trkpt>
            <trkpt lat="51.0145440" lon="-2.1234100"><ele>133.0</ele></trkpt>
            <trkpt lat="51.0144180" lon="-2.1232390"><ele>133.0</ele></trkpt>
            <trkpt lat="51.0141870" lon="-2.1225340"><ele>133.0</ele></trkpt>
            <trkpt lat="51.0136260" lon="-2.1172260"><ele>154.0</ele></trkpt>
            <trkpt lat="51.0134340" lon="-2.1163350"><ele>154.0</ele></trkpt>
            <trkpt lat="51.0116990" lon="-2.1119300"><ele>149.0</ele></trkpt>
            <trkpt lat="51.0109100" lon="-2.1103240"><ele>146.0</ele></trkpt>
            <trkpt lat="51.0105570" lon="-2.1092230"><ele>143.0</ele></trkpt>
            <trkpt lat="51.0104860" lon="-2.1091480"><ele>143.0</ele></trkpt>
            <trkpt lat="51.0105110" lon="-2.1087820"><ele>143.0</ele></trkpt>
            <trkpt lat="51.0103180" lon="-2.1084540"><ele>140.0</ele></trkpt>
            <trkpt lat="51.0101480" lon="-2.1078800"><ele>140.0</ele></trkpt>
            <trkpt lat="51.0095730" lon="-2.1065850"><ele>138.0</ele></trkpt>
            <trkpt lat="51.0075640" lon="-2.1028460"><ele>131.0</ele></trkpt>
            <trkpt lat="51.0072510" lon="-2.1019190"><ele>130.0</ele></trkpt>
            <trkpt lat="51.0059960" lon="-2.1002650"><ele>131.0</ele></trkpt>
            <trkpt lat="51.0055340" lon="-2.0992840"><ele>141.0</ele></trkpt>
            <trkpt lat="51.0044280" lon="-2.0965040"><ele>137.0</ele></trkpt>
            <trkpt lat="51.0038040" lon="-2.0952120"><ele>141.0</ele></trkpt>
            <trkpt lat="51.0034460" lon="-2.0938450"><ele>142.0</ele></trkpt>
            <trkpt lat="51.0034130" lon="-2.0925330"><ele>141.0</ele></trkpt>
            <trkpt lat="51.0031410" lon="-2.0901400"><ele>146.0</ele></trkpt>
            <trkpt lat="51.0028740" lon="-2.0889420"><ele>149.0</ele></trkpt>
            <trkpt lat="51.0017150" lon="-2.0852820"><ele>157.0</ele></trkpt>
            <trkpt lat="51.0008920" lon="-2.0819860"><ele>152.0</ele></trkpt>
            <trkpt lat="51.0009910" lon="-2.0810210"><ele>150.0</ele></trkpt>
            <trkpt lat="51.0013350" lon="-2.0796280"><ele>154.0</ele></trkpt>
            <trkpt lat="51.0014520" lon="-2.0782970"><ele>155.0</ele></trkpt>
            <trkpt lat="51.0014250" lon="-2.0780380"><ele>155.0</ele></trkpt>
            <trkpt lat="51.0012650" lon="-2.0776980"><ele>155.0</ele></trkpt>
            <trkpt lat="51.0006980" lon="-2.0775370"><ele>156.0</ele></trkpt>
            <trkpt lat="51.0001240" lon="-2.0766830"><ele>152.0</ele></trkpt>
            <trkpt lat="51.0001160" lon="-2.0765120"><ele>152.0</ele></trkpt>
            <trkpt lat="51.0003540" lon="-2.0739430"><ele>145.0</ele></trkpt>
            <trkpt lat="51.0002740" lon="-2.0727650"><ele>150.0</ele></trkpt>
            <trkpt lat="51.0003150" lon="-2.0706780"><ele>142.0</ele></trkpt>
            <trkpt lat="51.0001430" lon="-2.0678200"><ele>135.0</ele></trkpt>
            <trkpt lat="51.0002820" lon="-2.0651410"><ele>138.0</ele></trkpt>
            <trkpt lat="51.0009360" lon="-2.0617380"><ele>141.0</ele></trkpt>
            <trkpt lat="51.0009290" lon="-2.0610960"><ele>135.0</ele></trkpt>
            <trkpt lat="51.0007960" lon="-2.0603440"><ele>133.0</ele></trkpt>
            <trkpt lat="51.0027500" lon="-2.0578040"><ele>127.0</ele></trkpt>
            <trkpt lat="51.0039190" lon="-2.0561430"><ele>123.0</ele></trkpt>
            <trkpt lat="51.0041290" lon="-2.0557350"><ele>123.0</ele></trkpt>
            <trkpt lat="51.0045230" lon="-2.0541930"><ele>121.0</ele></trkpt>
            <trkpt lat="51.0052840" lon="-2.0521990"><ele>130.0</ele></trkpt>
            <trkpt lat="51.0054590" lon="-2.0514370"><ele>130.0</ele></trkpt>
            <trkpt lat="51.0054150" lon="-2.0501970"><ele>143.0</ele></trkpt>
            <trkpt lat="51.0056940" lon="-2.0489290"><ele>145.0</ele></trkpt>
            <trkpt lat="51.0057840" lon="-2.0481020"><ele>140.0</ele></trkpt>
            <trkpt lat="51.0061650" lon="-2.0459720"><ele>135.0</ele></trkpt>
            <trkpt lat="51.0064650" lon="-2.0449320"><ele>131.0</ele></trkpt>
            <trkpt lat="51.0067950" lon="-2.0441550"><ele>133.0</ele></trkpt>
            <trkpt lat="51.0076330" lon="-2.0413410"><ele>127.0</ele></trkpt>
            <trkpt lat="51.0077330" lon="-2.0401540"><ele>127.0</ele></trkpt>
            <trkpt lat="51.0079680" lon="-2.0388540"><ele>125.0</ele></trkpt>
            <trkpt lat="51.0082520" lon="-2.0382130"><ele>128.0</ele></trkpt>
            <trkpt lat="51.0091600" lon="-2.0372300"><ele>121.0</ele></trkpt>
            <trkpt lat="51.0097900" lon="-2.0354130"><ele>121.0</ele></trkpt>
            <trkpt lat="51.0101100" lon="-2.0347150"><ele>115.0</ele></trkpt>
            <trkpt lat="51.0104790" lon="-2.0341600"><ele>115.0</ele></trkpt>
            <trkpt lat="51.0110500" lon="-2.0330700"><ele>116.0</ele></trkpt>
            <trkpt lat="51.0115450" lon="-2.0318720"><ele>112.0</ele></trkpt>
            <trkpt lat="51.0120130" lon="-2.0309600"><ele>109.0</ele></trkpt>
            <trkpt lat="51.0133010" lon="-2.0295450"><ele>110.0</ele></trkpt>
            <trkpt lat="51.0144770" lon="-2.0279770"><ele>108.0</ele></trkpt>
            <trkpt lat="51.0153160" lon="-2.0266260"><ele>111.0</ele></trkpt>
            <trkpt lat="51.0165100" lon="-2.0254430"><ele>108.0</ele></trkpt>
            <trkpt lat="51.0173790" lon="-2.0242920"><ele>106.0</ele></trkpt>
            <trkpt lat="51.0178030" lon="-2.0246080"><ele>113.0</ele></trkpt>
            <trkpt lat="51.0186820" lon="-2.0231420"><ele>123.0</ele></trkpt>
            <trkpt lat="51.0190130" lon="-2.0221510"><ele>118.0</ele></trkpt>
            <trkpt lat="51.0191640" lon="-2.0213670"><ele>132.0</ele></trkpt>
            <trkpt lat="51.0192500" lon="-2.0196330"><ele>132.0</ele></trkpt>
            <trkpt lat="51.0190740" lon="-2.0183050"><ele>115.0</ele></trkpt>
            <trkpt lat="51.0190210" lon="-2.0134860"><ele>121.0</ele></trkpt>
            <trkpt lat="51.0191290" lon="-2.0121180"><ele>121.0</ele></trkpt>
            <trkpt lat="51.0191650" lon="-2.0105920"><ele>127.0</ele></trkpt>
            <trkpt lat="51.0196560" lon="-2.0080690"><ele>118.0</ele></trkpt>
            <trkpt lat="51.0198250" lon="-2.0064490"><ele>115.0</ele></trkpt>
            <trkpt lat="51.0199080" lon="-2.0053110"><ele>107.0</ele></trkpt>
            <trkpt lat="51.0197980" lon="-2.0045560"><ele>104.0</ele></trkpt>
            <trkpt lat="51.0197890" lon="-2.0040570"><ele>104.0</ele></trkpt>
            <trkpt lat="51.0200260" lon="-2.0025870"><ele>113.0</ele></trkpt>
            <trkpt lat="51.0203120" lon="-2.0013790"><ele>111.0</ele></trkpt>
            <trkpt lat="51.0208900" lon="-1.9983740"><ele>113.0</ele></trkpt>
            <trkpt lat="51.0210810" lon="-1.9967360"><ele>114.0</ele></trkpt>
            <trkpt lat="51.0212070" lon="-1.9935550"><ele>107.0</ele></trkpt>
            <trkpt lat="51.0220810" lon="-1.9902210"><ele>110.0</ele></trkpt>
            <trkpt lat="51.0223390" lon="-1.9897170"><ele>103.0</ele></trkpt>
            <trkpt lat="51.0225240" lon="-1.9890900"><ele>116.0</ele></trkpt>
            <trkpt lat="51.0231100" lon="-1.9847320"><ele>99.0</ele></trkpt>
            <trkpt lat="51.0229460" lon="-1.9812550"><ele>98.0</ele></trkpt>
            <trkpt lat="51.0229300" lon="-1.9805940"><ele>101.0</ele></trkpt>
            <trkpt lat="51.0229860" lon="-1.9801950"><ele>101.0</ele></trkpt>
            <trkpt lat="51.0232230" lon="-1.9796000"><ele>97.0</ele></trkpt>
            <trkpt lat="51.0236540" lon="-1.9790270"><ele>109.0</ele></trkpt>
            <trkpt lat="51.0238670" lon="-1.9786120"><ele>106.0</ele></trkpt>
            <trkpt lat="51.0245110" lon="-1.9768000"><ele>109.0</ele></trkpt>
            <trkpt lat="51.0247350" lon="-1.9767120"><ele>109.0</ele></trkpt>
            <trkpt lat="51.0255570" lon="-1.9769860"><ele>110.0</ele></trkpt>
            <trkpt lat="51.0256560" lon="-1.9768720"><ele>110.0</ele></trkpt>
            <trkpt lat="51.0257640" lon="-1.9765290"><ele>110.0</ele></trkpt>
            <trkpt lat="51.0260330" lon="-1.9749890"><ele>117.0</ele></trkpt>
            <trkpt lat="51.0260240" lon="-1.9744330"><ele>117.0</ele></trkpt>
            <trkpt lat="51.0258260" lon="-1.9732640"><ele>117.0</ele></trkpt>
            <trkpt lat="51.0258080" lon="-1.9728500"><ele>110.0</ele></trkpt>
            <trkpt lat="51.0259240" lon="-1.9715530"><ele>116.0</ele></trkpt>
            <trkpt lat="51.0262120" lon="-1.9698990"><ele>118.0</ele></trkpt>
            <trkpt lat="51.0263640" lon="-1.9685300"><ele>116.0</ele></trkpt>
            <trkpt lat="51.0263730" lon="-1.9672750"><ele>113.0</ele></trkpt>
            <trkpt lat="51.0261480" lon="-1.9655500"><ele>110.0</ele></trkpt>
            <trkpt lat="51.0261650" lon="-1.9624270"><ele>104.0</ele></trkpt>
            <trkpt lat="51.0262720" lon="-1.9611010"><ele>103.0</ele></trkpt>
            <trkpt lat="51.0265860" lon="-1.9591610"><ele>102.0</ele></trkpt>
            <trkpt lat="51.0268200" lon="-1.9582340"><ele>105.0</ele></trkpt>
            <trkpt lat="51.0272240" lon="-1.9571220"><ele>100.0</ele></trkpt>
            <trkpt lat="51.0277470" lon="-1.9559950"><ele>99.0</ele></trkpt>
            <trkpt lat="51.0284100" lon="-1.9548960"><ele>99.0</ele></trkpt>
            <trkpt lat="51.0289130" lon="-1.9537400"><ele>91.0</ele></trkpt>
            <trkpt lat="51.0293170" lon="-1.9522570"><ele>93.0</ele></trkpt>
            <trkpt lat="51.0299190" lon="-1.9496470"><ele>87.0</ele></trkpt>
            <trkpt lat="51.0301610" lon="-1.9480780"><ele>90.0</ele></trkpt>
            <trkpt lat="51.0304840" lon="-1.9465950"><ele>90.0</ele></trkpt>
            <trkpt lat="51.0299900" lon="-1.9462960"><ele>85.0</ele></trkpt>
            <trkpt lat="51.0294580" lon="-1.9457970"><ele>84.0</ele></trkpt>
            <trkpt lat="51.0295840" lon="-1.9447850"><ele>86.0</ele></trkpt>
            <trkpt lat="51.0295200" lon="-1.9439290"><ele>86.0</ele></trkpt>
            <trkpt lat="51.0295470" lon="-1.9434870"><ele>86.0</ele></trkpt>
            <trkpt lat="51.0301300" lon="-1.9416330"><ele>88.0</ele></trkpt>
            <trkpt lat="51.0304710" lon="-1.9391650"><ele>86.0</ele></trkpt>
            <trkpt lat="51.0307880" lon="-1.9379040"><ele>83.0</ele></trkpt>
            <trkpt lat="51.0308470" lon="-1.9355710"><ele>84.0</ele></trkpt>
            <trkpt lat="51.0305760" lon="-1.9329050"><ele>83.0</ele></trkpt>
            <trkpt lat="51.0300260" lon="-1.9309660"><ele>81.0</ele></trkpt>
            <trkpt lat="51.0298640" lon="-1.9290480"><ele>82.0</ele></trkpt>
            <trkpt lat="51.0298610" lon="-1.9273880"><ele>83.0</ele></trkpt>
            <trkpt lat="51.0301840" lon="-1.9252620"><ele>86.0</ele></trkpt>
            <trkpt lat="51.0300960" lon="-1.9235220"><ele>87.0</ele></trkpt>
            <trkpt lat="51.0297120" lon="-1.9187310"><ele>78.0</ele></trkpt>
            <trkpt lat="51.0298030" lon="-1.9177190"><ele>78.0</ele></trkpt>
            <trkpt lat="51.0314440" lon="-1.9100360"><ele>78.0</ele></trkpt>
            <trkpt lat="51.0315450" lon="-1.9093620"><ele>80.0</ele></trkpt>
            <trkpt lat="51.0316500" lon="-1.9072470"><ele>78.0</ele></trkpt>
            <trkpt lat="51.0319310" lon="-1.9041920"><ele>76.0</ele></trkpt>
            <trkpt lat="51.0320800" lon="-1.9033740"><ele>75.0</ele></trkpt>
            <trkpt lat="51.0329290" lon="-1.9014420"><ele>75.0</ele></trkpt>
            <trkpt lat="51.0336490" lon="-1.8994050"><ele>77.0</ele></trkpt>
            <trkpt lat="51.0344570" lon="-1.8981450"><ele>81.0</ele></trkpt>
            <trkpt lat="51.0349870" lon="-1.8964660"><ele>78.0</ele></trkpt>
            <trkpt lat="51.0357460" lon="-1.8945380"><ele>77.0</ele></trkpt>
            <trkpt lat="51.0371200" lon="-1.8907260"><ele>79.0</ele></trkpt>
            <trkpt lat="51.0385040" lon="-1.8872650"><ele>82.0</ele></trkpt>
            <trkpt lat="51.0390920" lon="-1.8848000"><ele>76.0</ele></trkpt>
            <trkpt lat="51.0392310" lon="-1.8839120"><ele>79.0</ele></trkpt>
            <trkpt lat="51.0392470" lon="-1.8824570"><ele>73.0</ele></trkpt>
            <trkpt lat="51.0389080" lon="-1.8813350"><ele>71.0</ele></trkpt>
            <trkpt lat="51.0388520" lon="-1.8804270"><ele>70.0</ele></trkpt>
            <trkpt lat="51.0392050" lon="-1.8802310"><ele>73.0</ele></trkpt>
            <trkpt lat="51.0396030" lon="-1.8801900"><ele>73.0</ele></trkpt>
            <trkpt lat="51.0414780" lon="-1.8806320"><ele>83.0</ele></trkpt>
            <trkpt lat="51.0434340" lon="-1.8805810"><ele>105.0</ele></trkpt>
            <trkpt lat="51.0445370" lon="-1.8807360"><ele>111.0</ele></trkpt>
            <trkpt lat="51.0475570" lon="-1.8816170"><ele>120.0</ele></trkpt>
            <trkpt lat="51.0493200" lon="-1.8827350"><ele>125.0</ele></trkpt>
            <trkpt lat="51.0506270" lon="-1.8829770"><ele>126.0</ele></trkpt>
            <trkpt lat="51.0525040" lon="-1.8835360"><ele>125.0</ele></trkpt>
            <trkpt lat="51.0554750" lon="-1.8849260"><ele>135.0</ele></trkpt>
            <trkpt lat="51.0572090" lon="-1.8858570"><ele>147.0</ele></trkpt>
            <trkpt lat="51.0574790" lon="-1.8859000"><ele>147.0</ele></trkpt>
            <trkpt lat="51.0579010" lon="-1.8857570"><ele>162.0</ele></trkpt>
            <trkpt lat="51.0716980" lon="-1.8703010"><ele>72.0</ele></trkpt>
            <trkpt lat="51.0735940" lon="-1.8685260"><ele>66.0</ele></trkpt>
            <trkpt lat="51.0749510" lon="-1.8680510"><ele>65.0</ele></trkpt>
            <trkpt lat="51.0756250" lon="-1.8675920"><ele>69.0</ele></trkpt>
            <trkpt lat="51.0762810" lon="-1.8669910"><ele>61.0</ele></trkpt>
            <trkpt lat="51.0776470" lon="-1.8662590"><ele>56.0</ele></trkpt>
            <trkpt lat="51.0792190" lon="-1.8647130"><ele>56.0</ele></trkpt>
            <trkpt lat="51.0799730" lon="-1.8637680"><ele>56.0</ele></trkpt>
            <trkpt lat="51.0794960" lon="-1.8631710"><ele>56.0</ele></trkpt>
            <trkpt lat="51.0793610" lon="-1.8628260"><ele>56.0</ele></trkpt>
            <trkpt lat="51.0793430" lon="-1.8625580"><ele>56.0</ele></trkpt>
            <trkpt lat="51.0795020" lon="-1.8612860"><ele>56.0</ele></trkpt>
            <trkpt lat="51.0793480" lon="-1.8607820"><ele>56.0</ele></trkpt>
            <trkpt lat="51.0793370" lon="-1.8605330"><ele>56.0</ele></trkpt>
            <trkpt lat="51.0794890" lon="-1.8597610"><ele>56.0</ele></trkpt>
            <trkpt lat="51.0802770" lon="-1.8579620"><ele>57.0</ele></trkpt>
            <trkpt lat="51.0820080" lon="-1.8562230"><ele>59.0</ele></trkpt>
            <trkpt lat="51.0818400" lon="-1.8557840"><ele>59.0</ele></trkpt>
            <trkpt lat="51.0815170" lon="-1.8542390"><ele>63.0</ele></trkpt>
            <trkpt lat="51.0814080" lon="-1.8531780"><ele>65.0</ele></trkpt>
            <trkpt lat="51.0813020" lon="-1.8503600"><ele>62.0</ele></trkpt>
            <trkpt lat="51.0810660" lon="-1.8480450"><ele>69.0</ele></trkpt>
            <trkpt lat="51.0783180" lon="-1.8484280"><ele>63.0</ele></trkpt>
            <trkpt lat="51.0782090" lon="-1.8482000"><ele>63.0</ele></trkpt>
        </trkseg>
    </trk>
</gpx>
