<?xml version="1.0" encoding="UTF-8"?>
<gpx creator="geoPHP" version="1.1"
  xmlns:xsi="http://www.w3.org/2001/XMLSchema-instance"
  xmlns="http://www.topografix.com/GPX/1/1"
  xsi:schemaLocation="http://www.topografix.com/GPX/1/1 http://www.topografix.com/GPX/1/1/gpx.xsd" >

<trk>
	<name>01: Vienna – Hainburg an der Donau (DEVELOPED_WITH_SIGNS)</name>
	<desc>DEVELOPED_WITH_SIGNS</desc>
	<trkseg>
		<trkpt lat="48.254729992" lon="16.3815">
			<ele>163</ele>
		</trkpt>
		<trkpt lat="48.255049992" lon="16.38283">
			<ele>155</ele>
		</trkpt>
		<trkpt lat="48.255389992" lon="16.38391">
			<ele>154.2</ele>
		</trkpt>
		<trkpt lat="48.255929992" lon="16.38494">
			<ele>157.8</ele>
		</trkpt>
		<trkpt lat="48.255209992" lon="16.38564">
			<ele>159.6</ele>
		</trkpt>
		<trkpt lat="48.255129992" lon="16.38574">
			<ele>159.6</ele>
		</trkpt>
		<trkpt lat="48.255129992" lon="16.38585">
			<ele>159.6</ele>
		</trkpt>
		<trkpt lat="48.255159992" lon="16.38591">
			<ele>160.9</ele>
		</trkpt>
		<trkpt lat="48.254709992" lon="16.38639">
			<ele>159.9</ele>
		</trkpt>
		<trkpt lat="48.253989992" lon="16.38704">
			<ele>157.3</ele>
		</trkpt>
		<trkpt lat="48.253319992" lon="16.38775">
			<ele>156.7</ele>
		</trkpt>
		<trkpt lat="48.251069992" lon="16.38992">
			<ele>161.5</ele>
		</trkpt>
		<trkpt lat="48.250329992" lon="16.39028">
			<ele>159.2</ele>
		</trkpt>
		<trkpt lat="48.249559992" lon="16.39099">
			<ele>154.7</ele>
		</trkpt>
		<trkpt lat="48.249149992" lon="16.39149">
			<ele>157.4</ele>
		</trkpt>
		<trkpt lat="48.248889992" lon="16.3919">
			<ele>159.7</ele>
		</trkpt>
		<trkpt lat="48.247299992" lon="16.39354">
			<ele>160.6</ele>
		</trkpt>
		<trkpt lat="48.247010992" lon="16.394005">
			<ele>160.9</ele>
		</trkpt>
		<trkpt lat="48.245079992" lon="16.39606">
			<ele>163.3</ele>
		</trkpt>
		<trkpt lat="48.244929992" lon="16.3964">
			<ele>161.5</ele>
		</trkpt>
		<trkpt lat="48.244739992" lon="16.39653">
			<ele>161</ele>
		</trkpt>
		<trkpt lat="48.244479992" lon="16.39659">
			<ele>160.4</ele>
		</trkpt>
		<trkpt lat="48.244249992" lon="16.39681">
			<ele>159.9</ele>
		</trkpt>
		<trkpt lat="48.243899992" lon="16.39729">
			<ele>160.8</ele>
		</trkpt>
		<trkpt lat="48.240379992" lon="16.40124">
			<ele>163.6</ele>
		</trkpt>
		<trkpt lat="48.240179992" lon="16.40155">
			<ele>162.6</ele>
		</trkpt>
		<trkpt lat="48.239579992" lon="16.40228">
			<ele>162.4</ele>
		</trkpt>
		<trkpt lat="48.239199992" lon="16.40263">
			<ele>160.8</ele>
		</trkpt>
		<trkpt lat="48.237489992" lon="16.40459">
			<ele>159.5</ele>
		</trkpt>
		<trkpt lat="48.236309992" lon="16.40583">
			<ele>157.3</ele>
		</trkpt>
		<trkpt lat="48.236029992" lon="16.40604">
			<ele>157</ele>
		</trkpt>
		<trkpt lat="48.235279992" lon="16.40694">
			<ele>160.6</ele>
		</trkpt>
		<trkpt lat="48.235079992" lon="16.40709">
			<ele>161</ele>
		</trkpt>
		<trkpt lat="48.234359992" lon="16.40779">
			<ele>162.8</ele>
		</trkpt>
		<trkpt lat="48.234219992" lon="16.40787">
			<ele>162.3</ele>
		</trkpt>
		<trkpt lat="48.233969992" lon="16.40793">
			<ele>161.4</ele>
		</trkpt>
		<trkpt lat="48.233879992" lon="16.40801">
			<ele>161.6</ele>
		</trkpt>
		<trkpt lat="48.233069992" lon="16.409">
			<ele>160.9</ele>
		</trkpt>
		<trkpt lat="48.232609992" lon="16.40944">
			<ele>160.9</ele>
		</trkpt>
		<trkpt lat="48.232569992" lon="16.40952">
			<ele>160.9</ele>
		</trkpt>
		<trkpt lat="48.232579992" lon="16.40973">
			<ele>161.9</ele>
		</trkpt>
		<trkpt lat="48.232529992" lon="16.40989">
			<ele>162.6</ele>
		</trkpt>
		<trkpt lat="48.231369992" lon="16.41126">
			<ele>160.8</ele>
		</trkpt>
		<trkpt lat="48.231209992" lon="16.41161">
			<ele>161.5</ele>
		</trkpt>
		<trkpt lat="48.231179992" lon="16.41179">
			<ele>161.8</ele>
		</trkpt>
		<trkpt lat="48.231049992" lon="16.41202">
			<ele>161.8</ele>
		</trkpt>
		<trkpt lat="48.230939992" lon="16.41208">
			<ele>161.4</ele>
		</trkpt>
		<trkpt lat="48.230149992" lon="16.41301">
			<ele>162.3</ele>
		</trkpt>
		<trkpt lat="48.229829992" lon="16.41346">
			<ele>165.5</ele>
		</trkpt>
		<trkpt lat="48.229469992" lon="16.41379">
			<ele>166.7</ele>
		</trkpt>
		<trkpt lat="48.229069992" lon="16.41376">
			<ele>165.5</ele>
		</trkpt>
		<trkpt lat="48.228059992" lon="16.41508">
			<ele>164.9</ele>
		</trkpt>
		<trkpt lat="48.226669992" lon="16.4168">
			<ele>157.6</ele>
		</trkpt>
		<trkpt lat="48.219459992" lon="16.42752">
			<ele>159.7</ele>
		</trkpt>
		<trkpt lat="48.219319992" lon="16.42735">
			<ele>159.6</ele>
		</trkpt>
		<trkpt lat="48.218789992" lon="16.42817">
			<ele>160.5</ele>
		</trkpt>
		<trkpt lat="48.218709992" lon="16.42845">
			<ele>160.7</ele>
		</trkpt>
		<trkpt lat="48.218629992" lon="16.42859">
			<ele>160.7</ele>
		</trkpt>
		<trkpt lat="48.218349992" lon="16.42901">
			<ele>160.4</ele>
		</trkpt>
		<trkpt lat="48.217859992" lon="16.42955">
			<ele>157.8</ele>
		</trkpt>
		<trkpt lat="48.217389992" lon="16.43034">
			<ele>156</ele>
		</trkpt>
		<trkpt lat="48.217119992" lon="16.43086">
			<ele>155</ele>
		</trkpt>
		<trkpt lat="48.216849992" lon="16.43126">
			<ele>155</ele>
		</trkpt>
		<trkpt lat="48.216459992" lon="16.43159">
			<ele>155.1</ele>
		</trkpt>
		<trkpt lat="48.216359992" lon="16.43173">
			<ele>156.4</ele>
		</trkpt>
		<trkpt lat="48.215669992" lon="16.43289">
			<ele>156.9</ele>
		</trkpt>
		<trkpt lat="48.215399992" lon="16.43344">
			<ele>157.5</ele>
		</trkpt>
		<trkpt lat="48.214069992" lon="16.43524">
			<ele>154.2</ele>
		</trkpt>
		<trkpt lat="48.213999992" lon="16.43552">
			<ele>154.7</ele>
		</trkpt>
		<trkpt lat="48.213766992" lon="16.435997">
			<ele>155.2</ele>
		</trkpt>
		<trkpt lat="48.213716992" lon="16.4363">
			<ele>156.1</ele>
		</trkpt>
		<trkpt lat="48.212668992" lon="16.437914">
			<ele>154.8</ele>
		</trkpt>
		<trkpt lat="48.210269992" lon="16.44105">
			<ele>157.5</ele>
		</trkpt>
		<trkpt lat="48.209699992" lon="16.441852">
			<ele>160.6</ele>
		</trkpt>
		<trkpt lat="48.209099992" lon="16.442743">
			<ele>155.6</ele>
		</trkpt>
		<trkpt lat="48.208359992" lon="16.44399">
			<ele>157</ele>
		</trkpt>
		<trkpt lat="48.207229992" lon="16.44565">
			<ele>157.1</ele>
		</trkpt>
		<trkpt lat="48.205809992" lon="16.44785">
			<ele>157.8</ele>
		</trkpt>
		<trkpt lat="48.205189992" lon="16.44884">
			<ele>158.7</ele>
		</trkpt>
		<trkpt lat="48.204869992" lon="16.44944">
			<ele>159.7</ele>
		</trkpt>
		<trkpt lat="48.204609992" lon="16.44967">
			<ele>159.4</ele>
		</trkpt>
		<trkpt lat="48.204419992" lon="16.44992">
			<ele>159</ele>
		</trkpt>
		<trkpt lat="48.197259992" lon="16.46056">
			<ele>159.8</ele>
		</trkpt>
		<trkpt lat="48.195439992" lon="16.46316">
			<ele>157.3</ele>
		</trkpt>
		<trkpt lat="48.194769992" lon="16.46425">
			<ele>156.3</ele>
		</trkpt>
		<trkpt lat="48.194699992" lon="16.46443">
			<ele>155.4</ele>
		</trkpt>
		<trkpt lat="48.194719992" lon="16.46461">
			<ele>155.3</ele>
		</trkpt>
		<trkpt lat="48.194579992" lon="16.46471">
			<ele>155.3</ele>
		</trkpt>
		<trkpt lat="48.193549992" lon="16.46636">
			<ele>155</ele>
		</trkpt>
		<trkpt lat="48.193509992" lon="16.46649">
			<ele>155.7</ele>
		</trkpt>
		<trkpt lat="48.193369992" lon="16.4665">
			<ele>155.4</ele>
		</trkpt>
		<trkpt lat="48.193299992" lon="16.46655">
			<ele>155.4</ele>
		</trkpt>
		<trkpt lat="48.193129992" lon="16.46706">
			<ele>156.8</ele>
		</trkpt>
		<trkpt lat="48.192139992" lon="16.46857">
			<ele>159.6</ele>
		</trkpt>
		<trkpt lat="48.191869992" lon="16.4687">
			<ele>159.1</ele>
		</trkpt>
		<trkpt lat="48.191679992" lon="16.46889">
			<ele>158.4</ele>
		</trkpt>
		<trkpt lat="48.191539992" lon="16.46924">
			<ele>158.5</ele>
		</trkpt>
		<trkpt lat="48.191369992" lon="16.46952">
			<ele>158.3</ele>
		</trkpt>
		<trkpt lat="48.189009992" lon="16.47312">
			<ele>156</ele>
		</trkpt>
		<trkpt lat="48.188679992" lon="16.47332">
			<ele>155.9</ele>
		</trkpt>
		<trkpt lat="48.188409992" lon="16.47385">
			<ele>156.7</ele>
		</trkpt>
		<trkpt lat="48.188109992" lon="16.47429">
			<ele>157.4</ele>
		</trkpt>
		<trkpt lat="48.187899992" lon="16.47489">
			<ele>157</ele>
		</trkpt>
		<trkpt lat="48.187619992" lon="16.47523">
			<ele>156.6</ele>
		</trkpt>
		<trkpt lat="48.187319992" lon="16.47577">
			<ele>155</ele>
		</trkpt>
		<trkpt lat="48.186619992" lon="16.47679">
			<ele>154.8</ele>
		</trkpt>
		<trkpt lat="48.185959992" lon="16.47787">
			<ele>159.6</ele>
		</trkpt>
		<trkpt lat="48.185639992" lon="16.4783">
			<ele>158.4</ele>
		</trkpt>
		<trkpt lat="48.184309992" lon="16.48036">
			<ele>154.5</ele>
		</trkpt>
		<trkpt lat="48.183989992" lon="16.48082">
			<ele>154.9</ele>
		</trkpt>
		<trkpt lat="48.183719992" lon="16.48109">
			<ele>154</ele>
		</trkpt>
		<trkpt lat="48.183349992" lon="16.48157">
			<ele>153.5</ele>
		</trkpt>
		<trkpt lat="48.182719992" lon="16.4826">
			<ele>154.1</ele>
		</trkpt>
		<trkpt lat="48.182599992" lon="16.48299">
			<ele>156</ele>
		</trkpt>
		<trkpt lat="48.181699992" lon="16.48441">
			<ele>155.4</ele>
		</trkpt>
		<trkpt lat="48.180339992" lon="16.48645">
			<ele>154</ele>
		</trkpt>
		<trkpt lat="48.179099992" lon="16.48842">
			<ele>155.9</ele>
		</trkpt>
		<trkpt lat="48.178499992" lon="16.48916">
			<ele>154.5</ele>
		</trkpt>
		<trkpt lat="48.178259992" lon="16.48962">
			<ele>154.3</ele>
		</trkpt>
		<trkpt lat="48.178309992" lon="16.4898">
			<ele>155.4</ele>
		</trkpt>
		<trkpt lat="48.178279992" lon="16.48995">
			<ele>156.5</ele>
		</trkpt>
		<trkpt lat="48.177679992" lon="16.49092">
			<ele>157.8</ele>
		</trkpt>
		<trkpt lat="48.177569992" lon="16.49099">
			<ele>158</ele>
		</trkpt>
		<trkpt lat="48.177339992" lon="16.49101">
			<ele>157.2</ele>
		</trkpt>
		<trkpt lat="48.176969992" lon="16.49154">
			<ele>156</ele>
		</trkpt>
		<trkpt lat="48.177099992" lon="16.49191">
			<ele>155.9</ele>
		</trkpt>
		<trkpt lat="48.177649992" lon="16.49276">
			<ele>155.3</ele>
		</trkpt>
		<trkpt lat="48.178249992" lon="16.49359">
			<ele>154.2</ele>
		</trkpt>
		<trkpt lat="48.179369992" lon="16.49525">
			<ele>152.7</ele>
		</trkpt>
		<trkpt lat="48.179399992" lon="16.49566">
			<ele>152.7</ele>
		</trkpt>
		<trkpt lat="48.179309992" lon="16.4959">
			<ele>152.9</ele>
		</trkpt>
		<trkpt lat="48.171229992" lon="16.50862">
			<ele>153.3</ele>
		</trkpt>
		<trkpt lat="48.170829992" lon="16.50888">
			<ele>154.5</ele>
		</trkpt>
		<trkpt lat="48.170769992" lon="16.5094">
			<ele>154.2</ele>
		</trkpt>
		<trkpt lat="48.169789992" lon="16.51142">
			<ele>156</ele>
		</trkpt>
		<trkpt lat="48.169699992" lon="16.51168">
			<ele>156.6</ele>
		</trkpt>
		<trkpt lat="48.169799992" lon="16.51181">
			<ele>157.8</ele>
		</trkpt>
		<trkpt lat="48.170639992" lon="16.51201">
			<ele>159.1</ele>
		</trkpt>
		<trkpt lat="48.170569992" lon="16.51241">
			<ele>161.1</ele>
		</trkpt>
		<trkpt lat="48.170359992" lon="16.51269">
			<ele>162.9</ele>
		</trkpt>
		<trkpt lat="48.168139992" lon="16.51725">
			<ele>164.3</ele>
		</trkpt>
		<trkpt lat="48.166299992" lon="16.5212">
			<ele>158.6</ele>
		</trkpt>
		<trkpt lat="48.165549992" lon="16.52269">
			<ele>158.5</ele>
		</trkpt>
		<trkpt lat="48.165429992" lon="16.52281">
			<ele>158.3</ele>
		</trkpt>
		<trkpt lat="48.165199992" lon="16.52319">
			<ele>157.9</ele>
		</trkpt>
		<trkpt lat="48.163559992" lon="16.52383">
			<ele>154</ele>
		</trkpt>
		<trkpt lat="48.162639992" lon="16.52436">
			<ele>155.1</ele>
		</trkpt>
		<trkpt lat="48.161949992" lon="16.52483">
			<ele>155.8</ele>
		</trkpt>
		<trkpt lat="48.156119992" lon="16.52974">
			<ele>151.1</ele>
		</trkpt>
		<trkpt lat="48.154589992" lon="16.53265">
			<ele>160.8</ele>
		</trkpt>
		<trkpt lat="48.149199992" lon="16.54372">
			<ele>156.3</ele>
		</trkpt>
		<trkpt lat="48.146879992" lon="16.54922">
			<ele>156.8</ele>
		</trkpt>
		<trkpt lat="48.146329992" lon="16.55071">
			<ele>157.9</ele>
		</trkpt>
		<trkpt lat="48.143669992" lon="16.55896">
			<ele>155.6</ele>
		</trkpt>
		<trkpt lat="48.140569992" lon="16.57129">
			<ele>157</ele>
		</trkpt>
		<trkpt lat="48.139879992" lon="16.57452">
			<ele>161.1</ele>
		</trkpt>
		<trkpt lat="48.138479992" lon="16.5822">
			<ele>160.6</ele>
		</trkpt>
		<trkpt lat="48.137849992" lon="16.58665">
			<ele>159</ele>
		</trkpt>
		<trkpt lat="48.137339992" lon="16.59144">
			<ele>157.5</ele>
		</trkpt>
		<trkpt lat="48.136929992" lon="16.59812">
			<ele>157.8</ele>
		</trkpt>
		<trkpt lat="48.136819992" lon="16.60081">
			<ele>159</ele>
		</trkpt>
		<trkpt lat="48.136419992" lon="16.61378">
			<ele>146.9</ele>
		</trkpt>
		<trkpt lat="48.138209992" lon="16.61398">
			<ele>152.9</ele>
		</trkpt>
		<trkpt lat="48.138319992" lon="16.61411">
			<ele>152.9</ele>
		</trkpt>
		<trkpt lat="48.138429992" lon="16.61437">
			<ele>152.3</ele>
		</trkpt>
		<trkpt lat="48.138549992" lon="16.61497">
			<ele>152</ele>
		</trkpt>
		<trkpt lat="48.138699992" lon="16.61539">
			<ele>152.8</ele>
		</trkpt>
		<trkpt lat="48.138789992" lon="16.61548">
			<ele>152.8</ele>
		</trkpt>
		<trkpt lat="48.139609992" lon="16.61563">
			<ele>150.7</ele>
		</trkpt>
		<trkpt lat="48.139699992" lon="16.61561">
			<ele>150.7</ele>
		</trkpt>
		<trkpt lat="48.139749992" lon="16.61555">
			<ele>150.1</ele>
		</trkpt>
		<trkpt lat="48.139909992" lon="16.61486">
			<ele>152.1</ele>
		</trkpt>
		<trkpt lat="48.139969992" lon="16.61474">
			<ele>151.9</ele>
		</trkpt>
		<trkpt lat="48.140019992" lon="16.61473">
			<ele>151.9</ele>
		</trkpt>
		<trkpt lat="48.139019992" lon="16.62032">
			<ele>148.6</ele>
		</trkpt>
		<trkpt lat="48.138829992" lon="16.62157">
			<ele>149.3</ele>
		</trkpt>
		<trkpt lat="48.138409992" lon="16.62497">
			<ele>150.8</ele>
		</trkpt>
		<trkpt lat="48.138149992" lon="16.62681">
			<ele>151.2</ele>
		</trkpt>
		<trkpt lat="48.137379992" lon="16.63177">
			<ele>151.6</ele>
		</trkpt>
		<trkpt lat="48.137179992" lon="16.6323">
			<ele>152.4</ele>
		</trkpt>
		<trkpt lat="48.135839992" lon="16.63416">
			<ele>148.8</ele>
		</trkpt>
		<trkpt lat="48.135749992" lon="16.63433">
			<ele>148.4</ele>
		</trkpt>
		<trkpt lat="48.135719992" lon="16.63457">
			<ele>147.7</ele>
		</trkpt>
		<trkpt lat="48.135739992" lon="16.63506">
			<ele>147.8</ele>
		</trkpt>
		<trkpt lat="48.135639992" lon="16.63833">
			<ele>150.6</ele>
		</trkpt>
		<trkpt lat="48.135549992" lon="16.63914">
			<ele>153</ele>
		</trkpt>
		<trkpt lat="48.135579992" lon="16.63917">
			<ele>153</ele>
		</trkpt>
		<trkpt lat="48.135599992" lon="16.63946">
			<ele>149.4</ele>
		</trkpt>
		<trkpt lat="48.135449992" lon="16.64469">
			<ele>151.4</ele>
		</trkpt>
		<trkpt lat="48.135339992" lon="16.64533">
			<ele>153.3</ele>
		</trkpt>
		<trkpt lat="48.135449992" lon="16.64657">
			<ele>151.1</ele>
		</trkpt>
		<trkpt lat="48.135109992" lon="16.65673">
			<ele>147.4</ele>
		</trkpt>
		<trkpt lat="48.135079992" lon="16.65728">
			<ele>147.1</ele>
		</trkpt>
		<trkpt lat="48.135029992" lon="16.65738">
			<ele>147.2</ele>
		</trkpt>
		<trkpt lat="48.134999992" lon="16.6576">
			<ele>147.1</ele>
		</trkpt>
		<trkpt lat="48.134959992" lon="16.65824">
			<ele>147.1</ele>
		</trkpt>
		<trkpt lat="48.134969992" lon="16.65931">
			<ele>146.5</ele>
		</trkpt>
		<trkpt lat="48.134809992" lon="16.66377">
			<ele>151.1</ele>
		</trkpt>
		<trkpt lat="48.134819992" lon="16.66469">
			<ele>150.8</ele>
		</trkpt>
		<trkpt lat="48.134649992" lon="16.66592">
			<ele>154</ele>
		</trkpt>
		<trkpt lat="48.134719992" lon="16.66637">
			<ele>155.7</ele>
		</trkpt>
		<trkpt lat="48.134719992" lon="16.6674">
			<ele>156</ele>
		</trkpt>
		<trkpt lat="48.134349992" lon="16.67903">
			<ele>157.5</ele>
		</trkpt>
		<trkpt lat="48.134229992" lon="16.67991">
			<ele>150.8</ele>
		</trkpt>
		<trkpt lat="48.134309992" lon="16.68028">
			<ele>149.6</ele>
		</trkpt>
		<trkpt lat="48.134119992" lon="16.68895">
			<ele>154</ele>
		</trkpt>
		<trkpt lat="48.134059992" lon="16.68969">
			<ele>155.9</ele>
		</trkpt>
		<trkpt lat="48.133929992" lon="16.69048">
			<ele>156.2</ele>
		</trkpt>
		<trkpt lat="48.133959992" lon="16.69045">
			<ele>156.2</ele>
		</trkpt>
		<trkpt lat="48.134029992" lon="16.69047">
			<ele>156.2</ele>
		</trkpt>
		<trkpt lat="48.134079992" lon="16.69067">
			<ele>156.2</ele>
		</trkpt>
		<trkpt lat="48.133999992" lon="16.69852">
			<ele>159</ele>
		</trkpt>
		<trkpt lat="48.133979992" lon="16.70456">
			<ele>155.8</ele>
		</trkpt>
		<trkpt lat="48.133929992" lon="16.70533">
			<ele>150.8</ele>
		</trkpt>
		<trkpt lat="48.133929992" lon="16.70604">
			<ele>148</ele>
		</trkpt>
		<trkpt lat="48.133849992" lon="16.70646">
			<ele>148</ele>
		</trkpt>
		<trkpt lat="48.133849992" lon="16.7067">
			<ele>148.1</ele>
		</trkpt>
		<trkpt lat="48.133929992" lon="16.70732">
			<ele>148.8</ele>
		</trkpt>
		<trkpt lat="48.133929992" lon="16.70768">
			<ele>149.7</ele>
		</trkpt>
		<trkpt lat="48.133969992" lon="16.70797">
			<ele>150.3</ele>
		</trkpt>
		<trkpt lat="48.133929992" lon="16.73219">
			<ele>152.9</ele>
		</trkpt>
		<trkpt lat="48.133839992" lon="16.73295">
			<ele>154.2</ele>
		</trkpt>
		<trkpt lat="48.133929992" lon="16.73388">
			<ele>154</ele>
		</trkpt>
		<trkpt lat="48.133869992" lon="16.75747">
			<ele>147.9</ele>
		</trkpt>
		<trkpt lat="48.133809992" lon="16.75807">
			<ele>148.2</ele>
		</trkpt>
		<trkpt lat="48.133859992" lon="16.75997">
			<ele>145.9</ele>
		</trkpt>
		<trkpt lat="48.133859992" lon="16.7657">
			<ele>149.4</ele>
		</trkpt>
		<trkpt lat="48.133819992" lon="16.77961">
			<ele>154.4</ele>
		</trkpt>
		<trkpt lat="48.133769992" lon="16.78076">
			<ele>155.6</ele>
		</trkpt>
		<trkpt lat="48.133809992" lon="16.78174">
			<ele>154.2</ele>
		</trkpt>
		<trkpt lat="48.133789992" lon="16.79351">
			<ele>152.3</ele>
		</trkpt>
		<trkpt lat="48.133719992" lon="16.79415">
			<ele>151.4</ele>
		</trkpt>
		<trkpt lat="48.133779992" lon="16.79521">
			<ele>150</ele>
		</trkpt>
		<trkpt lat="48.133789992" lon="16.80234">
			<ele>152.5</ele>
		</trkpt>
		<trkpt lat="48.133819992" lon="16.80683">
			<ele>153.2</ele>
		</trkpt>
		<trkpt lat="48.133899992" lon="16.81113">
			<ele>149.1</ele>
		</trkpt>
		<trkpt lat="48.133879992" lon="16.81145">
			<ele>148</ele>
		</trkpt>
		<trkpt lat="48.133959992" lon="16.81244">
			<ele>147.7</ele>
		</trkpt>
		<trkpt lat="48.134069992" lon="16.81596">
			<ele>150.1</ele>
		</trkpt>
		<trkpt lat="48.134349992" lon="16.82251">
			<ele>144.6</ele>
		</trkpt>
		<trkpt lat="48.134349992" lon="16.82349">
			<ele>144.4</ele>
		</trkpt>
		<trkpt lat="48.134469992" lon="16.82459">
			<ele>143.2</ele>
		</trkpt>
		<trkpt lat="48.134569992" lon="16.82648">
			<ele>149.8</ele>
		</trkpt>
		<trkpt lat="48.134879992" lon="16.83108">
			<ele>148.2</ele>
		</trkpt>
		<trkpt lat="48.134879992" lon="16.83174">
			<ele>150.7</ele>
		</trkpt>
		<trkpt lat="48.134999992" lon="16.83261">
			<ele>150</ele>
		</trkpt>
		<trkpt lat="48.135779992" lon="16.84194">
			<ele>144.8</ele>
		</trkpt>
		<trkpt lat="48.136589992" lon="16.84918">
			<ele>148.3</ele>
		</trkpt>
		<trkpt lat="48.136709992" lon="16.85059">
			<ele>149.1</ele>
		</trkpt>
		<trkpt lat="48.136759992" lon="16.85076">
			<ele>149</ele>
		</trkpt>
		<trkpt lat="48.136919992" lon="16.85185">
			<ele>149.8</ele>
		</trkpt>
		<trkpt lat="48.137319992" lon="16.8552">
			<ele>146.8</ele>
		</trkpt>
		<trkpt lat="48.137669992" lon="16.85739">
			<ele>147.3</ele>
		</trkpt>
		<trkpt lat="48.137719992" lon="16.85786">
			<ele>145.9</ele>
		</trkpt>
		<trkpt lat="48.137899992" lon="16.85873">
			<ele>141.8</ele>
		</trkpt>
		<trkpt lat="48.138039992" lon="16.85963">
			<ele>146.4</ele>
		</trkpt>
		<trkpt lat="48.138659992" lon="16.86268">
			<ele>148.4</ele>
		</trkpt>
		<trkpt lat="48.139579992" lon="16.86632">
			<ele>145.4</ele>
		</trkpt>
		<trkpt lat="48.140059992" lon="16.868">
			<ele>151</ele>
		</trkpt>
		<trkpt lat="48.141119992" lon="16.87127">
			<ele>144.7</ele>
		</trkpt>
		<trkpt lat="48.141219992" lon="16.8716">
			<ele>144.5</ele>
		</trkpt>
		<trkpt lat="48.141339992" lon="16.87221">
			<ele>144.8</ele>
		</trkpt>
		<trkpt lat="48.141639992" lon="16.87287">
			<ele>146</ele>
		</trkpt>
		<trkpt lat="48.142229992" lon="16.87437">
			<ele>148.3</ele>
		</trkpt>
		<trkpt lat="48.142639992" lon="16.87529">
			<ele>144.3</ele>
		</trkpt>
		<trkpt lat="48.143239992" lon="16.87685">
			<ele>142.7</ele>
		</trkpt>
		<trkpt lat="48.144309992" lon="16.8793">
			<ele>148.4</ele>
		</trkpt>
		<trkpt lat="48.145319992" lon="16.88149">
			<ele>145.1</ele>
		</trkpt>
		<trkpt lat="48.145789992" lon="16.88289">
			<ele>145</ele>
		</trkpt>
		<trkpt lat="48.145979992" lon="16.88317">
			<ele>144.4</ele>
		</trkpt>
		<trkpt lat="48.146009992" lon="16.88192">
			<ele>143.3</ele>
		</trkpt>
		<trkpt lat="48.146159992" lon="16.88209">
			<ele>143.1</ele>
		</trkpt>
		<trkpt lat="48.146339992" lon="16.88239">
			<ele>142.8</ele>
		</trkpt>
		<trkpt lat="48.146589992" lon="16.88305">
			<ele>141.8</ele>
		</trkpt>
		<trkpt lat="48.146749992" lon="16.8832">
			<ele>141.6</ele>
		</trkpt>
		<trkpt lat="48.147039992" lon="16.88366">
			<ele>141.9</ele>
		</trkpt>
		<trkpt lat="48.147509992" lon="16.88452">
			<ele>142.9</ele>
		</trkpt>
		<trkpt lat="48.147509992" lon="16.88461">
			<ele>142.9</ele>
		</trkpt>
		<trkpt lat="48.148109992" lon="16.88579">
			<ele>147.2</ele>
		</trkpt>
		<trkpt lat="48.150119992" lon="16.88926">
			<ele>143.2</ele>
		</trkpt>
		<trkpt lat="48.151879992" lon="16.89247">
			<ele>143.3</ele>
		</trkpt>
		<trkpt lat="48.152229992" lon="16.89286">
			<ele>144.7</ele>
		</trkpt>
		<trkpt lat="48.152479992" lon="16.89342">
			<ele>145.4</ele>
		</trkpt>
		<trkpt lat="48.152669992" lon="16.89394">
			<ele>145.6</ele>
		</trkpt>
		<trkpt lat="48.156559992" lon="16.90096">
			<ele>146.3</ele>
		</trkpt>
		<trkpt lat="48.156689992" lon="16.90138">
			<ele>146.7</ele>
		</trkpt>
		<trkpt lat="48.157459992" lon="16.90034">
			<ele>149.7</ele>
		</trkpt>
		<trkpt lat="48.141500992" lon="16.911398">
			<ele>149.9</ele>
		</trkpt>
		<trkpt lat="48.141539992" lon="16.91114">
			<ele>149.1</ele>
		</trkpt>
		<trkpt lat="48.141519992" lon="16.91033">
			<ele>148.8</ele>
		</trkpt>
		<trkpt lat="48.141859992" lon="16.91012">
			<ele>149.3</ele>
		</trkpt>
		<trkpt lat="48.143599992" lon="16.90951">
			<ele>150.1</ele>
		</trkpt>
		<trkpt lat="48.143849992" lon="16.91057">
			<ele>146</ele>
		</trkpt>
		<trkpt lat="48.144769992" lon="16.91255">
			<ele>142.6</ele>
		</trkpt>
		<trkpt lat="48.145029992" lon="16.91375">
			<ele>141</ele>
		</trkpt>
		<trkpt lat="48.145119992" lon="16.91542">
			<ele>140.5</ele>
		</trkpt>
		<trkpt lat="48.145129992" lon="16.91848">
			<ele>141.6</ele>
		</trkpt>
		<trkpt lat="48.145249992" lon="16.92194">
			<ele>141.9</ele>
		</trkpt>
		<trkpt lat="48.145159992" lon="16.92414">
			<ele>144.3</ele>
		</trkpt>
		<trkpt lat="48.145299992" lon="16.92508">
			<ele>143.8</ele>
		</trkpt>
		<trkpt lat="48.145329992" lon="16.92594">
			<ele>142.8</ele>
		</trkpt>
		<trkpt lat="48.145249992" lon="16.92741">
			<ele>141.4</ele>
		</trkpt>
		<trkpt lat="48.145189992" lon="16.92938">
			<ele>143.5</ele>
		</trkpt>
		<trkpt lat="48.145249992" lon="16.93068">
			<ele>144.7</ele>
		</trkpt>
		<trkpt lat="48.145229992" lon="16.93138">
			<ele>144.7</ele>
		</trkpt>
		<trkpt lat="48.145289992" lon="16.93202">
			<ele>144.5</ele>
		</trkpt>
		<trkpt lat="48.145389992" lon="16.93231">
			<ele>144.6</ele>
		</trkpt>
		<trkpt lat="48.145829992" lon="16.93326">
			<ele>145.4</ele>
		</trkpt>
		<trkpt lat="48.146479992" lon="16.934851">
			<ele>142.5</ele>
		</trkpt>
	</trkseg>
</trk>
<trk>
	<name>02: Hainburg an der Donau – Bratislava, Slovakia (DEVELOPED_WITH_SIGNS)</name>
	<desc>DEVELOPED_WITH_SIGNS</desc>
	<trkseg>
		<trkpt lat="48.146516992" lon="16.934851">
			<ele>142.5</ele>
		</trkpt>
		<trkpt lat="48.146787992" lon="16.935353">
			<ele>138.5</ele>
		</trkpt>
		<trkpt lat="48.147359992" lon="16.936179">
			<ele>137.2</ele>
		</trkpt>
		<trkpt lat="48.148129992" lon="16.937485">
			<ele>140.4</ele>
		</trkpt>
		<trkpt lat="48.149482992" lon="16.940897">
			<ele>142.2</ele>
		</trkpt>
		<trkpt lat="48.150033992" lon="16.942614">
			<ele>138.7</ele>
		</trkpt>
		<trkpt lat="48.150049992" lon="16.94311">
			<ele>139.4</ele>
		</trkpt>
		<trkpt lat="48.150369992" lon="16.94375">
			<ele>137.8</ele>
		</trkpt>
		<trkpt lat="48.150399992" lon="16.944">
			<ele>137.8</ele>
		</trkpt>
		<trkpt lat="48.150019992" lon="16.94426">
			<ele>143.6</ele>
		</trkpt>
		<trkpt lat="48.149909992" lon="16.94441">
			<ele>147</ele>
		</trkpt>
		<trkpt lat="48.149849992" lon="16.94493">
			<ele>149.4</ele>
		</trkpt>
		<trkpt lat="48.150179992" lon="16.94495">
			<ele>147.4</ele>
		</trkpt>
		<trkpt lat="48.150239992" lon="16.94501">
			<ele>147.4</ele>
		</trkpt>
		<trkpt lat="48.150299992" lon="16.94522">
			<ele>149.2</ele>
		</trkpt>
		<trkpt lat="48.150259992" lon="16.9455">
			<ele>150.6</ele>
		</trkpt>
		<trkpt lat="48.149149992" lon="16.9483">
			<ele>157.8</ele>
		</trkpt>
		<trkpt lat="48.148669992" lon="16.94788">
			<ele>155.2</ele>
		</trkpt>
		<trkpt lat="48.147999992" lon="16.94911">
			<ele>159</ele>
		</trkpt>
		<trkpt lat="48.147349992" lon="16.95125">
			<ele>161.8</ele>
		</trkpt>
		<trkpt lat="48.147179992" lon="16.95196">
			<ele>163.7</ele>
		</trkpt>
		<trkpt lat="48.147079992" lon="16.95303">
			<ele>166.6</ele>
		</trkpt>
		<trkpt lat="48.146569992" lon="16.957">
			<ele>173.4</ele>
		</trkpt>
		<trkpt lat="48.146619992" lon="16.95713">
			<ele>173.4</ele>
		</trkpt>
		<trkpt lat="48.146719992" lon="16.95806">
			<ele>173.2</ele>
		</trkpt>
		<trkpt lat="48.147859992" lon="16.96273">
			<ele>177.4</ele>
		</trkpt>
		<trkpt lat="48.148799992" lon="16.96691">
			<ele>174.1</ele>
		</trkpt>
		<trkpt lat="48.148829992" lon="16.96714">
			<ele>174</ele>
		</trkpt>
		<trkpt lat="48.145819992" lon="16.96633">
			<ele>169.4</ele>
		</trkpt>
		<trkpt lat="48.144829992" lon="16.97049">
			<ele>167.2</ele>
		</trkpt>
		<trkpt lat="48.144789992" lon="16.97102">
			<ele>167.4</ele>
		</trkpt>
		<trkpt lat="48.144789992" lon="16.97171">
			<ele>166.9</ele>
		</trkpt>
		<trkpt lat="48.144599992" lon="16.97343">
			<ele>162.2</ele>
		</trkpt>
		<trkpt lat="48.144479992" lon="16.9742">
			<ele>160.6</ele>
		</trkpt>
		<trkpt lat="48.144359992" lon="16.97454">
			<ele>160.6</ele>
		</trkpt>
		<trkpt lat="48.143859992" lon="16.97723">
			<ele>157.6</ele>
		</trkpt>
		<trkpt lat="48.143509992" lon="16.97975">
			<ele>155.3</ele>
		</trkpt>
		<trkpt lat="48.143289992" lon="16.98109">
			<ele>153.7</ele>
		</trkpt>
		<trkpt lat="48.142489992" lon="16.98438">
			<ele>145.9</ele>
		</trkpt>
		<trkpt lat="48.142159992" lon="16.98588">
			<ele>143.2</ele>
		</trkpt>
		<trkpt lat="48.141799992" lon="16.98801">
			<ele>145.5</ele>
		</trkpt>
		<trkpt lat="48.141579992" lon="16.98874">
			<ele>146.3</ele>
		</trkpt>
		<trkpt lat="48.140859992" lon="16.9908">
			<ele>146.7</ele>
		</trkpt>
		<trkpt lat="48.140719992" lon="16.99129">
			<ele>146.7</ele>
		</trkpt>
		<trkpt lat="48.142859992" lon="16.99249">
			<ele>140.4</ele>
		</trkpt>
		<trkpt lat="48.146419992" lon="16.99617">
			<ele>138.4</ele>
		</trkpt>
		<trkpt lat="48.145519992" lon="17.00046">
			<ele>138.4</ele>
		</trkpt>
		<trkpt lat="48.145459992" lon="17.00065">
			<ele>139.1</ele>
		</trkpt>
		<trkpt lat="48.145379992" lon="17.00076">
			<ele>139.1</ele>
		</trkpt>
		<trkpt lat="48.145099992" lon="17.00093">
			<ele>140.5</ele>
		</trkpt>
		<trkpt lat="48.144719992" lon="17.00123">
			<ele>140.6</ele>
		</trkpt>
		<trkpt lat="48.144609992" lon="17.00136">
			<ele>140.6</ele>
		</trkpt>
		<trkpt lat="48.143949992" lon="17.00166">
			<ele>137.7</ele>
		</trkpt>
		<trkpt lat="48.143459992" lon="17.002">
			<ele>137.4</ele>
		</trkpt>
		<trkpt lat="48.141219992" lon="17.00417">
			<ele>138.7</ele>
		</trkpt>
		<trkpt lat="48.140869992" lon="17.00469">
			<ele>140.4</ele>
		</trkpt>
		<trkpt lat="48.140309992" lon="17.00533">
			<ele>141.3</ele>
		</trkpt>
		<trkpt lat="48.139959992" lon="17.00587">
			<ele>140.5</ele>
		</trkpt>
		<trkpt lat="48.139709992" lon="17.0064">
			<ele>140.1</ele>
		</trkpt>
		<trkpt lat="48.139599992" lon="17.00601">
			<ele>140.9</ele>
		</trkpt>
		<trkpt lat="48.139099992" lon="17.00528">
			<ele>144</ele>
		</trkpt>
		<trkpt lat="48.138919992" lon="17.00479">
			<ele>144.4</ele>
		</trkpt>
		<trkpt lat="48.138959992" lon="17.00455">
			<ele>144.4</ele>
		</trkpt>
		<trkpt lat="48.138879992" lon="17.00425">
			<ele>144.5</ele>
		</trkpt>
		<trkpt lat="48.138749992" lon="17.00404">
			<ele>144.9</ele>
		</trkpt>
		<trkpt lat="48.138149992" lon="17.00354">
			<ele>144.7</ele>
		</trkpt>
		<trkpt lat="48.137759992" lon="17.00306">
			<ele>145</ele>
		</trkpt>
		<trkpt lat="48.137859992" lon="17.00218">
			<ele>146.3</ele>
		</trkpt>
		<trkpt lat="48.137909992" lon="17.0011">
			<ele>146.8</ele>
		</trkpt>
		<trkpt lat="48.137969992" lon="17.00064">
			<ele>146.7</ele>
		</trkpt>
		<trkpt lat="48.137529992" lon="17.0005">
			<ele>147.7</ele>
		</trkpt>
		<trkpt lat="48.136959992" lon="16.99975">
			<ele>148.5</ele>
		</trkpt>
		<trkpt lat="48.135199992" lon="16.99837">
			<ele>152.8</ele>
		</trkpt>
		<trkpt lat="48.134629992" lon="16.99982">
			<ele>152.6</ele>
		</trkpt>
		<trkpt lat="48.134199992" lon="16.99955">
			<ele>153.5</ele>
		</trkpt>
		<trkpt lat="48.133719992" lon="17.00036">
			<ele>156.1</ele>
		</trkpt>
		<trkpt lat="48.134129992" lon="17.00094">
			<ele>155.1</ele>
		</trkpt>
		<trkpt lat="48.134589992" lon="17.002">
			<ele>153.4</ele>
		</trkpt>
		<trkpt lat="48.134919992" lon="17.00267">
			<ele>152.6</ele>
		</trkpt>
		<trkpt lat="48.136139992" lon="17.00438">
			<ele>148.6</ele>
		</trkpt>
		<trkpt lat="48.136249992" lon="17.00465">
			<ele>148.9</ele>
		</trkpt>
		<trkpt lat="48.136259992" lon="17.00491">
			<ele>149.2</ele>
		</trkpt>
		<trkpt lat="48.136119992" lon="17.00561">
			<ele>150.1</ele>
		</trkpt>
		<trkpt lat="48.135869992" lon="17.00648">
			<ele>151.1</ele>
		</trkpt>
		<trkpt lat="48.135439992" lon="17.00822">
			<ele>149.2</ele>
		</trkpt>
		<trkpt lat="48.135409992" lon="17.0085">
			<ele>149</ele>
		</trkpt>
		<trkpt lat="48.135449992" lon="17.00872">
			<ele>147.7</ele>
		</trkpt>
		<trkpt lat="48.135559992" lon="17.00894">
			<ele>147.7</ele>
		</trkpt>
		<trkpt lat="48.135949992" lon="17.00918">
			<ele>145.1</ele>
		</trkpt>
		<trkpt lat="48.135399992" lon="17.01038">
			<ele>144.6</ele>
		</trkpt>
		<trkpt lat="48.134549992" lon="17.01189">
			<ele>147</ele>
		</trkpt>
		<trkpt lat="48.134349992" lon="17.01247">
			<ele>146</ele>
		</trkpt>
		<trkpt lat="48.134179992" lon="17.01311">
			<ele>145.8</ele>
		</trkpt>
		<trkpt lat="48.133879992" lon="17.01465">
			<ele>144.7</ele>
		</trkpt>
		<trkpt lat="48.133739992" lon="17.01506">
			<ele>145.8</ele>
		</trkpt>
		<trkpt lat="48.133449992" lon="17.01568">
			<ele>145.8</ele>
		</trkpt>
		<trkpt lat="48.133349992" lon="17.0162">
			<ele>144.6</ele>
		</trkpt>
		<trkpt lat="48.133109992" lon="17.01674">
			<ele>143.4</ele>
		</trkpt>
		<trkpt lat="48.132569992" lon="17.01761">
			<ele>141.2</ele>
		</trkpt>
		<trkpt lat="48.131489992" lon="17.02016">
			<ele>144.5</ele>
		</trkpt>
		<trkpt lat="48.130669992" lon="17.02148">
			<ele>145.8</ele>
		</trkpt>
		<trkpt lat="48.130469992" lon="17.02137">
			<ele>147.8</ele>
		</trkpt>
		<trkpt lat="48.130399992" lon="17.02137">
			<ele>147.8</ele>
		</trkpt>
		<trkpt lat="48.130239992" lon="17.02156">
			<ele>149.3</ele>
		</trkpt>
		<trkpt lat="48.129729992" lon="17.02238">
			<ele>146.3</ele>
		</trkpt>
		<trkpt lat="48.129139992" lon="17.02363">
			<ele>142.1</ele>
		</trkpt>
		<trkpt lat="48.126009992" lon="17.03319">
			<ele>137</ele>
		</trkpt>
		<trkpt lat="48.125209992" lon="17.03577">
			<ele>136.7</ele>
		</trkpt>
		<trkpt lat="48.124919992" lon="17.03655">
			<ele>136.8</ele>
		</trkpt>
		<trkpt lat="48.123779992" lon="17.04006">
			<ele>136.8</ele>
		</trkpt>
		<trkpt lat="48.123619992" lon="17.04066">
			<ele>136.4</ele>
		</trkpt>
		<trkpt lat="48.123369992" lon="17.04133">
			<ele>136.5</ele>
		</trkpt>
		<trkpt lat="48.122509992" lon="17.04403">
			<ele>136.5</ele>
		</trkpt>
		<trkpt lat="48.122249992" lon="17.04473">
			<ele>136.5</ele>
		</trkpt>
		<trkpt lat="48.121849992" lon="17.04611">
			<ele>136.8</ele>
		</trkpt>
		<trkpt lat="48.121709992" lon="17.04689">
			<ele>137.7</ele>
		</trkpt>
		<trkpt lat="48.121629992" lon="17.04755">
			<ele>137.7</ele>
		</trkpt>
		<trkpt lat="48.121589992" lon="17.04855">
			<ele>137.6</ele>
		</trkpt>
		<trkpt lat="48.121859992" lon="17.05543">
			<ele>135.6</ele>
		</trkpt>
		<trkpt lat="48.121931992" lon="17.056364">
			<ele>135.9</ele>
		</trkpt>
		<trkpt lat="48.122225992" lon="17.056943">
			<ele>136.6</ele>
		</trkpt>
		<trkpt lat="48.122239992" lon="17.057077">
			<ele>136.6</ele>
		</trkpt>
		<trkpt lat="48.122458992" lon="17.063316">
			<ele>137.9</ele>
		</trkpt>
		<trkpt lat="48.122789992" lon="17.06602">
			<ele>137.5</ele>
		</trkpt>
		<trkpt lat="48.123249992" lon="17.069099">
			<ele>137.1</ele>
		</trkpt>
		<trkpt lat="48.123858992" lon="17.070665">
			<ele>135.6</ele>
		</trkpt>
		<trkpt lat="48.124302992" lon="17.071448">
			<ele>135.7</ele>
		</trkpt>
		<trkpt lat="48.124818992" lon="17.072253">
			<ele>135.7</ele>
		</trkpt>
		<trkpt lat="48.125505992" lon="17.072897">
			<ele>136.6</ele>
		</trkpt>
		<trkpt lat="48.126293992" lon="17.073401">
			<ele>138.3</ele>
		</trkpt>
		<trkpt lat="48.126880992" lon="17.073637">
			<ele>137.5</ele>
		</trkpt>
		<trkpt lat="48.127596992" lon="17.073798">
			<ele>136.4</ele>
		</trkpt>
		<trkpt lat="48.136805992" lon="17.07397">
			<ele>136.2</ele>
		</trkpt>
		<trkpt lat="48.137492992" lon="17.074023">
			<ele>136.9</ele>
		</trkpt>
		<trkpt lat="48.137825992" lon="17.074195">
			<ele>138</ele>
		</trkpt>
		<trkpt lat="48.137936992" lon="17.074367">
			<ele>138</ele>
		</trkpt>
		<trkpt lat="48.138097992" lon="17.074823">
			<ele>140.6</ele>
		</trkpt>
		<trkpt lat="48.138477992" lon="17.076754">
			<ele>142.7</ele>
		</trkpt>
		<trkpt lat="48.138579992" lon="17.077615">
			<ele>142</ele>
		</trkpt>
		<trkpt lat="48.138611992" lon="17.07835">
			<ele>139.2</ele>
		</trkpt>
		<trkpt lat="48.138579992" lon="17.079015">
			<ele>138.1</ele>
		</trkpt>
		<trkpt lat="48.138460992" lon="17.079852">
			<ele>137.1</ele>
		</trkpt>
		<trkpt lat="48.137347992" lon="17.085058">
			<ele>137.6</ele>
		</trkpt>
		<trkpt lat="48.135783992" lon="17.094027">
			<ele>138.7</ele>
		</trkpt>
		<trkpt lat="48.135668992" lon="17.094896">
			<ele>141.3</ele>
		</trkpt>
		<trkpt lat="48.135682992" lon="17.095787">
			<ele>141.4</ele>
		</trkpt>
		<trkpt lat="48.135833992" lon="17.096742">
			<ele>140.3</ele>
		</trkpt>
		<trkpt lat="48.136033992" lon="17.097546">
			<ele>136.9</ele>
		</trkpt>
		<trkpt lat="48.136126992" lon="17.098158">
			<ele>136.8</ele>
		</trkpt>
		<trkpt lat="48.136055992" lon="17.100293">
			<ele>134.3</ele>
		</trkpt>
		<trkpt lat="48.136055992" lon="17.10143">
			<ele>137.2</ele>
		</trkpt>
		<trkpt lat="48.136151992" lon="17.101924">
			<ele>136.8</ele>
		</trkpt>
		<trkpt lat="48.136336992" lon="17.102358">
			<ele>136.4</ele>
		</trkpt>
		<trkpt lat="48.136489992" lon="17.10444">
			<ele>139.1</ele>
		</trkpt>
	</trkseg>
</trk>
<trk>
	<name>03: Bratislava, Slovakia – Ňárad (DEVELOPED_WITH_SIGNS)</name>
	<desc>DEVELOPED_WITH_SIGNS</desc>
	<trkseg>
		<trkpt lat="48.136563061" lon="17.105183825">
			<ele>139.3</ele>
		</trkpt>
		<trkpt lat="48.136726675" lon="17.10703807">
			<ele>133.7</ele>
		</trkpt>
		<trkpt lat="48.136735393" lon="17.107414585">
			<ele>133.6</ele>
		</trkpt>
		<trkpt lat="48.136697506" lon="17.107893946">
			<ele>133.4</ele>
		</trkpt>
		<trkpt lat="48.136096524" lon="17.110785032">
			<ele>139.2</ele>
		</trkpt>
		<trkpt lat="48.135160601" lon="17.115008002">
			<ele>139</ele>
		</trkpt>
		<trkpt lat="48.135226399" lon="17.115262812">
			<ele>138.3</ele>
		</trkpt>
		<trkpt lat="48.135394623" lon="17.115235738">
			<ele>138.5</ele>
		</trkpt>
		<trkpt lat="48.135606183" lon="17.115299022">
			<ele>138.5</ele>
		</trkpt>
		<trkpt lat="48.13576502" lon="17.115536397">
			<ele>138.4</ele>
		</trkpt>
		<trkpt lat="48.135832326" lon="17.115741502">
			<ele>138</ele>
		</trkpt>
		<trkpt lat="48.135914637" lon="17.115772935">
			<ele>138</ele>
		</trkpt>
		<trkpt lat="48.136007592" lon="17.116895355">
			<ele>136.3</ele>
		</trkpt>
		<trkpt lat="48.135903321" lon="17.118313573">
			<ele>136.4</ele>
		</trkpt>
		<trkpt lat="48.135842468" lon="17.119662473">
			<ele>139.3</ele>
		</trkpt>
		<trkpt lat="48.135721182" lon="17.120609879">
			<ele>141.3</ele>
		</trkpt>
		<trkpt lat="48.13557693" lon="17.123297201">
			<ele>137.4</ele>
		</trkpt>
		<trkpt lat="48.135497302" lon="17.124058027">
			<ele>136</ele>
		</trkpt>
		<trkpt lat="48.135318599" lon="17.125153458">
			<ele>136.9</ele>
		</trkpt>
		<trkpt lat="48.13513755" lon="17.125970107">
			<ele>137.1</ele>
		</trkpt>
		<trkpt lat="48.134642431" lon="17.127678422">
			<ele>136.8</ele>
		</trkpt>
		<trkpt lat="48.134615274" lon="17.127910685">
			<ele>136.5</ele>
		</trkpt>
		<trkpt lat="48.134418718" lon="17.128456095">
			<ele>135.7</ele>
		</trkpt>
		<trkpt lat="48.133434012" lon="17.131901812">
			<ele>138.9</ele>
		</trkpt>
		<trkpt lat="48.133196637" lon="17.132622572">
			<ele>137.7</ele>
		</trkpt>
		<trkpt lat="48.133013911" lon="17.132950388">
			<ele>137.1</ele>
		</trkpt>
		<trkpt lat="48.132708223" lon="17.13335339">
			<ele>136.5</ele>
		</trkpt>
		<trkpt lat="48.131640285" lon="17.134384699">
			<ele>139.5</ele>
		</trkpt>
		<trkpt lat="48.13104232" lon="17.135030692">
			<ele>139.4</ele>
		</trkpt>
		<trkpt lat="48.1309813" lon="17.135137478">
			<ele>139.7</ele>
		</trkpt>
		<trkpt lat="48.13196039" lon="17.136456622">
			<ele>143.5</ele>
		</trkpt>
		<trkpt lat="48.132707888" lon="17.137543168">
			<ele>140.3</ele>
		</trkpt>
		<trkpt lat="48.133324042" lon="17.13830458">
			<ele>131.8</ele>
		</trkpt>
		<trkpt lat="48.134323584" lon="17.139728414">
			<ele>130.8</ele>
		</trkpt>
		<trkpt lat="48.136064421" lon="17.142034862">
			<ele>130.3</ele>
		</trkpt>
		<trkpt lat="48.136741176" lon="17.143028621">
			<ele>139.8</ele>
		</trkpt>
		<trkpt lat="48.138420155" lon="17.145158714">
			<ele>137.5</ele>
		</trkpt>
		<trkpt lat="48.138760125" lon="17.145638997">
			<ele>137.9</ele>
		</trkpt>
		<trkpt lat="48.139029436" lon="17.146090195">
			<ele>138.7</ele>
		</trkpt>
		<trkpt lat="48.139235966" lon="17.146513565">
			<ele>139.6</ele>
		</trkpt>
		<trkpt lat="48.13945356" lon="17.147100801">
			<ele>140.6</ele>
		</trkpt>
		<trkpt lat="48.139433443" lon="17.147234157">
			<ele>141.1</ele>
		</trkpt>
		<trkpt lat="48.139392121" lon="17.147275731">
			<ele>141.1</ele>
		</trkpt>
		<trkpt lat="48.139279887" lon="17.147261901">
			<ele>140.8</ele>
		</trkpt>
		<trkpt lat="48.139236133" lon="17.147203144">
			<ele>140.8</ele>
		</trkpt>
		<trkpt lat="48.139215011" lon="17.147038188">
			<ele>140.4</ele>
		</trkpt>
		<trkpt lat="48.139272427" lon="17.146913968">
			<ele>140</ele>
		</trkpt>
		<trkpt lat="48.139365801" lon="17.146904832">
			<ele>140</ele>
		</trkpt>
		<trkpt lat="48.139488261" lon="17.146993596">
			<ele>140.6</ele>
		</trkpt>
		<trkpt lat="48.139500415" lon="17.147490978">
			<ele>141.4</ele>
		</trkpt>
		<trkpt lat="48.139581468" lon="17.14813387">
			<ele>140.9</ele>
		</trkpt>
		<trkpt lat="48.139899561" lon="17.149947463">
			<ele>137</ele>
		</trkpt>
		<trkpt lat="48.140084885" lon="17.151399292">
			<ele>135.1</ele>
		</trkpt>
		<trkpt lat="48.140043227" lon="17.151506916">
			<ele>135.1</ele>
		</trkpt>
		<trkpt lat="48.140041467" lon="17.151968926">
			<ele>136.3</ele>
		</trkpt>
		<trkpt lat="48.138755096" lon="17.152406042">
			<ele>136.4</ele>
		</trkpt>
		<trkpt lat="48.138536412" lon="17.152589522">
			<ele>136.1</ele>
		</trkpt>
		<trkpt lat="48.138449492" lon="17.152617183">
			<ele>135.7</ele>
		</trkpt>
		<trkpt lat="48.138232568" lon="17.152847685">
			<ele>135.4</ele>
		</trkpt>
		<trkpt lat="48.137985973" lon="17.152917339">
			<ele>135.1</ele>
		</trkpt>
		<trkpt lat="48.137891006" lon="17.152885739">
			<ele>134.7</ele>
		</trkpt>
		<trkpt lat="48.13782219" lon="17.152811056">
			<ele>134.8</ele>
		</trkpt>
		<trkpt lat="48.137279713" lon="17.151959455">
			<ele>135.4</ele>
		</trkpt>
		<trkpt lat="48.13711568" lon="17.151891813">
			<ele>135.1</ele>
		</trkpt>
		<trkpt lat="48.136927506" lon="17.151910672">
			<ele>134.7</ele>
		</trkpt>
		<trkpt lat="48.135085834" lon="17.15339167">
			<ele>133.5</ele>
		</trkpt>
		<trkpt lat="48.134045221" lon="17.15428099">
			<ele>135</ele>
		</trkpt>
		<trkpt lat="48.133591173" lon="17.154615093">
			<ele>136.4</ele>
		</trkpt>
		<trkpt lat="48.133508947" lon="17.154723387">
			<ele>136.4</ele>
		</trkpt>
		<trkpt lat="48.133447591" lon="17.155014575">
			<ele>135.7</ele>
		</trkpt>
		<trkpt lat="48.133353378" lon="17.155123623">
			<ele>135.5</ele>
		</trkpt>
		<trkpt lat="48.131338201" lon="17.156764884">
			<ele>133.5</ele>
		</trkpt>
		<trkpt lat="48.131135778" lon="17.156865131">
			<ele>132.5</ele>
		</trkpt>
		<trkpt lat="48.129796769" lon="17.157259416">
			<ele>136</ele>
		</trkpt>
		<trkpt lat="48.128709972" lon="17.158829011">
			<ele>135.8</ele>
		</trkpt>
		<trkpt lat="48.126840472" lon="17.159190103">
			<ele>132.9</ele>
		</trkpt>
		<trkpt lat="48.125414291" lon="17.15954273">
			<ele>133.9</ele>
		</trkpt>
		<trkpt lat="48.125075579" lon="17.159575587">
			<ele>134.8</ele>
		</trkpt>
		<trkpt lat="48.12477274" lon="17.159483051">
			<ele>135.2</ele>
		</trkpt>
		<trkpt lat="48.12349735" lon="17.158811409">
			<ele>135.6</ele>
		</trkpt>
		<trkpt lat="48.123256203" lon="17.15866481">
			<ele>135.4</ele>
		</trkpt>
		<trkpt lat="48.123124355" lon="17.158517791">
			<ele>135.2</ele>
		</trkpt>
		<trkpt lat="48.123046068" lon="17.158316961">
			<ele>135.2</ele>
		</trkpt>
		<trkpt lat="48.1229796" lon="17.158020828">
			<ele>135.1</ele>
		</trkpt>
		<trkpt lat="48.122749684" lon="17.15600716">
			<ele>135</ele>
		</trkpt>
		<trkpt lat="48.122789498" lon="17.155495696">
			<ele>135</ele>
		</trkpt>
		<trkpt lat="48.122883795" lon="17.155147512">
			<ele>135.3</ele>
		</trkpt>
		<trkpt lat="48.122983288" lon="17.154920781">
			<ele>135.2</ele>
		</trkpt>
		<trkpt lat="48.123256789" lon="17.154486766">
			<ele>135.4</ele>
		</trkpt>
		<trkpt lat="48.12358251" lon="17.15377246">
			<ele>135.6</ele>
		</trkpt>
		<trkpt lat="48.123711591" lon="17.153812777">
			<ele>135.6</ele>
		</trkpt>
		<trkpt lat="48.123978052" lon="17.154093822">
			<ele>135.5</ele>
		</trkpt>
		<trkpt lat="48.124155078" lon="17.154143192">
			<ele>135.2</ele>
		</trkpt>
		<trkpt lat="48.124343671" lon="17.154102204">
			<ele>134.6</ele>
		</trkpt>
		<trkpt lat="48.124555984" lon="17.153885113">
			<ele>133.4</ele>
		</trkpt>
		<trkpt lat="48.124632846" lon="17.153694509">
			<ele>131.7</ele>
		</trkpt>
		<trkpt lat="48.1246564" lon="17.153518824">
			<ele>132.2</ele>
		</trkpt>
		<trkpt lat="48.124628572" lon="17.153146248">
			<ele>131.8</ele>
		</trkpt>
		<trkpt lat="48.124561852" lon="17.152923457">
			<ele>132.5</ele>
		</trkpt>
		<trkpt lat="48.124502089" lon="17.152849948">
			<ele>132</ele>
		</trkpt>
		<trkpt lat="48.124281645" lon="17.152721453">
			<ele>132.7</ele>
		</trkpt>
		<trkpt lat="48.124149881" lon="17.152413167">
			<ele>132.6</ele>
		</trkpt>
		<trkpt lat="48.123666832" lon="17.151941014">
			<ele>131.4</ele>
		</trkpt>
		<trkpt lat="48.123263243" lon="17.152061546">
			<ele>135.8</ele>
		</trkpt>
		<trkpt lat="48.123101557" lon="17.152056098">
			<ele>136.7</ele>
		</trkpt>
		<trkpt lat="48.12068497" lon="17.149624005">
			<ele>133.7</ele>
		</trkpt>
		<trkpt lat="48.119509408" lon="17.148587331">
			<ele>133.9</ele>
		</trkpt>
		<trkpt lat="48.117745856" lon="17.147820806">
			<ele>133.9</ele>
		</trkpt>
		<trkpt lat="48.115260705" lon="17.146883206">
			<ele>131.7</ele>
		</trkpt>
		<trkpt lat="48.113485418" lon="17.146548182">
			<ele>133.7</ele>
		</trkpt>
		<trkpt lat="48.111889336" lon="17.146339975">
			<ele>132.8</ele>
		</trkpt>
		<trkpt lat="48.111846253" lon="17.14618206">
			<ele>133</ele>
		</trkpt>
		<trkpt lat="48.111596221" lon="17.146105785">
			<ele>133.2</ele>
		</trkpt>
		<trkpt lat="48.111077213" lon="17.146150209">
			<ele>133.4</ele>
		</trkpt>
		<trkpt lat="48.110920388" lon="17.146304687">
			<ele>133.3</ele>
		</trkpt>
		<trkpt lat="48.110815028" lon="17.146322206">
			<ele>133.3</ele>
		</trkpt>
		<trkpt lat="48.109680788" lon="17.146277195">
			<ele>132</ele>
		</trkpt>
		<trkpt lat="48.108439261" lon="17.146353135">
			<ele>131.6</ele>
		</trkpt>
		<trkpt lat="48.108125191" lon="17.146414658">
			<ele>131.6</ele>
		</trkpt>
		<trkpt lat="48.107246348" lon="17.146483809">
			<ele>130.2</ele>
		</trkpt>
		<trkpt lat="48.105467122" lon="17.146840962">
			<ele>132.1</ele>
		</trkpt>
		<trkpt lat="48.105356145" lon="17.14682688">
			<ele>132.4</ele>
		</trkpt>
		<trkpt lat="48.10518264" lon="17.146383477">
			<ele>132.3</ele>
		</trkpt>
		<trkpt lat="48.105124637" lon="17.146328827">
			<ele>132.3</ele>
		</trkpt>
		<trkpt lat="48.10508432" lon="17.146388087">
			<ele>132.3</ele>
		</trkpt>
		<trkpt lat="48.105058839" lon="17.146575088">
			<ele>132.6</ele>
		</trkpt>
		<trkpt lat="48.104986671" lon="17.146656057">
			<ele>133.1</ele>
		</trkpt>
		<trkpt lat="48.10399241" lon="17.146906257">
			<ele>134.7</ele>
		</trkpt>
		<trkpt lat="48.103778001" lon="17.146921344">
			<ele>134.7</ele>
		</trkpt>
		<trkpt lat="48.102370931" lon="17.147492319">
			<ele>132.3</ele>
		</trkpt>
		<trkpt lat="48.100925052" lon="17.148185084">
			<ele>133.1</ele>
		</trkpt>
		<trkpt lat="48.100207729" lon="17.148428326">
			<ele>133</ele>
		</trkpt>
		<trkpt lat="48.099908663" lon="17.148446515">
			<ele>133</ele>
		</trkpt>
		<trkpt lat="48.099685117" lon="17.14877232">
			<ele>133.2</ele>
		</trkpt>
		<trkpt lat="48.099603981" lon="17.148842057">
			<ele>133.3</ele>
		</trkpt>
		<trkpt lat="48.095376819" lon="17.151239198">
			<ele>130.6</ele>
		</trkpt>
		<trkpt lat="48.094936769" lon="17.151422845">
			<ele>130.7</ele>
		</trkpt>
		<trkpt lat="48.094661424" lon="17.151450254">
			<ele>131.5</ele>
		</trkpt>
		<trkpt lat="48.094164461" lon="17.151720067">
			<ele>132.5</ele>
		</trkpt>
		<trkpt lat="48.093485107" lon="17.152011674">
			<ele>133.1</ele>
		</trkpt>
		<trkpt lat="48.091477809" lon="17.153156642">
			<ele>132.3</ele>
		</trkpt>
		<trkpt lat="48.089918691" lon="17.153896512">
			<ele>132</ele>
		</trkpt>
		<trkpt lat="48.088598961" lon="17.154268753">
			<ele>131.2</ele>
		</trkpt>
		<trkpt lat="48.087980879" lon="17.154528759">
			<ele>131</ele>
		</trkpt>
		<trkpt lat="48.085896803" lon="17.155690575">
			<ele>128.3</ele>
		</trkpt>
		<trkpt lat="48.084684193" lon="17.156195249">
			<ele>129.5</ele>
		</trkpt>
		<trkpt lat="48.083512068" lon="17.156847697">
			<ele>128.2</ele>
		</trkpt>
		<trkpt lat="48.083105713" lon="17.157112649">
			<ele>128.3</ele>
		</trkpt>
		<trkpt lat="48.081666037" lon="17.157859057">
			<ele>127.8</ele>
		</trkpt>
		<trkpt lat="48.081416257" lon="17.158127027">
			<ele>127.9</ele>
		</trkpt>
		<trkpt lat="48.08084855" lon="17.159076529">
			<ele>129.7</ele>
		</trkpt>
		<trkpt lat="48.080589466" lon="17.159327986">
			<ele>129.6</ele>
		</trkpt>
		<trkpt lat="48.0778169" lon="17.161177117">
			<ele>131.7</ele>
		</trkpt>
		<trkpt lat="48.075154556" lon="17.163513908">
			<ele>131.2</ele>
		</trkpt>
		<trkpt lat="48.074449219" lon="17.164061666">
			<ele>130.8</ele>
		</trkpt>
		<trkpt lat="48.073912693" lon="17.164384285">
			<ele>130.5</ele>
		</trkpt>
		<trkpt lat="48.073284469" lon="17.164526107">
			<ele>131.1</ele>
		</trkpt>
		<trkpt lat="48.072857076" lon="17.164773205">
			<ele>131.2</ele>
		</trkpt>
		<trkpt lat="48.072279731" lon="17.165277712">
			<ele>131</ele>
		</trkpt>
		<trkpt lat="48.071716215" lon="17.165665627">
			<ele>131.8</ele>
		</trkpt>
		<trkpt lat="48.071261329" lon="17.166104168">
			<ele>132.1</ele>
		</trkpt>
		<trkpt lat="48.070550376" lon="17.166696014">
			<ele>132.1</ele>
		</trkpt>
		<trkpt lat="48.069913603" lon="17.167340498">
			<ele>131.3</ele>
		</trkpt>
		<trkpt lat="48.068481974" lon="17.16905049">
			<ele>130</ele>
		</trkpt>
		<trkpt lat="48.067618219" lon="17.170155142">
			<ele>129.1</ele>
		</trkpt>
		<trkpt lat="48.066858399" lon="17.171279155">
			<ele>129.5</ele>
		</trkpt>
		<trkpt lat="48.066418852" lon="17.172195716">
			<ele>127.3</ele>
		</trkpt>
		<trkpt lat="48.065549565" lon="17.173748882">
			<ele>124.9</ele>
		</trkpt>
		<trkpt lat="48.064474167" lon="17.176020127">
			<ele>122</ele>
		</trkpt>
		<trkpt lat="48.064309379" lon="17.176503427">
			<ele>120.6</ele>
		</trkpt>
		<trkpt lat="48.064011151" lon="17.177161574">
			<ele>122.9</ele>
		</trkpt>
		<trkpt lat="48.063792383" lon="17.177870097">
			<ele>124.8</ele>
		</trkpt>
		<trkpt lat="48.063359961" lon="17.179683857">
			<ele>127.1</ele>
		</trkpt>
		<trkpt lat="48.063073383" lon="17.180706533">
			<ele>126.3</ele>
		</trkpt>
		<trkpt lat="48.06294271" lon="17.181588979">
			<ele>124.8</ele>
		</trkpt>
		<trkpt lat="48.062697204" lon="17.182651889">
			<ele>122.2</ele>
		</trkpt>
		<trkpt lat="48.062592849" lon="17.183381533">
			<ele>121.7</ele>
		</trkpt>
		<trkpt lat="48.062530236" lon="17.184317037">
			<ele>120.9</ele>
		</trkpt>
		<trkpt lat="48.062380535" lon="17.185210045">
			<ele>117.9</ele>
		</trkpt>
		<trkpt lat="48.062230918" lon="17.186368927">
			<ele>119.6</ele>
		</trkpt>
		<trkpt lat="48.061970074" lon="17.187733669">
			<ele>118.4</ele>
		</trkpt>
		<trkpt lat="48.061624991" lon="17.190296268">
			<ele>122.9</ele>
		</trkpt>
		<trkpt lat="48.061484342" lon="17.191502843">
			<ele>123.3</ele>
		</trkpt>
		<trkpt lat="48.061427429" lon="17.192737414">
			<ele>120</ele>
		</trkpt>
		<trkpt lat="48.061138924" lon="17.194489902">
			<ele>120.3</ele>
		</trkpt>
		<trkpt lat="48.060615893" lon="17.197204633">
			<ele>124.6</ele>
		</trkpt>
		<trkpt lat="48.060576414" lon="17.197976522">
			<ele>125.1</ele>
		</trkpt>
		<trkpt lat="48.060179196" lon="17.201427771">
			<ele>121</ele>
		</trkpt>
		<trkpt lat="48.059932768" lon="17.203972936">
			<ele>122.5</ele>
		</trkpt>
		<trkpt lat="48.058889724" lon="17.217466626">
			<ele>124.2</ele>
		</trkpt>
		<trkpt lat="48.058781011" lon="17.218448399">
			<ele>124.8</ele>
		</trkpt>
		<trkpt lat="48.058491332" lon="17.220319407">
			<ele>123.6</ele>
		</trkpt>
		<trkpt lat="48.058039045" lon="17.222473389">
			<ele>122.2</ele>
		</trkpt>
		<trkpt lat="48.057734363" lon="17.223711563">
			<ele>120.1</ele>
		</trkpt>
		<trkpt lat="48.057247458" lon="17.225367744">
			<ele>124.8</ele>
		</trkpt>
		<trkpt lat="48.056590736" lon="17.227246463">
			<ele>125.2</ele>
		</trkpt>
		<trkpt lat="48.055465549" lon="17.23003001">
			<ele>121.9</ele>
		</trkpt>
		<trkpt lat="48.054228212" lon="17.23224652">
			<ele>125</ele>
		</trkpt>
		<trkpt lat="48.053251469" lon="17.233725088">
			<ele>122.3</ele>
		</trkpt>
		<trkpt lat="48.052776132" lon="17.234366303">
			<ele>122.6</ele>
		</trkpt>
		<trkpt lat="48.052191829" lon="17.234965609">
			<ele>120.7</ele>
		</trkpt>
		<trkpt lat="48.052002817" lon="17.235270794">
			<ele>121.9</ele>
		</trkpt>
		<trkpt lat="48.051303515" lon="17.235993985">
			<ele>123.6</ele>
		</trkpt>
		<trkpt lat="48.05050078" lon="17.236645259">
			<ele>119.5</ele>
		</trkpt>
		<trkpt lat="48.049631828" lon="17.237275243">
			<ele>123.4</ele>
		</trkpt>
		<trkpt lat="48.047465106" lon="17.238354161">
			<ele>124.8</ele>
		</trkpt>
		<trkpt lat="48.046989685" lon="17.238643337">
			<ele>124.4</ele>
		</trkpt>
		<trkpt lat="48.046833027" lon="17.238784404">
			<ele>123.5</ele>
		</trkpt>
		<trkpt lat="48.046627503" lon="17.238878952">
			<ele>124.6</ele>
		</trkpt>
		<trkpt lat="48.046477802" lon="17.239028821">
			<ele>124.3</ele>
		</trkpt>
		<trkpt lat="48.046068514" lon="17.23909881">
			<ele>122.1</ele>
		</trkpt>
		<trkpt lat="48.044508893" lon="17.239836669">
			<ele>120.9</ele>
		</trkpt>
		<trkpt lat="48.041883597" lon="17.240932351">
			<ele>120.9</ele>
		</trkpt>
		<trkpt lat="48.039630625" lon="17.241946813">
			<ele>124.8</ele>
		</trkpt>
		<trkpt lat="48.037693986" lon="17.242725911">
			<ele>121.5</ele>
		</trkpt>
		<trkpt lat="48.036454974" lon="17.243367629">
			<ele>121.9</ele>
		</trkpt>
		<trkpt lat="48.035964297" lon="17.243697038">
			<ele>123.2</ele>
		</trkpt>
		<trkpt lat="48.035496" lon="17.244079923">
			<ele>122</ele>
		</trkpt>
		<trkpt lat="48.034603076" lon="17.245055912">
			<ele>125.5</ele>
		</trkpt>
		<trkpt lat="48.034195045" lon="17.245633677">
			<ele>124.6</ele>
		</trkpt>
		<trkpt lat="48.03352751" lon="17.246899931">
			<ele>125.7</ele>
		</trkpt>
		<trkpt lat="48.033359872" lon="17.247478282">
			<ele>125.1</ele>
		</trkpt>
		<trkpt lat="48.032982016" lon="17.248484027">
			<ele>124.6</ele>
		</trkpt>
		<trkpt lat="48.026901029" lon="17.263200972">
			<ele>122.5</ele>
		</trkpt>
		<trkpt lat="48.026114974" lon="17.265392002">
			<ele>118.9</ele>
		</trkpt>
		<trkpt lat="48.024795998" lon="17.269606004">
			<ele>122.4</ele>
		</trkpt>
		<trkpt lat="48.024032993" lon="17.271789992">
			<ele>123.9</ele>
		</trkpt>
		<trkpt lat="48.021827966" lon="17.277337974">
			<ele>124.8</ele>
		</trkpt>
		<trkpt lat="48.020817024" lon="17.279567979">
			<ele>123.3</ele>
		</trkpt>
		<trkpt lat="48.020660031" lon="17.279980034">
			<ele>123.2</ele>
		</trkpt>
		<trkpt lat="48.020461967" lon="17.280741027">
			<ele>123</ele>
		</trkpt>
		<trkpt lat="48.020397007" lon="17.281269003">
			<ele>123.6</ele>
		</trkpt>
		<trkpt lat="48.020386027" lon="17.281815">
			<ele>125</ele>
		</trkpt>
		<trkpt lat="48.020461967" lon="17.282598037">
			<ele>124.3</ele>
		</trkpt>
		<trkpt lat="48.020687021" lon="17.284018015">
			<ele>123.3</ele>
		</trkpt>
		<trkpt lat="48.020741001" lon="17.284816978">
			<ele>124.6</ele>
		</trkpt>
		<trkpt lat="48.020709988" lon="17.285848958">
			<ele>125.9</ele>
		</trkpt>
		<trkpt lat="48.020595994" lon="17.286860989">
			<ele>124.7</ele>
		</trkpt>
		<trkpt lat="48.020470014" lon="17.287517963">
			<ele>123.9</ele>
		</trkpt>
		<trkpt lat="48.02024102" lon="17.288312986">
			<ele>123.2</ele>
		</trkpt>
		<trkpt lat="48.01995503" lon="17.289056964">
			<ele>124.5</ele>
		</trkpt>
		<trkpt lat="48.019520009" lon="17.289908985">
			<ele>124.7</ele>
		</trkpt>
		<trkpt lat="48.019065961" lon="17.290582974">
			<ele>123.8</ele>
		</trkpt>
		<trkpt lat="48.017489996" lon="17.292320039">
			<ele>121.7</ele>
		</trkpt>
		<trkpt lat="48.016913991" lon="17.293000985">
			<ele>122.8</ele>
		</trkpt>
		<trkpt lat="48.016051996" lon="17.294128016">
			<ele>122.8</ele>
		</trkpt>
		<trkpt lat="48.015350012" lon="17.295159996">
			<ele>123.2</ele>
		</trkpt>
		<trkpt lat="48.007979972" lon="17.306447988">
			<ele>124.1</ele>
		</trkpt>
		<trkpt lat="48.007476974" lon="17.30738299">
			<ele>123.7</ele>
		</trkpt>
		<trkpt lat="48.007071961" lon="17.308449">
			<ele>124.5</ele>
		</trkpt>
		<trkpt lat="48.006915973" lon="17.309007989">
			<ele>124.7</ele>
		</trkpt>
		<trkpt lat="48.006698966" lon="17.310044998">
			<ele>125.3</ele>
		</trkpt>
		<trkpt lat="48.006561" lon="17.31136498">
			<ele>124.7</ele>
		</trkpt>
		<trkpt lat="48.006484976" lon="17.318686992">
			<ele>122.6</ele>
		</trkpt>
		<trkpt lat="48.006495956" lon="17.319151014">
			<ele>122.2</ele>
		</trkpt>
		<trkpt lat="48.006577009" lon="17.319796002">
			<ele>121.9</ele>
		</trkpt>
		<trkpt lat="48.006473996" lon="17.320556995">
			<ele>118.5</ele>
		</trkpt>
		<trkpt lat="48.006370982" lon="17.324476037">
			<ele>119.3</ele>
		</trkpt>
		<trkpt lat="48.006198985" lon="17.327505006">
			<ele>117.2</ele>
		</trkpt>
		<trkpt lat="48.006016008" lon="17.329853028">
			<ele>116.6</ele>
		</trkpt>
		<trkpt lat="48.005688024" lon="17.333042007">
			<ele>121.3</ele>
		</trkpt>
		<trkpt lat="48.005321987" lon="17.335898979">
			<ele>119.3</ele>
		</trkpt>
		<trkpt lat="48.00478697" lon="17.339307982">
			<ele>119</ele>
		</trkpt>
		<trkpt lat="48.004222952" lon="17.342311973">
			<ele>117.6</ele>
		</trkpt>
		<trkpt lat="48.003342014" lon="17.346350038">
			<ele>116.1</ele>
		</trkpt>
		<trkpt lat="48.002418998" lon="17.349921986">
			<ele>118.2</ele>
		</trkpt>
		<trkpt lat="48.001986995" lon="17.351455959">
			<ele>116.3</ele>
		</trkpt>
		<trkpt lat="48.00138903" lon="17.353414977">
			<ele>116.5</ele>
		</trkpt>
		<trkpt lat="48.000689979" lon="17.355546998">
			<ele>116.3</ele>
		</trkpt>
		<trkpt lat="48.000076005" lon="17.357302001">
			<ele>116.8</ele>
		</trkpt>
		<trkpt lat="47.99952699" lon="17.358794985">
			<ele>119.1</ele>
		</trkpt>
		<trkpt lat="47.998711012" lon="17.360872021">
			<ele>116.2</ele>
		</trkpt>
		<trkpt lat="47.997334033" lon="17.364097964">
			<ele>116.8</ele>
		</trkpt>
		<trkpt lat="47.996459968" lon="17.365985988">
			<ele>116.1</ele>
		</trkpt>
		<trkpt lat="47.994666995" lon="17.369514015">
			<ele>116</ele>
		</trkpt>
		<trkpt lat="47.993384983" lon="17.37181996">
			<ele>116</ele>
		</trkpt>
		<trkpt lat="47.99198202" lon="17.374178041">
			<ele>118.8</ele>
		</trkpt>
		<trkpt lat="47.990935959" lon="17.375808991">
			<ele>119.3</ele>
		</trkpt>
		<trkpt lat="47.984477954" lon="17.385508027">
			<ele>117.9</ele>
		</trkpt>
		<trkpt lat="47.984405953" lon="17.385701984">
			<ele>117.9</ele>
		</trkpt>
		<trkpt lat="47.984405953" lon="17.385996021">
			<ele>120.7</ele>
		</trkpt>
		<trkpt lat="47.984355997" lon="17.386186961">
			<ele>120.7</ele>
		</trkpt>
		<trkpt lat="47.984158017" lon="17.386445962">
			<ele>120.5</ele>
		</trkpt>
		<trkpt lat="47.983890969" lon="17.38650497">
			<ele>117.4</ele>
		</trkpt>
		<trkpt lat="47.983729953" lon="17.386641009">
			<ele>118.7</ele>
		</trkpt>
		<trkpt lat="47.980540974" lon="17.391579039">
			<ele>117.2</ele>
		</trkpt>
		<trkpt lat="47.959655953" lon="17.425189968">
			<ele>117</ele>
		</trkpt>
		<trkpt lat="47.958159951" lon="17.427528016">
			<ele>116.4</ele>
		</trkpt>
		<trkpt lat="47.955806983" lon="17.431055037">
			<ele>118</ele>
		</trkpt>
		<trkpt lat="47.953773031" lon="17.433963977">
			<ele>119</ele>
		</trkpt>
		<trkpt lat="47.950423958" lon="17.438644012">
			<ele>117.2</ele>
		</trkpt>
		<trkpt lat="47.948459994" lon="17.441547001">
			<ele>117.1</ele>
		</trkpt>
		<trkpt lat="47.946423024" lon="17.444670014">
			<ele>119.7</ele>
		</trkpt>
		<trkpt lat="47.941714993" lon="17.45222697">
			<ele>116.1</ele>
		</trkpt>
		<trkpt lat="47.939010991" lon="17.456652028">
			<ele>116</ele>
		</trkpt>
		<trkpt lat="47.93457403" lon="17.463758038">
			<ele>116.7</ele>
		</trkpt>
		<trkpt lat="47.920424958" lon="17.486580033">
			<ele>118.6</ele>
		</trkpt>
		<trkpt lat="47.917880967" lon="17.490795041">
			<ele>116.4</ele>
		</trkpt>
		<trkpt lat="47.916943032" lon="17.49244703">
			<ele>116.4</ele>
		</trkpt>
		<trkpt lat="47.915267993" lon="17.495535007">
			<ele>116.6</ele>
		</trkpt>
		<trkpt lat="47.910804964" lon="17.504228968">
			<ele>116.2</ele>
		</trkpt>
		<trkpt lat="47.909233022" lon="17.50711997">
			<ele>116.2</ele>
		</trkpt>
		<trkpt lat="47.906933028" lon="17.511077989">
			<ele>116</ele>
		</trkpt>
		<trkpt lat="47.904602021" lon="17.514798967">
			<ele>116</ele>
		</trkpt>
		<trkpt lat="47.903496029" lon="17.516482975">
			<ele>116</ele>
		</trkpt>
		<trkpt lat="47.901493005" lon="17.519362997">
			<ele>117.2</ele>
		</trkpt>
		<trkpt lat="47.900306966" lon="17.52099202">
			<ele>116.2</ele>
		</trkpt>
		<trkpt lat="47.897785019" lon="17.52426004">
			<ele>118.2</ele>
		</trkpt>
		<trkpt lat="47.889983982" lon="17.533718012">
			<ele>117.5</ele>
		</trkpt>
		<trkpt lat="47.889811985" lon="17.533894032">
			<ele>117.9</ele>
		</trkpt>
		<trkpt lat="47.889464974" lon="17.534045996">
			<ele>118.1</ele>
		</trkpt>
		<trkpt lat="47.889274956" lon="17.534198966">
			<ele>118.8</ele>
		</trkpt>
		<trkpt lat="47.888286981" lon="17.535380982">
			<ele>118.9</ele>
		</trkpt>
		<trkpt lat="47.888253286" lon="17.53548014">
			<ele>118.9</ele>
		</trkpt>
		<trkpt lat="47.888505498" lon="17.535299258">
			<ele>119.9</ele>
		</trkpt>
		<trkpt lat="47.889049986" lon="17.535036318">
			<ele>116.6</ele>
		</trkpt>
		<trkpt lat="47.889202704" lon="17.535002036">
			<ele>116.3</ele>
		</trkpt>
		<trkpt lat="47.889296498" lon="17.535051489">
			<ele>115.8</ele>
		</trkpt>
		<trkpt lat="47.889375875" lon="17.53531971">
			<ele>115.4</ele>
		</trkpt>
		<trkpt lat="47.889256768" lon="17.535548117">
			<ele>115.5</ele>
		</trkpt>
		<trkpt lat="47.885983467" lon="17.539433464">
			<ele>114.8</ele>
		</trkpt>
		<trkpt lat="47.885783726" lon="17.539773099">
			<ele>115.7</ele>
		</trkpt>
		<trkpt lat="47.885530257" lon="17.540368885">
			<ele>117.4</ele>
		</trkpt>
		<trkpt lat="47.885468399" lon="17.540723523">
			<ele>117.5</ele>
		</trkpt>
		<trkpt lat="47.885526234" lon="17.541053016">
			<ele>117.5</ele>
		</trkpt>
		<trkpt lat="47.885502932" lon="17.541295337">
			<ele>117.5</ele>
		</trkpt>
		<trkpt lat="47.885048633" lon="17.541889194">
			<ele>118</ele>
		</trkpt>
		<trkpt lat="47.884739006" lon="17.542387163">
			<ele>115.7</ele>
		</trkpt>
		<trkpt lat="47.884456871" lon="17.542677596">
			<ele>114.9</ele>
		</trkpt>
		<trkpt lat="47.88379512" lon="17.543536741">
			<ele>122.6</ele>
		</trkpt>
		<trkpt lat="47.883958567" lon="17.544007134">
			<ele>119.8</ele>
		</trkpt>
		<trkpt lat="47.883981617" lon="17.544648936">
			<ele>118.6</ele>
		</trkpt>
		<trkpt lat="47.883761927" lon="17.545629535">
			<ele>116.4</ele>
		</trkpt>
		<trkpt lat="47.883484151" lon="17.546605775">
			<ele>115.7</ele>
		</trkpt>
		<trkpt lat="47.883376779" lon="17.546776431">
			<ele>115.7</ele>
		</trkpt>
		<trkpt lat="47.88316698" lon="17.546951026">
			<ele>116</ele>
		</trkpt>
		<trkpt lat="47.882885013" lon="17.549096961">
			<ele>113.7</ele>
		</trkpt>
		<trkpt lat="47.882861962" lon="17.550006984">
			<ele>112.7</ele>
		</trkpt>
		<trkpt lat="47.882812006" lon="17.55000296">
			<ele>112.8</ele>
		</trkpt>
		<trkpt lat="47.882511012" lon="17.548522968">
			<ele>114.7</ele>
		</trkpt>
		<trkpt lat="47.881869964" lon="17.545834975">
			<ele>115.2</ele>
		</trkpt>
		<trkpt lat="47.881706014" lon="17.545458041">
			<ele>114.6</ele>
		</trkpt>
		<trkpt lat="47.881474003" lon="17.545092003">
			<ele>114.3</ele>
		</trkpt>
		<trkpt lat="47.881385993" lon="17.545043975">
			<ele>114.3</ele>
		</trkpt>
		<trkpt lat="47.876437988" lon="17.551022032">
			<ele>110.5</ele>
		</trkpt>
		<trkpt lat="47.875610023" lon="17.551972959">
			<ele>112.4</ele>
		</trkpt>
		<trkpt lat="47.875107025" lon="17.552475035">
			<ele>113.7</ele>
		</trkpt>
		<trkpt lat="47.874492967" lon="17.55299597">
			<ele>114.4</ele>
		</trkpt>
		<trkpt lat="47.873981001" lon="17.553366031">
			<ele>114</ele>
		</trkpt>
		<trkpt lat="47.869143972" lon="17.556568002">
			<ele>113.3</ele>
		</trkpt>
		<trkpt lat="47.867382012" lon="17.557797963">
			<ele>112.2</ele>
		</trkpt>
		<trkpt lat="47.866069993" lon="17.558850981">
			<ele>113.9</ele>
		</trkpt>
		<trkpt lat="47.864444993" lon="17.560388977">
			<ele>111.7</ele>
		</trkpt>
		<trkpt lat="47.863231964" lon="17.561700996">
			<ele>111.2</ele>
		</trkpt>
		<trkpt lat="47.861838976" lon="17.563360026">
			<ele>113</ele>
		</trkpt>
		<trkpt lat="47.845078019" lon="17.583620008">
			<ele>114.5</ele>
		</trkpt>
		<trkpt lat="47.839256033" lon="17.590595009">
			<ele>111.2</ele>
		</trkpt>
		<trkpt lat="47.825652959" lon="17.607019013">
			<ele>111.2</ele>
		</trkpt>
		<trkpt lat="47.824862964" lon="17.607932976">
			<ele>111.6</ele>
		</trkpt>
		<trkpt lat="47.824383016" lon="17.608552985">
			<ele>112.9</ele>
		</trkpt>
		<trkpt lat="47.822516953" lon="17.610785002">
			<ele>113.5</ele>
		</trkpt>
		<trkpt lat="47.822349986" lon="17.61101299">
			<ele>113.2</ele>
		</trkpt>
		<trkpt lat="47.821953019" lon="17.611701982">
			<ele>113.4</ele>
		</trkpt>
		<trkpt lat="47.821654958" lon="17.612121999">
			<ele>113.6</ele>
		</trkpt>
		<trkpt lat="47.819839019" lon="17.61409401">
			<ele>113.3</ele>
		</trkpt>
		<trkpt lat="47.819534002" lon="17.614490977">
			<ele>112.8</ele>
		</trkpt>
		<trkpt lat="47.819233007" lon="17.615123978">
			<ele>114.3</ele>
		</trkpt>
	</trkseg>
</trk>
<trk>
	<name>04: Ňárad – Komarno (DEVELOPED_WITH_SIGNS)</name>
	<desc>DEVELOPED_WITH_SIGNS</desc>
	<trkseg>
		<trkpt lat="47.819233007" lon="17.615123978">
			<ele>114.3</ele>
		</trkpt>
		<trkpt lat="47.817557968" lon="17.619653977">
			<ele>114.7</ele>
		</trkpt>
		<trkpt lat="47.817535002" lon="17.619895963">
			<ele>115</ele>
		</trkpt>
		<trkpt lat="47.817573977" lon="17.621920025">
			<ele>114.4</ele>
		</trkpt>
		<trkpt lat="47.817497031" lon="17.622876987">
			<ele>114.6</ele>
		</trkpt>
		<trkpt lat="47.817337021" lon="17.623701012">
			<ele>113.9</ele>
		</trkpt>
		<trkpt lat="47.817172987" lon="17.624319009">
			<ele>114.1</ele>
		</trkpt>
		<trkpt lat="47.817017" lon="17.624787977">
			<ele>113.9</ele>
		</trkpt>
		<trkpt lat="47.816611986" lon="17.625715015">
			<ele>114.3</ele>
		</trkpt>
		<trkpt lat="47.816367989" lon="17.626135033">
			<ele>113.3</ele>
		</trkpt>
		<trkpt lat="47.815926011" lon="17.62675303">
			<ele>112.9</ele>
		</trkpt>
		<trkpt lat="47.815299967" lon="17.627404975">
			<ele>113.2</ele>
		</trkpt>
		<trkpt lat="47.814693033" lon="17.627857011">
			<ele>111.5</ele>
		</trkpt>
		<trkpt lat="47.811497014" lon="17.630036976">
			<ele>113.9</ele>
		</trkpt>
		<trkpt lat="47.811211023" lon="17.630274016">
			<ele>113.9</ele>
		</trkpt>
		<trkpt lat="47.811042966" lon="17.63047996">
			<ele>113.8</ele>
		</trkpt>
		<trkpt lat="47.808528982" lon="17.634716006">
			<ele>113.7</ele>
		</trkpt>
		<trkpt lat="47.808341982" lon="17.635107022">
			<ele>113.6</ele>
		</trkpt>
		<trkpt lat="47.808181971" lon="17.63563198">
			<ele>113.8</ele>
		</trkpt>
		<trkpt lat="47.808078957" lon="17.636176972">
			<ele>113.3</ele>
		</trkpt>
		<trkpt lat="47.808029001" lon="17.636860013">
			<ele>112.4</ele>
		</trkpt>
		<trkpt lat="47.807979967" lon="17.638635971">
			<ele>114.8</ele>
		</trkpt>
		<trkpt lat="47.807831021" lon="17.639519004">
			<ele>113.8</ele>
		</trkpt>
		<trkpt lat="47.807587024" lon="17.64019601">
			<ele>114.3</ele>
		</trkpt>
		<trkpt lat="47.806327978" lon="17.642560964">
			<ele>113.7</ele>
		</trkpt>
		<trkpt lat="47.805137999" lon="17.644721987">
			<ele>114.3</ele>
		</trkpt>
		<trkpt lat="47.804897019" lon="17.645120965">
			<ele>113.7</ele>
		</trkpt>
		<trkpt lat="47.804409025" lon="17.645812975">
			<ele>112.9</ele>
		</trkpt>
		<trkpt lat="47.803813994" lon="17.646582015">
			<ele>115</ele>
		</trkpt>
		<trkpt lat="47.802791988" lon="17.647752967">
			<ele>115.6</ele>
		</trkpt>
		<trkpt lat="47.800158981" lon="17.650647992">
			<ele>112.2</ele>
		</trkpt>
		<trkpt lat="47.799938034" lon="17.650975976">
			<ele>112.6</ele>
		</trkpt>
		<trkpt lat="47.799732007" lon="17.651445027">
			<ele>113.6</ele>
		</trkpt>
		<trkpt lat="47.799636956" lon="17.651908966">
			<ele>113.8</ele>
		</trkpt>
		<trkpt lat="47.799449956" lon="17.653634967">
			<ele>114.9</ele>
		</trkpt>
		<trkpt lat="47.799301009" lon="17.654328989">
			<ele>115.8</ele>
		</trkpt>
		<trkpt lat="47.798953999" lon="17.655209005">
			<ele>114.5</ele>
		</trkpt>
		<trkpt lat="47.798491988" lon="17.656039987">
			<ele>113.6</ele>
		</trkpt>
		<trkpt lat="47.798404984" lon="17.656143">
			<ele>113.6</ele>
		</trkpt>
		<trkpt lat="47.79792797" lon="17.657154026">
			<ele>113</ele>
		</trkpt>
		<trkpt lat="47.79602402" lon="17.662693039">
			<ele>111.4</ele>
		</trkpt>
		<trkpt lat="47.795932993" lon="17.663272982">
			<ele>111.5</ele>
		</trkpt>
		<trkpt lat="47.795879014" lon="17.664474025">
			<ele>112</ele>
		</trkpt>
		<trkpt lat="47.79580299" lon="17.665337026">
			<ele>112.2</ele>
		</trkpt>
		<trkpt lat="47.795666029" lon="17.665873971">
			<ele>111.8</ele>
		</trkpt>
		<trkpt lat="47.794921968" lon="17.668235991">
			<ele>112.9</ele>
		</trkpt>
		<trkpt lat="47.794749971" lon="17.668900006">
			<ele>113.2</ele>
		</trkpt>
		<trkpt lat="47.794719964" lon="17.669407027">
			<ele>113.4</ele>
		</trkpt>
		<trkpt lat="47.794761957" lon="17.669974985">
			<ele>112.1</ele>
		</trkpt>
		<trkpt lat="47.794848961" lon="17.670555012">
			<ele>112</ele>
		</trkpt>
		<trkpt lat="47.795012995" lon="17.671335032">
			<ele>113.7</ele>
		</trkpt>
		<trkpt lat="47.795081978" lon="17.671494037">
			<ele>115.1</ele>
		</trkpt>
		<trkpt lat="47.795630993" lon="17.672290988">
			<ele>113.6</ele>
		</trkpt>
		<trkpt lat="47.795906003" lon="17.672818964">
			<ele>111.8</ele>
		</trkpt>
		<trkpt lat="47.796012956" lon="17.673201011">
			<ele>111.1</ele>
		</trkpt>
		<trkpt lat="47.796108007" lon="17.673820015">
			<ele>111.5</ele>
		</trkpt>
		<trkpt lat="47.796134997" lon="17.674192004">
			<ele>111.9</ele>
		</trkpt>
		<trkpt lat="47.796127034" lon="17.674654014">
			<ele>112</ele>
		</trkpt>
		<trkpt lat="47.795906003" lon="17.678839015">
			<ele>112.8</ele>
		</trkpt>
		<trkpt lat="47.795753034" lon="17.679873006">
			<ele>113</ele>
		</trkpt>
		<trkpt lat="47.795475006" lon="17.68073299">
			<ele>112.8</ele>
		</trkpt>
		<trkpt lat="47.794776961" lon="17.682069987">
			<ele>113.7</ele>
		</trkpt>
		<trkpt lat="47.794436991" lon="17.682810025">
			<ele>114</ele>
		</trkpt>
		<trkpt lat="47.794246973" lon="17.683445038">
			<ele>113.9</ele>
		</trkpt>
		<trkpt lat="47.79411303" lon="17.684096983">
			<ele>113.4</ele>
		</trkpt>
		<trkpt lat="47.794002976" lon="17.684404012">
			<ele>113.4</ele>
		</trkpt>
		<trkpt lat="47.793751016" lon="17.684827968">
			<ele>113.5</ele>
		</trkpt>
		<trkpt lat="47.793143999" lon="17.685660962">
			<ele>113.5</ele>
		</trkpt>
		<trkpt lat="47.792873012" lon="17.686131019">
			<ele>113.2</ele>
		</trkpt>
		<trkpt lat="47.790950957" lon="17.690058025">
			<ele>114.4</ele>
		</trkpt>
		<trkpt lat="47.790642" lon="17.690553982">
			<ele>114.4</ele>
		</trkpt>
		<trkpt lat="47.789889976" lon="17.691548998">
			<ele>114.6</ele>
		</trkpt>
		<trkpt lat="47.789252951" lon="17.69217303">
			<ele>114.3</ele>
		</trkpt>
		<trkpt lat="47.788695974" lon="17.692589024">
			<ele>114.9</ele>
		</trkpt>
		<trkpt lat="47.787983009" lon="17.692983979">
			<ele>114.8</ele>
		</trkpt>
		<trkpt lat="47.78495798" lon="17.694475036">
			<ele>113.9</ele>
		</trkpt>
		<trkpt lat="47.78473301" lon="17.694640998">
			<ele>114.4</ele>
		</trkpt>
		<trkpt lat="47.784450959" lon="17.694977028">
			<ele>114.7</ele>
		</trkpt>
		<trkpt lat="47.784106966" lon="17.695600977">
			<ele>114.7</ele>
		</trkpt>
		<trkpt lat="47.783798009" lon="17.696692972">
			<ele>113.8</ele>
		</trkpt>
		<trkpt lat="47.783657025" lon="17.697036965">
			<ele>113.5</ele>
		</trkpt>
		<trkpt lat="47.783385955" lon="17.697868031">
			<ele>113.7</ele>
		</trkpt>
		<trkpt lat="47.783160984" lon="17.698370023">
			<ele>113.7</ele>
		</trkpt>
		<trkpt lat="47.782657986" lon="17.699217014">
			<ele>113</ele>
		</trkpt>
		<trkpt lat="47.781467002" lon="17.701073019">
			<ele>113.4</ele>
		</trkpt>
		<trkpt lat="47.780845986" lon="17.70195798">
			<ele>112.1</ele>
		</trkpt>
		<trkpt lat="47.779117973" lon="17.704121014">
			<ele>112.3</ele>
		</trkpt>
		<trkpt lat="47.778037965" lon="17.705414006">
			<ele>117.4</ele>
		</trkpt>
		<trkpt lat="47.776919987" lon="17.706854017">
			<ele>113.9</ele>
		</trkpt>
		<trkpt lat="47.768962962" lon="17.718852963">
			<ele>114.5</ele>
		</trkpt>
		<trkpt lat="47.768715026" lon="17.719334001">
			<ele>115.4</ele>
		</trkpt>
		<trkpt lat="47.768356029" lon="17.720162971">
			<ele>116.8</ele>
		</trkpt>
		<trkpt lat="47.768126951" lon="17.72072196">
			<ele>116.4</ele>
		</trkpt>
		<trkpt lat="47.768078588" lon="17.720983811">
			<ele>115.8</ele>
		</trkpt>
		<trkpt lat="47.768019747" lon="17.721128315">
			<ele>115.8</ele>
		</trkpt>
		<trkpt lat="47.764058375" lon="17.730706818">
			<ele>115.5</ele>
		</trkpt>
		<trkpt lat="47.76366166" lon="17.73151299">
			<ele>114.7</ele>
		</trkpt>
		<trkpt lat="47.763420596" lon="17.731839214">
			<ele>114.5</ele>
		</trkpt>
		<trkpt lat="47.763214485" lon="17.73203929">
			<ele>114.2</ele>
		</trkpt>
		<trkpt lat="47.761450598" lon="17.733445605">
			<ele>113.1</ele>
		</trkpt>
		<trkpt lat="47.761082632" lon="17.733784653">
			<ele>112.5</ele>
		</trkpt>
		<trkpt lat="47.760692455" lon="17.734325118">
			<ele>113.2</ele>
		</trkpt>
		<trkpt lat="47.760459857" lon="17.734833648">
			<ele>113.6</ele>
		</trkpt>
		<trkpt lat="47.758326076" lon="17.741638329">
			<ele>110.4</ele>
		</trkpt>
		<trkpt lat="47.758179811" lon="17.742217518">
			<ele>110.8</ele>
		</trkpt>
		<trkpt lat="47.75805467" lon="17.743122848">
			<ele>111.9</ele>
		</trkpt>
		<trkpt lat="47.757768511" lon="17.746630507">
			<ele>114.8</ele>
		</trkpt>
		<trkpt lat="47.757789299" lon="17.747098217">
			<ele>115.8</ele>
		</trkpt>
		<trkpt lat="47.757673461" lon="17.748223068">
			<ele>114.2</ele>
		</trkpt>
		<trkpt lat="47.757534489" lon="17.74893662">
			<ele>113</ele>
		</trkpt>
		<trkpt lat="47.757076669" lon="17.750608977">
			<ele>111.6</ele>
		</trkpt>
		<trkpt lat="47.756899308" lon="17.751408443">
			<ele>111.5</ele>
		</trkpt>
		<trkpt lat="47.756720774" lon="17.753921924">
			<ele>112.1</ele>
		</trkpt>
		<trkpt lat="47.756645756" lon="17.754649138">
			<ele>112.1</ele>
		</trkpt>
		<trkpt lat="47.755983753" lon="17.758205831">
			<ele>111.8</ele>
		</trkpt>
		<trkpt lat="47.755835058" lon="17.758732634">
			<ele>111.8</ele>
		</trkpt>
		<trkpt lat="47.755699271" lon="17.759081069">
			<ele>112</ele>
		</trkpt>
		<trkpt lat="47.753949968" lon="17.762823002">
			<ele>112.4</ele>
		</trkpt>
		<trkpt lat="47.753843769" lon="17.763181999">
			<ele>112.5</ele>
		</trkpt>
		<trkpt lat="47.753783839" lon="17.763557006">
			<ele>112.7</ele>
		</trkpt>
		<trkpt lat="47.753786185" lon="17.764079282">
			<ele>112.3</ele>
		</trkpt>
		<trkpt lat="47.753852654" lon="17.764458312">
			<ele>111.8</ele>
		</trkpt>
		<trkpt lat="47.754295805" lon="17.765865047">
			<ele>111.8</ele>
		</trkpt>
		<trkpt lat="47.754369985" lon="17.766235443">
			<ele>111.3</ele>
		</trkpt>
		<trkpt lat="47.754629237" lon="17.769422326">
			<ele>112.5</ele>
		</trkpt>
		<trkpt lat="47.754649773" lon="17.770101512">
			<ele>112.5</ele>
		</trkpt>
		<trkpt lat="47.754560757" lon="17.770758905">
			<ele>112.3</ele>
		</trkpt>
		<trkpt lat="47.754059352" lon="17.772592027">
			<ele>112.5</ele>
		</trkpt>
		<trkpt lat="47.75399347" lon="17.773117488">
			<ele>112.4</ele>
		</trkpt>
		<trkpt lat="47.753900096" lon="17.774461191">
			<ele>111.5</ele>
		</trkpt>
		<trkpt lat="47.753842596" lon="17.774872407">
			<ele>111</ele>
		</trkpt>
		<trkpt lat="47.753741678" lon="17.775246995">
			<ele>111.3</ele>
		</trkpt>
		<trkpt lat="47.753391314" lon="17.776173698">
			<ele>111.5</ele>
		</trkpt>
		<trkpt lat="47.753325935" lon="17.776563959">
			<ele>111.4</ele>
		</trkpt>
		<trkpt lat="47.753311099" lon="17.776965033">
			<ele>111.3</ele>
		</trkpt>
		<trkpt lat="47.753392152" lon="17.777491082">
			<ele>111</ele>
		</trkpt>
		<trkpt lat="47.75372592" lon="17.778587267">
			<ele>110.5</ele>
		</trkpt>
		<trkpt lat="47.753796411" lon="17.778979288">
			<ele>110.1</ele>
		</trkpt>
		<trkpt lat="47.754495043" lon="17.785320785">
			<ele>110.6</ele>
		</trkpt>
		<trkpt lat="47.755347902" lon="17.792091267">
			<ele>110.6</ele>
		</trkpt>
		<trkpt lat="47.755355948" lon="17.79253358">
			<ele>111.4</ele>
		</trkpt>
		<trkpt lat="47.755303142" lon="17.792913867">
			<ele>112.2</ele>
		</trkpt>
		<trkpt lat="47.755235081" lon="17.793166665">
			<ele>111.8</ele>
		</trkpt>
		<trkpt lat="47.754616581" lon="17.794388328">
			<ele>112.9</ele>
		</trkpt>
		<trkpt lat="47.754485488" lon="17.794557894">
			<ele>112.6</ele>
		</trkpt>
		<trkpt lat="47.754164377" lon="17.794725113">
			<ele>112.5</ele>
		</trkpt>
		<trkpt lat="47.753210852" lon="17.794870706">
			<ele>114</ele>
		</trkpt>
		<trkpt lat="47.753044387" lon="17.794928961">
			<ele>114.1</ele>
		</trkpt>
		<trkpt lat="47.752774825" lon="17.795179579">
			<ele>113.1</ele>
		</trkpt>
		<trkpt lat="47.75260308" lon="17.795581743">
			<ele>112.2</ele>
		</trkpt>
		<trkpt lat="47.752320945" lon="17.796948245">
			<ele>111.3</ele>
		</trkpt>
		<trkpt lat="47.751381501" lon="17.799719218">
			<ele>110.4</ele>
		</trkpt>
		<trkpt lat="47.750877162" lon="17.801514622">
			<ele>111.3</ele>
		</trkpt>
		<trkpt lat="47.750759983" lon="17.802074868">
			<ele>111.6</ele>
		</trkpt>
		<trkpt lat="47.750655545" lon="17.803064771">
			<ele>112.2</ele>
		</trkpt>
		<trkpt lat="47.750553118" lon="17.803604566">
			<ele>111.8</ele>
		</trkpt>
		<trkpt lat="47.750422444" lon="17.80394596">
			<ele>112.3</ele>
		</trkpt>
		<trkpt lat="47.750062944" lon="17.804548955">
			<ele>112.8</ele>
		</trkpt>
		<trkpt lat="47.749895641" lon="17.804897055">
			<ele>112.9</ele>
		</trkpt>
		<trkpt lat="47.749720627" lon="17.80546451">
			<ele>112.3</ele>
		</trkpt>
		<trkpt lat="47.749479647" lon="17.806505039">
			<ele>110.8</ele>
		</trkpt>
		<trkpt lat="47.749359954" lon="17.80726335">
			<ele>110.5</ele>
		</trkpt>
		<trkpt lat="47.749301448" lon="17.808133643">
			<ele>110.6</ele>
		</trkpt>
		<trkpt lat="47.749162979" lon="17.809323873">
			<ele>111.2</ele>
		</trkpt>
		<trkpt lat="47.749107659" lon="17.810686519">
			<ele>108.8</ele>
		</trkpt>
		<trkpt lat="47.749024259" lon="17.811390767">
			<ele>109.3</ele>
		</trkpt>
		<trkpt lat="47.74856887" lon="17.814235669">
			<ele>110.3</ele>
		</trkpt>
		<trkpt lat="47.748089676" lon="17.815697892">
			<ele>111.7</ele>
		</trkpt>
		<trkpt lat="47.747736631" lon="17.817818848">
			<ele>111.4</ele>
		</trkpt>
		<trkpt lat="47.747686926" lon="17.818526281">
			<ele>111</ele>
		</trkpt>
		<trkpt lat="47.747763285" lon="17.819065154">
			<ele>111</ele>
		</trkpt>
		<trkpt lat="47.747829418" lon="17.819274869">
			<ele>111.2</ele>
		</trkpt>
		<trkpt lat="47.747837633" lon="17.819480058">
			<ele>111.2</ele>
		</trkpt>
		<trkpt lat="47.74765365" lon="17.821316449">
			<ele>110</ele>
		</trkpt>
		<trkpt lat="47.747553402" lon="17.823289549">
			<ele>112.3</ele>
		</trkpt>
		<trkpt lat="47.74740169" lon="17.824584972">
			<ele>112.2</ele>
		</trkpt>
		<trkpt lat="47.74740915" lon="17.824989734">
			<ele>111.6</ele>
		</trkpt>
		<trkpt lat="47.747538734" lon="17.826216593">
			<ele>111.5</ele>
		</trkpt>
		<trkpt lat="47.747556084" lon="17.826649183">
			<ele>110.9</ele>
		</trkpt>
		<trkpt lat="47.747401941" lon="17.828207547">
			<ele>110.1</ele>
		</trkpt>
		<trkpt lat="47.747480647" lon="17.830080232">
			<ele>109.3</ele>
		</trkpt>
		<trkpt lat="47.747462962" lon="17.830524137">
			<ele>109.4</ele>
		</trkpt>
		<trkpt lat="47.747364558" lon="17.831386887">
			<ele>110.7</ele>
		</trkpt>
		<trkpt lat="47.74742122" lon="17.833283208">
			<ele>110.1</ele>
		</trkpt>
		<trkpt lat="47.746963232" lon="17.838084446">
			<ele>109</ele>
		</trkpt>
		<trkpt lat="47.746876815" lon="17.839959059">
			<ele>110.6</ele>
		</trkpt>
		<trkpt lat="47.746897518" lon="17.842440773">
			<ele>110.6</ele>
		</trkpt>
		<trkpt lat="47.746568026" lon="17.845843239">
			<ele>111.3</ele>
		</trkpt>
		<trkpt lat="47.746406087" lon="17.849332541">
			<ele>108.4</ele>
		</trkpt>
		<trkpt lat="47.746428132" lon="17.850182131">
			<ele>109.1</ele>
		</trkpt>
		<trkpt lat="47.746552603" lon="17.852271991">
			<ele>107.9</ele>
		</trkpt>
		<trkpt lat="47.746732982" lon="17.853151169">
			<ele>108.9</ele>
		</trkpt>
		<trkpt lat="47.747221479" lon="17.854812546">
			<ele>108</ele>
		</trkpt>
		<trkpt lat="47.747313428" lon="17.855536155">
			<ele>108.8</ele>
		</trkpt>
		<trkpt lat="47.747379729" lon="17.859741524">
			<ele>108.3</ele>
		</trkpt>
		<trkpt lat="47.747319715" lon="17.862179819">
			<ele>107.5</ele>
		</trkpt>
		<trkpt lat="47.747199854" lon="17.864784496">
			<ele>107.5</ele>
		</trkpt>
		<trkpt lat="47.747215276" lon="17.865308532">
			<ele>107.2</ele>
		</trkpt>
		<trkpt lat="47.74715543" lon="17.865779009">
			<ele>107</ele>
		</trkpt>
		<trkpt lat="47.746996676" lon="17.867808519">
			<ele>109.2</ele>
		</trkpt>
		<trkpt lat="47.746770784" lon="17.869657148">
			<ele>111.1</ele>
		</trkpt>
		<trkpt lat="47.745756658" lon="17.876093024">
			<ele>109.3</ele>
		</trkpt>
		<trkpt lat="47.745772332" lon="17.876384798">
			<ele>109.6</ele>
		</trkpt>
		<trkpt lat="47.746018257" lon="17.877161298">
			<ele>110.5</ele>
		</trkpt>
		<trkpt lat="47.746025298" lon="17.877821876">
			<ele>113.1</ele>
		</trkpt>
		<trkpt lat="47.745885739" lon="17.878252203">
			<ele>114.7</ele>
		</trkpt>
		<trkpt lat="47.745772332" lon="17.878387906">
			<ele>115.3</ele>
		</trkpt>
		<trkpt lat="47.745280314" lon="17.879304131">
			<ele>110.5</ele>
		</trkpt>
		<trkpt lat="47.744629962" lon="17.880834667">
			<ele>110</ele>
		</trkpt>
		<trkpt lat="47.744166694" lon="17.88231642">
			<ele>109.7</ele>
		</trkpt>
		<trkpt lat="47.743972402" lon="17.883221079">
			<ele>109.4</ele>
		</trkpt>
		<trkpt lat="47.743686747" lon="17.884054659">
			<ele>109.2</ele>
		</trkpt>
		<trkpt lat="47.743140498" lon="17.88611359">
			<ele>109.1</ele>
		</trkpt>
		<trkpt lat="47.742978895" lon="17.886982961">
			<ele>109</ele>
		</trkpt>
		<trkpt lat="47.742933465" lon="17.887748731">
			<ele>108.4</ele>
		</trkpt>
		<trkpt lat="47.742966238" lon="17.888303697">
			<ele>108.4</ele>
		</trkpt>
		<trkpt lat="47.742946122" lon="17.888725055">
			<ele>108.4</ele>
		</trkpt>
		<trkpt lat="47.743358595" lon="17.891021529">
			<ele>108</ele>
		</trkpt>
		<trkpt lat="47.743562275" lon="17.891896768">
			<ele>108.2</ele>
		</trkpt>
		<trkpt lat="47.746219003" lon="17.898887945">
			<ele>110.4</ele>
		</trkpt>
		<trkpt lat="47.746407596" lon="17.899490856">
			<ele>110</ele>
		</trkpt>
		<trkpt lat="47.746547825" lon="17.900242629">
			<ele>110</ele>
		</trkpt>
		<trkpt lat="47.747208655" lon="17.904605577">
			<ele>109.8</ele>
		</trkpt>
		<trkpt lat="47.747431026" lon="17.905840902">
			<ele>110.8</ele>
		</trkpt>
		<trkpt lat="47.747431697" lon="17.906051371">
			<ele>110.8</ele>
		</trkpt>
		<trkpt lat="47.747520629" lon="17.906621173">
			<ele>110.2</ele>
		</trkpt>
		<trkpt lat="47.747827826" lon="17.908293027">
			<ele>112.6</ele>
		</trkpt>
		<trkpt lat="47.748023376" lon="17.90900683">
			<ele>113.1</ele>
		</trkpt>
		<trkpt lat="47.749246044" lon="17.911712509">
			<ele>112.2</ele>
		</trkpt>
		<trkpt lat="47.749535471" lon="17.912285663">
			<ele>112.3</ele>
		</trkpt>
		<trkpt lat="47.750875402" lon="17.914720103">
			<ele>109.6</ele>
		</trkpt>
		<trkpt lat="47.751873687" lon="17.916443171">
			<ele>112.3</ele>
		</trkpt>
		<trkpt lat="47.752643816" lon="17.917717304">
			<ele>111.7</ele>
		</trkpt>
		<trkpt lat="47.753729105" lon="17.919357894">
			<ele>110.4</ele>
		</trkpt>
		<trkpt lat="47.754093885" lon="17.919962816">
			<ele>110.3</ele>
		</trkpt>
		<trkpt lat="47.754249789" lon="17.920293063">
			<ele>110.1</ele>
		</trkpt>
		<trkpt lat="47.754335535" lon="17.920571929">
			<ele>109.5</ele>
		</trkpt>
		<trkpt lat="47.754391191" lon="17.921068054">
			<ele>108.2</ele>
		</trkpt>
		<trkpt lat="47.754433185" lon="17.9243924">
			<ele>109</ele>
		</trkpt>
		<trkpt lat="47.75472236" lon="17.927365042">
			<ele>109.5</ele>
		</trkpt>
		<trkpt lat="47.755248157" lon="17.935504625">
			<ele>109.4</ele>
		</trkpt>
		<trkpt lat="47.755659708" lon="17.940959483">
			<ele>110.1</ele>
		</trkpt>
		<trkpt lat="47.755770517" lon="17.942818673">
			<ele>109.7</ele>
		</trkpt>
		<trkpt lat="47.755769092" lon="17.943864316">
			<ele>110.3</ele>
		</trkpt>
		<trkpt lat="47.755701534" lon="17.944666967">
			<ele>109.9</ele>
		</trkpt>
		<trkpt lat="47.755502548" lon="17.946272604">
			<ele>109</ele>
		</trkpt>
		<trkpt lat="47.755475139" lon="17.94682757">
			<ele>109.5</ele>
		</trkpt>
		<trkpt lat="47.755488969" lon="17.947178353">
			<ele>109.7</ele>
		</trkpt>
		<trkpt lat="47.755580919" lon="17.947930293">
			<ele>109.8</ele>
		</trkpt>
		<trkpt lat="47.755830029" lon="17.948959591">
			<ele>109.3</ele>
		</trkpt>
		<trkpt lat="47.757538931" lon="17.957005212">
			<ele>109.7</ele>
		</trkpt>
		<trkpt lat="47.758142261" lon="17.960272478">
			<ele>108.2</ele>
		</trkpt>
		<trkpt lat="47.758586921" lon="17.962004347">
			<ele>107.7</ele>
		</trkpt>
		<trkpt lat="47.758769646" lon="17.962934151">
			<ele>108.1</ele>
		</trkpt>
		<trkpt lat="47.75894642" lon="17.963992199">
			<ele>108.5</ele>
		</trkpt>
		<trkpt lat="47.75917248" lon="17.965841834">
			<ele>107.7</ele>
		</trkpt>
		<trkpt lat="47.759842194" lon="17.969658952">
			<ele>109.7</ele>
		</trkpt>
		<trkpt lat="47.759925678" lon="17.970562605">
			<ele>109.9</ele>
		</trkpt>
		<trkpt lat="47.759781845" lon="17.974477038">
			<ele>110.3</ele>
		</trkpt>
		<trkpt lat="47.759612195" lon="17.977688648">
			<ele>108.5</ele>
		</trkpt>
		<trkpt lat="47.759480012" lon="17.977850419">
			<ele>109.1</ele>
		</trkpt>
		<trkpt lat="47.758562948" lon="17.978292564">
			<ele>109.1</ele>
		</trkpt>
		<trkpt lat="47.758334122" lon="17.978533041">
			<ele>109.3</ele>
		</trkpt>
		<trkpt lat="47.756468562" lon="17.982092332">
			<ele>106.3</ele>
		</trkpt>
		<trkpt lat="47.755479078" lon="17.983878348">
			<ele>106.9</ele>
		</trkpt>
		<trkpt lat="47.754633847" lon="17.985645672">
			<ele>107.1</ele>
		</trkpt>
		<trkpt lat="47.754041834" lon="17.986994656">
			<ele>108.7</ele>
		</trkpt>
		<trkpt lat="47.751386782" lon="17.9942849">
			<ele>109.2</ele>
		</trkpt>
		<trkpt lat="47.751145299" lon="17.995206239">
			<ele>108.8</ele>
		</trkpt>
		<trkpt lat="47.750946564" lon="17.996497974">
			<ele>109.2</ele>
		</trkpt>
		<trkpt lat="47.750951258" lon="17.996858563">
			<ele>109.5</ele>
		</trkpt>
		<trkpt lat="47.751020577" lon="17.997313952">
			<ele>109.6</ele>
		</trkpt>
		<trkpt lat="47.753488879" lon="18.010333478">
			<ele>108.9</ele>
		</trkpt>
		<trkpt lat="47.753622571" lon="18.01090328">
			<ele>109.1</ele>
		</trkpt>
		<trkpt lat="47.755021007" lon="18.015475273">
			<ele>111</ele>
		</trkpt>
		<trkpt lat="47.759291" lon="18.026345763">
			<ele>107.7</ele>
		</trkpt>
		<trkpt lat="47.75974882" lon="18.027782254">
			<ele>109.6</ele>
		</trkpt>
		<trkpt lat="47.759860132" lon="18.028279217">
			<ele>109.5</ele>
		</trkpt>
		<trkpt lat="47.760146541" lon="18.030069005">
			<ele>112.9</ele>
		</trkpt>
		<trkpt lat="47.760272102" lon="18.03116167">
			<ele>110.6</ele>
		</trkpt>
		<trkpt lat="47.760393975" lon="18.033485385">
			<ele>108.2</ele>
		</trkpt>
		<trkpt lat="47.760392299" lon="18.03448962">
			<ele>108.5</ele>
		</trkpt>
		<trkpt lat="47.760310743" lon="18.037142241">
			<ele>107.5</ele>
		</trkpt>
		<trkpt lat="47.760224074" lon="18.037698213">
			<ele>108.5</ele>
		</trkpt>
		<trkpt lat="47.759587468" lon="18.040946703">
			<ele>107.6</ele>
		</trkpt>
		<trkpt lat="47.759547738" lon="18.041482642">
			<ele>107.8</ele>
		</trkpt>
		<trkpt lat="47.759553773" lon="18.042836068">
			<ele>109.7</ele>
		</trkpt>
		<trkpt lat="47.759601131" lon="18.043402433">
			<ele>108.3</ele>
		</trkpt>
		<trkpt lat="47.759915285" lon="18.045797143">
			<ele>108.2</ele>
		</trkpt>
		<trkpt lat="47.760572761" lon="18.050163612">
			<ele>110.8</ele>
		</trkpt>
		<trkpt lat="47.760650042" lon="18.050992079">
			<ele>111.2</ele>
		</trkpt>
		<trkpt lat="47.760660017" lon="18.051655842">
			<ele>111.2</ele>
		</trkpt>
		<trkpt lat="47.760581562" lon="18.052715231">
			<ele>111.1</ele>
		</trkpt>
		<trkpt lat="47.760236395" lon="18.054895699">
			<ele>110</ele>
		</trkpt>
		<trkpt lat="47.76025735" lon="18.054942051">
			<ele>110</ele>
		</trkpt>
		<trkpt lat="47.7595526" lon="18.060205719">
			<ele>109.5</ele>
		</trkpt>
		<trkpt lat="47.759528544" lon="18.060785662">
			<ele>108.6</ele>
		</trkpt>
		<trkpt lat="47.759521419" lon="18.064660951">
			<ele>108.5</ele>
		</trkpt>
		<trkpt lat="47.759354703" lon="18.072073823">
			<ele>108.5</ele>
		</trkpt>
		<trkpt lat="47.758945666" lon="18.075721962">
			<ele>108.9</ele>
		</trkpt>
		<trkpt lat="47.758886322" lon="18.07654825">
			<ele>109.1</ele>
		</trkpt>
		<trkpt lat="47.758815327" lon="18.081789203">
			<ele>105.4</ele>
		</trkpt>
		<trkpt lat="47.759001741" lon="18.086209064">
			<ele>106.5</ele>
		</trkpt>
		<trkpt lat="47.759023282" lon="18.086302355">
			<ele>106.5</ele>
		</trkpt>
		<trkpt lat="47.759101486" lon="18.086381732">
			<ele>106.9</ele>
		</trkpt>
		<trkpt lat="47.759397953" lon="18.086482314">
			<ele>107</ele>
		</trkpt>
		<trkpt lat="47.759526029" lon="18.086615335">
			<ele>106.9</ele>
		</trkpt>
		<trkpt lat="47.759568777" lon="18.086848184">
			<ele>107.5</ele>
		</trkpt>
		<trkpt lat="47.759557964" lon="18.08734213">
			<ele>109.4</ele>
		</trkpt>
		<trkpt lat="47.759423267" lon="18.087821659">
			<ele>111.3</ele>
		</trkpt>
		<trkpt lat="47.759435169" lon="18.088151906">
			<ele>112.1</ele>
		</trkpt>
		<trkpt lat="47.759412035" lon="18.088279562">
			<ele>111.4</ele>
		</trkpt>
		<trkpt lat="47.759338442" lon="18.088347623">
			<ele>111.4</ele>
		</trkpt>
		<trkpt lat="47.759159321" lon="18.088267995">
			<ele>109.3</ele>
		</trkpt>
		<trkpt lat="47.759095618" lon="18.088341923">
			<ele>109.6</ele>
		</trkpt>
		<trkpt lat="47.758988246" lon="18.089385806">
			<ele>107.5</ele>
		</trkpt>
		<trkpt lat="47.758381061" lon="18.09184053">
			<ele>106.7</ele>
		</trkpt>
		<trkpt lat="47.758315095" lon="18.091922589">
			<ele>105.7</ele>
		</trkpt>
		<trkpt lat="47.75815827" lon="18.092821715">
			<ele>107.4</ele>
		</trkpt>
		<trkpt lat="47.757308764" lon="18.096072553">
			<ele>103.3</ele>
		</trkpt>
		<trkpt lat="47.75717809" lon="18.09593509">
			<ele>103.5</ele>
		</trkpt>
		<trkpt lat="47.757003579" lon="18.096118318">
			<ele>103.6</ele>
		</trkpt>
		<trkpt lat="47.756840802" lon="18.096402967">
			<ele>103.6</ele>
		</trkpt>
		<trkpt lat="47.756720103" lon="18.096732125">
			<ele>103.6</ele>
		</trkpt>
		<trkpt lat="47.756621783" lon="18.097169157">
			<ele>103.5</ele>
		</trkpt>
		<trkpt lat="47.756436795" lon="18.097738707">
			<ele>104.6</ele>
		</trkpt>
		<trkpt lat="47.755434319" lon="18.101497991">
			<ele>105.3</ele>
		</trkpt>
		<trkpt lat="47.754748847" lon="18.104512459">
			<ele>105.7</ele>
		</trkpt>
		<trkpt lat="47.754744237" lon="18.104704823">
			<ele>105.7</ele>
		</trkpt>
		<trkpt lat="47.754505939" lon="18.105906034">
			<ele>104.3</ele>
		</trkpt>
		<trkpt lat="47.753867155" lon="18.109919876">
			<ele>104.8</ele>
		</trkpt>
		<trkpt lat="47.753592647" lon="18.112526396">
			<ele>106.5</ele>
		</trkpt>
		<trkpt lat="47.753388548" lon="18.114105212">
			<ele>105.5</ele>
		</trkpt>
		<trkpt lat="47.753338927" lon="18.115045745">
			<ele>106.2</ele>
		</trkpt>
		<trkpt lat="47.753267346" lon="18.117978405">
			<ele>104.8</ele>
		</trkpt>
		<trkpt lat="47.753170954" lon="18.119408106">
			<ele>106.4</ele>
		</trkpt>
		<trkpt lat="47.753154944" lon="18.119930802">
			<ele>107.2</ele>
		</trkpt>
		<trkpt lat="47.753176653" lon="18.120019147">
			<ele>107.2</ele>
		</trkpt>
		<trkpt lat="47.753936054" lon="18.120776284">
			<ele>111.1</ele>
		</trkpt>
		<trkpt lat="47.754063626" lon="18.12080713">
			<ele>111.1</ele>
		</trkpt>
		<trkpt lat="47.754308629" lon="18.121332591">
			<ele>110.8</ele>
		</trkpt>
		<trkpt lat="47.754496049" lon="18.121576253">
			<ele>109.2</ele>
		</trkpt>
		<trkpt lat="47.755147826" lon="18.121905997">
			<ele>103.4</ele>
		</trkpt>
		<trkpt lat="47.75663729" lon="18.122957675">
			<ele>112.1</ele>
		</trkpt>
		<trkpt lat="47.758025165" lon="18.124100128">
			<ele>113.8</ele>
		</trkpt>
		<trkpt lat="47.758120468" lon="18.124208841">
			<ele>113.6</ele>
		</trkpt>
		<trkpt lat="47.758135974" lon="18.124328954">
			<ele>113.6</ele>
		</trkpt>
		<trkpt lat="47.758067494" lon="18.124670684">
			<ele>113.6</ele>
		</trkpt>
		<trkpt lat="47.758012928" lon="18.124743104">
			<ele>113.6</ele>
		</trkpt>
		<trkpt lat="47.757919805" lon="18.124773446">
			<ele>113.7</ele>
		</trkpt>
		<trkpt lat="47.757501548" lon="18.124642437">
			<ele>113.7</ele>
		</trkpt>
		<trkpt lat="47.756684899" lon="18.124076743">
			<ele>113.2</ele>
		</trkpt>
		<trkpt lat="47.756615245" lon="18.124091327">
			<ele>113.2</ele>
		</trkpt>
		<trkpt lat="47.756552716" lon="18.124174057">
			<ele>113.2</ele>
		</trkpt>
		<trkpt lat="47.756399831" lon="18.124687281">
			<ele>112.7</ele>
		</trkpt>
		<trkpt lat="47.755790131" lon="18.127132701">
			<ele>112.6</ele>
		</trkpt>
		<trkpt lat="47.754979768" lon="18.129498409">
			<ele>111.8</ele>
		</trkpt>
		<trkpt lat="47.754938697" lon="18.129683565">
			<ele>112.1</ele>
		</trkpt>
		<trkpt lat="47.755001478" lon="18.129745843">
			<ele>112.1</ele>
		</trkpt>
		<trkpt lat="47.754988402" lon="18.129782556">
			<ele>112.4</ele>
		</trkpt>
		<trkpt lat="47.754811963" lon="18.130154628">
			<ele>112</ele>
		</trkpt>
		<trkpt lat="47.754547346" lon="18.130442714">
			<ele>111.4</ele>
		</trkpt>
		<trkpt lat="47.754429832" lon="18.130635917">
			<ele>110.8</ele>
		</trkpt>
		<trkpt lat="47.753810912" lon="18.1320595">
			<ele>109.8</ele>
		</trkpt>
		<trkpt lat="47.753550403" lon="18.132781181">
			<ele>110.2</ele>
		</trkpt>
		<trkpt lat="47.75247886" lon="18.136242991">
			<ele>110.5</ele>
		</trkpt>
		<trkpt lat="47.752169735" lon="18.136966098">
			<ele>111</ele>
		</trkpt>
		<trkpt lat="47.7516431" lon="18.13794829">
			<ele>108.7</ele>
		</trkpt>
		<trkpt lat="47.751457022" lon="18.138444247">
			<ele>108.6</ele>
		</trkpt>
		<trkpt lat="47.751071036" lon="18.13978577">
			<ele>106.1</ele>
		</trkpt>
		<trkpt lat="47.750947067" lon="18.140543746">
			<ele>106.2</ele>
		</trkpt>
		<trkpt lat="47.750806754" lon="18.141967915">
			<ele>106.8</ele>
		</trkpt>
		<trkpt lat="47.750896105" lon="18.142273016">
			<ele>107.4</ele>
		</trkpt>
		<trkpt lat="47.75133188" lon="18.143295692">
			<ele>109.6</ele>
		</trkpt>
		<trkpt lat="47.751469679" lon="18.143445225">
			<ele>109</ele>
		</trkpt>
		<trkpt lat="47.751651231" lon="18.143495601">
			<ele>107.3</ele>
		</trkpt>
		<trkpt lat="47.751922637" lon="18.143437849">
			<ele>106</ele>
		</trkpt>
		<trkpt lat="47.753224011" lon="18.142997716">
			<ele>105.1</ele>
		</trkpt>
		<trkpt lat="47.754027584" lon="18.142833011">
			<ele>105.6</ele>
		</trkpt>
		<trkpt lat="47.755787868" lon="18.142582057">
			<ele>108.5</ele>
		</trkpt>
		<trkpt lat="47.759794417" lon="18.142148629">
			<ele>108.5</ele>
		</trkpt>
		<trkpt lat="47.76002668" lon="18.142085429">
			<ele>108.5</ele>
		</trkpt>
		<trkpt lat="47.761113561" lon="18.142085932">
			<ele>107.6</ele>
		</trkpt>
		<trkpt lat="47.761176845" lon="18.142029187">
			<ele>107.6</ele>
		</trkpt>
		<trkpt lat="47.76192493" lon="18.141731881">
			<ele>111</ele>
		</trkpt>
		<trkpt lat="47.762158952" lon="18.141712518">
			<ele>112.5</ele>
		</trkpt>
		<trkpt lat="47.762335391" lon="18.141792649">
			<ele>113.1</ele>
		</trkpt>
		<trkpt lat="47.76237948" lon="18.141884264">
			<ele>113.1</ele>
		</trkpt>
	</trkseg>
</trk>
<trk>
	<name>05: Komarno – Esztergom (DEVELOPED_WITH_SIGNS)</name>
	<desc>DEVELOPED_WITH_SIGNS</desc>
	<trkseg>
		<trkpt lat="47.76237948" lon="18.141884264">
			<ele>113.1</ele>
		</trkpt>
		<trkpt lat="47.761960469" lon="18.144810889">
			<ele>110.7</ele>
		</trkpt>
		<trkpt lat="47.761906322" lon="18.14559292">
			<ele>111.3</ele>
		</trkpt>
		<trkpt lat="47.761905232" lon="18.146542003">
			<ele>109.6</ele>
		</trkpt>
		<trkpt lat="47.761851001" lon="18.146753898">
			<ele>109.6</ele>
		</trkpt>
		<trkpt lat="47.761768523" lon="18.146774936">
			<ele>108.8</ele>
		</trkpt>
		<trkpt lat="47.761700127" lon="18.14673638">
			<ele>109.3</ele>
		</trkpt>
		<trkpt lat="47.761387314" lon="18.145981841">
			<ele>110.2</ele>
		</trkpt>
		<trkpt lat="47.761261418" lon="18.145818813">
			<ele>110.6</ele>
		</trkpt>
		<trkpt lat="47.761172235" lon="18.145771958">
			<ele>110.2</ele>
		</trkpt>
		<trkpt lat="47.760219715" lon="18.145997096">
			<ele>108.6</ele>
		</trkpt>
		<trkpt lat="47.757690308" lon="18.146054763">
			<ele>107.2</ele>
		</trkpt>
		<trkpt lat="47.757065605" lon="18.146119304">
			<ele>106.6</ele>
		</trkpt>
		<trkpt lat="47.756550202" lon="18.146235058">
			<ele>107.2</ele>
		</trkpt>
		<trkpt lat="47.755322421" lon="18.146605538">
			<ele>107.3</ele>
		</trkpt>
		<trkpt lat="47.754364788" lon="18.146943329">
			<ele>107.7</ele>
		</trkpt>
		<trkpt lat="47.7540389" lon="18.14717425">
			<ele>108</ele>
		</trkpt>
		<trkpt lat="47.753767578" lon="18.147426546">
			<ele>108.2</ele>
		</trkpt>
		<trkpt lat="47.753517545" lon="18.147733994">
			<ele>108.5</ele>
		</trkpt>
		<trkpt lat="47.753297353" lon="18.148096344">
			<ele>108.6</ele>
		</trkpt>
		<trkpt lat="47.751615775" lon="18.151474753">
			<ele>109.5</ele>
		</trkpt>
		<trkpt lat="47.750720588" lon="18.153350959">
			<ele>109.5</ele>
		</trkpt>
		<trkpt lat="47.74875696" lon="18.160396954">
			<ele>107</ele>
		</trkpt>
		<trkpt lat="47.74678914" lon="18.166297814">
			<ele>107.4</ele>
		</trkpt>
		<trkpt lat="47.745666971" lon="18.168696044">
			<ele>107</ele>
		</trkpt>
		<trkpt lat="47.745520539" lon="18.169346899">
			<ele>106</ele>
		</trkpt>
		<trkpt lat="47.744444471" lon="18.17561321">
			<ele>106.4</ele>
		</trkpt>
		<trkpt lat="47.744292507" lon="18.176788017">
			<ele>106.4</ele>
		</trkpt>
		<trkpt lat="47.744091173" lon="18.181025572">
			<ele>107.1</ele>
		</trkpt>
		<trkpt lat="47.744031578" lon="18.181762593">
			<ele>106.2</ele>
		</trkpt>
		<trkpt lat="47.743904927" lon="18.182492321">
			<ele>106</ele>
		</trkpt>
		<trkpt lat="47.74318509" lon="18.18571575">
			<ele>106</ele>
		</trkpt>
		<trkpt lat="47.742978057" lon="18.186940094">
			<ele>106.5</ele>
		</trkpt>
		<trkpt lat="47.742898093" lon="18.187733022">
			<ele>106.1</ele>
		</trkpt>
		<trkpt lat="47.74289013" lon="18.188657044">
			<ele>105.9</ele>
		</trkpt>
		<trkpt lat="47.743205458" lon="18.196596717">
			<ele>107.4</ele>
		</trkpt>
		<trkpt lat="47.7432674" lon="18.197139278">
			<ele>107.1</ele>
		</trkpt>
		<trkpt lat="47.743685489" lon="18.199067703">
			<ele>105.5</ele>
		</trkpt>
		<trkpt lat="47.74365917" lon="18.199113887">
			<ele>105.5</ele>
		</trkpt>
		<trkpt lat="47.743672916" lon="18.199228467">
			<ele>105.5</ele>
		</trkpt>
		<trkpt lat="47.743801662" lon="18.199895751">
			<ele>105</ele>
		</trkpt>
		<trkpt lat="47.74415211" lon="18.201268204">
			<ele>107.4</ele>
		</trkpt>
		<trkpt lat="47.744346067" lon="18.20167548">
			<ele>108.2</ele>
		</trkpt>
		<trkpt lat="47.744552346" lon="18.201959459">
			<ele>108.8</ele>
		</trkpt>
		<trkpt lat="47.744851412" lon="18.202242013">
			<ele>109.1</ele>
		</trkpt>
		<trkpt lat="47.745492711" lon="18.202734534">
			<ele>106.4</ele>
		</trkpt>
		<trkpt lat="47.745942568" lon="18.203321351">
			<ele>106.3</ele>
		</trkpt>
		<trkpt lat="47.746070895" lon="18.203652268">
			<ele>106.8</ele>
		</trkpt>
		<trkpt lat="47.746283376" lon="18.204371771">
			<ele>107.3</ele>
		</trkpt>
		<trkpt lat="47.74674832" lon="18.206225345">
			<ele>106.7</ele>
		</trkpt>
		<trkpt lat="47.746955186" lon="18.207432088">
			<ele>106.4</ele>
		</trkpt>
		<trkpt lat="47.747020062" lon="18.208182184">
			<ele>107.1</ele>
		</trkpt>
		<trkpt lat="47.747260455" lon="18.215137152">
			<ele>105.8</ele>
		</trkpt>
		<trkpt lat="47.747240171" lon="18.216485465">
			<ele>106.9</ele>
		</trkpt>
		<trkpt lat="47.747082591" lon="18.217788097">
			<ele>107</ele>
		</trkpt>
		<trkpt lat="47.745461447" lon="18.227467099">
			<ele>106.4</ele>
		</trkpt>
		<trkpt lat="47.74535441" lon="18.228275534">
			<ele>105.3</ele>
		</trkpt>
		<trkpt lat="47.744372721" lon="18.240746381">
			<ele>106.5</ele>
		</trkpt>
		<trkpt lat="47.744365764" lon="18.241388686">
			<ele>106.1</ele>
		</trkpt>
		<trkpt lat="47.744472801" lon="18.242021268">
			<ele>106.1</ele>
		</trkpt>
		<trkpt lat="47.744469616" lon="18.242241042">
			<ele>106.3</ele>
		</trkpt>
		<trkpt lat="47.74394801" lon="18.249338334">
			<ele>107.2</ele>
		</trkpt>
		<trkpt lat="47.743254492" lon="18.257998014">
			<ele>106</ele>
		</trkpt>
		<trkpt lat="47.742901614" lon="18.259744132">
			<ele>105.6</ele>
		</trkpt>
		<trkpt lat="47.74254312" lon="18.261213899">
			<ele>105.2</ele>
		</trkpt>
		<trkpt lat="47.74101074" lon="18.26642761">
			<ele>107.3</ele>
		</trkpt>
		<trkpt lat="47.737997781" lon="18.276465191">
			<ele>106.2</ele>
		</trkpt>
		<trkpt lat="47.737485563" lon="18.27840141">
			<ele>106.3</ele>
		</trkpt>
		<trkpt lat="47.73701098" lon="18.280563187">
			<ele>106.7</ele>
		</trkpt>
		<trkpt lat="47.736785926" lon="18.281808738">
			<ele>106.7</ele>
		</trkpt>
		<trkpt lat="47.736452494" lon="18.284019548">
			<ele>107.3</ele>
		</trkpt>
		<trkpt lat="47.73623733" lon="18.28611033">
			<ele>106.4</ele>
		</trkpt>
		<trkpt lat="47.736095173" lon="18.288113102">
			<ele>105.7</ele>
		</trkpt>
		<trkpt lat="47.735984783" lon="18.290998992">
			<ele>106.6</ele>
		</trkpt>
		<trkpt lat="47.736018227" lon="18.292979719">
			<ele>107.6</ele>
		</trkpt>
		<trkpt lat="47.736095257" lon="18.29489775">
			<ele>106.2</ele>
		</trkpt>
		<trkpt lat="47.73623666" lon="18.296625009">
			<ele>106.7</ele>
		</trkpt>
		<trkpt lat="47.736420056" lon="18.298275154">
			<ele>106.4</ele>
		</trkpt>
		<trkpt lat="47.736569924" lon="18.299329178">
			<ele>106.6</ele>
		</trkpt>
		<trkpt lat="47.739989824" lon="18.320272118">
			<ele>108</ele>
		</trkpt>
		<trkpt lat="47.740691473" lon="18.32471218">
			<ele>106.4</ele>
		</trkpt>
		<trkpt lat="47.740984002" lon="18.326414628">
			<ele>108</ele>
		</trkpt>
		<trkpt lat="47.741021134" lon="18.326606322">
			<ele>108.1</ele>
		</trkpt>
		<trkpt lat="47.741054577" lon="18.326631468">
			<ele>108.1</ele>
		</trkpt>
		<trkpt lat="47.741076203" lon="18.326903544">
			<ele>108.2</ele>
		</trkpt>
		<trkpt lat="47.741763267" lon="18.331239587">
			<ele>108.1</ele>
		</trkpt>
		<trkpt lat="47.741996368" lon="18.332034694">
			<ele>108.6</ele>
		</trkpt>
		<trkpt lat="47.742206922" lon="18.332461249">
			<ele>107.6</ele>
		</trkpt>
		<trkpt lat="47.742462905" lon="18.332876405">
			<ele>107.1</ele>
		</trkpt>
		<trkpt lat="47.742947211" lon="18.333416535">
			<ele>106.5</ele>
		</trkpt>
		<trkpt lat="47.743791101" lon="18.334126649">
			<ele>108.2</ele>
		</trkpt>
		<trkpt lat="47.744148086" lon="18.334475756">
			<ele>109.6</ele>
		</trkpt>
		<trkpt lat="47.744362076" lon="18.334728135">
			<ele>110.6</ele>
		</trkpt>
		<trkpt lat="47.744443549" lon="18.335034326">
			<ele>111.2</ele>
		</trkpt>
		<trkpt lat="47.74465033" lon="18.33905613">
			<ele>111.2</ele>
		</trkpt>
		<trkpt lat="47.744680589" lon="18.340117615">
			<ele>111</ele>
		</trkpt>
		<trkpt lat="47.744771868" lon="18.340747096">
			<ele>111.7</ele>
		</trkpt>
		<trkpt lat="47.744741777" lon="18.341032751">
			<ele>112</ele>
		</trkpt>
		<trkpt lat="47.744743537" lon="18.341440111">
			<ele>112.2</ele>
		</trkpt>
		<trkpt lat="47.745331946" lon="18.350148574">
			<ele>112.6</ele>
		</trkpt>
		<trkpt lat="47.745433535" lon="18.353877179">
			<ele>111.3</ele>
		</trkpt>
		<trkpt lat="47.745534705" lon="18.355102194">
			<ele>112.5</ele>
		</trkpt>
		<trkpt lat="47.746130071" lon="18.365047239">
			<ele>111.3</ele>
		</trkpt>
		<trkpt lat="47.746150523" lon="18.367096363">
			<ele>108.5</ele>
		</trkpt>
		<trkpt lat="47.746224787" lon="18.367669936">
			<ele>109.5</ele>
		</trkpt>
		<trkpt lat="47.746505581" lon="18.36914096">
			<ele>111.1</ele>
		</trkpt>
		<trkpt lat="47.746767264" lon="18.370267069">
			<ele>110.1</ele>
		</trkpt>
		<trkpt lat="47.746790062" lon="18.370538643">
			<ele>109.6</ele>
		</trkpt>
		<trkpt lat="47.746774891" lon="18.371357806">
			<ele>109</ele>
		</trkpt>
		<trkpt lat="47.746977482" lon="18.372464804">
			<ele>109.3</ele>
		</trkpt>
		<trkpt lat="47.747314183" lon="18.373897104">
			<ele>112.3</ele>
		</trkpt>
		<trkpt lat="47.747506128" lon="18.374542259">
			<ele>111</ele>
		</trkpt>
		<trkpt lat="47.748036535" lon="18.3758495">
			<ele>110.5</ele>
		</trkpt>
		<trkpt lat="47.748430401" lon="18.376476634">
			<ele>111.5</ele>
		</trkpt>
		<trkpt lat="47.748593094" lon="18.376827082">
			<ele>111.8</ele>
		</trkpt>
		<trkpt lat="47.749999577" lon="18.380404394">
			<ele>112.7</ele>
		</trkpt>
		<trkpt lat="47.750178614" lon="18.380986769">
			<ele>113.2</ele>
		</trkpt>
		<trkpt lat="47.750301661" lon="18.381752539">
			<ele>113.3</ele>
		</trkpt>
		<trkpt lat="47.750487068" lon="18.382453769">
			<ele>111.3</ele>
		</trkpt>
		<trkpt lat="47.750964082" lon="18.383734608">
			<ele>111.6</ele>
		</trkpt>
		<trkpt lat="47.751702361" lon="18.385434542">
			<ele>110.2</ele>
		</trkpt>
		<trkpt lat="47.75258531" lon="18.388151117">
			<ele>110.6</ele>
		</trkpt>
		<trkpt lat="47.752771724" lon="18.388553783">
			<ele>110.7</ele>
		</trkpt>
		<trkpt lat="47.753248822" lon="18.389260462">
			<ele>110.7</ele>
		</trkpt>
		<trkpt lat="47.753540093" lon="18.389766477">
			<ele>111.2</ele>
		</trkpt>
		<trkpt lat="47.754717499" lon="18.392246431">
			<ele>112.3</ele>
		</trkpt>
		<trkpt lat="47.754698975" lon="18.392289598">
			<ele>112.1</ele>
		</trkpt>
		<trkpt lat="47.754619598" lon="18.392309127">
			<ele>112.1</ele>
		</trkpt>
		<trkpt lat="47.754563356" lon="18.392412057">
			<ele>112.1</ele>
		</trkpt>
		<trkpt lat="47.754003947" lon="18.393032905">
			<ele>111</ele>
		</trkpt>
		<trkpt lat="47.753831867" lon="18.393148743">
			<ele>110.2</ele>
		</trkpt>
		<trkpt lat="47.753603209" lon="18.393199034">
			<ele>109</ele>
		</trkpt>
		<trkpt lat="47.753596671" lon="18.394065304">
			<ele>108.9</ele>
		</trkpt>
		<trkpt lat="47.753721896" lon="18.396564536">
			<ele>106.5</ele>
		</trkpt>
		<trkpt lat="47.753858354" lon="18.398277881">
			<ele>104.5</ele>
		</trkpt>
		<trkpt lat="47.7543466" lon="18.402803941">
			<ele>105.2</ele>
		</trkpt>
		<trkpt lat="47.754618928" lon="18.405045765">
			<ele>104</ele>
		</trkpt>
		<trkpt lat="47.754988318" lon="18.40891242">
			<ele>103.3</ele>
		</trkpt>
		<trkpt lat="47.755112538" lon="18.409539303">
			<ele>103</ele>
		</trkpt>
		<trkpt lat="47.755389308" lon="18.410607828">
			<ele>103.8</ele>
		</trkpt>
		<trkpt lat="47.755556946" lon="18.411457334">
			<ele>104.3</ele>
		</trkpt>
		<trkpt lat="47.755774121" lon="18.412347659">
			<ele>104</ele>
		</trkpt>
		<trkpt lat="47.75581075" lon="18.412624598">
			<ele>105.9</ele>
		</trkpt>
		<trkpt lat="47.756023902" lon="18.413449377">
			<ele>107.3</ele>
		</trkpt>
		<trkpt lat="47.756508209" lon="18.414937919">
			<ele>105.8</ele>
		</trkpt>
		<trkpt lat="47.757135678" lon="18.41643149">
			<ele>105.5</ele>
		</trkpt>
		<trkpt lat="47.757276997" lon="18.416638188">
			<ele>105.7</ele>
		</trkpt>
		<trkpt lat="47.758293889" lon="18.417735379">
			<ele>105.2</ele>
		</trkpt>
		<trkpt lat="47.758699489" lon="18.418323621">
			<ele>104.6</ele>
		</trkpt>
		<trkpt lat="47.759332575" lon="18.419939987">
			<ele>107.1</ele>
		</trkpt>
		<trkpt lat="47.760044869" lon="18.421923146">
			<ele>107.7</ele>
		</trkpt>
		<trkpt lat="47.760207059" lon="18.422279963">
			<ele>107.2</ele>
		</trkpt>
		<trkpt lat="47.760289453" lon="18.422393538">
			<ele>107.2</ele>
		</trkpt>
		<trkpt lat="47.760254416" lon="18.422812885">
			<ele>106.1</ele>
		</trkpt>
		<trkpt lat="47.760261876" lon="18.423268273">
			<ele>104.1</ele>
		</trkpt>
		<trkpt lat="47.760331111" lon="18.423853666">
			<ele>103.6</ele>
		</trkpt>
		<trkpt lat="47.760414343" lon="18.424241161">
			<ele>104</ele>
		</trkpt>
		<trkpt lat="47.761005854" lon="18.426317107">
			<ele>105.3</ele>
		</trkpt>
		<trkpt lat="47.761729128" lon="18.428564547">
			<ele>103.7</ele>
		</trkpt>
		<trkpt lat="47.762807209" lon="18.431259748">
			<ele>105.3</ele>
		</trkpt>
		<trkpt lat="47.763549426" lon="18.433472738">
			<ele>105.2</ele>
		</trkpt>
		<trkpt lat="47.764049155" lon="18.434798587">
			<ele>108.9</ele>
		</trkpt>
		<trkpt lat="47.765475839" lon="18.438356621">
			<ele>109.8</ele>
		</trkpt>
		<trkpt lat="47.766579484" lon="18.440944282">
			<ele>105.3</ele>
		</trkpt>
		<trkpt lat="47.76707234" lon="18.442352191">
			<ele>106.4</ele>
		</trkpt>
		<trkpt lat="47.768182272" lon="18.444921579">
			<ele>106.9</ele>
		</trkpt>
		<trkpt lat="47.768917532" lon="18.446758473">
			<ele>110.8</ele>
		</trkpt>
		<trkpt lat="47.769163206" lon="18.447471019">
			<ele>110</ele>
		</trkpt>
		<trkpt lat="47.769351212" lon="18.448207788">
			<ele>107.5</ele>
		</trkpt>
		<trkpt lat="47.769454812" lon="18.448811537">
			<ele>106.3</ele>
		</trkpt>
		<trkpt lat="47.769552797" lon="18.449738659">
			<ele>105.7</ele>
		</trkpt>
		<trkpt lat="47.769577188" lon="18.450355902">
			<ele>105.5</ele>
		</trkpt>
		<trkpt lat="47.769560341" lon="18.45079897">
			<ele>104.9</ele>
		</trkpt>
		<trkpt lat="47.769351715" lon="18.452696213">
			<ele>106.9</ele>
		</trkpt>
		<trkpt lat="47.769245349" lon="18.453411274">
			<ele>106.8</ele>
		</trkpt>
		<trkpt lat="47.769087769" lon="18.453938747">
			<ele>107.4</ele>
		</trkpt>
		<trkpt lat="47.768507154" lon="18.45532327">
			<ele>107.9</ele>
		</trkpt>
		<trkpt lat="47.768386706" lon="18.455674304">
			<ele>108.1</ele>
		</trkpt>
		<trkpt lat="47.767081979" lon="18.460443523">
			<ele>105.1</ele>
		</trkpt>
		<trkpt lat="47.766848879" lon="18.461382296">
			<ele>107</ele>
		</trkpt>
		<trkpt lat="47.766458198" lon="18.463732749">
			<ele>104.7</ele>
		</trkpt>
		<trkpt lat="47.766128538" lon="18.4654098">
			<ele>104</ele>
		</trkpt>
		<trkpt lat="47.765372993" lon="18.470043736">
			<ele>104.6</ele>
		</trkpt>
		<trkpt lat="47.765113238" lon="18.471189123">
			<ele>106.8</ele>
		</trkpt>
		<trkpt lat="47.764804868" lon="18.472186066">
			<ele>105.5</ele>
		</trkpt>
		<trkpt lat="47.764059717" lon="18.474206189">
			<ele>106.6</ele>
		</trkpt>
		<trkpt lat="47.763278942" lon="18.476476511">
			<ele>107.1</ele>
		</trkpt>
		<trkpt lat="47.763040226" lon="18.476691423">
			<ele>106.4</ele>
		</trkpt>
		<trkpt lat="47.762997729" lon="18.476794185">
			<ele>104.7</ele>
		</trkpt>
		<trkpt lat="47.762882562" lon="18.476903737">
			<ele>105.7</ele>
		</trkpt>
		<trkpt lat="47.762296835" lon="18.47797486">
			<ele>105.4</ele>
		</trkpt>
		<trkpt lat="47.762149648" lon="18.478142917">
			<ele>105.4</ele>
		</trkpt>
		<trkpt lat="47.761788975" lon="18.478734763">
			<ele>104.2</ele>
		</trkpt>
		<trkpt lat="47.761400139" lon="18.479594495">
			<ele>104.4</ele>
		</trkpt>
		<trkpt lat="47.760591117" lon="18.481199127">
			<ele>104.3</ele>
		</trkpt>
		<trkpt lat="47.760118462" lon="18.481873283">
			<ele>103.6</ele>
		</trkpt>
		<trkpt lat="47.759639185" lon="18.482662775">
			<ele>105</ele>
		</trkpt>
		<trkpt lat="47.757981747" lon="18.485171059">
			<ele>105</ele>
		</trkpt>
		<trkpt lat="47.756734688" lon="18.486902593">
			<ele>105.1</ele>
		</trkpt>
		<trkpt lat="47.756472334" lon="18.487363933">
			<ele>103.8</ele>
		</trkpt>
		<trkpt lat="47.756169328" lon="18.488100618">
			<ele>105.9</ele>
		</trkpt>
		<trkpt lat="47.755859282" lon="18.489134777">
			<ele>104.7</ele>
		</trkpt>
		<trkpt lat="47.755738163" lon="18.490057876">
			<ele>105.4</ele>
		</trkpt>
		<trkpt lat="47.755697427" lon="18.490705127">
			<ele>106.8</ele>
		</trkpt>
		<trkpt lat="47.755735313" lon="18.491182895">
			<ele>107.3</ele>
		</trkpt>
		<trkpt lat="47.755697846" lon="18.491409877">
			<ele>107.3</ele>
		</trkpt>
		<trkpt lat="47.755691811" lon="18.491698466">
			<ele>107.3</ele>
		</trkpt>
		<trkpt lat="47.755728021" lon="18.495020131">
			<ele>106.5</ele>
		</trkpt>
		<trkpt lat="47.755754592" lon="18.495420367">
			<ele>106.7</ele>
		</trkpt>
		<trkpt lat="47.755945867" lon="18.496961631">
			<ele>106.7</ele>
		</trkpt>
		<trkpt lat="47.755966486" lon="18.498600461">
			<ele>104.6</ele>
		</trkpt>
		<trkpt lat="47.756049299" lon="18.499614084">
			<ele>105.1</ele>
		</trkpt>
		<trkpt lat="47.756143344" lon="18.500285307">
			<ele>104.2</ele>
		</trkpt>
		<trkpt lat="47.756506616" lon="18.502189675">
			<ele>104.5</ele>
		</trkpt>
		<trkpt lat="47.756679618" lon="18.503276808">
			<ele>104.9</ele>
		</trkpt>
		<trkpt lat="47.756790762" lon="18.50500457">
			<ele>105.8</ele>
		</trkpt>
		<trkpt lat="47.757554186" lon="18.511096286">
			<ele>104.2</ele>
		</trkpt>
		<trkpt lat="47.757753843" lon="18.512165649">
			<ele>105.6</ele>
		</trkpt>
		<trkpt lat="47.759062091" lon="18.520122757">
			<ele>105.3</ele>
		</trkpt>
		<trkpt lat="47.760123826" lon="18.523097076">
			<ele>104</ele>
		</trkpt>
		<trkpt lat="47.760171603" lon="18.523159605">
			<ele>104.8</ele>
		</trkpt>
		<trkpt lat="47.760304372" lon="18.523186762">
			<ele>104.8</ele>
		</trkpt>
		<trkpt lat="47.760519704" lon="18.52345733">
			<ele>105</ele>
		</trkpt>
		<trkpt lat="47.760501934" lon="18.523645587">
			<ele>104.5</ele>
		</trkpt>
		<trkpt lat="47.760412583" lon="18.523832168">
			<ele>103.5</ele>
		</trkpt>
		<trkpt lat="47.760485338" lon="18.524061665">
			<ele>102.8</ele>
		</trkpt>
		<trkpt lat="47.760905942" lon="18.524989458">
			<ele>103.9</ele>
		</trkpt>
		<trkpt lat="47.761730721" lon="18.526581936">
			<ele>105.3</ele>
		</trkpt>
		<trkpt lat="47.761939598" lon="18.526775809">
			<ele>105.4</ele>
		</trkpt>
		<trkpt lat="47.762249561" lon="18.526877817">
			<ele>107.1</ele>
		</trkpt>
		<trkpt lat="47.763090936" lon="18.526835823">
			<ele>106.9</ele>
		</trkpt>
		<trkpt lat="47.763427805" lon="18.526766589">
			<ele>107.2</ele>
		</trkpt>
		<trkpt lat="47.763522688" lon="18.526857952">
			<ele>107.2</ele>
		</trkpt>
		<trkpt lat="47.76562269" lon="18.531471016">
			<ele>108.9</ele>
		</trkpt>
		<trkpt lat="47.766174638" lon="18.532539625">
			<ele>109.7</ele>
		</trkpt>
		<trkpt lat="47.766603457" lon="18.533282513">
			<ele>109.5</ele>
		</trkpt>
		<trkpt lat="47.766666405" lon="18.533445289">
			<ele>109.7</ele>
		</trkpt>
		<trkpt lat="47.766739579" lon="18.533806549">
			<ele>109.4</ele>
		</trkpt>
		<trkpt lat="47.766854075" lon="18.53400914">
			<ele>109.7</ele>
		</trkpt>
		<trkpt lat="47.766997322" lon="18.534158338">
			<ele>109.6</ele>
		</trkpt>
		<trkpt lat="47.767175689" lon="18.534605345">
			<ele>109.9</ele>
		</trkpt>
		<trkpt lat="47.770093262" lon="18.540595639">
			<ele>105.2</ele>
		</trkpt>
		<trkpt lat="47.770370703" lon="18.541297456">
			<ele>105.5</ele>
		</trkpt>
		<trkpt lat="47.770700531" lon="18.542417865">
			<ele>107.1</ele>
		</trkpt>
		<trkpt lat="47.771119458" lon="18.543608934">
			<ele>108.4</ele>
		</trkpt>
		<trkpt lat="47.771293802" lon="18.543999363">
			<ele>109.1</ele>
		</trkpt>
		<trkpt lat="47.771790849" lon="18.544748286">
			<ele>110.8</ele>
		</trkpt>
		<trkpt lat="47.772037025" lon="18.545346502">
			<ele>111.4</ele>
		</trkpt>
		<trkpt lat="47.772202652" lon="18.545897109">
			<ele>111.3</ele>
		</trkpt>
		<trkpt lat="47.772326536" lon="18.546642344">
			<ele>110.6</ele>
		</trkpt>
		<trkpt lat="47.773458177" lon="18.556208191">
			<ele>109.4</ele>
		</trkpt>
		<trkpt lat="47.773544427" lon="18.557145456">
			<ele>109</ele>
		</trkpt>
		<trkpt lat="47.773525651" lon="18.557941234">
			<ele>108.7</ele>
		</trkpt>
		<trkpt lat="47.773428002" lon="18.558412548">
			<ele>108.5</ele>
		</trkpt>
		<trkpt lat="47.771980699" lon="18.561827922">
			<ele>105.7</ele>
		</trkpt>
		<trkpt lat="47.771874668" lon="18.562186584">
			<ele>105.2</ele>
		</trkpt>
		<trkpt lat="47.771770984" lon="18.562876415">
			<ele>104.3</ele>
		</trkpt>
		<trkpt lat="47.771467643" lon="18.56665439">
			<ele>104.3</ele>
		</trkpt>
		<trkpt lat="47.771311655" lon="18.567254618">
			<ele>104.1</ele>
		</trkpt>
		<trkpt lat="47.770646048" lon="18.569343975">
			<ele>103.4</ele>
		</trkpt>
		<trkpt lat="47.770451672" lon="18.570162719">
			<ele>104.2</ele>
		</trkpt>
		<trkpt lat="47.770314879" lon="18.571248511">
			<ele>106.5</ele>
		</trkpt>
		<trkpt lat="47.77015445" lon="18.57308046">
			<ele>105.3</ele>
		</trkpt>
		<trkpt lat="47.770163335" lon="18.574271947">
			<ele>106.4</ele>
		</trkpt>
		<trkpt lat="47.77034497" lon="18.575763926">
			<ele>106.7</ele>
		</trkpt>
		<trkpt lat="47.772044066" lon="18.582729204">
			<ele>106.4</ele>
		</trkpt>
		<trkpt lat="47.772143392" lon="18.583232788">
			<ele>105.5</ele>
		</trkpt>
		<trkpt lat="47.772212878" lon="18.583957907">
			<ele>104.7</ele>
		</trkpt>
		<trkpt lat="47.772131489" lon="18.584788637">
			<ele>104.6</ele>
		</trkpt>
		<trkpt lat="47.771946249" lon="18.585551307">
			<ele>105.4</ele>
		</trkpt>
		<trkpt lat="47.770967159" lon="18.589066677">
			<ele>103.9</ele>
		</trkpt>
		<trkpt lat="47.770685779" lon="18.589922385">
			<ele>103.8</ele>
		</trkpt>
		<trkpt lat="47.770473549" lon="18.590428233">
			<ele>103.9</ele>
		</trkpt>
		<trkpt lat="47.770110026" lon="18.591089649">
			<ele>105</ele>
		</trkpt>
		<trkpt lat="47.769767541" lon="18.591614524">
			<ele>106.1</ele>
		</trkpt>
		<trkpt lat="47.767372831" lon="18.595005088">
			<ele>105.1</ele>
		</trkpt>
		<trkpt lat="47.766873689" lon="18.595610596">
			<ele>105.8</ele>
		</trkpt>
		<trkpt lat="47.76567625" lon="18.596849693">
			<ele>105.2</ele>
		</trkpt>
		<trkpt lat="47.765323121" lon="18.597313128">
			<ele>105.5</ele>
		</trkpt>
		<trkpt lat="47.764883993" lon="18.598010251">
			<ele>105.3</ele>
		</trkpt>
		<trkpt lat="47.764603032" lon="18.598610982">
			<ele>105.6</ele>
		</trkpt>
		<trkpt lat="47.76408327" lon="18.599962061">
			<ele>108.3</ele>
		</trkpt>
		<trkpt lat="47.763135276" lon="18.602581993">
			<ele>106.6</ele>
		</trkpt>
		<trkpt lat="47.761827197" lon="18.606050424">
			<ele>106.1</ele>
		</trkpt>
		<trkpt lat="47.761547828" lon="18.606889201">
			<ele>105.9</ele>
		</trkpt>
		<trkpt lat="47.761385889" lon="18.607764607">
			<ele>104.6</ele>
		</trkpt>
		<trkpt lat="47.760973751" lon="18.610840179">
			<ele>107</ele>
		</trkpt>
		<trkpt lat="47.760449212" lon="18.614874557">
			<ele>104</ele>
		</trkpt>
		<trkpt lat="47.760376205" lon="18.615822298">
			<ele>103.5</ele>
		</trkpt>
		<trkpt lat="47.760392885" lon="18.619234907">
			<ele>104.5</ele>
		</trkpt>
		<trkpt lat="47.760420797" lon="18.619971676">
			<ele>103.5</ele>
		</trkpt>
		<trkpt lat="47.761052122" lon="18.626745762">
			<ele>104.7</ele>
		</trkpt>
		<trkpt lat="47.761191345" lon="18.627848318">
			<ele>104.6</ele>
		</trkpt>
		<trkpt lat="47.761449927" lon="18.629505336">
			<ele>104.6</ele>
		</trkpt>
		<trkpt lat="47.762193318" lon="18.633831739">
			<ele>104.3</ele>
		</trkpt>
		<trkpt lat="47.763382794" lon="18.64047423">
			<ele>104.4</ele>
		</trkpt>
		<trkpt lat="47.763538697" lon="18.641933184">
			<ele>105</ele>
		</trkpt>
		<trkpt lat="47.76364607" lon="18.643473946">
			<ele>104.1</ele>
		</trkpt>
		<trkpt lat="47.763697954" lon="18.643893125">
			<ele>104</ele>
		</trkpt>
		<trkpt lat="47.763730056" lon="18.643968729">
			<ele>104</ele>
		</trkpt>
		<trkpt lat="47.763844721" lon="18.643971747">
			<ele>104.4</ele>
		</trkpt>
		<trkpt lat="47.765011398" lon="18.643397084">
			<ele>105.9</ele>
		</trkpt>
		<trkpt lat="47.765508948" lon="18.642987795">
			<ele>105.4</ele>
		</trkpt>
		<trkpt lat="47.766810657" lon="18.642709516">
			<ele>105.6</ele>
		</trkpt>
		<trkpt lat="47.766887855" lon="18.64271991">
			<ele>106.1</ele>
		</trkpt>
		<trkpt lat="47.766933284" lon="18.642786462">
			<ele>106.1</ele>
		</trkpt>
		<trkpt lat="47.766994388" lon="18.643318126">
			<ele>106.7</ele>
		</trkpt>
		<trkpt lat="47.76711031" lon="18.64336146">
			<ele>106.9</ele>
		</trkpt>
		<trkpt lat="47.76954936" lon="18.643099274">
			<ele>105.5</ele>
		</trkpt>
		<trkpt lat="47.774640863" lon="18.642232586">
			<ele>104.1</ele>
		</trkpt>
		<trkpt lat="47.776062099" lon="18.642119765">
			<ele>108.9</ele>
		</trkpt>
		<trkpt lat="47.776286734" lon="18.642156897">
			<ele>112</ele>
		</trkpt>
		<trkpt lat="47.77660357" lon="18.642279105">
			<ele>113.4</ele>
		</trkpt>
		<trkpt lat="47.776727538" lon="18.642268293">
			<ele>114.7</ele>
		</trkpt>
		<trkpt lat="47.776790654" lon="18.642314142">
			<ele>114.7</ele>
		</trkpt>
		<trkpt lat="47.776823427" lon="18.642419418">
			<ele>116.5</ele>
		</trkpt>
		<trkpt lat="47.776745643" lon="18.643221064">
			<ele>117.2</ele>
		</trkpt>
		<trkpt lat="47.776752265" lon="18.643549383">
			<ele>117.4</ele>
		</trkpt>
		<trkpt lat="47.776880424" lon="18.644050369">
			<ele>118.2</ele>
		</trkpt>
		<trkpt lat="47.777254509" lon="18.645163905">
			<ele>119.1</ele>
		</trkpt>
		<trkpt lat="47.777443185" lon="18.645596746">
			<ele>119.1</ele>
		</trkpt>
		<trkpt lat="47.777933694" lon="18.646312309">
			<ele>117.8</ele>
		</trkpt>
		<trkpt lat="47.778518416" lon="18.64800646">
			<ele>117.5</ele>
		</trkpt>
		<trkpt lat="47.778988054" lon="18.648386579">
			<ele>116.4</ele>
		</trkpt>
		<trkpt lat="47.779141778" lon="18.648610711">
			<ele>116.2</ele>
		</trkpt>
		<trkpt lat="47.779512761" lon="18.649685774">
			<ele>114.2</ele>
		</trkpt>
		<trkpt lat="47.779649386" lon="18.6499664">
			<ele>113.9</ele>
		</trkpt>
		<trkpt lat="47.779825741" lon="18.650156418">
			<ele>114</ele>
		</trkpt>
		<trkpt lat="47.779968569" lon="18.650219114">
			<ele>113.8</ele>
		</trkpt>
		<trkpt lat="47.781959606" lon="18.650575932">
			<ele>114</ele>
		</trkpt>
		<trkpt lat="47.782075444" lon="18.650636449">
			<ele>114</ele>
		</trkpt>
		<trkpt lat="47.784174859" lon="18.668302987">
			<ele>116.7</ele>
		</trkpt>
		<trkpt lat="47.78438273" lon="18.670328809">
			<ele>118</ele>
		</trkpt>
		<trkpt lat="47.784424221" lon="18.670451855">
			<ele>117.7</ele>
		</trkpt>
		<trkpt lat="47.7884099" lon="18.670587055">
			<ele>118.9</ele>
		</trkpt>
		<trkpt lat="47.78911574" lon="18.670644304">
			<ele>118.2</ele>
		</trkpt>
		<trkpt lat="47.791393438" lon="18.670670874">
			<ele>120.1</ele>
		</trkpt>
		<trkpt lat="47.791845726" lon="18.670737008">
			<ele>120.4</ele>
		</trkpt>
		<trkpt lat="47.794401452" lon="18.671879377">
			<ele>119.6</ele>
		</trkpt>
		<trkpt lat="47.795868871" lon="18.672718992">
			<ele>120.5</ele>
		</trkpt>
		<trkpt lat="47.796773698" lon="18.673420725">
			<ele>119.8</ele>
		</trkpt>
		<trkpt lat="47.798067696" lon="18.674665187">
			<ele>119.6</ele>
		</trkpt>
		<trkpt lat="47.798379671" lon="18.676283984">
			<ele>118.7</ele>
		</trkpt>
		<trkpt lat="47.798556361" lon="18.676879099">
			<ele>118.8</ele>
		</trkpt>
		<trkpt lat="47.799025748" lon="18.678112663">
			<ele>117.7</ele>
		</trkpt>
		<trkpt lat="47.799126163" lon="18.678537961">
			<ele>117.8</ele>
		</trkpt>
		<trkpt lat="47.799152063" lon="18.678820515">
			<ele>118</ele>
		</trkpt>
		<trkpt lat="47.799137143" lon="18.679378331">
			<ele>118.7</ele>
		</trkpt>
		<trkpt lat="47.798993813" lon="18.680997714">
			<ele>119.7</ele>
		</trkpt>
		<trkpt lat="47.798864312" lon="18.683005599">
			<ele>119.3</ele>
		</trkpt>
		<trkpt lat="47.798618136" lon="18.687558062">
			<ele>118.1</ele>
		</trkpt>
		<trkpt lat="47.798610424" lon="18.688809648">
			<ele>117.3</ele>
		</trkpt>
		<trkpt lat="47.798694327" lon="18.691644911">
			<ele>117.5</ele>
		</trkpt>
		<trkpt lat="47.798681754" lon="18.69188631">
			<ele>118.3</ele>
		</trkpt>
		<trkpt lat="47.798638001" lon="18.692073477">
			<ele>118.8</ele>
		</trkpt>
		<trkpt lat="47.798423508" lon="18.692275314">
			<ele>119</ele>
		</trkpt>
		<trkpt lat="47.797369987" lon="18.692308338">
			<ele>117.9</ele>
		</trkpt>
		<trkpt lat="47.796803705" lon="18.692432391">
			<ele>118</ele>
		</trkpt>
		<trkpt lat="47.796262402" lon="18.692707485">
			<ele>118.5</ele>
		</trkpt>
		<trkpt lat="47.795766864" lon="18.693116773">
			<ele>118.5</ele>
		</trkpt>
		<trkpt lat="47.788178643" lon="18.700747322">
			<ele>117.4</ele>
		</trkpt>
		<trkpt lat="47.787776814" lon="18.701295415">
			<ele>117.3</ele>
		</trkpt>
		<trkpt lat="47.786328757" lon="18.703675624">
			<ele>120.5</ele>
		</trkpt>
		<trkpt lat="47.786181738" lon="18.703998914">
			<ele>120.7</ele>
		</trkpt>
		<trkpt lat="47.786116527" lon="18.704372076">
			<ele>121.1</ele>
		</trkpt>
		<trkpt lat="47.786136895" lon="18.704644572">
			<ele>121.2</ele>
		</trkpt>
		<trkpt lat="47.786247201" lon="18.705052184">
			<ele>121.4</ele>
		</trkpt>
		<trkpt lat="47.787031579" lon="18.70697231">
			<ele>123.6</ele>
		</trkpt>
		<trkpt lat="47.788888255" lon="18.711708253">
			<ele>113.7</ele>
		</trkpt>
		<trkpt lat="47.78926586" lon="18.712446364">
			<ele>112.6</ele>
		</trkpt>
		<trkpt lat="47.789824597" lon="18.713107612">
			<ele>112</ele>
		</trkpt>
		<trkpt lat="47.789925767" lon="18.713324955">
			<ele>112</ele>
		</trkpt>
		<trkpt lat="47.789921408" lon="18.713494772">
			<ele>112</ele>
		</trkpt>
		<trkpt lat="47.789864747" lon="18.713660734">
			<ele>112</ele>
		</trkpt>
		<trkpt lat="47.78910434" lon="18.714852976">
			<ele>114</ele>
		</trkpt>
		<trkpt lat="47.789001746" lon="18.715077108">
			<ele>114</ele>
		</trkpt>
		<trkpt lat="47.788959669" lon="18.715347424">
			<ele>114.1</ele>
		</trkpt>
		<trkpt lat="47.788988419" lon="18.715647664">
			<ele>114.2</ele>
		</trkpt>
		<trkpt lat="47.789680596" lon="18.719797879">
			<ele>114.9</ele>
		</trkpt>
		<trkpt lat="47.789887378" lon="18.720553759">
			<ele>115.3</ele>
		</trkpt>
		<trkpt lat="47.790103547" lon="18.721108977">
			<ele>113.7</ele>
		</trkpt>
		<trkpt lat="47.790444271" lon="18.721706774">
			<ele>111.3</ele>
		</trkpt>
		<trkpt lat="47.790769238" lon="18.722140873">
			<ele>109.7</ele>
		</trkpt>
		<trkpt lat="47.791335854" lon="18.72268402">
			<ele>108.3</ele>
		</trkpt>
		<trkpt lat="47.791926192" lon="18.723077634">
			<ele>108.7</ele>
		</trkpt>
		<trkpt lat="47.792546872" lon="18.723302856">
			<ele>108.5</ele>
		</trkpt>
		<trkpt lat="47.796112366" lon="18.724120846">
			<ele>107.6</ele>
		</trkpt>
	</trkseg>
</trk>
<trk>
	<name>06: Vienna – Petronell (DEVELOPED_WITH_SIGNS)</name>
	<desc>DEVELOPED_WITH_SIGNS</desc>
	<trkseg>
		<trkpt lat="48.250709997" lon="16.374034015">
			<ele>164.7</ele>
		</trkpt>
		<trkpt lat="48.251016021" lon="16.374307014">
			<ele>165.9</ele>
		</trkpt>
		<trkpt lat="48.251469985" lon="16.374499965">
			<ele>167</ele>
		</trkpt>
		<trkpt lat="48.251899976" lon="16.374619994">
			<ele>167.2</ele>
		</trkpt>
		<trkpt lat="48.252099968" lon="16.374540031">
			<ele>167.6</ele>
		</trkpt>
		<trkpt lat="48.252280012" lon="16.374369962">
			<ele>167.5</ele>
		</trkpt>
		<trkpt lat="48.252359975" lon="16.37438002">
			<ele>167.5</ele>
		</trkpt>
		<trkpt lat="48.25252996" lon="16.374510024">
			<ele>167.3</ele>
		</trkpt>
		<trkpt lat="48.252470029" lon="16.374940015">
			<ele>166</ele>
		</trkpt>
		<trkpt lat="48.252510011" lon="16.37528996">
			<ele>165.1</ele>
		</trkpt>
		<trkpt lat="48.253019966" lon="16.376629975">
			<ele>152.6</ele>
		</trkpt>
		<trkpt lat="48.254520997" lon="16.380359">
			<ele>159.3</ele>
		</trkpt>
		<trkpt lat="48.254873959" lon="16.382180974">
			<ele>159</ele>
		</trkpt>
		<trkpt lat="48.255059954" lon="16.382859992">
			<ele>155</ele>
		</trkpt>
		<trkpt lat="48.255390033" lon="16.383909993">
			<ele>154.2</ele>
		</trkpt>
		<trkpt lat="48.255929995" lon="16.384939961">
			<ele>157.8</ele>
		</trkpt>
		<trkpt lat="48.255130026" lon="16.385740014">
			<ele>159.6</ele>
		</trkpt>
		<trkpt lat="48.255130026" lon="16.385849984">
			<ele>159.6</ele>
		</trkpt>
		<trkpt lat="48.255160034" lon="16.385909999">
			<ele>160.9</ele>
		</trkpt>
		<trkpt lat="48.254770024" lon="16.386330016">
			<ele>159.9</ele>
		</trkpt>
		<trkpt lat="48.253990004" lon="16.387039963">
			<ele>157.3</ele>
		</trkpt>
		<trkpt lat="48.253319954" lon="16.387749994">
			<ele>156.7</ele>
		</trkpt>
		<trkpt lat="48.25107" lon="16.389919985">
			<ele>161.5</ele>
		</trkpt>
		<trkpt lat="48.250329962" lon="16.390279988">
			<ele>159.2</ele>
		</trkpt>
		<trkpt lat="48.24956" lon="16.390990019">
			<ele>154.7</ele>
		</trkpt>
		<trkpt lat="48.249149958" lon="16.391489999">
			<ele>157.4</ele>
		</trkpt>
		<trkpt lat="48.248870002" lon="16.391949998">
			<ele>159.7</ele>
		</trkpt>
		<trkpt lat="48.247299988" lon="16.393539961">
			<ele>160.6</ele>
		</trkpt>
		<trkpt lat="48.246992959" lon="16.394046983">
			<ele>160.9</ele>
		</trkpt>
		<trkpt lat="48.24565001" lon="16.395409964">
			<ele>164.1</ele>
		</trkpt>
		<trkpt lat="48.245079957" lon="16.396059981">
			<ele>163.3</ele>
		</trkpt>
		<trkpt lat="48.244930005" lon="16.396400034">
			<ele>161.5</ele>
		</trkpt>
		<trkpt lat="48.244749961" lon="16.396530038">
			<ele>161</ele>
		</trkpt>
		<trkpt lat="48.24447998" lon="16.396589968">
			<ele>160.4</ele>
		</trkpt>
		<trkpt lat="48.244249981" lon="16.396809993">
			<ele>159.9</ele>
		</trkpt>
		<trkpt lat="48.243899952" lon="16.397290025">
			<ele>160.8</ele>
		</trkpt>
		<trkpt lat="48.240379972" lon="16.401239997">
			<ele>163.6</ele>
		</trkpt>
		<trkpt lat="48.24017998" lon="16.40154996">
			<ele>162.6</ele>
		</trkpt>
		<trkpt lat="48.239580003" lon="16.402280023">
			<ele>162.4</ele>
		</trkpt>
		<trkpt lat="48.239199968" lon="16.402629968">
			<ele>160.8</ele>
		</trkpt>
		<trkpt lat="48.237489976" lon="16.404589992">
			<ele>159.5</ele>
		</trkpt>
		<trkpt lat="48.236309972" lon="16.405830011">
			<ele>157.3</ele>
		</trkpt>
		<trkpt lat="48.236030016" lon="16.406039977">
			<ele>157</ele>
		</trkpt>
		<trkpt lat="48.235280003" lon="16.406940026">
			<ele>160.6</ele>
		</trkpt>
		<trkpt lat="48.234940033" lon="16.407219982">
			<ele>162.1</ele>
		</trkpt>
		<trkpt lat="48.234360006" lon="16.407790035">
			<ele>162.8</ele>
		</trkpt>
		<trkpt lat="48.234220028" lon="16.407869998">
			<ele>162.3</ele>
		</trkpt>
		<trkpt lat="48.233969996" lon="16.407930013">
			<ele>161.4</ele>
		</trkpt>
		<trkpt lat="48.233879974" lon="16.408009976">
			<ele>161.6</ele>
		</trkpt>
		<trkpt lat="48.233070031" lon="16.408999963">
			<ele>160.9</ele>
		</trkpt>
		<trkpt lat="48.232610032" lon="16.409440013">
			<ele>160.9</ele>
		</trkpt>
		<trkpt lat="48.232569966" lon="16.409519976">
			<ele>160.9</ele>
		</trkpt>
		<trkpt lat="48.232580025" lon="16.409730026">
			<ele>161.9</ele>
		</trkpt>
		<trkpt lat="48.232529985" lon="16.409890037">
			<ele>162.6</ele>
		</trkpt>
		<trkpt lat="48.231370013" lon="16.411259975">
			<ele>160.8</ele>
		</trkpt>
		<trkpt lat="48.231210003" lon="16.411610004">
			<ele>161.5</ele>
		</trkpt>
		<trkpt lat="48.231179995" lon="16.411789963">
			<ele>161.8</ele>
		</trkpt>
		<trkpt lat="48.231049992" lon="16.412019962">
			<ele>161.8</ele>
		</trkpt>
		<trkpt lat="48.230940021" lon="16.412079977">
			<ele>161.4</ele>
		</trkpt>
		<trkpt lat="48.230150027" lon="16.413010033">
			<ele>162.3</ele>
		</trkpt>
		<trkpt lat="48.229849955" lon="16.413429966">
			<ele>165.5</ele>
		</trkpt>
		<trkpt lat="48.229470003" lon="16.413789969">
			<ele>166.7</ele>
		</trkpt>
		<trkpt lat="48.229070019" lon="16.413759962">
			<ele>165.5</ele>
		</trkpt>
		<trkpt lat="48.228550006" lon="16.414469993">
			<ele>166.8</ele>
		</trkpt>
		<trkpt lat="48.226670029" lon="16.416799994">
			<ele>157.6</ele>
		</trkpt>
		<trkpt lat="48.21978002" lon="16.42706003">
			<ele>158.7</ele>
		</trkpt>
		<trkpt lat="48.219459999" lon="16.427520029">
			<ele>159.7</ele>
		</trkpt>
		<trkpt lat="48.219320021" lon="16.42734996">
			<ele>159.6</ele>
		</trkpt>
		<trkpt lat="48.218790034" lon="16.428169962">
			<ele>160.5</ele>
		</trkpt>
		<trkpt lat="48.218709987" lon="16.428450001">
			<ele>160.7</ele>
		</trkpt>
		<trkpt lat="48.218630023" lon="16.428589979">
			<ele>160.7</ele>
		</trkpt>
		<trkpt lat="48.218349984" lon="16.429009996">
			<ele>160.4</ele>
		</trkpt>
		<trkpt lat="48.217859978" lon="16.429549959">
			<ele>157.8</ele>
		</trkpt>
		<trkpt lat="48.217390004" lon="16.430340037">
			<ele>156</ele>
		</trkpt>
		<trkpt lat="48.217120023" lon="16.430859966">
			<ele>155</ele>
		</trkpt>
		<trkpt lat="48.216849958" lon="16.431260034">
			<ele>155</ele>
		</trkpt>
		<trkpt lat="48.216460032" lon="16.43159003">
			<ele>155.1</ele>
		</trkpt>
		<trkpt lat="48.216359952" lon="16.431730008">
			<ele>156.4</ele>
		</trkpt>
		<trkpt lat="48.215669954" lon="16.432889979">
			<ele>156.9</ele>
		</trkpt>
		<trkpt lat="48.215399973" lon="16.43344">
			<ele>157.5</ele>
		</trkpt>
		<trkpt lat="48.214070016" lon="16.435240014">
			<ele>154.2</ele>
		</trkpt>
		<trkpt lat="48.214000027" lon="16.435519969">
			<ele>154.7</ele>
		</trkpt>
		<trkpt lat="48.213799951" lon="16.435909979">
			<ele>155.3</ele>
		</trkpt>
		<trkpt lat="48.213702973" lon="16.436265958">
			<ele>155.7</ele>
		</trkpt>
		<trkpt lat="48.21266303" lon="16.437958013">
			<ele>154.8</ele>
		</trkpt>
		<trkpt lat="48.211888961" lon="16.43889796">
			<ele>155.4</ele>
		</trkpt>
		<trkpt lat="48.21157003" lon="16.439400036">
			<ele>157.1</ele>
		</trkpt>
		<trkpt lat="48.211210027" lon="16.439740006">
			<ele>157.4</ele>
		</trkpt>
		<trkpt lat="48.21079001" lon="16.440249961">
			<ele>158.2</ele>
		</trkpt>
		<trkpt lat="48.210339986" lon="16.440950017">
			<ele>157.5</ele>
		</trkpt>
		<trkpt lat="48.209749983" lon="16.441759961">
			<ele>160.6</ele>
		</trkpt>
		<trkpt lat="48.209030984" lon="16.442858996">
			<ele>156.5</ele>
		</trkpt>
		<trkpt lat="48.208739964" lon="16.443429971">
			<ele>156.8</ele>
		</trkpt>
		<trkpt lat="48.207229964" lon="16.445650002">
			<ele>157.1</ele>
		</trkpt>
		<trkpt lat="48.205809986" lon="16.44785">
			<ele>157.8</ele>
		</trkpt>
		<trkpt lat="48.205189977" lon="16.448839987">
			<ele>158.7</ele>
		</trkpt>
		<trkpt lat="48.204869956" lon="16.449439963">
			<ele>159.7</ele>
		</trkpt>
		<trkpt lat="48.204610033" lon="16.449669963">
			<ele>159.4</ele>
		</trkpt>
		<trkpt lat="48.204420015" lon="16.449919995">
			<ele>159</ele>
		</trkpt>
		<trkpt lat="48.202949997" lon="16.452159975">
			<ele>156.9</ele>
		</trkpt>
		<trkpt lat="48.197260026" lon="16.460559983">
			<ele>159.8</ele>
		</trkpt>
		<trkpt lat="48.195439979" lon="16.463159965">
			<ele>157.3</ele>
		</trkpt>
		<trkpt lat="48.194770014" lon="16.464250032">
			<ele>156.3</ele>
		</trkpt>
		<trkpt lat="48.194700025" lon="16.464429991">
			<ele>155.4</ele>
		</trkpt>
		<trkpt lat="48.194719974" lon="16.464610035">
			<ele>155.3</ele>
		</trkpt>
		<trkpt lat="48.194579996" lon="16.464710031">
			<ele>155.3</ele>
		</trkpt>
		<trkpt lat="48.193550028" lon="16.466360008">
			<ele>155</ele>
		</trkpt>
		<trkpt lat="48.193509962" lon="16.466490012">
			<ele>155.7</ele>
		</trkpt>
		<trkpt lat="48.193369984" lon="16.466499986">
			<ele>155.4</ele>
		</trkpt>
		<trkpt lat="48.193299996" lon="16.466550026">
			<ele>155.4</ele>
		</trkpt>
		<trkpt lat="48.193139985" lon="16.467019999">
			<ele>156.8</ele>
		</trkpt>
		<trkpt lat="48.192140024" lon="16.468569981">
			<ele>159.6</ele>
		</trkpt>
		<trkpt lat="48.191869959" lon="16.468699984">
			<ele>159.1</ele>
		</trkpt>
		<trkpt lat="48.191680025" lon="16.468890002">
			<ele>158.4</ele>
		</trkpt>
		<trkpt lat="48.191539964" lon="16.46924003">
			<ele>158.5</ele>
		</trkpt>
		<trkpt lat="48.191369979" lon="16.469519986">
			<ele>158.3</ele>
		</trkpt>
		<trkpt lat="48.18900997" lon="16.473120013">
			<ele>156</ele>
		</trkpt>
		<trkpt lat="48.188679974" lon="16.473320005">
			<ele>155.9</ele>
		</trkpt>
		<trkpt lat="48.188409993" lon="16.473849993">
			<ele>156.7</ele>
		</trkpt>
		<trkpt lat="48.188110005" lon="16.474289959">
			<ele>157.4</ele>
		</trkpt>
		<trkpt lat="48.187899954" lon="16.47489002">
			<ele>157</ele>
		</trkpt>
		<trkpt lat="48.187619999" lon="16.47522999">
			<ele>156.6</ele>
		</trkpt>
		<trkpt lat="48.187320011" lon="16.475770036">
			<ele>155</ele>
		</trkpt>
		<trkpt lat="48.186619954" lon="16.47679003">
			<ele>154.8</ele>
		</trkpt>
		<trkpt lat="48.185959963" lon="16.477870038">
			<ele>159.6</ele>
		</trkpt>
		<trkpt lat="48.185640026" lon="16.478300029">
			<ele>158.4</ele>
		</trkpt>
		<trkpt lat="48.184309985" lon="16.480359966">
			<ele>154.5</ele>
		</trkpt>
		<trkpt lat="48.183989964" lon="16.480819965">
			<ele>154.9</ele>
		</trkpt>
		<trkpt lat="48.183719983" lon="16.48109003">
			<ele>154</ele>
		</trkpt>
		<trkpt lat="48.183350006" lon="16.481569977">
			<ele>153.5</ele>
		</trkpt>
		<trkpt lat="48.182720022" lon="16.48260003">
			<ele>154.1</ele>
		</trkpt>
		<trkpt lat="48.182599993" lon="16.48299004">
			<ele>156</ele>
		</trkpt>
		<trkpt lat="48.181399956" lon="16.484870017">
			<ele>155.4</ele>
		</trkpt>
		<trkpt lat="48.180339981" lon="16.486450005">
			<ele>154</ele>
		</trkpt>
		<trkpt lat="48.179099962" lon="16.488420004">
			<ele>155.9</ele>
		</trkpt>
		<trkpt lat="48.178499985" lon="16.489159958">
			<ele>154.5</ele>
		</trkpt>
		<trkpt lat="48.178260011" lon="16.489620041">
			<ele>154.3</ele>
		</trkpt>
		<trkpt lat="48.178309968" lon="16.489800001">
			<ele>155.4</ele>
		</trkpt>
		<trkpt lat="48.17827996" lon="16.489950037">
			<ele>156.5</ele>
		</trkpt>
		<trkpt lat="48.177679984" lon="16.49091999">
			<ele>157.8</ele>
		</trkpt>
		<trkpt lat="48.177570013" lon="16.490989979">
			<ele>158</ele>
		</trkpt>
		<trkpt lat="48.177340014" lon="16.491010012">
			<ele>157.2</ele>
		</trkpt>
		<trkpt lat="48.176940029" lon="16.49159004">
			<ele>154.6</ele>
		</trkpt>
		<trkpt lat="48.177119989" lon="16.491960017">
			<ele>155.9</ele>
		</trkpt>
		<trkpt lat="48.177470017" lon="16.492450023">
			<ele>155.8</ele>
		</trkpt>
		<trkpt lat="48.177649977" lon="16.492759986">
			<ele>155.3</ele>
		</trkpt>
		<trkpt lat="48.178450029" lon="16.493879976">
			<ele>154.3</ele>
		</trkpt>
		<trkpt lat="48.179370027" lon="16.495249998">
			<ele>152.7</ele>
		</trkpt>
		<trkpt lat="48.179400034" lon="16.495660041">
			<ele>152.7</ele>
		</trkpt>
		<trkpt lat="48.179310012" lon="16.495900014">
			<ele>152.9</ele>
		</trkpt>
		<trkpt lat="48.171230025" lon="16.508619972">
			<ele>153.3</ele>
		</trkpt>
		<trkpt lat="48.170829957" lon="16.508879978">
			<ele>154.5</ele>
		</trkpt>
		<trkpt lat="48.170770027" lon="16.509399991">
			<ele>154.2</ele>
		</trkpt>
		<trkpt lat="48.169790014" lon="16.51142003">
			<ele>156</ele>
		</trkpt>
		<trkpt lat="48.169699993" lon="16.511680037">
			<ele>156.6</ele>
		</trkpt>
		<trkpt lat="48.169799989" lon="16.51181004">
			<ele>157.8</ele>
		</trkpt>
		<trkpt lat="48.170640023" lon="16.512010032">
			<ele>159.1</ele>
		</trkpt>
		<trkpt lat="48.170569951" lon="16.512410017">
			<ele>161.1</ele>
		</trkpt>
		<trkpt lat="48.170359984" lon="16.512689972">
			<ele>162.9</ele>
		</trkpt>
		<trkpt lat="48.168139953" lon="16.517249979">
			<ele>164.3</ele>
		</trkpt>
		<trkpt lat="48.166299958" lon="16.521200035">
			<ele>158.6</ele>
		</trkpt>
		<trkpt lat="48.165550029" lon="16.522690002">
			<ele>158.5</ele>
		</trkpt>
		<trkpt lat="48.16543" lon="16.522810031">
			<ele>158.3</ele>
		</trkpt>
		<trkpt lat="48.1652" lon="16.523189982">
			<ele>157.9</ele>
		</trkpt>
		<trkpt lat="48.163559997" lon="16.523830025">
			<ele>154</ele>
		</trkpt>
		<trkpt lat="48.16264" lon="16.524360012">
			<ele>155.1</ele>
		</trkpt>
		<trkpt lat="48.161950001" lon="16.524829986">
			<ele>155.8</ele>
		</trkpt>
		<trkpt lat="48.156119969" lon="16.529740021">
			<ele>151.1</ele>
		</trkpt>
		<trkpt lat="48.15459002" lon="16.532649966">
			<ele>160.8</ele>
		</trkpt>
		<trkpt lat="48.149199953" lon="16.543720029">
			<ele>156.3</ele>
		</trkpt>
		<trkpt lat="48.148190018" lon="16.54606998">
			<ele>160.9</ele>
		</trkpt>
		<trkpt lat="48.14688001" lon="16.549219983">
			<ele>156.8</ele>
		</trkpt>
		<trkpt lat="48.146329989" lon="16.550710034">
			<ele>157.9</ele>
		</trkpt>
		<trkpt lat="48.143669993" lon="16.558960006">
			<ele>155.6</ele>
		</trkpt>
		<trkpt lat="48.140570029" lon="16.571290037">
			<ele>157</ele>
		</trkpt>
		<trkpt lat="48.139880031" lon="16.574520003">
			<ele>161.1</ele>
		</trkpt>
		<trkpt lat="48.138480002" lon="16.582200006">
			<ele>160.6</ele>
		</trkpt>
		<trkpt lat="48.137850018" lon="16.586650042">
			<ele>159</ele>
		</trkpt>
		<trkpt lat="48.137339979" lon="16.591439964">
			<ele>157.5</ele>
		</trkpt>
		<trkpt lat="48.13693002" lon="16.598120006">
			<ele>157.8</ele>
		</trkpt>
		<trkpt lat="48.136819966" lon="16.60081001">
			<ele>159</ele>
		</trkpt>
		<trkpt lat="48.136419982" lon="16.613779999">
			<ele>146.9</ele>
		</trkpt>
		<trkpt lat="48.138210021" lon="16.613979992">
			<ele>152.9</ele>
		</trkpt>
		<trkpt lat="48.138319991" lon="16.614109995">
			<ele>152.9</ele>
		</trkpt>
		<trkpt lat="48.138429962" lon="16.614370001">
			<ele>152.3</ele>
		</trkpt>
		<trkpt lat="48.138549991" lon="16.614969978">
			<ele>152</ele>
		</trkpt>
		<trkpt lat="48.138710001" lon="16.615410028">
			<ele>152.8</ele>
		</trkpt>
		<trkpt lat="48.138789965" lon="16.615480017">
			<ele>152.8</ele>
		</trkpt>
		<trkpt lat="48.139609966" lon="16.615629969">
			<ele>150.7</ele>
		</trkpt>
		<trkpt lat="48.139699988" lon="16.61561002">
			<ele>150.7</ele>
		</trkpt>
		<trkpt lat="48.139750028" lon="16.615550006">
			<ele>150.1</ele>
		</trkpt>
		<trkpt lat="48.139909955" lon="16.614860008">
			<ele>152.1</ele>
		</trkpt>
		<trkpt lat="48.139969969" lon="16.614739979">
			<ele>151.9</ele>
		</trkpt>
		<trkpt lat="48.140020009" lon="16.614730004">
			<ele>151.9</ele>
		</trkpt>
		<trkpt lat="48.13900999" lon="16.620370019">
			<ele>148.9</ele>
		</trkpt>
		<trkpt lat="48.13883003" lon="16.621569972">
			<ele>149.3</ele>
		</trkpt>
		<trkpt lat="48.138410013" lon="16.624970008">
			<ele>150.8</ele>
		</trkpt>
		<trkpt lat="48.138150006" lon="16.626810003">
			<ele>151.2</ele>
		</trkpt>
		<trkpt lat="48.137379961" lon="16.631769994">
			<ele>151.6</ele>
		</trkpt>
		<trkpt lat="48.137179969" lon="16.632299982">
			<ele>152.4</ele>
		</trkpt>
		<trkpt lat="48.135839954" lon="16.63416001">
			<ele>148.8</ele>
		</trkpt>
		<trkpt lat="48.135750016" lon="16.634329995">
			<ele>148.4</ele>
		</trkpt>
		<trkpt lat="48.135720009" lon="16.634569969">
			<ele>147.7</ele>
		</trkpt>
		<trkpt lat="48.135739958" lon="16.635059975">
			<ele>147.8</ele>
		</trkpt>
		<trkpt lat="48.135639962" lon="16.638330007">
			<ele>150.6</ele>
		</trkpt>
		<trkpt lat="48.135550024" lon="16.639140034">
			<ele>153</ele>
		</trkpt>
		<trkpt lat="48.135580031" lon="16.639170041">
			<ele>153</ele>
		</trkpt>
		<trkpt lat="48.13559998" lon="16.639459971">
			<ele>149.4</ele>
		</trkpt>
		<trkpt lat="48.135450028" lon="16.644690027">
			<ele>151.4</ele>
		</trkpt>
		<trkpt lat="48.135339973" lon="16.645329986">
			<ele>153.3</ele>
		</trkpt>
		<trkpt lat="48.135450028" lon="16.646570005">
			<ele>151.1</ele>
		</trkpt>
		<trkpt lat="48.135109974" lon="16.656729961">
			<ele>147.4</ele>
		</trkpt>
		<trkpt lat="48.135079967" lon="16.657279981">
			<ele>147.1</ele>
		</trkpt>
		<trkpt lat="48.135030011" lon="16.657379977">
			<ele>147.2</ele>
		</trkpt>
		<trkpt lat="48.135000003" lon="16.657600002">
			<ele>147.1</ele>
		</trkpt>
		<trkpt lat="48.134960022" lon="16.658239961">
			<ele>147.1</ele>
		</trkpt>
		<trkpt lat="48.134969996" lon="16.659309994">
			<ele>146.5</ele>
		</trkpt>
		<trkpt lat="48.134809986" lon="16.663770005">
			<ele>151.1</ele>
		</trkpt>
		<trkpt lat="48.13481996" lon="16.664690003">
			<ele>150.8</ele>
		</trkpt>
		<trkpt lat="48.134649975" lon="16.665919963">
			<ele>154</ele>
		</trkpt>
		<trkpt lat="48.134719964" lon="16.666369988">
			<ele>155.7</ele>
		</trkpt>
		<trkpt lat="48.134719964" lon="16.66740004">
			<ele>156</ele>
		</trkpt>
		<trkpt lat="48.134349987" lon="16.679030014">
			<ele>157.5</ele>
		</trkpt>
		<trkpt lat="48.134229958" lon="16.67991003">
			<ele>150.8</ele>
		</trkpt>
		<trkpt lat="48.134310005" lon="16.680280007">
			<ele>149.6</ele>
		</trkpt>
		<trkpt lat="48.134099955" lon="16.689270018">
			<ele>155</ele>
		</trkpt>
		<trkpt lat="48.134059973" lon="16.689690035">
			<ele>155.9</ele>
		</trkpt>
		<trkpt lat="48.13392997" lon="16.690480029">
			<ele>156.2</ele>
		</trkpt>
		<trkpt lat="48.133959977" lon="16.690450022">
			<ele>156.2</ele>
		</trkpt>
		<trkpt lat="48.134029966" lon="16.690469971">
			<ele>156.2</ele>
		</trkpt>
		<trkpt lat="48.134080006" lon="16.690669963">
			<ele>156.2</ele>
		</trkpt>
		<trkpt lat="48.133999958" lon="16.698520035">
			<ele>159</ele>
		</trkpt>
		<trkpt lat="48.13398001" lon="16.704560034">
			<ele>155.8</ele>
		</trkpt>
		<trkpt lat="48.13392997" lon="16.705329996">
			<ele>150.8</ele>
		</trkpt>
		<trkpt lat="48.13392997" lon="16.706040027">
			<ele>148</ele>
		</trkpt>
		<trkpt lat="48.133850006" lon="16.70645996">
			<ele>148</ele>
		</trkpt>
		<trkpt lat="48.129180029" lon="16.708300039">
			<ele>152.2</ele>
		</trkpt>
		<trkpt lat="48.128579968" lon="16.708429959">
			<ele>155.6</ele>
		</trkpt>
		<trkpt lat="48.128200017" lon="16.708879983">
			<ele>156.9</ele>
		</trkpt>
		<trkpt lat="48.12705002" lon="16.709980024">
			<ele>157.7</ele>
		</trkpt>
		<trkpt lat="48.126149971" lon="16.710689971">
			<ele>161.3</ele>
		</trkpt>
		<trkpt lat="48.125529961" lon="16.711039999">
			<ele>163.4</ele>
		</trkpt>
		<trkpt lat="48.124750025" lon="16.711990004">
			<ele>157.4</ele>
		</trkpt>
		<trkpt lat="48.124320034" lon="16.71271001">
			<ele>151.5</ele>
		</trkpt>
		<trkpt lat="48.124239987" lon="16.713009998">
			<ele>147.9</ele>
		</trkpt>
		<trkpt lat="48.124230012" lon="16.713290038">
			<ele>146.9</ele>
		</trkpt>
		<trkpt lat="48.124325985" lon="16.713888003">
			<ele>145.6</ele>
		</trkpt>
		<trkpt lat="48.121357031" lon="16.715916004">
			<ele>145.1</ele>
		</trkpt>
		<trkpt lat="48.119559951" lon="16.716680015">
			<ele>146.7</ele>
		</trkpt>
		<trkpt lat="48.119419973" lon="16.716699963">
			<ele>146.7</ele>
		</trkpt>
		<trkpt lat="48.119189974" lon="16.716589993">
			<ele>151.7</ele>
		</trkpt>
		<trkpt lat="48.118989982" lon="16.716420008">
			<ele>156.3</ele>
		</trkpt>
		<trkpt lat="48.118880011" lon="16.716489997">
			<ele>156.3</ele>
		</trkpt>
		<trkpt lat="48.118810022" lon="16.71667004">
			<ele>158.5</ele>
		</trkpt>
		<trkpt lat="48.118769957" lon="16.716980003">
			<ele>157.7</ele>
		</trkpt>
		<trkpt lat="48.118789989" lon="16.717340006">
			<ele>157.4</ele>
		</trkpt>
		<trkpt lat="48.11895" lon="16.718169982">
			<ele>155.2</ele>
		</trkpt>
		<trkpt lat="48.118919993" lon="16.718819998">
			<ele>156.3</ele>
		</trkpt>
		<trkpt lat="48.118850004" lon="16.718759984">
			<ele>160.3</ele>
		</trkpt>
		<trkpt lat="48.118680019" lon="16.718740035">
			<ele>164.3</ele>
		</trkpt>
		<trkpt lat="48.117899999" lon="16.718989983">
			<ele>176.7</ele>
		</trkpt>
		<trkpt lat="48.117800003" lon="16.718610032">
			<ele>176.6</ele>
		</trkpt>
		<trkpt lat="48.117739988" lon="16.718139974">
			<ele>178.2</ele>
		</trkpt>
		<trkpt lat="48.11777997" lon="16.716949996">
			<ele>176.8</ele>
		</trkpt>
		<trkpt lat="48.117879966" lon="16.715590032">
			<ele>177.7</ele>
		</trkpt>
		<trkpt lat="48.117860017" lon="16.715189964">
			<ele>178.2</ele>
		</trkpt>
		<trkpt lat="48.117809977" lon="16.715070019">
			<ele>178.2</ele>
		</trkpt>
		<trkpt lat="48.116740027" lon="16.714870026">
			<ele>183.1</ele>
		</trkpt>
		<trkpt lat="48.116559984" lon="16.714740023">
			<ele>183.8</ele>
		</trkpt>
		<trkpt lat="48.116150025" lon="16.714580012">
			<ele>185.2</ele>
		</trkpt>
		<trkpt lat="48.115549965" lon="16.714459984">
			<ele>186.2</ele>
		</trkpt>
		<trkpt lat="48.115349972" lon="16.71438002">
			<ele>186.5</ele>
		</trkpt>
		<trkpt lat="48.11431003" lon="16.713869981">
			<ele>185.9</ele>
		</trkpt>
		<trkpt lat="48.113939969" lon="16.713620033">
			<ele>185.2</ele>
		</trkpt>
		<trkpt lat="48.113070011" lon="16.712570032">
			<ele>185.8</ele>
		</trkpt>
		<trkpt lat="48.110310018" lon="16.710020006">
			<ele>186.5</ele>
		</trkpt>
		<trkpt lat="48.109869968" lon="16.709699985">
			<ele>186.9</ele>
		</trkpt>
		<trkpt lat="48.109699983" lon="16.709620021">
			<ele>186.9</ele>
		</trkpt>
		<trkpt lat="48.109529998" lon="16.709599989">
			<ele>187.2</ele>
		</trkpt>
		<trkpt lat="48.109590012" lon="16.710250005">
			<ele>187.9</ele>
		</trkpt>
		<trkpt lat="48.109479958" lon="16.712989965">
			<ele>191.3</ele>
		</trkpt>
		<trkpt lat="48.108830025" lon="16.72600002">
			<ele>187.5</ele>
		</trkpt>
		<trkpt lat="48.108519979" lon="16.731169978">
			<ele>183.6</ele>
		</trkpt>
		<trkpt lat="48.108359968" lon="16.734960023">
			<ele>185.8</ele>
		</trkpt>
		<trkpt lat="48.108210016" lon="16.737320032">
			<ele>186.4</ele>
		</trkpt>
		<trkpt lat="48.108199958" lon="16.738040037">
			<ele>185.8</ele>
		</trkpt>
		<trkpt lat="48.108010024" lon="16.740410021">
			<ele>182.3</ele>
		</trkpt>
		<trkpt lat="48.107820006" lon="16.740779998">
			<ele>183.1</ele>
		</trkpt>
		<trkpt lat="48.107799973" lon="16.740960041">
			<ele>183.6</ele>
		</trkpt>
		<trkpt lat="48.107799973" lon="16.741100019">
			<ele>184</ele>
		</trkpt>
		<trkpt lat="48.107920002" lon="16.741599999">
			<ele>183.7</ele>
		</trkpt>
		<trkpt lat="48.107920002" lon="16.741790017">
			<ele>183.8</ele>
		</trkpt>
		<trkpt lat="48.10772001" lon="16.744799959">
			<ele>182.9</ele>
		</trkpt>
		<trkpt lat="48.107559999" lon="16.746390006">
			<ele>183.1</ele>
		</trkpt>
		<trkpt lat="48.107309967" lon="16.750090029">
			<ele>184.5</ele>
		</trkpt>
		<trkpt lat="48.107079968" lon="16.755810007">
			<ele>185.1</ele>
		</trkpt>
		<trkpt lat="48.107030012" lon="16.760549974">
			<ele>185.5</ele>
		</trkpt>
		<trkpt lat="48.107109975" lon="16.761740036">
			<ele>185.2</ele>
		</trkpt>
		<trkpt lat="48.107479952" lon="16.765030017">
			<ele>186.3</ele>
		</trkpt>
		<trkpt lat="48.10191001" lon="16.764059979">
			<ele>186.6</ele>
		</trkpt>
		<trkpt lat="48.101710018" lon="16.774859978">
			<ele>184.9</ele>
		</trkpt>
		<trkpt lat="48.10162997" lon="16.776669966">
			<ele>183.9</ele>
		</trkpt>
		<trkpt lat="48.101429978" lon="16.77846998">
			<ele>183.4</ele>
		</trkpt>
		<trkpt lat="48.101310033" lon="16.779289981">
			<ele>184.6</ele>
		</trkpt>
		<trkpt lat="48.100909965" lon="16.781510012">
			<ele>186.1</ele>
		</trkpt>
		<trkpt lat="48.100749954" lon="16.78209004">
			<ele>185.7</ele>
		</trkpt>
		<trkpt lat="48.096629998" lon="16.790219983">
			<ele>190.2</ele>
		</trkpt>
		<trkpt lat="48.095519982" lon="16.792349992">
			<ele>192.4</ele>
		</trkpt>
		<trkpt lat="48.095459968" lon="16.792389974">
			<ele>192.8</ele>
		</trkpt>
		<trkpt lat="48.09492998" lon="16.792430039">
			<ele>194</ele>
		</trkpt>
		<trkpt lat="48.094950013" lon="16.794359973">
			<ele>192.8</ele>
		</trkpt>
		<trkpt lat="48.095110023" lon="16.795320036">
			<ele>192.1</ele>
		</trkpt>
		<trkpt lat="48.095250001" lon="16.795739969">
			<ele>192</ele>
		</trkpt>
		<trkpt lat="48.095410012" lon="16.795939961">
			<ele>192.1</ele>
		</trkpt>
		<trkpt lat="48.096469987" lon="16.796459975">
			<ele>193.8</ele>
		</trkpt>
		<trkpt lat="48.095719974" lon="16.800099984">
			<ele>190.4</ele>
		</trkpt>
		<trkpt lat="48.095640011" lon="16.800290002">
			<ele>190.5</ele>
		</trkpt>
		<trkpt lat="48.094569977" lon="16.80108997">
			<ele>191.9</ele>
		</trkpt>
		<trkpt lat="48.093129966" lon="16.802080041">
			<ele>185.7</ele>
		</trkpt>
		<trkpt lat="48.093830023" lon="16.803779975">
			<ele>185.9</ele>
		</trkpt>
		<trkpt lat="48.094339978" lon="16.805200037">
			<ele>186.2</ele>
		</trkpt>
		<trkpt lat="48.094720013" lon="16.806039987">
			<ele>186</ele>
		</trkpt>
		<trkpt lat="48.09498002" lon="16.806759993">
			<ele>186.6</ele>
		</trkpt>
		<trkpt lat="48.095649985" lon="16.80840997">
			<ele>189.2</ele>
		</trkpt>
		<trkpt lat="48.095800021" lon="16.80908002">
			<ele>191.7</ele>
		</trkpt>
		<trkpt lat="48.095939999" lon="16.80952996">
			<ele>193.5</ele>
		</trkpt>
		<trkpt lat="48.096119959" lon="16.810669983">
			<ele>194</ele>
		</trkpt>
		<trkpt lat="48.09620998" lon="16.811389988">
			<ele>194</ele>
		</trkpt>
		<trkpt lat="48.096360016" lon="16.813599961">
			<ele>196.4</ele>
		</trkpt>
		<trkpt lat="48.096530001" lon="16.814260036">
			<ele>197.5</ele>
		</trkpt>
		<trkpt lat="48.099940011" lon="16.81142997">
			<ele>191.4</ele>
		</trkpt>
		<trkpt lat="48.103650009" lon="16.80941999">
			<ele>187.8</ele>
		</trkpt>
		<trkpt lat="48.106279999" lon="16.820749976">
			<ele>189.9</ele>
		</trkpt>
		<trkpt lat="48.10782998" lon="16.833129963">
			<ele>186.9</ele>
		</trkpt>
		<trkpt lat="48.108069954" lon="16.836469984">
			<ele>186.1</ele>
		</trkpt>
		<trkpt lat="48.108210016" lon="16.838880032">
			<ele>184.8</ele>
		</trkpt>
		<trkpt lat="48.108319986" lon="16.840070011">
			<ele>184.9</ele>
		</trkpt>
		<trkpt lat="48.104010012" lon="16.842560023">
			<ele>187.5</ele>
		</trkpt>
		<trkpt lat="48.099489987" lon="16.845099991">
			<ele>186.9</ele>
		</trkpt>
		<trkpt lat="48.107260011" lon="16.861500023">
			<ele>182</ele>
		</trkpt>
		<trkpt lat="48.107450029" lon="16.861800011">
			<ele>182.3</ele>
		</trkpt>
		<trkpt lat="48.109160021" lon="16.865419988">
			<ele>185.4</ele>
		</trkpt>
		<trkpt lat="48.109969964" lon="16.865429962">
			<ele>185.1</ele>
		</trkpt>
		<trkpt lat="48.11107998" lon="16.865180014">
			<ele>184.4</ele>
		</trkpt>
		<trkpt lat="48.111869974" lon="16.86494004">
			<ele>181.9</ele>
		</trkpt>
	</trkseg>
</trk>
<trk>
	<name>07: Petronell – Bratislava, Slovakia (DEVELOPED_WITH_SIGNS)</name>
	<desc>DEVELOPED_WITH_SIGNS</desc>
	<trkseg>
		<trkpt lat="48.111869992" lon="16.86494">
			<ele>181.9</ele>
		</trkpt>
		<trkpt lat="48.112049992" lon="16.86544">
			<ele>181.1</ele>
		</trkpt>
		<trkpt lat="48.113109992" lon="16.86717">
			<ele>179.6</ele>
		</trkpt>
		<trkpt lat="48.113429992" lon="16.86797">
			<ele>180.3</ele>
		</trkpt>
		<trkpt lat="48.113549992" lon="16.8685">
			<ele>179.9</ele>
		</trkpt>
		<trkpt lat="48.113549992" lon="16.86908">
			<ele>180.5</ele>
		</trkpt>
		<trkpt lat="48.113679992" lon="16.87047">
			<ele>180.1</ele>
		</trkpt>
		<trkpt lat="48.113869992" lon="16.87149">
			<ele>180</ele>
		</trkpt>
		<trkpt lat="48.114019992" lon="16.87198">
			<ele>180.5</ele>
		</trkpt>
		<trkpt lat="48.114769992" lon="16.87342">
			<ele>181.7</ele>
		</trkpt>
		<trkpt lat="48.115589992" lon="16.87475">
			<ele>181</ele>
		</trkpt>
		<trkpt lat="48.115779992" lon="16.87515">
			<ele>180</ele>
		</trkpt>
		<trkpt lat="48.114449992" lon="16.87694">
			<ele>182.3</ele>
		</trkpt>
		<trkpt lat="48.113569992" lon="16.8782">
			<ele>182</ele>
		</trkpt>
		<trkpt lat="48.114139992" lon="16.87912">
			<ele>181</ele>
		</trkpt>
		<trkpt lat="48.114479992" lon="16.87944">
			<ele>180.6</ele>
		</trkpt>
		<trkpt lat="48.115019992" lon="16.88015">
			<ele>180.1</ele>
		</trkpt>
		<trkpt lat="48.117959992" lon="16.88302">
			<ele>180.9</ele>
		</trkpt>
		<trkpt lat="48.119229992" lon="16.88429">
			<ele>179.4</ele>
		</trkpt>
		<trkpt lat="48.119889992" lon="16.885">
			<ele>179.8</ele>
		</trkpt>
		<trkpt lat="48.119189992" lon="16.88619">
			<ele>178.1</ele>
		</trkpt>
		<trkpt lat="48.120189992" lon="16.88826">
			<ele>177.1</ele>
		</trkpt>
		<trkpt lat="48.120899992" lon="16.88995">
			<ele>178.9</ele>
		</trkpt>
		<trkpt lat="48.122729992" lon="16.8931">
			<ele>178.5</ele>
		</trkpt>
		<trkpt lat="48.122949992" lon="16.89338">
			<ele>178.1</ele>
		</trkpt>
		<trkpt lat="48.123249992" lon="16.89363">
			<ele>177.5</ele>
		</trkpt>
		<trkpt lat="48.125069992" lon="16.89495">
			<ele>176</ele>
		</trkpt>
		<trkpt lat="48.125269992" lon="16.89516">
			<ele>175.8</ele>
		</trkpt>
		<trkpt lat="48.127569992" lon="16.89801">
			<ele>171.1</ele>
		</trkpt>
		<trkpt lat="48.128069992" lon="16.89877">
			<ele>169.9</ele>
		</trkpt>
		<trkpt lat="48.126609992" lon="16.90137">
			<ele>159.8</ele>
		</trkpt>
		<trkpt lat="48.127589992" lon="16.90166">
			<ele>158.7</ele>
		</trkpt>
		<trkpt lat="48.128899992" lon="16.90212">
			<ele>158.1</ele>
		</trkpt>
		<trkpt lat="48.130139992" lon="16.90245">
			<ele>156.7</ele>
		</trkpt>
		<trkpt lat="48.130649992" lon="16.90255">
			<ele>155.7</ele>
		</trkpt>
		<trkpt lat="48.130909992" lon="16.90249">
			<ele>156.3</ele>
		</trkpt>
		<trkpt lat="48.131119992" lon="16.90231">
			<ele>155.7</ele>
		</trkpt>
		<trkpt lat="48.131959992" lon="16.90312">
			<ele>152.6</ele>
		</trkpt>
		<trkpt lat="48.133049992" lon="16.90437">
			<ele>150.6</ele>
		</trkpt>
		<trkpt lat="48.133619992" lon="16.90506">
			<ele>148.9</ele>
		</trkpt>
		<trkpt lat="48.134389992" lon="16.90608">
			<ele>149.2</ele>
		</trkpt>
		<trkpt lat="48.134729992" lon="16.90589">
			<ele>148.8</ele>
		</trkpt>
		<trkpt lat="48.135569992" lon="16.90524">
			<ele>146.6</ele>
		</trkpt>
		<trkpt lat="48.136329992" lon="16.90483">
			<ele>146.4</ele>
		</trkpt>
		<trkpt lat="48.138659992" lon="16.90345">
			<ele>148.3</ele>
		</trkpt>
		<trkpt lat="48.138959992" lon="16.90332">
			<ele>148.3</ele>
		</trkpt>
		<trkpt lat="48.139839992" lon="16.90319">
			<ele>147.3</ele>
		</trkpt>
		<trkpt lat="48.140149992" lon="16.90326">
			<ele>146.4</ele>
		</trkpt>
		<trkpt lat="48.141189992" lon="16.90668">
			<ele>148.9</ele>
		</trkpt>
		<trkpt lat="48.141329992" lon="16.90732">
			<ele>149.7</ele>
		</trkpt>
		<trkpt lat="48.141469992" lon="16.90831">
			<ele>150.1</ele>
		</trkpt>
		<trkpt lat="48.141529992" lon="16.90959">
			<ele>148.3</ele>
		</trkpt>
		<trkpt lat="48.141519992" lon="16.91033">
			<ele>148.8</ele>
		</trkpt>
		<trkpt lat="48.141859992" lon="16.91012">
			<ele>149.3</ele>
		</trkpt>
		<trkpt lat="48.143599992" lon="16.90951">
			<ele>150.1</ele>
		</trkpt>
		<trkpt lat="48.143849992" lon="16.91057">
			<ele>146</ele>
		</trkpt>
		<trkpt lat="48.144769992" lon="16.91255">
			<ele>142.6</ele>
		</trkpt>
		<trkpt lat="48.145029992" lon="16.91375">
			<ele>141</ele>
		</trkpt>
		<trkpt lat="48.145109992" lon="16.91506">
			<ele>140.5</ele>
		</trkpt>
		<trkpt lat="48.145139992" lon="16.91671">
			<ele>141.1</ele>
		</trkpt>
		<trkpt lat="48.145129992" lon="16.91848">
			<ele>141.6</ele>
		</trkpt>
		<trkpt lat="48.145249992" lon="16.92194">
			<ele>141.9</ele>
		</trkpt>
		<trkpt lat="48.145159992" lon="16.92414">
			<ele>144.3</ele>
		</trkpt>
		<trkpt lat="48.145299992" lon="16.92508">
			<ele>143.8</ele>
		</trkpt>
		<trkpt lat="48.145329992" lon="16.92594">
			<ele>142.8</ele>
		</trkpt>
		<trkpt lat="48.145249992" lon="16.92741">
			<ele>141.4</ele>
		</trkpt>
		<trkpt lat="48.145189992" lon="16.92938">
			<ele>143.5</ele>
		</trkpt>
		<trkpt lat="48.145249992" lon="16.93038">
			<ele>144.5</ele>
		</trkpt>
		<trkpt lat="48.145229992" lon="16.93138">
			<ele>144.7</ele>
		</trkpt>
		<trkpt lat="48.145289992" lon="16.93202">
			<ele>144.5</ele>
		</trkpt>
		<trkpt lat="48.145389992" lon="16.93231">
			<ele>144.6</ele>
		</trkpt>
		<trkpt lat="48.145829992" lon="16.93326">
			<ele>145.4</ele>
		</trkpt>
		<trkpt lat="48.146459992" lon="16.93476">
			<ele>142.7</ele>
		</trkpt>
		<trkpt lat="48.146655992" lon="16.935124">
			<ele>140.7</ele>
		</trkpt>
		<trkpt lat="48.147622992" lon="16.936562">
			<ele>139.2</ele>
		</trkpt>
		<trkpt lat="48.148130992" lon="16.937463">
			<ele>140.4</ele>
		</trkpt>
		<trkpt lat="48.148703992" lon="16.938858">
			<ele>141.5</ele>
		</trkpt>
		<trkpt lat="48.149411992" lon="16.940725">
			<ele>142.1</ele>
		</trkpt>
		<trkpt lat="48.149955992" lon="16.942323">
			<ele>139.7</ele>
		</trkpt>
		<trkpt lat="48.150063992" lon="16.942731">
			<ele>138.9</ele>
		</trkpt>
		<trkpt lat="48.150089992" lon="16.94318">
			<ele>139.4</ele>
		</trkpt>
		<trkpt lat="48.150369992" lon="16.94375">
			<ele>137.8</ele>
		</trkpt>
		<trkpt lat="48.150399992" lon="16.944">
			<ele>137.8</ele>
		</trkpt>
		<trkpt lat="48.150019992" lon="16.94426">
			<ele>143.6</ele>
		</trkpt>
		<trkpt lat="48.149909992" lon="16.94441">
			<ele>147</ele>
		</trkpt>
		<trkpt lat="48.149849992" lon="16.94493">
			<ele>149.4</ele>
		</trkpt>
		<trkpt lat="48.150179992" lon="16.94495">
			<ele>147.4</ele>
		</trkpt>
		<trkpt lat="48.150239992" lon="16.94501">
			<ele>147.4</ele>
		</trkpt>
		<trkpt lat="48.150299992" lon="16.94522">
			<ele>149.2</ele>
		</trkpt>
		<trkpt lat="48.150259992" lon="16.9455">
			<ele>150.6</ele>
		</trkpt>
		<trkpt lat="48.149149992" lon="16.9483">
			<ele>157.8</ele>
		</trkpt>
		<trkpt lat="48.148669992" lon="16.94788">
			<ele>155.2</ele>
		</trkpt>
		<trkpt lat="48.147999992" lon="16.94911">
			<ele>159</ele>
		</trkpt>
		<trkpt lat="48.147349992" lon="16.95125">
			<ele>161.8</ele>
		</trkpt>
		<trkpt lat="48.147179992" lon="16.95196">
			<ele>163.7</ele>
		</trkpt>
		<trkpt lat="48.147079992" lon="16.95303">
			<ele>166.6</ele>
		</trkpt>
		<trkpt lat="48.146569992" lon="16.957">
			<ele>173.4</ele>
		</trkpt>
		<trkpt lat="48.146619992" lon="16.95713">
			<ele>173.4</ele>
		</trkpt>
		<trkpt lat="48.146719992" lon="16.95806">
			<ele>173.2</ele>
		</trkpt>
		<trkpt lat="48.146899992" lon="16.95887">
			<ele>174</ele>
		</trkpt>
		<trkpt lat="48.147859992" lon="16.96273">
			<ele>177.4</ele>
		</trkpt>
		<trkpt lat="48.148799992" lon="16.96691">
			<ele>174.1</ele>
		</trkpt>
		<trkpt lat="48.148829992" lon="16.96714">
			<ele>174</ele>
		</trkpt>
		<trkpt lat="48.145819992" lon="16.96633">
			<ele>169.4</ele>
		</trkpt>
		<trkpt lat="48.144829992" lon="16.97049">
			<ele>167.2</ele>
		</trkpt>
		<trkpt lat="48.144789992" lon="16.97102">
			<ele>167.4</ele>
		</trkpt>
		<trkpt lat="48.144789992" lon="16.97171">
			<ele>166.9</ele>
		</trkpt>
		<trkpt lat="48.144599992" lon="16.97343">
			<ele>162.2</ele>
		</trkpt>
		<trkpt lat="48.144479992" lon="16.9742">
			<ele>160.6</ele>
		</trkpt>
		<trkpt lat="48.144359992" lon="16.97454">
			<ele>160.6</ele>
		</trkpt>
		<trkpt lat="48.143859992" lon="16.97723">
			<ele>157.6</ele>
		</trkpt>
		<trkpt lat="48.143509992" lon="16.97975">
			<ele>155.3</ele>
		</trkpt>
		<trkpt lat="48.143289992" lon="16.98109">
			<ele>153.7</ele>
		</trkpt>
		<trkpt lat="48.143049992" lon="16.98201">
			<ele>151.3</ele>
		</trkpt>
		<trkpt lat="48.142319992" lon="16.98513">
			<ele>143.4</ele>
		</trkpt>
		<trkpt lat="48.142009992" lon="16.98666">
			<ele>143.8</ele>
		</trkpt>
		<trkpt lat="48.141939992" lon="16.98724">
			<ele>144.1</ele>
		</trkpt>
		<trkpt lat="48.141799992" lon="16.98801">
			<ele>145.5</ele>
		</trkpt>
		<trkpt lat="48.141639992" lon="16.98858">
			<ele>146.4</ele>
		</trkpt>
		<trkpt lat="48.140859992" lon="16.9908">
			<ele>146.7</ele>
		</trkpt>
		<trkpt lat="48.140719992" lon="16.99129">
			<ele>146.7</ele>
		</trkpt>
		<trkpt lat="48.142859992" lon="16.99249">
			<ele>140.4</ele>
		</trkpt>
		<trkpt lat="48.146419992" lon="16.99617">
			<ele>138.4</ele>
		</trkpt>
		<trkpt lat="48.145519992" lon="17.00046">
			<ele>138.4</ele>
		</trkpt>
		<trkpt lat="48.145459992" lon="17.00065">
			<ele>139.1</ele>
		</trkpt>
		<trkpt lat="48.145379992" lon="17.00076">
			<ele>139.1</ele>
		</trkpt>
		<trkpt lat="48.145099992" lon="17.00093">
			<ele>140.5</ele>
		</trkpt>
		<trkpt lat="48.144719992" lon="17.00123">
			<ele>140.6</ele>
		</trkpt>
		<trkpt lat="48.144609992" lon="17.00136">
			<ele>140.6</ele>
		</trkpt>
		<trkpt lat="48.143949992" lon="17.00166">
			<ele>137.7</ele>
		</trkpt>
		<trkpt lat="48.143459992" lon="17.002">
			<ele>137.4</ele>
		</trkpt>
		<trkpt lat="48.141419992" lon="17.00396">
			<ele>138.2</ele>
		</trkpt>
		<trkpt lat="48.141219992" lon="17.00417">
			<ele>138.7</ele>
		</trkpt>
		<trkpt lat="48.140869992" lon="17.00469">
			<ele>140.4</ele>
		</trkpt>
		<trkpt lat="48.140309992" lon="17.00533">
			<ele>141.3</ele>
		</trkpt>
		<trkpt lat="48.139959992" lon="17.00587">
			<ele>140.5</ele>
		</trkpt>
		<trkpt lat="48.139709992" lon="17.0064">
			<ele>140.1</ele>
		</trkpt>
		<trkpt lat="48.139599992" lon="17.00601">
			<ele>140.9</ele>
		</trkpt>
		<trkpt lat="48.139099992" lon="17.00528">
			<ele>144</ele>
		</trkpt>
		<trkpt lat="48.138919992" lon="17.00479">
			<ele>144.4</ele>
		</trkpt>
		<trkpt lat="48.138959992" lon="17.00455">
			<ele>144.4</ele>
		</trkpt>
		<trkpt lat="48.138879992" lon="17.00425">
			<ele>144.5</ele>
		</trkpt>
		<trkpt lat="48.138749992" lon="17.00404">
			<ele>144.9</ele>
		</trkpt>
		<trkpt lat="48.138149992" lon="17.00354">
			<ele>144.7</ele>
		</trkpt>
		<trkpt lat="48.137759992" lon="17.00306">
			<ele>145</ele>
		</trkpt>
		<trkpt lat="48.137869992" lon="17.00213">
			<ele>146.3</ele>
		</trkpt>
		<trkpt lat="48.137909992" lon="17.0011">
			<ele>146.8</ele>
		</trkpt>
		<trkpt lat="48.137969992" lon="17.00064">
			<ele>146.7</ele>
		</trkpt>
		<trkpt lat="48.137529992" lon="17.0005">
			<ele>147.7</ele>
		</trkpt>
		<trkpt lat="48.136959992" lon="16.99975">
			<ele>148.5</ele>
		</trkpt>
		<trkpt lat="48.135199992" lon="16.99837">
			<ele>152.8</ele>
		</trkpt>
		<trkpt lat="48.134629992" lon="16.99982">
			<ele>152.6</ele>
		</trkpt>
		<trkpt lat="48.134199992" lon="16.99955">
			<ele>153.5</ele>
		</trkpt>
		<trkpt lat="48.133719992" lon="17.00036">
			<ele>156.1</ele>
		</trkpt>
		<trkpt lat="48.134129992" lon="17.00094">
			<ele>155.1</ele>
		</trkpt>
		<trkpt lat="48.134919992" lon="17.00267">
			<ele>152.6</ele>
		</trkpt>
		<trkpt lat="48.136139992" lon="17.00438">
			<ele>148.6</ele>
		</trkpt>
		<trkpt lat="48.136249992" lon="17.00465">
			<ele>148.9</ele>
		</trkpt>
		<trkpt lat="48.136259992" lon="17.00491">
			<ele>149.2</ele>
		</trkpt>
		<trkpt lat="48.136119992" lon="17.00561">
			<ele>150.1</ele>
		</trkpt>
		<trkpt lat="48.135899992" lon="17.00635">
			<ele>151.1</ele>
		</trkpt>
		<trkpt lat="48.135439992" lon="17.00822">
			<ele>149.2</ele>
		</trkpt>
		<trkpt lat="48.135409992" lon="17.0085">
			<ele>149</ele>
		</trkpt>
		<trkpt lat="48.135449992" lon="17.00872">
			<ele>147.7</ele>
		</trkpt>
		<trkpt lat="48.135559992" lon="17.00894">
			<ele>147.7</ele>
		</trkpt>
		<trkpt lat="48.135949992" lon="17.00918">
			<ele>145.1</ele>
		</trkpt>
		<trkpt lat="48.135609992" lon="17.00997">
			<ele>142.8</ele>
		</trkpt>
		<trkpt lat="48.134549992" lon="17.01189">
			<ele>147</ele>
		</trkpt>
		<trkpt lat="48.134349992" lon="17.01247">
			<ele>146</ele>
		</trkpt>
		<trkpt lat="48.134179992" lon="17.01311">
			<ele>145.8</ele>
		</trkpt>
		<trkpt lat="48.133859992" lon="17.0147">
			<ele>144.7</ele>
		</trkpt>
		<trkpt lat="48.133739992" lon="17.01506">
			<ele>145.8</ele>
		</trkpt>
		<trkpt lat="48.133399992" lon="17.01578">
			<ele>146</ele>
		</trkpt>
		<trkpt lat="48.133349992" lon="17.0162">
			<ele>144.6</ele>
		</trkpt>
		<trkpt lat="48.133109992" lon="17.01674">
			<ele>143.4</ele>
		</trkpt>
		<trkpt lat="48.132589992" lon="17.01757">
			<ele>142</ele>
		</trkpt>
		<trkpt lat="48.131489992" lon="17.02016">
			<ele>144.5</ele>
		</trkpt>
		<trkpt lat="48.130669992" lon="17.02148">
			<ele>145.8</ele>
		</trkpt>
		<trkpt lat="48.130469992" lon="17.02137">
			<ele>147.8</ele>
		</trkpt>
		<trkpt lat="48.130399992" lon="17.02137">
			<ele>147.8</ele>
		</trkpt>
		<trkpt lat="48.130239992" lon="17.02156">
			<ele>149.3</ele>
		</trkpt>
		<trkpt lat="48.129729992" lon="17.02238">
			<ele>146.3</ele>
		</trkpt>
		<trkpt lat="48.129499992" lon="17.02281">
			<ele>145.2</ele>
		</trkpt>
		<trkpt lat="48.129139992" lon="17.02363">
			<ele>142.1</ele>
		</trkpt>
		<trkpt lat="48.125459992" lon="17.03489">
			<ele>136.3</ele>
		</trkpt>
		<trkpt lat="48.125209992" lon="17.03577">
			<ele>136.7</ele>
		</trkpt>
		<trkpt lat="48.124919992" lon="17.03655">
			<ele>136.8</ele>
		</trkpt>
		<trkpt lat="48.123769992" lon="17.0401">
			<ele>136.8</ele>
		</trkpt>
		<trkpt lat="48.123619992" lon="17.04066">
			<ele>136.4</ele>
		</trkpt>
		<trkpt lat="48.123279992" lon="17.0416">
			<ele>136.8</ele>
		</trkpt>
		<trkpt lat="48.122669992" lon="17.04346">
			<ele>136.2</ele>
		</trkpt>
		<trkpt lat="48.122509992" lon="17.04403">
			<ele>136.5</ele>
		</trkpt>
		<trkpt lat="48.122249992" lon="17.04473">
			<ele>136.5</ele>
		</trkpt>
		<trkpt lat="48.121849992" lon="17.04611">
			<ele>136.8</ele>
		</trkpt>
		<trkpt lat="48.121709992" lon="17.04689">
			<ele>137.7</ele>
		</trkpt>
		<trkpt lat="48.121629992" lon="17.04755">
			<ele>137.7</ele>
		</trkpt>
		<trkpt lat="48.121589992" lon="17.04836">
			<ele>137.6</ele>
		</trkpt>
		<trkpt lat="48.121839992" lon="17.05505">
			<ele>135.7</ele>
		</trkpt>
		<trkpt lat="48.121869992" lon="17.05558">
			<ele>135.6</ele>
		</trkpt>
		<trkpt lat="48.121970992" lon="17.056414">
			<ele>136.4</ele>
		</trkpt>
		<trkpt lat="48.122235992" lon="17.056977">
			<ele>136.6</ele>
		</trkpt>
		<trkpt lat="48.122461992" lon="17.063323">
			<ele>137.9</ele>
		</trkpt>
		<trkpt lat="48.122977992" lon="17.067497">
			<ele>136.5</ele>
		</trkpt>
		<trkpt lat="48.123234992" lon="17.069058">
			<ele>137.1</ele>
		</trkpt>
		<trkpt lat="48.123338992" lon="17.069423">
			<ele>137.1</ele>
		</trkpt>
		<trkpt lat="48.123603992" lon="17.070131">
			<ele>136</ele>
		</trkpt>
		<trkpt lat="48.124029992" lon="17.071048">
			<ele>135.6</ele>
		</trkpt>
		<trkpt lat="48.124473992" lon="17.071778">
			<ele>136.2</ele>
		</trkpt>
		<trkpt lat="48.124882992" lon="17.072282">
			<ele>135.7</ele>
		</trkpt>
		<trkpt lat="48.125361992" lon="17.072786">
			<ele>136</ele>
		</trkpt>
		<trkpt lat="48.125899992" lon="17.073172">
			<ele>137.7</ele>
		</trkpt>
		<trkpt lat="48.126464992" lon="17.073494">
			<ele>138.2</ele>
		</trkpt>
		<trkpt lat="48.127080992" lon="17.073709">
			<ele>137.1</ele>
		</trkpt>
		<trkpt lat="48.128140992" lon="17.073816">
			<ele>136.5</ele>
		</trkpt>
		<trkpt lat="48.137284992" lon="17.074009">
			<ele>136.8</ele>
		</trkpt>
		<trkpt lat="48.137621992" lon="17.074063">
			<ele>137</ele>
		</trkpt>
		<trkpt lat="48.137857992" lon="17.074234">
			<ele>138</ele>
		</trkpt>
		<trkpt lat="48.137993992" lon="17.074449">
			<ele>139.6</ele>
		</trkpt>
		<trkpt lat="48.138165992" lon="17.075104">
			<ele>140.3</ele>
		</trkpt>
		<trkpt lat="48.138551992" lon="17.077206">
			<ele>142.7</ele>
		</trkpt>
		<trkpt lat="48.138601992" lon="17.077893">
			<ele>141</ele>
		</trkpt>
		<trkpt lat="48.138616992" lon="17.078633">
			<ele>138.6</ele>
		</trkpt>
		<trkpt lat="48.138544992" lon="17.07932">
			<ele>137.7</ele>
		</trkpt>
		<trkpt lat="48.138422992" lon="17.08006">
			<ele>137.1</ele>
		</trkpt>
		<trkpt lat="48.137427992" lon="17.084674">
			<ele>137.8</ele>
		</trkpt>
		<trkpt lat="48.137220992" lon="17.0858">
			<ele>137.5</ele>
		</trkpt>
		<trkpt lat="48.135737992" lon="17.094362">
			<ele>139.7</ele>
		</trkpt>
		<trkpt lat="48.135687992" lon="17.094952">
			<ele>141.9</ele>
		</trkpt>
		<trkpt lat="48.135680992" lon="17.095649">
			<ele>141.8</ele>
		</trkpt>
		<trkpt lat="48.135745992" lon="17.096314">
			<ele>140.7</ele>
		</trkpt>
		<trkpt lat="48.135859992" lon="17.096862">
			<ele>139.5</ele>
		</trkpt>
		<trkpt lat="48.136067992" lon="17.097548">
			<ele>136.9</ele>
		</trkpt>
		<trkpt lat="48.136131992" lon="17.098128">
			<ele>136.4</ele>
		</trkpt>
		<trkpt lat="48.136049992" lon="17.101459">
			<ele>137.2</ele>
		</trkpt>
		<trkpt lat="48.136103992" lon="17.101775">
			<ele>137.4</ele>
		</trkpt>
		<trkpt lat="48.136321992" lon="17.102414">
			<ele>136.4</ele>
		</trkpt>
		<trkpt lat="48.136393992" lon="17.10284">
			<ele>136.2</ele>
		</trkpt>
		<trkpt lat="48.136549992" lon="17.10446">
			<ele>136.6</ele>
		</trkpt>
	</trkseg>
</trk>
<trk>
	<name>08: Bratislava, Slovakia – Rajka (DEVELOPED_WITH_SIGNS)</name>
	<desc>DEVELOPED_WITH_SIGNS</desc>
	<trkseg>
		<trkpt lat="48.13104232" lon="17.135030692">
			<ele>139.4</ele>
		</trkpt>
		<trkpt lat="48.130796395" lon="17.13535876">
			<ele>139.3</ele>
		</trkpt>
		<trkpt lat="48.130086616" lon="17.136067702">
			<ele>137.4</ele>
		</trkpt>
		<trkpt lat="48.129099479" lon="17.136806482">
			<ele>135</ele>
		</trkpt>
		<trkpt lat="48.128533784" lon="17.137142932">
			<ele>134.6</ele>
		</trkpt>
		<trkpt lat="48.127886953" lon="17.137454487">
			<ele>134.3</ele>
		</trkpt>
		<trkpt lat="48.127430977" lon="17.137612235">
			<ele>134.1</ele>
		</trkpt>
		<trkpt lat="48.126896966" lon="17.137733186">
			<ele>134.5</ele>
		</trkpt>
		<trkpt lat="48.126489522" lon="17.137755565">
			<ele>135</ele>
		</trkpt>
		<trkpt lat="48.125823412" lon="17.137687085">
			<ele>136.1</ele>
		</trkpt>
		<trkpt lat="48.122766699" lon="17.137101945">
			<ele>139.1</ele>
		</trkpt>
		<trkpt lat="48.120482882" lon="17.136551337">
			<ele>134</ele>
		</trkpt>
		<trkpt lat="48.119872177" lon="17.136354195">
			<ele>134.4</ele>
		</trkpt>
		<trkpt lat="48.119315032" lon="17.136054542">
			<ele>134.9</ele>
		</trkpt>
		<trkpt lat="48.11868597" lon="17.135606278">
			<ele>135.6</ele>
		</trkpt>
		<trkpt lat="48.117055271" lon="17.134169033">
			<ele>136.7</ele>
		</trkpt>
		<trkpt lat="48.115250312" lon="17.132247314">
			<ele>139</ele>
		</trkpt>
		<trkpt lat="48.113772666" lon="17.130850218">
			<ele>135.9</ele>
		</trkpt>
		<trkpt lat="48.111218616" lon="17.128326595">
			<ele>136.8</ele>
		</trkpt>
		<trkpt lat="48.109809115" lon="17.127010385">
			<ele>135</ele>
		</trkpt>
		<trkpt lat="48.109228333" lon="17.126673935">
			<ele>134.4</ele>
		</trkpt>
		<trkpt lat="48.108529199" lon="17.126559773">
			<ele>135.2</ele>
		</trkpt>
		<trkpt lat="48.108533557" lon="17.126488779">
			<ele>135.2</ele>
		</trkpt>
		<trkpt lat="48.10880203" lon="17.12620019">
			<ele>135</ele>
		</trkpt>
		<trkpt lat="48.108789205" lon="17.126132213">
			<ele>134.9</ele>
		</trkpt>
		<trkpt lat="48.108743189" lon="17.126112264">
			<ele>134.9</ele>
		</trkpt>
		<trkpt lat="48.108545041" lon="17.126197089">
			<ele>134.8</ele>
		</trkpt>
		<trkpt lat="48.10831194" lon="17.126219552">
			<ele>134.4</ele>
		</trkpt>
		<trkpt lat="48.107042668" lon="17.126545524">
			<ele>133.3</ele>
		</trkpt>
		<trkpt lat="48.106520979" lon="17.126797568">
			<ele>134.1</ele>
		</trkpt>
		<trkpt lat="48.105977077" lon="17.127263686">
			<ele>134.7</ele>
		</trkpt>
		<trkpt lat="48.105380788" lon="17.128225509">
			<ele>133.6</ele>
		</trkpt>
		<trkpt lat="48.105063701" lon="17.128466237">
			<ele>133.9</ele>
		</trkpt>
		<trkpt lat="48.104461545" lon="17.128761448">
			<ele>135.7</ele>
		</trkpt>
		<trkpt lat="48.103349266" lon="17.129503833">
			<ele>136.3</ele>
		</trkpt>
		<trkpt lat="48.101782018" lon="17.130875867">
			<ele>135.8</ele>
		</trkpt>
		<trkpt lat="48.100827571" lon="17.131514652">
			<ele>135.5</ele>
		</trkpt>
		<trkpt lat="48.100284675" lon="17.131704669">
			<ele>133.8</ele>
		</trkpt>
		<trkpt lat="48.100174034" lon="17.131704837">
			<ele>133.8</ele>
		</trkpt>
		<trkpt lat="48.099941101" lon="17.131624622">
			<ele>133.4</ele>
		</trkpt>
		<trkpt lat="48.09918916" lon="17.131246347">
			<ele>132.2</ele>
		</trkpt>
		<trkpt lat="48.098435795" lon="17.130953399">
			<ele>133.2</ele>
		</trkpt>
		<trkpt lat="48.097766248" lon="17.130930601">
			<ele>134.4</ele>
		</trkpt>
		<trkpt lat="48.097623337" lon="17.130997991">
			<ele>134.5</ele>
		</trkpt>
		<trkpt lat="48.096753128" lon="17.131630322">
			<ele>134</ele>
		</trkpt>
		<trkpt lat="48.095530879" lon="17.132777469">
			<ele>133.7</ele>
		</trkpt>
		<trkpt lat="48.0951894" lon="17.132934798">
			<ele>133.5</ele>
		</trkpt>
		<trkpt lat="48.094748847" lon="17.133011995">
			<ele>136</ele>
		</trkpt>
		<trkpt lat="48.093186879" lon="17.133058347">
			<ele>136.7</ele>
		</trkpt>
		<trkpt lat="48.093055451" lon="17.133002188">
			<ele>136.4</ele>
		</trkpt>
		<trkpt lat="48.093029048" lon="17.132918285">
			<ele>137</ele>
		</trkpt>
		<trkpt lat="48.093028042" lon="17.132600695">
			<ele>136.8</ele>
		</trkpt>
		<trkpt lat="48.092938188" lon="17.132476391">
			<ele>135.8</ele>
		</trkpt>
		<trkpt lat="48.090291519" lon="17.132580578">
			<ele>131</ele>
		</trkpt>
		<trkpt lat="48.0899202" lon="17.132500866">
			<ele>130.7</ele>
		</trkpt>
		<trkpt lat="48.089100869" lon="17.132216804">
			<ele>131.8</ele>
		</trkpt>
		<trkpt lat="48.088681523" lon="17.132164333">
			<ele>132.4</ele>
		</trkpt>
		<trkpt lat="48.088190846" lon="17.132243961">
			<ele>132.8</ele>
		</trkpt>
		<trkpt lat="48.08798331" lon="17.132318225">
			<ele>132.5</ele>
		</trkpt>
		<trkpt lat="48.087324744" lon="17.132680491">
			<ele>130.6</ele>
		</trkpt>
		<trkpt lat="48.085885571" lon="17.133569894">
			<ele>131.2</ele>
		</trkpt>
		<trkpt lat="48.085489778" lon="17.133735102">
			<ele>131.4</ele>
		</trkpt>
		<trkpt lat="48.08514327" lon="17.133802241">
			<ele>131.2</ele>
		</trkpt>
		<trkpt lat="48.084634824" lon="17.13372957">
			<ele>130.5</ele>
		</trkpt>
		<trkpt lat="48.082637667" lon="17.133207377">
			<ele>130.6</ele>
		</trkpt>
		<trkpt lat="48.080374889" lon="17.132718628">
			<ele>130.4</ele>
		</trkpt>
		<trkpt lat="48.079871723" lon="17.13270748">
			<ele>130.9</ele>
		</trkpt>
		<trkpt lat="48.079377359" lon="17.132847961">
			<ele>133.8</ele>
		</trkpt>
		<trkpt lat="48.078181345" lon="17.133443244">
			<ele>131.6</ele>
		</trkpt>
		<trkpt lat="48.076334225" lon="17.134506321">
			<ele>131.2</ele>
		</trkpt>
		<trkpt lat="48.075902305" lon="17.134939414">
			<ele>131.3</ele>
		</trkpt>
		<trkpt lat="48.075507518" lon="17.135498906">
			<ele>131.1</ele>
		</trkpt>
		<trkpt lat="48.074391719" lon="17.137234379">
			<ele>130.5</ele>
		</trkpt>
		<trkpt lat="48.07228652" lon="17.14013611">
			<ele>131.1</ele>
		</trkpt>
		<trkpt lat="48.066214502" lon="17.148024067">
			<ele>130.3</ele>
		</trkpt>
		<trkpt lat="48.064693186" lon="17.150083333">
			<ele>128.8</ele>
		</trkpt>
		<trkpt lat="48.064333854" lon="17.15071843">
			<ele>129</ele>
		</trkpt>
		<trkpt lat="48.064018359" lon="17.151444051">
			<ele>129.2</ele>
		</trkpt>
		<trkpt lat="48.063263736" lon="17.154132128">
			<ele>129.4</ele>
		</trkpt>
		<trkpt lat="48.063006664" lon="17.154877698">
			<ele>128.7</ele>
		</trkpt>
		<trkpt lat="48.062803738" lon="17.155313641">
			<ele>128.8</ele>
		</trkpt>
		<trkpt lat="48.062373578" lon="17.155940272">
			<ele>128.7</ele>
		</trkpt>
		<trkpt lat="48.062079876" lon="17.156264065">
			<ele>128.7</ele>
		</trkpt>
		<trkpt lat="48.061697159" lon="17.156539243">
			<ele>129.1</ele>
		</trkpt>
		<trkpt lat="48.058975052" lon="17.157841371">
			<ele>130.7</ele>
		</trkpt>
		<trkpt lat="48.05844783" lon="17.158166924">
			<ele>131.3</ele>
		</trkpt>
		<trkpt lat="48.057972492" lon="17.158604711">
			<ele>131.3</ele>
		</trkpt>
		<trkpt lat="48.057511153" lon="17.159123132">
			<ele>130.7</ele>
		</trkpt>
		<trkpt lat="48.052840421" lon="17.165350886">
			<ele>130.2</ele>
		</trkpt>
		<trkpt lat="48.052436078" lon="17.16592974">
			<ele>130.3</ele>
		</trkpt>
		<trkpt lat="48.051818499" lon="17.166916877">
			<ele>130.2</ele>
		</trkpt>
		<trkpt lat="48.05133897" lon="17.167869816">
			<ele>130.2</ele>
		</trkpt>
		<trkpt lat="48.050849048" lon="17.169021657">
			<ele>130.3</ele>
		</trkpt>
		<trkpt lat="48.050483346" lon="17.170080375">
			<ele>129.7</ele>
		</trkpt>
		<trkpt lat="48.050106495" lon="17.171433717">
			<ele>129.2</ele>
		</trkpt>
		<trkpt lat="48.049829557" lon="17.172857551">
			<ele>128.2</ele>
		</trkpt>
		<trkpt lat="48.049491348" lon="17.174894772">
			<ele>129.8</ele>
		</trkpt>
		<trkpt lat="48.049216756" lon="17.176259095">
			<ele>128.2</ele>
		</trkpt>
		<trkpt lat="48.049035037" lon="17.177747386">
			<ele>128.9</ele>
		</trkpt>
		<trkpt lat="48.048499517" lon="17.181391418">
			<ele>128.4</ele>
		</trkpt>
		<trkpt lat="48.048037423" lon="17.184892036">
			<ele>129.6</ele>
		</trkpt>
		<trkpt lat="48.047533084" lon="17.187235449">
			<ele>127.9</ele>
		</trkpt>
		<trkpt lat="48.047180457" lon="17.188529866">
			<ele>128.2</ele>
		</trkpt>
		<trkpt lat="48.046687601" lon="17.19006015">
			<ele>128.5</ele>
		</trkpt>
		<trkpt lat="48.046011852" lon="17.191738291">
			<ele>127.7</ele>
		</trkpt>
		<trkpt lat="48.045348424" lon="17.193139158">
			<ele>128.8</ele>
		</trkpt>
		<trkpt lat="48.044631855" lon="17.194461655">
			<ele>128.5</ele>
		</trkpt>
		<trkpt lat="48.04366517" lon="17.196032172">
			<ele>129.6</ele>
		</trkpt>
		<trkpt lat="48.043083383" lon="17.196895257">
			<ele>129</ele>
		</trkpt>
		<trkpt lat="48.042225914" lon="17.198029831">
			<ele>128</ele>
		</trkpt>
		<trkpt lat="48.040891347" lon="17.19955584">
			<ele>130.2</ele>
		</trkpt>
		<trkpt lat="48.040247114" lon="17.200196385">
			<ele>129.3</ele>
		</trkpt>
		<trkpt lat="48.039762724" lon="17.200578265">
			<ele>128.1</ele>
		</trkpt>
		<trkpt lat="48.03796204" lon="17.201670175">
			<ele>127.4</ele>
		</trkpt>
		<trkpt lat="48.035170028" lon="17.203494413">
			<ele>125.5</ele>
		</trkpt>
		<trkpt lat="48.032801973" lon="17.205006257">
			<ele>126.5</ele>
		</trkpt>
		<trkpt lat="48.032387571" lon="17.205229299">
			<ele>127.2</ele>
		</trkpt>
		<trkpt lat="48.031991945" lon="17.205336839">
			<ele>127.6</ele>
		</trkpt>
		<trkpt lat="48.031652646" lon="17.205336923">
			<ele>128.4</ele>
		</trkpt>
		<trkpt lat="48.027716169" lon="17.204967532">
			<ele>130.3</ele>
		</trkpt>
		<trkpt lat="48.027388101" lon="17.205008185">
			<ele>130.4</ele>
		</trkpt>
		<trkpt lat="48.027334206" lon="17.204973651">
			<ele>130.4</ele>
		</trkpt>
		<trkpt lat="48.027283244" lon="17.204858316">
			<ele>130</ele>
		</trkpt>
		<trkpt lat="48.027258182" lon="17.204556568">
			<ele>130.6</ele>
		</trkpt>
		<trkpt lat="48.027359687" lon="17.204231014">
			<ele>132.9</ele>
		</trkpt>
		<trkpt lat="48.02738852" lon="17.204021383">
			<ele>136.3</ele>
		</trkpt>
		<trkpt lat="48.027725724" lon="17.202683631">
			<ele>137.4</ele>
		</trkpt>
		<trkpt lat="48.028024623" lon="17.201330792">
			<ele>134.3</ele>
		</trkpt>
		<trkpt lat="48.028256969" lon="17.200575415">
			<ele>131.5</ele>
		</trkpt>
		<trkpt lat="48.028277086" lon="17.200378189">
			<ele>130.8</ele>
		</trkpt>
		<trkpt lat="48.027339486" lon="17.199468752">
			<ele>130.2</ele>
		</trkpt>
		<trkpt lat="48.026930952" lon="17.199139511">
			<ele>130</ele>
		</trkpt>
		<trkpt lat="48.026251096" lon="17.198407436">
			<ele>129.8</ele>
		</trkpt>
		<trkpt lat="48.02626216" lon="17.198267123">
			<ele>129.8</ele>
		</trkpt>
		<trkpt lat="48.026403479" lon="17.198035782">
			<ele>129.8</ele>
		</trkpt>
		<trkpt lat="48.026945285" lon="17.196716806">
			<ele>130.5</ele>
		</trkpt>
		<trkpt lat="48.026961043" lon="17.196600884">
			<ele>130.5</ele>
		</trkpt>
		<trkpt lat="48.026916452" lon="17.196479598">
			<ele>130.4</ele>
		</trkpt>
		<trkpt lat="48.024616038" lon="17.194906231">
			<ele>129.2</ele>
		</trkpt>
		<trkpt lat="48.022446886" lon="17.19353646">
			<ele>129.9</ele>
		</trkpt>
		<trkpt lat="48.02228654" lon="17.193375444">
			<ele>129.9</ele>
		</trkpt>
		<trkpt lat="48.022003734" lon="17.193178553">
			<ele>129.7</ele>
		</trkpt>
		<trkpt lat="48.018194411" lon="17.190648811">
			<ele>128.6</ele>
		</trkpt>
		<trkpt lat="48.017003175" lon="17.189771393">
			<ele>128.3</ele>
		</trkpt>
	</trkseg>
</trk>
<trk>
	<name>09: Rajka – Győr (DEVELOPED_WITH_SIGNS)</name>
	<desc>DEVELOPED_WITH_SIGNS</desc>
	<trkseg>
		<trkpt lat="48.018720992" lon="17.205085">
			<ele>125</ele>
		</trkpt>
		<trkpt lat="48.018156992" lon="17.2054">
			<ele>125.4</ele>
		</trkpt>
		<trkpt lat="48.016668992" lon="17.206514">
			<ele>132.1</ele>
		</trkpt>
		<trkpt lat="48.016274992" lon="17.206848">
			<ele>131</ele>
		</trkpt>
		<trkpt lat="48.015157992" lon="17.207944">
			<ele>123.6</ele>
		</trkpt>
		<trkpt lat="48.014622992" lon="17.208628">
			<ele>127.5</ele>
		</trkpt>
		<trkpt lat="48.014001992" lon="17.209526">
			<ele>127.4</ele>
		</trkpt>
		<trkpt lat="48.013387992" lon="17.210664">
			<ele>126.5</ele>
		</trkpt>
		<trkpt lat="48.012190992" lon="17.21351">
			<ele>126.6</ele>
		</trkpt>
		<trkpt lat="48.012078992" lon="17.213498">
			<ele>126.6</ele>
		</trkpt>
		<trkpt lat="48.008169992" lon="17.210901">
			<ele>137.2</ele>
		</trkpt>
		<trkpt lat="48.006437992" lon="17.209544">
			<ele>133.5</ele>
		</trkpt>
		<trkpt lat="48.005978992" lon="17.209108">
			<ele>130.9</ele>
		</trkpt>
		<trkpt lat="48.005794992" lon="17.209031">
			<ele>129.6</ele>
		</trkpt>
		<trkpt lat="48.005569992" lon="17.20908">
			<ele>127.5</ele>
		</trkpt>
		<trkpt lat="48.005412992" lon="17.209059">
			<ele>127.5</ele>
		</trkpt>
		<trkpt lat="48.005323992" lon="17.208973">
			<ele>127</ele>
		</trkpt>
		<trkpt lat="48.004777992" lon="17.208197">
			<ele>126.3</ele>
		</trkpt>
		<trkpt lat="48.002194992" lon="17.204739">
			<ele>126.5</ele>
		</trkpt>
		<trkpt lat="48.001862992" lon="17.204265">
			<ele>127</ele>
		</trkpt>
		<trkpt lat="48.001654992" lon="17.203762">
			<ele>127</ele>
		</trkpt>
		<trkpt lat="48.001587992" lon="17.203667">
			<ele>127.1</ele>
		</trkpt>
		<trkpt lat="48.001122992" lon="17.203309">
			<ele>127</ele>
		</trkpt>
		<trkpt lat="48.001137992" lon="17.203226">
			<ele>126.7</ele>
		</trkpt>
		<trkpt lat="48.001122992" lon="17.203309">
			<ele>127</ele>
		</trkpt>
		<trkpt lat="48.000479992" lon="17.202835">
			<ele>126.3</ele>
		</trkpt>
		<trkpt lat="48.000506992" lon="17.202752">
			<ele>126.3</ele>
		</trkpt>
		<trkpt lat="48.000129992" lon="17.202256">
			<ele>126.5</ele>
		</trkpt>
		<trkpt lat="47.999812992" lon="17.202023">
			<ele>126.9</ele>
		</trkpt>
		<trkpt lat="47.999798992" lon="17.202065">
			<ele>127.1</ele>
		</trkpt>
		<trkpt lat="47.999626992" lon="17.201942">
			<ele>127.4</ele>
		</trkpt>
		<trkpt lat="47.999362992" lon="17.201692">
			<ele>128.1</ele>
		</trkpt>
		<trkpt lat="47.999372992" lon="17.201635">
			<ele>128.2</ele>
		</trkpt>
		<trkpt lat="47.999362992" lon="17.201692">
			<ele>128.1</ele>
		</trkpt>
		<trkpt lat="47.999049992" lon="17.20117">
			<ele>129.1</ele>
		</trkpt>
		<trkpt lat="47.998950992" lon="17.200909">
			<ele>129</ele>
		</trkpt>
		<trkpt lat="47.998709992" lon="17.200626">
			<ele>129.8</ele>
		</trkpt>
		<trkpt lat="47.998652992" lon="17.200438">
			<ele>129.9</ele>
		</trkpt>
		<trkpt lat="47.998335992" lon="17.200071">
			<ele>130.7</ele>
		</trkpt>
		<trkpt lat="47.998356992" lon="17.200015">
			<ele>130.8</ele>
		</trkpt>
		<trkpt lat="47.998282992" lon="17.199924">
			<ele>130.8</ele>
		</trkpt>
		<trkpt lat="47.998184992" lon="17.200148">
			<ele>130.9</ele>
		</trkpt>
		<trkpt lat="47.997791992" lon="17.199761">
			<ele>131</ele>
		</trkpt>
		<trkpt lat="47.997832992" lon="17.199656">
			<ele>130.9</ele>
		</trkpt>
		<trkpt lat="47.997568992" lon="17.199399">
			<ele>130.4</ele>
		</trkpt>
		<trkpt lat="47.996842992" lon="17.201154">
			<ele>129.5</ele>
		</trkpt>
		<trkpt lat="47.996449992" lon="17.202196">
			<ele>129.5</ele>
		</trkpt>
		<trkpt lat="47.996408992" lon="17.202171">
			<ele>129.2</ele>
		</trkpt>
		<trkpt lat="47.996308992" lon="17.202217">
			<ele>129.1</ele>
		</trkpt>
		<trkpt lat="47.995370992" lon="17.201652">
			<ele>127.3</ele>
		</trkpt>
		<trkpt lat="47.994811992" lon="17.201167">
			<ele>127.3</ele>
		</trkpt>
		<trkpt lat="47.993186992" lon="17.199593">
			<ele>126.6</ele>
		</trkpt>
		<trkpt lat="47.993123992" lon="17.199712">
			<ele>126.5</ele>
		</trkpt>
		<trkpt lat="47.992099992" lon="17.198811">
			<ele>126.6</ele>
		</trkpt>
		<trkpt lat="47.990649992" lon="17.196709">
			<ele>127.5</ele>
		</trkpt>
		<trkpt lat="47.990615992" lon="17.196559">
			<ele>127.5</ele>
		</trkpt>
		<trkpt lat="47.990405992" lon="17.196249">
			<ele>128.3</ele>
		</trkpt>
		<trkpt lat="47.990280992" lon="17.195977">
			<ele>128.4</ele>
		</trkpt>
		<trkpt lat="47.990225992" lon="17.195962">
			<ele>128.5</ele>
		</trkpt>
		<trkpt lat="47.988960992" lon="17.196901">
			<ele>127.3</ele>
		</trkpt>
		<trkpt lat="47.988829992" lon="17.196533">
			<ele>127.2</ele>
		</trkpt>
		<trkpt lat="47.988960992" lon="17.196901">
			<ele>127.3</ele>
		</trkpt>
		<trkpt lat="47.974422992" lon="17.207358">
			<ele>126.1</ele>
		</trkpt>
		<trkpt lat="47.973674992" lon="17.207968">
			<ele>126.6</ele>
		</trkpt>
		<trkpt lat="47.972660992" lon="17.208583">
			<ele>126.2</ele>
		</trkpt>
		<trkpt lat="47.972338992" lon="17.208865">
			<ele>125.3</ele>
		</trkpt>
		<trkpt lat="47.971000992" lon="17.209759">
			<ele>125.4</ele>
		</trkpt>
		<trkpt lat="47.970831992" lon="17.209952">
			<ele>125.3</ele>
		</trkpt>
		<trkpt lat="47.967832992" lon="17.212032">
			<ele>126.2</ele>
		</trkpt>
		<trkpt lat="47.967779992" lon="17.212051">
			<ele>126.2</ele>
		</trkpt>
		<trkpt lat="47.967723992" lon="17.212011">
			<ele>126.2</ele>
		</trkpt>
		<trkpt lat="47.965279992" lon="17.213645">
			<ele>124.2</ele>
		</trkpt>
		<trkpt lat="47.965211992" lon="17.213726">
			<ele>124.2</ele>
		</trkpt>
		<trkpt lat="47.965220992" lon="17.21387">
			<ele>124.2</ele>
		</trkpt>
		<trkpt lat="47.965129992" lon="17.21403">
			<ele>124.2</ele>
		</trkpt>
		<trkpt lat="47.964463992" lon="17.21445">
			<ele>124.7</ele>
		</trkpt>
		<trkpt lat="47.963831992" lon="17.214771">
			<ele>124.9</ele>
		</trkpt>
		<trkpt lat="47.960648992" lon="17.21711">
			<ele>126.3</ele>
		</trkpt>
		<trkpt lat="47.958268992" lon="17.218754">
			<ele>124.4</ele>
		</trkpt>
		<trkpt lat="47.957224992" lon="17.219386">
			<ele>123.4</ele>
		</trkpt>
		<trkpt lat="47.956732992" lon="17.219605">
			<ele>124.6</ele>
		</trkpt>
		<trkpt lat="47.956022992" lon="17.219833">
			<ele>124.6</ele>
		</trkpt>
		<trkpt lat="47.952965992" lon="17.221164">
			<ele>125.7</ele>
		</trkpt>
		<trkpt lat="47.952566992" lon="17.221434">
			<ele>124.2</ele>
		</trkpt>
		<trkpt lat="47.951278992" lon="17.222563">
			<ele>123.8</ele>
		</trkpt>
		<trkpt lat="47.948258992" lon="17.225478">
			<ele>123.2</ele>
		</trkpt>
		<trkpt lat="47.947710992" lon="17.225919">
			<ele>122.8</ele>
		</trkpt>
		<trkpt lat="47.947266992" lon="17.226221">
			<ele>122.5</ele>
		</trkpt>
		<trkpt lat="47.947011992" lon="17.226483">
			<ele>122.6</ele>
		</trkpt>
		<trkpt lat="47.945557992" lon="17.227452">
			<ele>123.1</ele>
		</trkpt>
		<trkpt lat="47.944933992" lon="17.227948">
			<ele>122.3</ele>
		</trkpt>
		<trkpt lat="47.942995992" lon="17.229294">
			<ele>122.3</ele>
		</trkpt>
		<trkpt lat="47.941934992" lon="17.229988">
			<ele>123.4</ele>
		</trkpt>
		<trkpt lat="47.934574992" lon="17.234319">
			<ele>121.6</ele>
		</trkpt>
		<trkpt lat="47.934348992" lon="17.234405">
			<ele>121.7</ele>
		</trkpt>
		<trkpt lat="47.934094992" lon="17.234629">
			<ele>121.8</ele>
		</trkpt>
		<trkpt lat="47.929938992" lon="17.237144">
			<ele>123</ele>
		</trkpt>
		<trkpt lat="47.926749992" lon="17.239153">
			<ele>120.4</ele>
		</trkpt>
		<trkpt lat="47.923916992" lon="17.240734">
			<ele>120.3</ele>
		</trkpt>
		<trkpt lat="47.922550992" lon="17.240923">
			<ele>122.7</ele>
		</trkpt>
		<trkpt lat="47.920679992" lon="17.240855">
			<ele>122.9</ele>
		</trkpt>
		<trkpt lat="47.920300992" lon="17.240986">
			<ele>121.5</ele>
		</trkpt>
		<trkpt lat="47.915765992" lon="17.243711">
			<ele>126</ele>
		</trkpt>
		<trkpt lat="47.914949992" lon="17.244255">
			<ele>123.5</ele>
		</trkpt>
		<trkpt lat="47.914562992" lon="17.244588">
			<ele>122.1</ele>
		</trkpt>
		<trkpt lat="47.913840992" lon="17.245431">
			<ele>120.4</ele>
		</trkpt>
		<trkpt lat="47.913550992" lon="17.245884">
			<ele>120.8</ele>
		</trkpt>
		<trkpt lat="47.913305992" lon="17.246354">
			<ele>121.5</ele>
		</trkpt>
		<trkpt lat="47.912071992" lon="17.249057">
			<ele>122.3</ele>
		</trkpt>
		<trkpt lat="47.911832992" lon="17.249485">
			<ele>122.8</ele>
		</trkpt>
		<trkpt lat="47.910104992" lon="17.251892">
			<ele>120.5</ele>
		</trkpt>
		<trkpt lat="47.909950992" lon="17.252062">
			<ele>121.7</ele>
		</trkpt>
		<trkpt lat="47.909556992" lon="17.252706">
			<ele>123.1</ele>
		</trkpt>
		<trkpt lat="47.908843992" lon="17.253569">
			<ele>122.1</ele>
		</trkpt>
		<trkpt lat="47.908560992" lon="17.253757">
			<ele>121.5</ele>
		</trkpt>
		<trkpt lat="47.908161992" lon="17.253912">
			<ele>121</ele>
		</trkpt>
		<trkpt lat="47.906943992" lon="17.254196">
			<ele>121.6</ele>
		</trkpt>
		<trkpt lat="47.906510992" lon="17.254388">
			<ele>121.3</ele>
		</trkpt>
		<trkpt lat="47.905583992" lon="17.254979">
			<ele>120.7</ele>
		</trkpt>
		<trkpt lat="47.903451992" lon="17.256732">
			<ele>122.4</ele>
		</trkpt>
		<trkpt lat="47.901926992" lon="17.257816">
			<ele>119.6</ele>
		</trkpt>
		<trkpt lat="47.899607992" lon="17.259202">
			<ele>120</ele>
		</trkpt>
		<trkpt lat="47.896830992" lon="17.260659">
			<ele>120.5</ele>
		</trkpt>
		<trkpt lat="47.896018992" lon="17.26131">
			<ele>118.8</ele>
		</trkpt>
		<trkpt lat="47.891025992" lon="17.265617">
			<ele>119.2</ele>
		</trkpt>
		<trkpt lat="47.890822992" lon="17.265846">
			<ele>119.2</ele>
		</trkpt>
		<trkpt lat="47.890112992" lon="17.266394">
			<ele>119.7</ele>
		</trkpt>
		<trkpt lat="47.889137992" lon="17.263766">
			<ele>120</ele>
		</trkpt>
		<trkpt lat="47.886216992" lon="17.266201">
			<ele>118.5</ele>
		</trkpt>
		<trkpt lat="47.885993992" lon="17.267134">
			<ele>118.3</ele>
		</trkpt>
		<trkpt lat="47.885842992" lon="17.267585">
			<ele>117.9</ele>
		</trkpt>
		<trkpt lat="47.883805992" lon="17.27034">
			<ele>118.9</ele>
		</trkpt>
		<trkpt lat="47.883560992" lon="17.270768">
			<ele>119.3</ele>
		</trkpt>
		<trkpt lat="47.883054992" lon="17.270062">
			<ele>119.1</ele>
		</trkpt>
		<trkpt lat="47.882924992" lon="17.270223">
			<ele>119.8</ele>
		</trkpt>
		<trkpt lat="47.882746992" lon="17.270298">
			<ele>120.4</ele>
		</trkpt>
		<trkpt lat="47.881692992" lon="17.271227">
			<ele>122.1</ele>
		</trkpt>
		<trkpt lat="47.881217992" lon="17.271444">
			<ele>122.6</ele>
		</trkpt>
		<trkpt lat="47.880886992" lon="17.271526">
			<ele>122.5</ele>
		</trkpt>
		<trkpt lat="47.880885992" lon="17.271479">
			<ele>122.5</ele>
		</trkpt>
		<trkpt lat="47.880211992" lon="17.271475">
			<ele>122.6</ele>
		</trkpt>
		<trkpt lat="47.880203992" lon="17.271642">
			<ele>122.6</ele>
		</trkpt>
		<trkpt lat="47.880129992" lon="17.271755">
			<ele>122.8</ele>
		</trkpt>
		<trkpt lat="47.879322992" lon="17.272087">
			<ele>122.6</ele>
		</trkpt>
		<trkpt lat="47.878824992" lon="17.273328">
			<ele>121.9</ele>
		</trkpt>
		<trkpt lat="47.878803992" lon="17.273428">
			<ele>121.9</ele>
		</trkpt>
		<trkpt lat="47.878882992" lon="17.273715">
			<ele>121.8</ele>
		</trkpt>
		<trkpt lat="47.878702992" lon="17.273798">
			<ele>121.5</ele>
		</trkpt>
		<trkpt lat="47.878956992" lon="17.274453">
			<ele>121.3</ele>
		</trkpt>
		<trkpt lat="47.879117992" lon="17.274263">
			<ele>122</ele>
		</trkpt>
		<trkpt lat="47.879164992" lon="17.274343">
			<ele>122</ele>
		</trkpt>
		<trkpt lat="47.879208992" lon="17.274289">
			<ele>122</ele>
		</trkpt>
		<trkpt lat="47.879878992" lon="17.275361">
			<ele>125.7</ele>
		</trkpt>
		<trkpt lat="47.879856992" lon="17.275527">
			<ele>126.4</ele>
		</trkpt>
		<trkpt lat="47.880165992" lon="17.275987">
			<ele>130.2</ele>
		</trkpt>
		<trkpt lat="47.880204992" lon="17.276144">
			<ele>131.6</ele>
		</trkpt>
		<trkpt lat="47.880103992" lon="17.27615">
			<ele>130.2</ele>
		</trkpt>
		<trkpt lat="47.880176992" lon="17.276662">
			<ele>132.5</ele>
		</trkpt>
		<trkpt lat="47.880150992" lon="17.277227">
			<ele>131.2</ele>
		</trkpt>
		<trkpt lat="47.879947992" lon="17.278005">
			<ele>127</ele>
		</trkpt>
		<trkpt lat="47.879908992" lon="17.277984">
			<ele>126.4</ele>
		</trkpt>
		<trkpt lat="47.879186992" lon="17.280706">
			<ele>122.1</ele>
		</trkpt>
		<trkpt lat="47.879025992" lon="17.281578">
			<ele>120.7</ele>
		</trkpt>
		<trkpt lat="47.879016992" lon="17.282119">
			<ele>120.6</ele>
		</trkpt>
		<trkpt lat="47.879156992" lon="17.282983">
			<ele>122.1</ele>
		</trkpt>
		<trkpt lat="47.879157992" lon="17.283143">
			<ele>122.1</ele>
		</trkpt>
		<trkpt lat="47.879326992" lon="17.283524">
			<ele>122.1</ele>
		</trkpt>
		<trkpt lat="47.882046992" lon="17.287966">
			<ele>121</ele>
		</trkpt>
		<trkpt lat="47.882613992" lon="17.288744">
			<ele>121.5</ele>
		</trkpt>
		<trkpt lat="47.883099992" lon="17.289526">
			<ele>120.1</ele>
		</trkpt>
		<trkpt lat="47.883773992" lon="17.290509">
			<ele>119.5</ele>
		</trkpt>
		<trkpt lat="47.883949992" lon="17.290834">
			<ele>119.4</ele>
		</trkpt>
		<trkpt lat="47.883991992" lon="17.290782">
			<ele>119.4</ele>
		</trkpt>
		<trkpt lat="47.884921992" lon="17.292299">
			<ele>118.3</ele>
		</trkpt>
		<trkpt lat="47.885164992" lon="17.292848">
			<ele>118.5</ele>
		</trkpt>
		<trkpt lat="47.885282992" lon="17.293235">
			<ele>118.8</ele>
		</trkpt>
		<trkpt lat="47.885237992" lon="17.293272">
			<ele>119.1</ele>
		</trkpt>
		<trkpt lat="47.885355992" lon="17.293754">
			<ele>119.4</ele>
		</trkpt>
		<trkpt lat="47.885435992" lon="17.294445">
			<ele>119.9</ele>
		</trkpt>
		<trkpt lat="47.885407992" lon="17.298046">
			<ele>118.2</ele>
		</trkpt>
		<trkpt lat="47.885331992" lon="17.300589">
			<ele>118.7</ele>
		</trkpt>
		<trkpt lat="47.885352992" lon="17.301307">
			<ele>118.7</ele>
		</trkpt>
		<trkpt lat="47.885311992" lon="17.303578">
			<ele>119.8</ele>
		</trkpt>
		<trkpt lat="47.885301992" lon="17.307176">
			<ele>119.5</ele>
		</trkpt>
		<trkpt lat="47.885215992" lon="17.312891">
			<ele>119.7</ele>
		</trkpt>
		<trkpt lat="47.885282992" lon="17.312882">
			<ele>119.7</ele>
		</trkpt>
		<trkpt lat="47.885262992" lon="17.314196">
			<ele>119</ele>
		</trkpt>
		<trkpt lat="47.885321992" lon="17.314727">
			<ele>119.2</ele>
		</trkpt>
		<trkpt lat="47.885472992" lon="17.315129">
			<ele>120.7</ele>
		</trkpt>
		<trkpt lat="47.885708992" lon="17.315449">
			<ele>122</ele>
		</trkpt>
		<trkpt lat="47.886138992" lon="17.315716">
			<ele>122.5</ele>
		</trkpt>
		<trkpt lat="47.887389992" lon="17.316316">
			<ele>119</ele>
		</trkpt>
		<trkpt lat="47.887474992" lon="17.316475">
			<ele>119.5</ele>
		</trkpt>
		<trkpt lat="47.887508992" lon="17.316782">
			<ele>119.8</ele>
		</trkpt>
		<trkpt lat="47.887478992" lon="17.316985">
			<ele>120</ele>
		</trkpt>
		<trkpt lat="47.887238992" lon="17.317827">
			<ele>119.8</ele>
		</trkpt>
		<trkpt lat="47.887180992" lon="17.318221">
			<ele>119.6</ele>
		</trkpt>
		<trkpt lat="47.887142992" lon="17.318212">
			<ele>119.1</ele>
		</trkpt>
		<trkpt lat="47.887143992" lon="17.318687">
			<ele>119.5</ele>
		</trkpt>
		<trkpt lat="47.887515992" lon="17.321244">
			<ele>119.1</ele>
		</trkpt>
		<trkpt lat="47.887625992" lon="17.322658">
			<ele>118.2</ele>
		</trkpt>
		<trkpt lat="47.887833992" lon="17.323218">
			<ele>117.9</ele>
		</trkpt>
		<trkpt lat="47.888090992" lon="17.323561">
			<ele>118.4</ele>
		</trkpt>
		<trkpt lat="47.888881992" lon="17.324361">
			<ele>119.3</ele>
		</trkpt>
		<trkpt lat="47.888930992" lon="17.32426">
			<ele>119.2</ele>
		</trkpt>
		<trkpt lat="47.889099992" lon="17.324514">
			<ele>119.3</ele>
		</trkpt>
		<trkpt lat="47.889136992" lon="17.324619">
			<ele>119.5</ele>
		</trkpt>
		<trkpt lat="47.889094992" lon="17.324686">
			<ele>119.5</ele>
		</trkpt>
		<trkpt lat="47.889689992" lon="17.325935">
			<ele>119.9</ele>
		</trkpt>
		<trkpt lat="47.890053992" lon="17.326904">
			<ele>120.2</ele>
		</trkpt>
		<trkpt lat="47.890048992" lon="17.327032">
			<ele>120.2</ele>
		</trkpt>
		<trkpt lat="47.890198992" lon="17.327449">
			<ele>120.3</ele>
		</trkpt>
		<trkpt lat="47.890916992" lon="17.328805">
			<ele>121.2</ele>
		</trkpt>
		<trkpt lat="47.890977992" lon="17.328986">
			<ele>121.2</ele>
		</trkpt>
		<trkpt lat="47.891113992" lon="17.330056">
			<ele>120.8</ele>
		</trkpt>
		<trkpt lat="47.891177992" lon="17.332054">
			<ele>121</ele>
		</trkpt>
		<trkpt lat="47.891150992" lon="17.3321">
			<ele>120.8</ele>
		</trkpt>
		<trkpt lat="47.890582992" lon="17.332302">
			<ele>120.5</ele>
		</trkpt>
		<trkpt lat="47.889607992" lon="17.332985">
			<ele>119.8</ele>
		</trkpt>
		<trkpt lat="47.885786992" lon="17.33538">
			<ele>119.4</ele>
		</trkpt>
		<trkpt lat="47.884490992" lon="17.33633">
			<ele>118.4</ele>
		</trkpt>
		<trkpt lat="47.883257992" lon="17.33743">
			<ele>119.8</ele>
		</trkpt>
		<trkpt lat="47.882412992" lon="17.338239">
			<ele>118.2</ele>
		</trkpt>
		<trkpt lat="47.882002992" lon="17.338735">
			<ele>117.5</ele>
		</trkpt>
		<trkpt lat="47.881597992" lon="17.339374">
			<ele>117.4</ele>
		</trkpt>
		<trkpt lat="47.880542992" lon="17.341437">
			<ele>117.4</ele>
		</trkpt>
		<trkpt lat="47.880369992" lon="17.341534">
			<ele>117</ele>
		</trkpt>
		<trkpt lat="47.880297992" lon="17.341624">
			<ele>117</ele>
		</trkpt>
		<trkpt lat="47.880448992" lon="17.341766">
			<ele>117</ele>
		</trkpt>
		<trkpt lat="47.878554992" lon="17.345428">
			<ele>118.1</ele>
		</trkpt>
		<trkpt lat="47.878325992" lon="17.34596">
			<ele>119</ele>
		</trkpt>
		<trkpt lat="47.878038992" lon="17.346844">
			<ele>118.1</ele>
		</trkpt>
		<trkpt lat="47.877856992" lon="17.347589">
			<ele>116.5</ele>
		</trkpt>
		<trkpt lat="47.877262992" lon="17.350185">
			<ele>116.5</ele>
		</trkpt>
		<trkpt lat="47.877129992" lon="17.35093">
			<ele>117</ele>
		</trkpt>
		<trkpt lat="47.876874992" lon="17.354108">
			<ele>117.1</ele>
		</trkpt>
		<trkpt lat="47.876988992" lon="17.357226">
			<ele>116</ele>
		</trkpt>
		<trkpt lat="47.876966992" lon="17.357704">
			<ele>115.6</ele>
		</trkpt>
		<trkpt lat="47.876864992" lon="17.358332">
			<ele>116.1</ele>
		</trkpt>
		<trkpt lat="47.876645992" lon="17.358972">
			<ele>116.7</ele>
		</trkpt>
		<trkpt lat="47.875292992" lon="17.361717">
			<ele>116.3</ele>
		</trkpt>
		<trkpt lat="47.874821992" lon="17.363134">
			<ele>116.6</ele>
		</trkpt>
		<trkpt lat="47.873927992" lon="17.36611">
			<ele>118.2</ele>
		</trkpt>
		<trkpt lat="47.873761992" lon="17.366877">
			<ele>118.1</ele>
		</trkpt>
		<trkpt lat="47.873580992" lon="17.367951">
			<ele>118</ele>
		</trkpt>
		<trkpt lat="47.872420992" lon="17.375245">
			<ele>116.8</ele>
		</trkpt>
		<trkpt lat="47.872333992" lon="17.375626">
			<ele>117</ele>
		</trkpt>
		<trkpt lat="47.872253992" lon="17.375486">
			<ele>117</ele>
		</trkpt>
		<trkpt lat="47.872268992" lon="17.375637">
			<ele>117</ele>
		</trkpt>
		<trkpt lat="47.872024992" lon="17.376458">
			<ele>117</ele>
		</trkpt>
		<trkpt lat="47.871867992" lon="17.376874">
			<ele>116.7</ele>
		</trkpt>
		<trkpt lat="47.867552992" lon="17.384808">
			<ele>116.2</ele>
		</trkpt>
		<trkpt lat="47.865196992" lon="17.389008">
			<ele>117.6</ele>
		</trkpt>
		<trkpt lat="47.864380992" lon="17.390577">
			<ele>117</ele>
		</trkpt>
		<trkpt lat="47.863419992" lon="17.392115">
			<ele>115.9</ele>
		</trkpt>
		<trkpt lat="47.863469992" lon="17.39217">
			<ele>115.9</ele>
		</trkpt>
		<trkpt lat="47.861547992" lon="17.394949">
			<ele>116.1</ele>
		</trkpt>
		<trkpt lat="47.861221992" lon="17.395531">
			<ele>116</ele>
		</trkpt>
		<trkpt lat="47.859644992" lon="17.398988">
			<ele>115.1</ele>
		</trkpt>
		<trkpt lat="47.859338992" lon="17.399589">
			<ele>115.3</ele>
		</trkpt>
		<trkpt lat="47.857701992" lon="17.402272">
			<ele>115</ele>
		</trkpt>
		<trkpt lat="47.857142992" lon="17.403283">
			<ele>115.6</ele>
		</trkpt>
		<trkpt lat="47.854925992" lon="17.407949">
			<ele>115.3</ele>
		</trkpt>
		<trkpt lat="47.854703992" lon="17.40859">
			<ele>115.6</ele>
		</trkpt>
		<trkpt lat="47.854538992" lon="17.409548">
			<ele>116.3</ele>
		</trkpt>
		<trkpt lat="47.854514992" lon="17.40991">
			<ele>116.4</ele>
		</trkpt>
		<trkpt lat="47.854536992" lon="17.411186">
			<ele>115.5</ele>
		</trkpt>
		<trkpt lat="47.854601992" lon="17.412129">
			<ele>115.7</ele>
		</trkpt>
		<trkpt lat="47.854651992" lon="17.412436">
			<ele>115.5</ele>
		</trkpt>
		<trkpt lat="47.854509992" lon="17.412428">
			<ele>115.7</ele>
		</trkpt>
		<trkpt lat="47.855490992" lon="17.416065">
			<ele>116</ele>
		</trkpt>
		<trkpt lat="47.855536992" lon="17.416394">
			<ele>116.1</ele>
		</trkpt>
		<trkpt lat="47.855639992" lon="17.416645">
			<ele>116.7</ele>
		</trkpt>
		<trkpt lat="47.855647992" lon="17.41679">
			<ele>117.3</ele>
		</trkpt>
		<trkpt lat="47.855705992" lon="17.416992">
			<ele>118.2</ele>
		</trkpt>
		<trkpt lat="47.855810992" lon="17.416954">
			<ele>117.1</ele>
		</trkpt>
		<trkpt lat="47.856035992" lon="17.417795">
			<ele>119.8</ele>
		</trkpt>
		<trkpt lat="47.856157992" lon="17.418421">
			<ele>119.8</ele>
		</trkpt>
		<trkpt lat="47.856176992" lon="17.418975">
			<ele>118.9</ele>
		</trkpt>
		<trkpt lat="47.856134992" lon="17.419457">
			<ele>117.8</ele>
		</trkpt>
		<trkpt lat="47.855982992" lon="17.420073">
			<ele>116.7</ele>
		</trkpt>
		<trkpt lat="47.855794992" lon="17.420507">
			<ele>116.2</ele>
		</trkpt>
		<trkpt lat="47.855532992" lon="17.420894">
			<ele>116.1</ele>
		</trkpt>
		<trkpt lat="47.855045992" lon="17.421463">
			<ele>115.8</ele>
		</trkpt>
		<trkpt lat="47.855024992" lon="17.42141">
			<ele>115.8</ele>
		</trkpt>
		<trkpt lat="47.854624992" lon="17.421902">
			<ele>116.4</ele>
		</trkpt>
		<trkpt lat="47.854640992" lon="17.421936">
			<ele>116.4</ele>
		</trkpt>
		<trkpt lat="47.853367992" lon="17.42345">
			<ele>116.9</ele>
		</trkpt>
		<trkpt lat="47.852558992" lon="17.424934">
			<ele>116.1</ele>
		</trkpt>
		<trkpt lat="47.852349992" lon="17.425269">
			<ele>116.1</ele>
		</trkpt>
		<trkpt lat="47.852007992" lon="17.425706">
			<ele>115.9</ele>
		</trkpt>
		<trkpt lat="47.852037992" lon="17.425775">
			<ele>115.9</ele>
		</trkpt>
		<trkpt lat="47.851704992" lon="17.426111">
			<ele>115.5</ele>
		</trkpt>
		<trkpt lat="47.849773992" lon="17.428971">
			<ele>117.1</ele>
		</trkpt>
		<trkpt lat="47.848267992" lon="17.431466">
			<ele>115.4</ele>
		</trkpt>
		<trkpt lat="47.848210992" lon="17.431444">
			<ele>115.4</ele>
		</trkpt>
		<trkpt lat="47.847854992" lon="17.431928">
			<ele>115.7</ele>
		</trkpt>
		<trkpt lat="47.847520992" lon="17.432205">
			<ele>116.1</ele>
		</trkpt>
		<trkpt lat="47.846581992" lon="17.432687">
			<ele>115.5</ele>
		</trkpt>
		<trkpt lat="47.846189992" lon="17.43297">
			<ele>115.2</ele>
		</trkpt>
		<trkpt lat="47.845114992" lon="17.434095">
			<ele>115.7</ele>
		</trkpt>
		<trkpt lat="47.844176992" lon="17.434668">
			<ele>115.9</ele>
		</trkpt>
		<trkpt lat="47.843948992" lon="17.434863">
			<ele>115.8</ele>
		</trkpt>
		<trkpt lat="47.843760992" lon="17.435144">
			<ele>115.6</ele>
		</trkpt>
		<trkpt lat="47.843853992" lon="17.435213">
			<ele>115.8</ele>
		</trkpt>
		<trkpt lat="47.843652992" lon="17.435748">
			<ele>115.8</ele>
		</trkpt>
		<trkpt lat="47.843595992" lon="17.436008">
			<ele>116</ele>
		</trkpt>
		<trkpt lat="47.843507992" lon="17.435979">
			<ele>115.8</ele>
		</trkpt>
		<trkpt lat="47.842984992" lon="17.438353">
			<ele>115.2</ele>
		</trkpt>
		<trkpt lat="47.842777992" lon="17.439046">
			<ele>115.1</ele>
		</trkpt>
		<trkpt lat="47.842491992" lon="17.439663">
			<ele>116</ele>
		</trkpt>
		<trkpt lat="47.842145992" lon="17.440217">
			<ele>116.8</ele>
		</trkpt>
		<trkpt lat="47.840072992" lon="17.443063">
			<ele>116</ele>
		</trkpt>
		<trkpt lat="47.837534992" lon="17.445959">
			<ele>114</ele>
		</trkpt>
		<trkpt lat="47.836949992" lon="17.446438">
			<ele>114.3</ele>
		</trkpt>
		<trkpt lat="47.835469992" lon="17.447426">
			<ele>115.8</ele>
		</trkpt>
		<trkpt lat="47.835041992" lon="17.447753">
			<ele>115.2</ele>
		</trkpt>
		<trkpt lat="47.834668992" lon="17.448091">
			<ele>114.7</ele>
		</trkpt>
		<trkpt lat="47.834171992" lon="17.448646">
			<ele>114.4</ele>
		</trkpt>
		<trkpt lat="47.833604992" lon="17.449466">
			<ele>114.5</ele>
		</trkpt>
		<trkpt lat="47.832736992" lon="17.451203">
			<ele>114.7</ele>
		</trkpt>
		<trkpt lat="47.831284992" lon="17.454233">
			<ele>120.3</ele>
		</trkpt>
		<trkpt lat="47.831202992" lon="17.454648">
			<ele>120.6</ele>
		</trkpt>
		<trkpt lat="47.831205992" lon="17.454999">
			<ele>121</ele>
		</trkpt>
		<trkpt lat="47.831265992" lon="17.455018">
			<ele>121</ele>
		</trkpt>
		<trkpt lat="47.831284992" lon="17.455164">
			<ele>121</ele>
		</trkpt>
		<trkpt lat="47.831404992" lon="17.455487">
			<ele>121.5</ele>
		</trkpt>
		<trkpt lat="47.831738992" lon="17.456191">
			<ele>121.4</ele>
		</trkpt>
		<trkpt lat="47.832057992" lon="17.456791">
			<ele>122.1</ele>
		</trkpt>
		<trkpt lat="47.832815992" lon="17.45806">
			<ele>120.3</ele>
		</trkpt>
		<trkpt lat="47.832950992" lon="17.458332">
			<ele>119.3</ele>
		</trkpt>
		<trkpt lat="47.832917992" lon="17.458393">
			<ele>119.3</ele>
		</trkpt>
		<trkpt lat="47.833241992" lon="17.458923">
			<ele>117.3</ele>
		</trkpt>
		<trkpt lat="47.834222992" lon="17.459678">
			<ele>116.2</ele>
		</trkpt>
		<trkpt lat="47.834387992" lon="17.459923">
			<ele>116</ele>
		</trkpt>
		<trkpt lat="47.834546992" lon="17.460358">
			<ele>115.9</ele>
		</trkpt>
		<trkpt lat="47.834583992" lon="17.46065">
			<ele>116.1</ele>
		</trkpt>
		<trkpt lat="47.834565992" lon="17.461004">
			<ele>116.2</ele>
		</trkpt>
		<trkpt lat="47.834420992" lon="17.461496">
			<ele>116</ele>
		</trkpt>
		<trkpt lat="47.832751992" lon="17.464885">
			<ele>123.7</ele>
		</trkpt>
		<trkpt lat="47.832576992" lon="17.465277">
			<ele>122</ele>
		</trkpt>
		<trkpt lat="47.832367992" lon="17.465877">
			<ele>118.6</ele>
		</trkpt>
		<trkpt lat="47.829221992" lon="17.47802">
			<ele>114.3</ele>
		</trkpt>
		<trkpt lat="47.828875992" lon="17.479283">
			<ele>113</ele>
		</trkpt>
		<trkpt lat="47.828713992" lon="17.479736">
			<ele>112.7</ele>
		</trkpt>
		<trkpt lat="47.828500992" lon="17.480236">
			<ele>112.7</ele>
		</trkpt>
		<trkpt lat="47.824861992" lon="17.487344">
			<ele>118.9</ele>
		</trkpt>
		<trkpt lat="47.824596992" lon="17.488037">
			<ele>119.1</ele>
		</trkpt>
		<trkpt lat="47.824507992" lon="17.488484">
			<ele>120.1</ele>
		</trkpt>
		<trkpt lat="47.824485992" lon="17.489106">
			<ele>119.2</ele>
		</trkpt>
		<trkpt lat="47.824564992" lon="17.48979">
			<ele>116.4</ele>
		</trkpt>
		<trkpt lat="47.824716992" lon="17.490336">
			<ele>114.7</ele>
		</trkpt>
		<trkpt lat="47.825936992" lon="17.493482">
			<ele>114.3</ele>
		</trkpt>
		<trkpt lat="47.825935992" lon="17.49363">
			<ele>114.3</ele>
		</trkpt>
		<trkpt lat="47.826038992" lon="17.493922">
			<ele>114.2</ele>
		</trkpt>
		<trkpt lat="47.825979992" lon="17.494101">
			<ele>114.2</ele>
		</trkpt>
		<trkpt lat="47.825959992" lon="17.494476">
			<ele>114.3</ele>
		</trkpt>
		<trkpt lat="47.826012992" lon="17.494538">
			<ele>114.3</ele>
		</trkpt>
		<trkpt lat="47.825884992" lon="17.494736">
			<ele>114.5</ele>
		</trkpt>
		<trkpt lat="47.825777992" lon="17.494818">
			<ele>114.7</ele>
		</trkpt>
		<trkpt lat="47.823067992" lon="17.496673">
			<ele>113.3</ele>
		</trkpt>
		<trkpt lat="47.822000992" lon="17.497093">
			<ele>112.8</ele>
		</trkpt>
		<trkpt lat="47.821529992" lon="17.49733">
			<ele>113.1</ele>
		</trkpt>
		<trkpt lat="47.820889992" lon="17.497839">
			<ele>113.6</ele>
		</trkpt>
		<trkpt lat="47.819784992" lon="17.498977">
			<ele>115.3</ele>
		</trkpt>
		<trkpt lat="47.819281992" lon="17.499356">
			<ele>117.2</ele>
		</trkpt>
		<trkpt lat="47.818823992" lon="17.49964">
			<ele>117.1</ele>
		</trkpt>
		<trkpt lat="47.818434992" lon="17.499818">
			<ele>116.1</ele>
		</trkpt>
		<trkpt lat="47.817244992" lon="17.500221">
			<ele>115.9</ele>
		</trkpt>
		<trkpt lat="47.817185992" lon="17.500096">
			<ele>115.9</ele>
		</trkpt>
		<trkpt lat="47.814295992" lon="17.50099">
			<ele>114.3</ele>
		</trkpt>
		<trkpt lat="47.814021992" lon="17.501119">
			<ele>114.2</ele>
		</trkpt>
		<trkpt lat="47.813816992" lon="17.501137">
			<ele>114.2</ele>
		</trkpt>
		<trkpt lat="47.800550992" lon="17.505219">
			<ele>114.9</ele>
		</trkpt>
		<trkpt lat="47.798322992" lon="17.506015">
			<ele>113.3</ele>
		</trkpt>
		<trkpt lat="47.797959992" lon="17.506262">
			<ele>113.8</ele>
		</trkpt>
		<trkpt lat="47.797325992" lon="17.50697">
			<ele>114.4</ele>
		</trkpt>
		<trkpt lat="47.796126992" lon="17.509903">
			<ele>113.1</ele>
		</trkpt>
		<trkpt lat="47.795939992" lon="17.510301">
			<ele>112.8</ele>
		</trkpt>
		<trkpt lat="47.794840992" lon="17.511738">
			<ele>114.8</ele>
		</trkpt>
		<trkpt lat="47.792609992" lon="17.514794">
			<ele>115.8</ele>
		</trkpt>
		<trkpt lat="47.792046992" lon="17.515377">
			<ele>115.7</ele>
		</trkpt>
		<trkpt lat="47.791521992" lon="17.515853">
			<ele>116.2</ele>
		</trkpt>
		<trkpt lat="47.791338992" lon="17.516003">
			<ele>116.1</ele>
		</trkpt>
		<trkpt lat="47.791158992" lon="17.516081">
			<ele>116.6</ele>
		</trkpt>
		<trkpt lat="47.789302992" lon="17.517755">
			<ele>114.7</ele>
		</trkpt>
		<trkpt lat="47.783430992" lon="17.522914">
			<ele>112.4</ele>
		</trkpt>
		<trkpt lat="47.779088992" lon="17.52689">
			<ele>114.3</ele>
		</trkpt>
		<trkpt lat="47.778752992" lon="17.527242">
			<ele>113.4</ele>
		</trkpt>
		<trkpt lat="47.775071992" lon="17.53068">
			<ele>113.2</ele>
		</trkpt>
		<trkpt lat="47.774102992" lon="17.531532">
			<ele>112.5</ele>
		</trkpt>
		<trkpt lat="47.773969992" lon="17.531727">
			<ele>112.3</ele>
		</trkpt>
		<trkpt lat="47.773333992" lon="17.533344">
			<ele>111.9</ele>
		</trkpt>
		<trkpt lat="47.771438992" lon="17.537904">
			<ele>114</ele>
		</trkpt>
		<trkpt lat="47.771058992" lon="17.538496">
			<ele>113.9</ele>
		</trkpt>
		<trkpt lat="47.770619992" lon="17.538953">
			<ele>114.6</ele>
		</trkpt>
		<trkpt lat="47.768648992" lon="17.540753">
			<ele>115.2</ele>
		</trkpt>
		<trkpt lat="47.768423992" lon="17.540923">
			<ele>114.9</ele>
		</trkpt>
		<trkpt lat="47.768089992" lon="17.541036">
			<ele>114.8</ele>
		</trkpt>
		<trkpt lat="47.768091992" lon="17.541124">
			<ele>114.8</ele>
		</trkpt>
		<trkpt lat="47.765589992" lon="17.540203">
			<ele>113.7</ele>
		</trkpt>
		<trkpt lat="47.765289992" lon="17.540164">
			<ele>113.9</ele>
		</trkpt>
		<trkpt lat="47.765095992" lon="17.540184">
			<ele>114</ele>
		</trkpt>
		<trkpt lat="47.764744992" lon="17.540323">
			<ele>114</ele>
		</trkpt>
		<trkpt lat="47.762998992" lon="17.541438">
			<ele>112.9</ele>
		</trkpt>
		<trkpt lat="47.762180992" lon="17.542221">
			<ele>113.4</ele>
		</trkpt>
		<trkpt lat="47.762105992" lon="17.542191">
			<ele>113.5</ele>
		</trkpt>
		<trkpt lat="47.761869992" lon="17.542445">
			<ele>113</ele>
		</trkpt>
		<trkpt lat="47.761425992" lon="17.543149">
			<ele>112.7</ele>
		</trkpt>
		<trkpt lat="47.760391992" lon="17.545406">
			<ele>113.6</ele>
		</trkpt>
		<trkpt lat="47.759386992" lon="17.548221">
			<ele>113.1</ele>
		</trkpt>
		<trkpt lat="47.759205992" lon="17.548629">
			<ele>113.2</ele>
		</trkpt>
		<trkpt lat="47.757843992" lon="17.550905">
			<ele>113.6</ele>
		</trkpt>
		<trkpt lat="47.757691992" lon="17.551228">
			<ele>113.2</ele>
		</trkpt>
		<trkpt lat="47.756285992" lon="17.553554">
			<ele>111.5</ele>
		</trkpt>
		<trkpt lat="47.755956992" lon="17.554235">
			<ele>111.6</ele>
		</trkpt>
		<trkpt lat="47.755203992" lon="17.556253">
			<ele>113.5</ele>
		</trkpt>
		<trkpt lat="47.753090992" lon="17.562223">
			<ele>112.5</ele>
		</trkpt>
		<trkpt lat="47.752587992" lon="17.563458">
			<ele>111.8</ele>
		</trkpt>
		<trkpt lat="47.752241992" lon="17.564081">
			<ele>112.3</ele>
		</trkpt>
		<trkpt lat="47.750554992" lon="17.5667">
			<ele>111.7</ele>
		</trkpt>
		<trkpt lat="47.749885992" lon="17.567623">
			<ele>111.7</ele>
		</trkpt>
		<trkpt lat="47.746746992" lon="17.571004">
			<ele>113</ele>
		</trkpt>
		<trkpt lat="47.745285992" lon="17.572507">
			<ele>111.2</ele>
		</trkpt>
		<trkpt lat="47.745139992" lon="17.572561">
			<ele>111.1</ele>
		</trkpt>
		<trkpt lat="47.744830992" lon="17.57293">
			<ele>111.3</ele>
		</trkpt>
		<trkpt lat="47.744766992" lon="17.573098">
			<ele>111.8</ele>
		</trkpt>
		<trkpt lat="47.743761992" lon="17.574362">
			<ele>111.7</ele>
		</trkpt>
		<trkpt lat="47.742863992" lon="17.57528">
			<ele>112.1</ele>
		</trkpt>
		<trkpt lat="47.742078992" lon="17.575983">
			<ele>112.5</ele>
		</trkpt>
		<trkpt lat="47.741205992" lon="17.576622">
			<ele>113.3</ele>
		</trkpt>
		<trkpt lat="47.740889992" lon="17.576981">
			<ele>113.4</ele>
		</trkpt>
		<trkpt lat="47.739447992" lon="17.579033">
			<ele>111.8</ele>
		</trkpt>
		<trkpt lat="47.739204992" lon="17.579315">
			<ele>111.7</ele>
		</trkpt>
		<trkpt lat="47.738974992" lon="17.579524">
			<ele>111.6</ele>
		</trkpt>
		<trkpt lat="47.737944992" lon="17.58017">
			<ele>111.7</ele>
		</trkpt>
		<trkpt lat="47.736337992" lon="17.58181">
			<ele>111.5</ele>
		</trkpt>
		<trkpt lat="47.735497992" lon="17.582949">
			<ele>111.5</ele>
		</trkpt>
		<trkpt lat="47.734479992" lon="17.58446">
			<ele>109.7</ele>
		</trkpt>
		<trkpt lat="47.733572992" lon="17.585722">
			<ele>109.7</ele>
		</trkpt>
		<trkpt lat="47.733115992" lon="17.586468">
			<ele>109.8</ele>
		</trkpt>
		<trkpt lat="47.732813992" lon="17.58706">
			<ele>109.8</ele>
		</trkpt>
		<trkpt lat="47.732697992" lon="17.587432">
			<ele>109.5</ele>
		</trkpt>
		<trkpt lat="47.732671992" lon="17.588154">
			<ele>109.3</ele>
		</trkpt>
		<trkpt lat="47.732624992" lon="17.588334">
			<ele>109.3</ele>
		</trkpt>
		<trkpt lat="47.732616992" lon="17.588531">
			<ele>109.2</ele>
		</trkpt>
		<trkpt lat="47.731541992" lon="17.590761">
			<ele>107.3</ele>
		</trkpt>
		<trkpt lat="47.731151992" lon="17.591655">
			<ele>109.5</ele>
		</trkpt>
		<trkpt lat="47.729464992" lon="17.595267">
			<ele>112.2</ele>
		</trkpt>
		<trkpt lat="47.728799992" lon="17.596827">
			<ele>111.9</ele>
		</trkpt>
		<trkpt lat="47.726916992" lon="17.601525">
			<ele>112</ele>
		</trkpt>
		<trkpt lat="47.726375992" lon="17.602807">
			<ele>112.2</ele>
		</trkpt>
		<trkpt lat="47.724674992" lon="17.605995">
			<ele>111</ele>
		</trkpt>
		<trkpt lat="47.724341992" lon="17.606555">
			<ele>110.4</ele>
		</trkpt>
		<trkpt lat="47.723465992" lon="17.608248">
			<ele>110.9</ele>
		</trkpt>
		<trkpt lat="47.723049992" lon="17.608957">
			<ele>111</ele>
		</trkpt>
		<trkpt lat="47.722333992" lon="17.609977">
			<ele>112.2</ele>
		</trkpt>
		<trkpt lat="47.722065992" lon="17.610428">
			<ele>112.3</ele>
		</trkpt>
		<trkpt lat="47.721982992" lon="17.610632">
			<ele>112.6</ele>
		</trkpt>
		<trkpt lat="47.721867992" lon="17.611425">
			<ele>113.1</ele>
		</trkpt>
		<trkpt lat="47.721828992" lon="17.611507">
			<ele>113.1</ele>
		</trkpt>
		<trkpt lat="47.721263992" lon="17.611811">
			<ele>112.2</ele>
		</trkpt>
		<trkpt lat="47.720800992" lon="17.61277">
			<ele>110.5</ele>
		</trkpt>
		<trkpt lat="47.720381992" lon="17.613352">
			<ele>110.4</ele>
		</trkpt>
		<trkpt lat="47.720080992" lon="17.613691">
			<ele>110.6</ele>
		</trkpt>
		<trkpt lat="47.718515992" lon="17.615023">
			<ele>110.5</ele>
		</trkpt>
		<trkpt lat="47.718017992" lon="17.615657">
			<ele>111.7</ele>
		</trkpt>
		<trkpt lat="47.717867992" lon="17.615724">
			<ele>111.7</ele>
		</trkpt>
		<trkpt lat="47.716120992" lon="17.618509">
			<ele>111</ele>
		</trkpt>
		<trkpt lat="47.714725992" lon="17.620546">
			<ele>110.5</ele>
		</trkpt>
		<trkpt lat="47.714301992" lon="17.621241">
			<ele>110.5</ele>
		</trkpt>
		<trkpt lat="47.713685992" lon="17.621956">
			<ele>111.6</ele>
		</trkpt>
		<trkpt lat="47.713375992" lon="17.622903">
			<ele>110.7</ele>
		</trkpt>
		<trkpt lat="47.712636992" lon="17.6263">
			<ele>111.4</ele>
		</trkpt>
		<trkpt lat="47.712423992" lon="17.62691">
			<ele>113.9</ele>
		</trkpt>
		<trkpt lat="47.712250992" lon="17.627289">
			<ele>114.4</ele>
		</trkpt>
		<trkpt lat="47.711571992" lon="17.628292">
			<ele>113.8</ele>
		</trkpt>
		<trkpt lat="47.710036992" lon="17.629947">
			<ele>113.5</ele>
		</trkpt>
		<trkpt lat="47.709169992" lon="17.630704">
			<ele>112</ele>
		</trkpt>
		<trkpt lat="47.708362992" lon="17.631149">
			<ele>111.7</ele>
		</trkpt>
		<trkpt lat="47.706600992" lon="17.632015">
			<ele>112.3</ele>
		</trkpt>
		<trkpt lat="47.706476992" lon="17.631991">
			<ele>112.2</ele>
		</trkpt>
		<trkpt lat="47.704863992" lon="17.631014">
			<ele>113.1</ele>
		</trkpt>
		<trkpt lat="47.701678992" lon="17.629986">
			<ele>113.2</ele>
		</trkpt>
		<trkpt lat="47.701650992" lon="17.630112">
			<ele>113.2</ele>
		</trkpt>
		<trkpt lat="47.700863992" lon="17.62989">
			<ele>114.4</ele>
		</trkpt>
		<trkpt lat="47.700322992" lon="17.62967">
			<ele>114.4</ele>
		</trkpt>
		<trkpt lat="47.699690992" lon="17.629548">
			<ele>113.4</ele>
		</trkpt>
		<trkpt lat="47.697554992" lon="17.629399">
			<ele>112</ele>
		</trkpt>
		<trkpt lat="47.696665992" lon="17.629553">
			<ele>113.6</ele>
		</trkpt>
		<trkpt lat="47.695766992" lon="17.629904">
			<ele>113.6</ele>
		</trkpt>
		<trkpt lat="47.695131992" lon="17.630225">
			<ele>112.6</ele>
		</trkpt>
		<trkpt lat="47.694579992" lon="17.630244">
			<ele>111.7</ele>
		</trkpt>
		<trkpt lat="47.694482992" lon="17.630132">
			<ele>111.6</ele>
		</trkpt>
		<trkpt lat="47.694427992" lon="17.630132">
			<ele>111.6</ele>
		</trkpt>
		<trkpt lat="47.694359992" lon="17.630238">
			<ele>111.6</ele>
		</trkpt>
		<trkpt lat="47.694234992" lon="17.630339">
			<ele>111.7</ele>
		</trkpt>
		<trkpt lat="47.694039992" lon="17.630296">
			<ele>111.8</ele>
		</trkpt>
		<trkpt lat="47.693939992" lon="17.630189">
			<ele>112.1</ele>
		</trkpt>
		<trkpt lat="47.691906992" lon="17.631437">
			<ele>115.7</ele>
		</trkpt>
		<trkpt lat="47.691491992" lon="17.63176">
			<ele>114.6</ele>
		</trkpt>
		<trkpt lat="47.689953992" lon="17.632685">
			<ele>114</ele>
		</trkpt>
		<trkpt lat="47.689809992" lon="17.632701">
			<ele>114</ele>
		</trkpt>
		<trkpt lat="47.689773992" lon="17.632728">
			<ele>115.6</ele>
		</trkpt>
		<trkpt lat="47.689994992" lon="17.632928">
			<ele>112.7</ele>
		</trkpt>
		<trkpt lat="47.691908992" lon="17.63836">
			<ele>115.6</ele>
		</trkpt>
		<trkpt lat="47.692780992" lon="17.640967">
			<ele>114.1</ele>
		</trkpt>
		<trkpt lat="47.693134992" lon="17.641807">
			<ele>114.4</ele>
		</trkpt>
		<trkpt lat="47.693152992" lon="17.641972">
			<ele>114.4</ele>
		</trkpt>
		<trkpt lat="47.693080992" lon="17.64208">
			<ele>114.7</ele>
		</trkpt>
		<trkpt lat="47.691835992" lon="17.642655">
			<ele>114.8</ele>
		</trkpt>
		<trkpt lat="47.691726992" lon="17.642738">
			<ele>114.7</ele>
		</trkpt>
		<trkpt lat="47.691755992" lon="17.642818">
			<ele>114.6</ele>
		</trkpt>
		<trkpt lat="47.691673992" lon="17.643034">
			<ele>114.6</ele>
		</trkpt>
		<trkpt lat="47.691622992" lon="17.643061">
			<ele>114.6</ele>
		</trkpt>
		<trkpt lat="47.691541992" lon="17.643101">
			<ele>114.5</ele>
		</trkpt>
		<trkpt lat="47.691389992" lon="17.642762">
			<ele>114.5</ele>
		</trkpt>
		<trkpt lat="47.691272992" lon="17.642792">
			<ele>114.5</ele>
		</trkpt>
		<trkpt lat="47.690540992" lon="17.643355">
			<ele>114.7</ele>
		</trkpt>
		<trkpt lat="47.690180992" lon="17.643543">
			<ele>115</ele>
		</trkpt>
		<trkpt lat="47.690054992" lon="17.643708">
			<ele>115.2</ele>
		</trkpt>
		<trkpt lat="47.688910992" lon="17.644663">
			<ele>114</ele>
		</trkpt>
		<trkpt lat="47.688870992" lon="17.644948">
			<ele>113.3</ele>
		</trkpt>
		<trkpt lat="47.688618992" lon="17.645146">
			<ele>112.8</ele>
		</trkpt>
	</trkseg>
</trk>
<trk>
	<name>10: Győr – Komárom (DEVELOPED_WITH_SIGNS)</name>
	<desc>DEVELOPED_WITH_SIGNS</desc>
	<trkseg>
		<trkpt lat="47.688618992" lon="17.645146">
			<ele>112.8</ele>
		</trkpt>
		<trkpt lat="47.689266992" lon="17.646229">
			<ele>113</ele>
		</trkpt>
		<trkpt lat="47.689283992" lon="17.646324">
			<ele>112.8</ele>
		</trkpt>
		<trkpt lat="47.689395992" lon="17.646541">
			<ele>112.8</ele>
		</trkpt>
		<trkpt lat="47.689442992" lon="17.646576">
			<ele>112.6</ele>
		</trkpt>
		<trkpt lat="47.689640992" lon="17.646954">
			<ele>112.8</ele>
		</trkpt>
		<trkpt lat="47.689737992" lon="17.647004">
			<ele>112.8</ele>
		</trkpt>
		<trkpt lat="47.689903992" lon="17.647313">
			<ele>113.1</ele>
		</trkpt>
		<trkpt lat="47.690726992" lon="17.649353">
			<ele>115.5</ele>
		</trkpt>
		<trkpt lat="47.691884992" lon="17.65165">
			<ele>113.3</ele>
		</trkpt>
		<trkpt lat="47.692789992" lon="17.653657">
			<ele>113.2</ele>
		</trkpt>
		<trkpt lat="47.692836992" lon="17.653596">
			<ele>113.2</ele>
		</trkpt>
		<trkpt lat="47.695305992" lon="17.658833">
			<ele>113.5</ele>
		</trkpt>
		<trkpt lat="47.695793992" lon="17.65944">
			<ele>114.4</ele>
		</trkpt>
		<trkpt lat="47.695882992" lon="17.659908">
			<ele>114.5</ele>
		</trkpt>
		<trkpt lat="47.696120992" lon="17.659897">
			<ele>114.5</ele>
		</trkpt>
		<trkpt lat="47.697890992" lon="17.662036">
			<ele>114.9</ele>
		</trkpt>
		<trkpt lat="47.699604992" lon="17.663839">
			<ele>114.4</ele>
		</trkpt>
		<trkpt lat="47.699716992" lon="17.66405">
			<ele>114.4</ele>
		</trkpt>
		<trkpt lat="47.699738992" lon="17.664177">
			<ele>114.7</ele>
		</trkpt>
		<trkpt lat="47.699725992" lon="17.664351">
			<ele>114.7</ele>
		</trkpt>
		<trkpt lat="47.699805992" lon="17.664565">
			<ele>115.6</ele>
		</trkpt>
		<trkpt lat="47.699863992" lon="17.664527">
			<ele>115.6</ele>
		</trkpt>
		<trkpt lat="47.699950992" lon="17.664566">
			<ele>115.6</ele>
		</trkpt>
		<trkpt lat="47.701728992" lon="17.668145">
			<ele>114.6</ele>
		</trkpt>
		<trkpt lat="47.701735992" lon="17.668284">
			<ele>114.6</ele>
		</trkpt>
		<trkpt lat="47.701775992" lon="17.668379">
			<ele>114.4</ele>
		</trkpt>
		<trkpt lat="47.701917992" lon="17.668522">
			<ele>114.8</ele>
		</trkpt>
		<trkpt lat="47.702041992" lon="17.668436">
			<ele>114.6</ele>
		</trkpt>
		<trkpt lat="47.702314992" lon="17.668912">
			<ele>114.2</ele>
		</trkpt>
		<trkpt lat="47.702547992" lon="17.669231">
			<ele>113.2</ele>
		</trkpt>
		<trkpt lat="47.703594992" lon="17.670408">
			<ele>113.4</ele>
		</trkpt>
		<trkpt lat="47.704943992" lon="17.671714">
			<ele>115.4</ele>
		</trkpt>
		<trkpt lat="47.705058992" lon="17.671903">
			<ele>115.4</ele>
		</trkpt>
		<trkpt lat="47.705004992" lon="17.672007">
			<ele>115.8</ele>
		</trkpt>
		<trkpt lat="47.705263992" lon="17.672566">
			<ele>116.8</ele>
		</trkpt>
		<trkpt lat="47.705470992" lon="17.672899">
			<ele>117</ele>
		</trkpt>
		<trkpt lat="47.705651992" lon="17.673113">
			<ele>116.8</ele>
		</trkpt>
		<trkpt lat="47.705894992" lon="17.673283">
			<ele>116.3</ele>
		</trkpt>
		<trkpt lat="47.706155992" lon="17.673347">
			<ele>115.9</ele>
		</trkpt>
		<trkpt lat="47.709209992" lon="17.673178">
			<ele>114.6</ele>
		</trkpt>
		<trkpt lat="47.709467992" lon="17.673242">
			<ele>114.4</ele>
		</trkpt>
		<trkpt lat="47.709718992" lon="17.673412">
			<ele>113.9</ele>
		</trkpt>
		<trkpt lat="47.712307992" lon="17.676939">
			<ele>113.5</ele>
		</trkpt>
		<trkpt lat="47.713396992" lon="17.678302">
			<ele>112.6</ele>
		</trkpt>
		<trkpt lat="47.713950992" lon="17.679081">
			<ele>112</ele>
		</trkpt>
		<trkpt lat="47.714006992" lon="17.679217">
			<ele>112.2</ele>
		</trkpt>
		<trkpt lat="47.713921992" lon="17.679416">
			<ele>112.6</ele>
		</trkpt>
		<trkpt lat="47.716211992" lon="17.682663">
			<ele>117.3</ele>
		</trkpt>
		<trkpt lat="47.717139992" lon="17.6843">
			<ele>116.1</ele>
		</trkpt>
		<trkpt lat="47.719091992" lon="17.688466">
			<ele>116.6</ele>
		</trkpt>
		<trkpt lat="47.720103992" lon="17.690488">
			<ele>116</ele>
		</trkpt>
		<trkpt lat="47.721012992" lon="17.692443">
			<ele>116.4</ele>
		</trkpt>
		<trkpt lat="47.721396992" lon="17.693991">
			<ele>115.7</ele>
		</trkpt>
		<trkpt lat="47.721771992" lon="17.69592">
			<ele>117</ele>
		</trkpt>
		<trkpt lat="47.721898992" lon="17.696295">
			<ele>117.2</ele>
		</trkpt>
		<trkpt lat="47.722295992" lon="17.698328">
			<ele>117.7</ele>
		</trkpt>
		<trkpt lat="47.722322992" lon="17.698811">
			<ele>117.8</ele>
		</trkpt>
		<trkpt lat="47.723009992" lon="17.702413">
			<ele>116</ele>
		</trkpt>
		<trkpt lat="47.723134992" lon="17.702758">
			<ele>116.3</ele>
		</trkpt>
		<trkpt lat="47.723206992" lon="17.70308">
			<ele>116.5</ele>
		</trkpt>
		<trkpt lat="47.723334992" lon="17.703965">
			<ele>116.4</ele>
		</trkpt>
		<trkpt lat="47.723214992" lon="17.704393">
			<ele>115.5</ele>
		</trkpt>
		<trkpt lat="47.723212992" lon="17.704584">
			<ele>115.4</ele>
		</trkpt>
		<trkpt lat="47.723313992" lon="17.704828">
			<ele>115.4</ele>
		</trkpt>
		<trkpt lat="47.723472992" lon="17.704968">
			<ele>115.4</ele>
		</trkpt>
		<trkpt lat="47.723558992" lon="17.705102">
			<ele>115.4</ele>
		</trkpt>
		<trkpt lat="47.723660992" lon="17.705485">
			<ele>115.3</ele>
		</trkpt>
		<trkpt lat="47.724135992" lon="17.708034">
			<ele>114.3</ele>
		</trkpt>
		<trkpt lat="47.724431992" lon="17.709901">
			<ele>114.8</ele>
		</trkpt>
		<trkpt lat="47.725250992" lon="17.71578">
			<ele>116.9</ele>
		</trkpt>
		<trkpt lat="47.725266992" lon="17.716082">
			<ele>116.9</ele>
		</trkpt>
		<trkpt lat="47.725884992" lon="17.720499">
			<ele>120.1</ele>
		</trkpt>
		<trkpt lat="47.725905992" lon="17.720863">
			<ele>119.7</ele>
		</trkpt>
		<trkpt lat="47.726026992" lon="17.721439">
			<ele>119</ele>
		</trkpt>
		<trkpt lat="47.726006992" lon="17.721689">
			<ele>118.6</ele>
		</trkpt>
		<trkpt lat="47.726419992" lon="17.724684">
			<ele>115.9</ele>
		</trkpt>
		<trkpt lat="47.726565992" lon="17.725079">
			<ele>115.1</ele>
		</trkpt>
		<trkpt lat="47.726819992" lon="17.726795">
			<ele>114</ele>
		</trkpt>
		<trkpt lat="47.726858992" lon="17.727283">
			<ele>113.8</ele>
		</trkpt>
		<trkpt lat="47.726990992" lon="17.727939">
			<ele>113.2</ele>
		</trkpt>
		<trkpt lat="47.728275992" lon="17.737073">
			<ele>114.6</ele>
		</trkpt>
		<trkpt lat="47.729483992" lon="17.745262">
			<ele>116.5</ele>
		</trkpt>
		<trkpt lat="47.730265992" lon="17.751795">
			<ele>115.4</ele>
		</trkpt>
		<trkpt lat="47.730283992" lon="17.752038">
			<ele>115.9</ele>
		</trkpt>
		<trkpt lat="47.730243992" lon="17.752326">
			<ele>116.4</ele>
		</trkpt>
		<trkpt lat="47.730383992" lon="17.752751">
			<ele>116.9</ele>
		</trkpt>
		<trkpt lat="47.730795992" lon="17.756421">
			<ele>115.6</ele>
		</trkpt>
		<trkpt lat="47.730939992" lon="17.758226">
			<ele>115.8</ele>
		</trkpt>
		<trkpt lat="47.731005992" lon="17.759721">
			<ele>116.1</ele>
		</trkpt>
		<trkpt lat="47.731065992" lon="17.760291">
			<ele>116.1</ele>
		</trkpt>
		<trkpt lat="47.731382992" lon="17.766807">
			<ele>115.1</ele>
		</trkpt>
		<trkpt lat="47.731336992" lon="17.767241">
			<ele>115.1</ele>
		</trkpt>
		<trkpt lat="47.731449992" lon="17.768378">
			<ele>114.1</ele>
		</trkpt>
		<trkpt lat="47.731484992" lon="17.769553">
			<ele>113.5</ele>
		</trkpt>
		<trkpt lat="47.731415992" lon="17.771317">
			<ele>114.1</ele>
		</trkpt>
		<trkpt lat="47.731515992" lon="17.773362">
			<ele>111.3</ele>
		</trkpt>
		<trkpt lat="47.731546992" lon="17.774795">
			<ele>110.6</ele>
		</trkpt>
		<trkpt lat="47.731836992" lon="17.777551">
			<ele>111</ele>
		</trkpt>
		<trkpt lat="47.732045992" lon="17.781533">
			<ele>112</ele>
		</trkpt>
		<trkpt lat="47.732027992" lon="17.781851">
			<ele>112</ele>
		</trkpt>
		<trkpt lat="47.732072992" lon="17.782285">
			<ele>111.4</ele>
		</trkpt>
		<trkpt lat="47.732049992" lon="17.782685">
			<ele>111.5</ele>
		</trkpt>
		<trkpt lat="47.732088992" lon="17.783005">
			<ele>111</ele>
		</trkpt>
		<trkpt lat="47.732200992" lon="17.785439">
			<ele>110.7</ele>
		</trkpt>
		<trkpt lat="47.732548992" lon="17.79063">
			<ele>111.1</ele>
		</trkpt>
		<trkpt lat="47.733030992" lon="17.795181">
			<ele>111</ele>
		</trkpt>
		<trkpt lat="47.733136992" lon="17.796834">
			<ele>112.9</ele>
		</trkpt>
		<trkpt lat="47.733133992" lon="17.797712">
			<ele>112.2</ele>
		</trkpt>
		<trkpt lat="47.733084992" lon="17.798392">
			<ele>111.2</ele>
		</trkpt>
		<trkpt lat="47.732928992" lon="17.799302">
			<ele>111.5</ele>
		</trkpt>
		<trkpt lat="47.732303992" lon="17.802282">
			<ele>111.8</ele>
		</trkpt>
		<trkpt lat="47.732158992" lon="17.803236">
			<ele>112.5</ele>
		</trkpt>
		<trkpt lat="47.732058992" lon="17.804523">
			<ele>111.8</ele>
		</trkpt>
		<trkpt lat="47.732057992" lon="17.805659">
			<ele>110.5</ele>
		</trkpt>
		<trkpt lat="47.732194992" lon="17.81087">
			<ele>118.4</ele>
		</trkpt>
		<trkpt lat="47.732219992" lon="17.813159">
			<ele>122.2</ele>
		</trkpt>
		<trkpt lat="47.732356992" lon="17.816025">
			<ele>117.3</ele>
		</trkpt>
		<trkpt lat="47.732404992" lon="17.817793">
			<ele>117.5</ele>
		</trkpt>
		<trkpt lat="47.732388992" lon="17.818316">
			<ele>118</ele>
		</trkpt>
		<trkpt lat="47.732413992" lon="17.818416">
			<ele>118</ele>
		</trkpt>
		<trkpt lat="47.732567992" lon="17.818441">
			<ele>118.2</ele>
		</trkpt>
		<trkpt lat="47.732585992" lon="17.818497">
			<ele>118.2</ele>
		</trkpt>
		<trkpt lat="47.733104992" lon="17.837848">
			<ele>115.4</ele>
		</trkpt>
		<trkpt lat="47.733156992" lon="17.839945">
			<ele>115.3</ele>
		</trkpt>
		<trkpt lat="47.733133992" lon="17.840055">
			<ele>115.2</ele>
		</trkpt>
		<trkpt lat="47.733167992" lon="17.840273">
			<ele>115.3</ele>
		</trkpt>
		<trkpt lat="47.733201992" lon="17.84138">
			<ele>115.1</ele>
		</trkpt>
		<trkpt lat="47.733187992" lon="17.841963">
			<ele>114.3</ele>
		</trkpt>
		<trkpt lat="47.733073992" lon="17.84359">
			<ele>114.1</ele>
		</trkpt>
		<trkpt lat="47.733089992" lon="17.843718">
			<ele>114.1</ele>
		</trkpt>
		<trkpt lat="47.732863992" lon="17.844621">
			<ele>112.7</ele>
		</trkpt>
		<trkpt lat="47.732763992" lon="17.845227">
			<ele>112.4</ele>
		</trkpt>
		<trkpt lat="47.732614992" lon="17.845777">
			<ele>114.3</ele>
		</trkpt>
		<trkpt lat="47.732313992" lon="17.846416">
			<ele>116.1</ele>
		</trkpt>
		<trkpt lat="47.732150992" lon="17.846983">
			<ele>117.2</ele>
		</trkpt>
		<trkpt lat="47.732171992" lon="17.847146">
			<ele>117.6</ele>
		</trkpt>
		<trkpt lat="47.732278992" lon="17.847355">
			<ele>117.7</ele>
		</trkpt>
		<trkpt lat="47.732312992" lon="17.84752">
			<ele>117.7</ele>
		</trkpt>
		<trkpt lat="47.732307992" lon="17.847801">
			<ele>117.7</ele>
		</trkpt>
		<trkpt lat="47.732064992" lon="17.848689">
			<ele>116.9</ele>
		</trkpt>
		<trkpt lat="47.731825992" lon="17.849267">
			<ele>116.6</ele>
		</trkpt>
		<trkpt lat="47.731752992" lon="17.849872">
			<ele>116.9</ele>
		</trkpt>
		<trkpt lat="47.731704992" lon="17.849984">
			<ele>116.9</ele>
		</trkpt>
		<trkpt lat="47.731788992" lon="17.869136">
			<ele>121.1</ele>
		</trkpt>
		<trkpt lat="47.731820992" lon="17.870537">
			<ele>125.1</ele>
		</trkpt>
		<trkpt lat="47.731980992" lon="17.872371">
			<ele>126.8</ele>
		</trkpt>
		<trkpt lat="47.732944992" lon="17.880346">
			<ele>124.1</ele>
		</trkpt>
		<trkpt lat="47.733591992" lon="17.886195">
			<ele>124.7</ele>
		</trkpt>
		<trkpt lat="47.733806992" lon="17.887352">
			<ele>125</ele>
		</trkpt>
		<trkpt lat="47.733916992" lon="17.888156">
			<ele>122.8</ele>
		</trkpt>
		<trkpt lat="47.734017992" lon="17.889342">
			<ele>120.7</ele>
		</trkpt>
		<trkpt lat="47.734033992" lon="17.891437">
			<ele>120.6</ele>
		</trkpt>
		<trkpt lat="47.733878992" lon="17.893907">
			<ele>123.2</ele>
		</trkpt>
		<trkpt lat="47.733743992" lon="17.897563">
			<ele>120.4</ele>
		</trkpt>
		<trkpt lat="47.733775992" lon="17.89782">
			<ele>120.7</ele>
		</trkpt>
		<trkpt lat="47.733678992" lon="17.900138">
			<ele>120.3</ele>
		</trkpt>
		<trkpt lat="47.733631992" lon="17.900516">
			<ele>120.3</ele>
		</trkpt>
		<trkpt lat="47.733615992" lon="17.90234">
			<ele>123.1</ele>
		</trkpt>
		<trkpt lat="47.733658992" lon="17.902865">
			<ele>123.6</ele>
		</trkpt>
		<trkpt lat="47.733920992" lon="17.904872">
			<ele>123</ele>
		</trkpt>
		<trkpt lat="47.734488992" lon="17.90797">
			<ele>122.7</ele>
		</trkpt>
		<trkpt lat="47.734820992" lon="17.909582">
			<ele>123.4</ele>
		</trkpt>
		<trkpt lat="47.735662992" lon="17.914581">
			<ele>123.5</ele>
		</trkpt>
		<trkpt lat="47.736068992" lon="17.91677">
			<ele>124.7</ele>
		</trkpt>
		<trkpt lat="47.736176992" lon="17.91758">
			<ele>124.1</ele>
		</trkpt>
		<trkpt lat="47.736406992" lon="17.91853">
			<ele>122.2</ele>
		</trkpt>
		<trkpt lat="47.737131992" lon="17.92247">
			<ele>119.2</ele>
		</trkpt>
		<trkpt lat="47.737176992" lon="17.923071">
			<ele>120</ele>
		</trkpt>
		<trkpt lat="47.737336992" lon="17.92409">
			<ele>122.5</ele>
		</trkpt>
		<trkpt lat="47.737859992" lon="17.927198">
			<ele>123.6</ele>
		</trkpt>
		<trkpt lat="47.738217992" lon="17.92913">
			<ele>124.4</ele>
		</trkpt>
		<trkpt lat="47.738990992" lon="17.933899">
			<ele>126</ele>
		</trkpt>
		<trkpt lat="47.739274992" lon="17.936152">
			<ele>123.8</ele>
		</trkpt>
		<trkpt lat="47.739422992" lon="17.937844">
			<ele>123.3</ele>
		</trkpt>
		<trkpt lat="47.739546992" lon="17.942551">
			<ele>120.5</ele>
		</trkpt>
		<trkpt lat="47.739492992" lon="17.944408">
			<ele>122.5</ele>
		</trkpt>
		<trkpt lat="47.739485992" lon="17.945749">
			<ele>122</ele>
		</trkpt>
		<trkpt lat="47.739371992" lon="17.949311">
			<ele>120.8</ele>
		</trkpt>
		<trkpt lat="47.739333992" lon="17.952738">
			<ele>116.1</ele>
		</trkpt>
		<trkpt lat="47.739597992" lon="17.960351">
			<ele>121.2</ele>
		</trkpt>
		<trkpt lat="47.739676992" lon="17.960772">
			<ele>121.7</ele>
		</trkpt>
		<trkpt lat="47.739806992" lon="17.961061">
			<ele>122.1</ele>
		</trkpt>
		<trkpt lat="47.739957992" lon="17.962169">
			<ele>122.9</ele>
		</trkpt>
		<trkpt lat="47.740151992" lon="17.964204">
			<ele>123.3</ele>
		</trkpt>
		<trkpt lat="47.740194992" lon="17.965959">
			<ele>121</ele>
		</trkpt>
		<trkpt lat="47.740269992" lon="17.967462">
			<ele>119.5</ele>
		</trkpt>
		<trkpt lat="47.740701992" lon="17.972507">
			<ele>118.3</ele>
		</trkpt>
		<trkpt lat="47.740802992" lon="17.973321">
			<ele>117.8</ele>
		</trkpt>
		<trkpt lat="47.740923992" lon="17.975092">
			<ele>117.3</ele>
		</trkpt>
		<trkpt lat="47.740946992" lon="17.976073">
			<ele>117.4</ele>
		</trkpt>
		<trkpt lat="47.741080992" lon="17.97753">
			<ele>116.9</ele>
		</trkpt>
		<trkpt lat="47.741178992" lon="17.979728">
			<ele>115.9</ele>
		</trkpt>
		<trkpt lat="47.741212992" lon="17.980007">
			<ele>115.6</ele>
		</trkpt>
		<trkpt lat="47.741253992" lon="17.981962">
			<ele>115.5</ele>
		</trkpt>
		<trkpt lat="47.741182992" lon="17.982623">
			<ele>115.6</ele>
		</trkpt>
		<trkpt lat="47.741176992" lon="17.984079">
			<ele>116</ele>
		</trkpt>
		<trkpt lat="47.741063992" lon="17.986058">
			<ele>115.4</ele>
		</trkpt>
		<trkpt lat="47.741001992" lon="17.986596">
			<ele>114.9</ele>
		</trkpt>
		<trkpt lat="47.740748992" lon="17.98767">
			<ele>115.5</ele>
		</trkpt>
		<trkpt lat="47.740730992" lon="17.988433">
			<ele>115.6</ele>
		</trkpt>
		<trkpt lat="47.740333992" lon="17.990148">
			<ele>113.7</ele>
		</trkpt>
		<trkpt lat="47.740163992" lon="17.991268">
			<ele>112.1</ele>
		</trkpt>
		<trkpt lat="47.739988992" lon="17.99198">
			<ele>112.1</ele>
		</trkpt>
		<trkpt lat="47.739632992" lon="17.993063">
			<ele>111.7</ele>
		</trkpt>
		<trkpt lat="47.739623992" lon="17.99397">
			<ele>109.8</ele>
		</trkpt>
		<trkpt lat="47.739579992" lon="17.994534">
			<ele>109</ele>
		</trkpt>
		<trkpt lat="47.739614992" lon="17.995587">
			<ele>106.8</ele>
		</trkpt>
		<trkpt lat="47.739584992" lon="17.997619">
			<ele>107.7</ele>
		</trkpt>
		<trkpt lat="47.739639992" lon="17.998752">
			<ele>107.5</ele>
		</trkpt>
		<trkpt lat="47.739748992" lon="17.999342">
			<ele>106.8</ele>
		</trkpt>
		<trkpt lat="47.739996992" lon="18.000165">
			<ele>107.7</ele>
		</trkpt>
		<trkpt lat="47.740163992" lon="18.0011">
			<ele>108.5</ele>
		</trkpt>
		<trkpt lat="47.740130992" lon="18.001353">
			<ele>108.5</ele>
		</trkpt>
		<trkpt lat="47.740163992" lon="18.001509">
			<ele>108.6</ele>
		</trkpt>
		<trkpt lat="47.740440992" lon="18.001776">
			<ele>109.2</ele>
		</trkpt>
		<trkpt lat="47.740762992" lon="18.001961">
			<ele>110.3</ele>
		</trkpt>
		<trkpt lat="47.741129992" lon="18.002478">
			<ele>112.6</ele>
		</trkpt>
		<trkpt lat="47.741159992" lon="18.00278">
			<ele>113.1</ele>
		</trkpt>
		<trkpt lat="47.741163992" lon="18.0035">
			<ele>114.3</ele>
		</trkpt>
		<trkpt lat="47.741264992" lon="18.003918">
			<ele>114.1</ele>
		</trkpt>
		<trkpt lat="47.741254992" lon="18.004261">
			<ele>113.3</ele>
		</trkpt>
		<trkpt lat="47.741286992" lon="18.004531">
			<ele>112.9</ele>
		</trkpt>
		<trkpt lat="47.741409992" lon="18.004835">
			<ele>113.6</ele>
		</trkpt>
		<trkpt lat="47.741536992" lon="18.004938">
			<ele>114.5</ele>
		</trkpt>
		<trkpt lat="47.741776992" lon="18.005003">
			<ele>115.3</ele>
		</trkpt>
		<trkpt lat="47.742145992" lon="18.005562">
			<ele>118.2</ele>
		</trkpt>
		<trkpt lat="47.742443992" lon="18.006138">
			<ele>119.4</ele>
		</trkpt>
		<trkpt lat="47.742564992" lon="18.006509">
			<ele>119.7</ele>
		</trkpt>
		<trkpt lat="47.742835992" lon="18.007834">
			<ele>120.1</ele>
		</trkpt>
		<trkpt lat="47.742903992" lon="18.008599">
			<ele>120.7</ele>
		</trkpt>
		<trkpt lat="47.742943992" lon="18.008738">
			<ele>120.9</ele>
		</trkpt>
		<trkpt lat="47.743695992" lon="18.009882">
			<ele>119.6</ele>
		</trkpt>
		<trkpt lat="47.744133992" lon="18.010606">
			<ele>119.7</ele>
		</trkpt>
		<trkpt lat="47.744598992" lon="18.011468">
			<ele>120.7</ele>
		</trkpt>
		<trkpt lat="47.745195992" lon="18.01282">
			<ele>123.3</ele>
		</trkpt>
		<trkpt lat="47.745251992" lon="18.013029">
			<ele>123.3</ele>
		</trkpt>
		<trkpt lat="47.745496992" lon="18.013615">
			<ele>125.7</ele>
		</trkpt>
		<trkpt lat="47.745699992" lon="18.014081">
			<ele>125.9</ele>
		</trkpt>
		<trkpt lat="47.745864992" lon="18.014371">
			<ele>125.7</ele>
		</trkpt>
		<trkpt lat="47.747310992" lon="18.017751">
			<ele>122.1</ele>
		</trkpt>
		<trkpt lat="47.747625992" lon="18.018721">
			<ele>122.7</ele>
		</trkpt>
		<trkpt lat="47.747836992" lon="18.01994">
			<ele>124.1</ele>
		</trkpt>
		<trkpt lat="47.748037992" lon="18.02376">
			<ele>124.7</ele>
		</trkpt>
		<trkpt lat="47.748008992" lon="18.027019">
			<ele>124.1</ele>
		</trkpt>
		<trkpt lat="47.748116992" lon="18.027644">
			<ele>125</ele>
		</trkpt>
		<trkpt lat="47.748590992" lon="18.029451">
			<ele>126.1</ele>
		</trkpt>
		<trkpt lat="47.748689992" lon="18.030003">
			<ele>125.7</ele>
		</trkpt>
		<trkpt lat="47.749030992" lon="18.032612">
			<ele>127.5</ele>
		</trkpt>
		<trkpt lat="47.749067992" lon="18.034129">
			<ele>126.4</ele>
		</trkpt>
		<trkpt lat="47.749067992" lon="18.039257">
			<ele>125.6</ele>
		</trkpt>
		<trkpt lat="47.749149992" lon="18.041182">
			<ele>123.6</ele>
		</trkpt>
		<trkpt lat="47.749386992" lon="18.043384">
			<ele>124.6</ele>
		</trkpt>
		<trkpt lat="47.749680992" lon="18.045673">
			<ele>120.7</ele>
		</trkpt>
		<trkpt lat="47.749742992" lon="18.046516">
			<ele>121</ele>
		</trkpt>
		<trkpt lat="47.749877992" lon="18.04946">
			<ele>119.7</ele>
		</trkpt>
		<trkpt lat="47.750056992" lon="18.052413">
			<ele>123.6</ele>
		</trkpt>
		<trkpt lat="47.750267992" lon="18.057098">
			<ele>120.8</ele>
		</trkpt>
		<trkpt lat="47.750262992" lon="18.057908">
			<ele>120.9</ele>
		</trkpt>
		<trkpt lat="47.750154992" lon="18.059179">
			<ele>120.5</ele>
		</trkpt>
		<trkpt lat="47.749934992" lon="18.06078">
			<ele>121.2</ele>
		</trkpt>
		<trkpt lat="47.749511992" lon="18.063396">
			<ele>120</ele>
		</trkpt>
		<trkpt lat="47.748175992" lon="18.070115">
			<ele>120.6</ele>
		</trkpt>
		<trkpt lat="47.747341992" lon="18.074133">
			<ele>120.4</ele>
		</trkpt>
		<trkpt lat="47.747228992" lon="18.074053">
			<ele>120.6</ele>
		</trkpt>
		<trkpt lat="47.747212992" lon="18.074164">
			<ele>120.6</ele>
		</trkpt>
		<trkpt lat="47.747255992" lon="18.074892">
			<ele>119.2</ele>
		</trkpt>
		<trkpt lat="47.747386992" lon="18.075305">
			<ele>118.6</ele>
		</trkpt>
		<trkpt lat="47.747463992" lon="18.075424">
			<ele>118.3</ele>
		</trkpt>
		<trkpt lat="47.747976992" lon="18.075864">
			<ele>118.3</ele>
		</trkpt>
		<trkpt lat="47.748136992" lon="18.076131">
			<ele>118.3</ele>
		</trkpt>
		<trkpt lat="47.748210992" lon="18.076367">
			<ele>118.4</ele>
		</trkpt>
		<trkpt lat="47.748285992" lon="18.077486">
			<ele>118</ele>
		</trkpt>
		<trkpt lat="47.748359992" lon="18.078129">
			<ele>117.8</ele>
		</trkpt>
		<trkpt lat="47.748631992" lon="18.079687">
			<ele>119.8</ele>
		</trkpt>
		<trkpt lat="47.748682992" lon="18.080119">
			<ele>120</ele>
		</trkpt>
		<trkpt lat="47.748708992" lon="18.081611">
			<ele>119.2</ele>
		</trkpt>
		<trkpt lat="47.748623992" lon="18.083215">
			<ele>118.9</ele>
		</trkpt>
		<trkpt lat="47.748629992" lon="18.084796">
			<ele>116.2</ele>
		</trkpt>
		<trkpt lat="47.748824992" lon="18.086519">
			<ele>117.2</ele>
		</trkpt>
		<trkpt lat="47.748839992" lon="18.087041">
			<ele>118</ele>
		</trkpt>
		<trkpt lat="47.748946992" lon="18.087352">
			<ele>118.8</ele>
		</trkpt>
		<trkpt lat="47.749002992" lon="18.087626">
			<ele>119</ele>
		</trkpt>
		<trkpt lat="47.749044992" lon="18.088175">
			<ele>118.4</ele>
		</trkpt>
		<trkpt lat="47.748968992" lon="18.08841">
			<ele>118</ele>
		</trkpt>
		<trkpt lat="47.748831992" lon="18.088533">
			<ele>117.8</ele>
		</trkpt>
		<trkpt lat="47.748469992" lon="18.088664">
			<ele>117.4</ele>
		</trkpt>
		<trkpt lat="47.748335992" lon="18.088826">
			<ele>117</ele>
		</trkpt>
		<trkpt lat="47.748259992" lon="18.089066">
			<ele>117</ele>
		</trkpt>
		<trkpt lat="47.748101992" lon="18.089878">
			<ele>116.6</ele>
		</trkpt>
		<trkpt lat="47.747940992" lon="18.090293">
			<ele>116.2</ele>
		</trkpt>
		<trkpt lat="47.747935992" lon="18.090485">
			<ele>116.3</ele>
		</trkpt>
		<trkpt lat="47.747768992" lon="18.090787">
			<ele>116</ele>
		</trkpt>
		<trkpt lat="47.746594992" lon="18.094558">
			<ele>114.4</ele>
		</trkpt>
		<trkpt lat="47.746398992" lon="18.094781">
			<ele>114.1</ele>
		</trkpt>
		<trkpt lat="47.747824992" lon="18.098222">
			<ele>114.6</ele>
		</trkpt>
		<trkpt lat="47.747950992" lon="18.098576">
			<ele>114.5</ele>
		</trkpt>
		<trkpt lat="47.748111992" lon="18.099191">
			<ele>114.1</ele>
		</trkpt>
		<trkpt lat="47.748116992" lon="18.099539">
			<ele>114.1</ele>
		</trkpt>
		<trkpt lat="47.748232992" lon="18.100693">
			<ele>114.5</ele>
		</trkpt>
		<trkpt lat="47.748257992" lon="18.102628">
			<ele>112.3</ele>
		</trkpt>
		<trkpt lat="47.748240992" lon="18.103153">
			<ele>112.8</ele>
		</trkpt>
		<trkpt lat="47.748117992" lon="18.103712">
			<ele>113.3</ele>
		</trkpt>
		<trkpt lat="47.748050992" lon="18.10378">
			<ele>113.3</ele>
		</trkpt>
		<trkpt lat="47.747919992" lon="18.103794">
			<ele>113.6</ele>
		</trkpt>
		<trkpt lat="47.747345992" lon="18.103209">
			<ele>114.3</ele>
		</trkpt>
		<trkpt lat="47.746182992" lon="18.106334">
			<ele>115</ele>
		</trkpt>
		<trkpt lat="47.747039992" lon="18.10685">
			<ele>112.4</ele>
		</trkpt>
		<trkpt lat="47.745237992" lon="18.113427">
			<ele>111.6</ele>
		</trkpt>
	</trkseg>
</trk>
<trk>
	<name>11: Komárom – Esztergom (DEVELOPED_WITH_SIGNS)</name>
	<desc>DEVELOPED_WITH_SIGNS</desc>
	<trkseg>
		<trkpt lat="47.745237992" lon="18.113427">
			<ele>111.6</ele>
		</trkpt>
		<trkpt lat="47.744834992" lon="18.114673">
			<ele>111.6</ele>
		</trkpt>
		<trkpt lat="47.744766992" lon="18.114732">
			<ele>111.4</ele>
		</trkpt>
		<trkpt lat="47.743983992" lon="18.116655">
			<ele>111.4</ele>
		</trkpt>
		<trkpt lat="47.743808992" lon="18.11688">
			<ele>111.6</ele>
		</trkpt>
		<trkpt lat="47.743134992" lon="18.118498">
			<ele>113.1</ele>
		</trkpt>
		<trkpt lat="47.743156992" lon="18.118574">
			<ele>113.1</ele>
		</trkpt>
		<trkpt lat="47.742872992" lon="18.11866">
			<ele>112.8</ele>
		</trkpt>
		<trkpt lat="47.742833992" lon="18.119229">
			<ele>112.3</ele>
		</trkpt>
		<trkpt lat="47.743088992" lon="18.119443">
			<ele>112.5</ele>
		</trkpt>
		<trkpt lat="47.741896992" lon="18.122315">
			<ele>112.3</ele>
		</trkpt>
		<trkpt lat="47.741128992" lon="18.124272">
			<ele>112.7</ele>
		</trkpt>
		<trkpt lat="47.741124992" lon="18.124339">
			<ele>112.7</ele>
		</trkpt>
		<trkpt lat="47.740283992" lon="18.126255">
			<ele>112.6</ele>
		</trkpt>
		<trkpt lat="47.739506992" lon="18.128509">
			<ele>111.5</ele>
		</trkpt>
		<trkpt lat="47.738025992" lon="18.133276">
			<ele>111.4</ele>
		</trkpt>
		<trkpt lat="47.737851992" lon="18.13409">
			<ele>111.2</ele>
		</trkpt>
		<trkpt lat="47.737729992" lon="18.135012">
			<ele>113</ele>
		</trkpt>
		<trkpt lat="47.737685992" lon="18.135718">
			<ele>113.3</ele>
		</trkpt>
		<trkpt lat="47.737627992" lon="18.137824">
			<ele>112.2</ele>
		</trkpt>
		<trkpt lat="47.737455992" lon="18.140389">
			<ele>110.4</ele>
		</trkpt>
		<trkpt lat="47.737432992" lon="18.141173">
			<ele>111.3</ele>
		</trkpt>
		<trkpt lat="47.737357992" lon="18.141831">
			<ele>111.6</ele>
		</trkpt>
		<trkpt lat="47.737260992" lon="18.141795">
			<ele>111</ele>
		</trkpt>
		<trkpt lat="47.737104992" lon="18.144084">
			<ele>111.6</ele>
		</trkpt>
		<trkpt lat="47.735991992" lon="18.155889">
			<ele>108.9</ele>
		</trkpt>
		<trkpt lat="47.735470992" lon="18.162034">
			<ele>110.6</ele>
		</trkpt>
		<trkpt lat="47.735450992" lon="18.16295">
			<ele>108.9</ele>
		</trkpt>
		<trkpt lat="47.735512992" lon="18.164867">
			<ele>108.2</ele>
		</trkpt>
		<trkpt lat="47.735482992" lon="18.165736">
			<ele>108.9</ele>
		</trkpt>
		<trkpt lat="47.735251992" lon="18.168813">
			<ele>111.6</ele>
		</trkpt>
		<trkpt lat="47.735223992" lon="18.169795">
			<ele>111.3</ele>
		</trkpt>
		<trkpt lat="47.735268992" lon="18.171916">
			<ele>110.2</ele>
		</trkpt>
		<trkpt lat="47.735205992" lon="18.173507">
			<ele>110</ele>
		</trkpt>
		<trkpt lat="47.735047992" lon="18.175581">
			<ele>110.5</ele>
		</trkpt>
		<trkpt lat="47.734743992" lon="18.17769">
			<ele>112.2</ele>
		</trkpt>
		<trkpt lat="47.734677992" lon="18.178683">
			<ele>112.2</ele>
		</trkpt>
		<trkpt lat="47.734696992" lon="18.179492">
			<ele>111.5</ele>
		</trkpt>
		<trkpt lat="47.734996992" lon="18.182761">
			<ele>111.4</ele>
		</trkpt>
		<trkpt lat="47.735041992" lon="18.182775">
			<ele>111.4</ele>
		</trkpt>
		<trkpt lat="47.735097992" lon="18.183054">
			<ele>111.5</ele>
		</trkpt>
		<trkpt lat="47.735107992" lon="18.1838">
			<ele>111.8</ele>
		</trkpt>
		<trkpt lat="47.735076992" lon="18.184412">
			<ele>112</ele>
		</trkpt>
		<trkpt lat="47.734337992" lon="18.191334">
			<ele>109.8</ele>
		</trkpt>
		<trkpt lat="47.733729992" lon="18.195486">
			<ele>110.2</ele>
		</trkpt>
		<trkpt lat="47.733483992" lon="18.197072">
			<ele>110.4</ele>
		</trkpt>
		<trkpt lat="47.732878992" lon="18.200537">
			<ele>108.6</ele>
		</trkpt>
		<trkpt lat="47.732816992" lon="18.201155">
			<ele>108.5</ele>
		</trkpt>
		<trkpt lat="47.732804992" lon="18.201649">
			<ele>109</ele>
		</trkpt>
		<trkpt lat="47.732912992" lon="18.202554">
			<ele>109.4</ele>
		</trkpt>
		<trkpt lat="47.733296992" lon="18.204147">
			<ele>107.5</ele>
		</trkpt>
		<trkpt lat="47.733503992" lon="18.205431">
			<ele>107.1</ele>
		</trkpt>
		<trkpt lat="47.733414992" lon="18.206695">
			<ele>109.1</ele>
		</trkpt>
		<trkpt lat="47.731746992" lon="18.218461">
			<ele>112.9</ele>
		</trkpt>
		<trkpt lat="47.730942992" lon="18.223489">
			<ele>112.8</ele>
		</trkpt>
		<trkpt lat="47.730260992" lon="18.228008">
			<ele>109.2</ele>
		</trkpt>
		<trkpt lat="47.730096992" lon="18.230045">
			<ele>106.9</ele>
		</trkpt>
		<trkpt lat="47.729707992" lon="18.236549">
			<ele>109.4</ele>
		</trkpt>
		<trkpt lat="47.729731992" lon="18.236725">
			<ele>109.4</ele>
		</trkpt>
		<trkpt lat="47.729720992" lon="18.236973">
			<ele>109.4</ele>
		</trkpt>
		<trkpt lat="47.729671992" lon="18.237239">
			<ele>109.3</ele>
		</trkpt>
		<trkpt lat="47.729297992" lon="18.243058">
			<ele>109.1</ele>
		</trkpt>
		<trkpt lat="47.729235992" lon="18.243521">
			<ele>109.1</ele>
		</trkpt>
		<trkpt lat="47.728918992" lon="18.248934">
			<ele>115.1</ele>
		</trkpt>
		<trkpt lat="47.728558992" lon="18.251959">
			<ele>113</ele>
		</trkpt>
		<trkpt lat="47.728546992" lon="18.252191">
			<ele>113</ele>
		</trkpt>
		<trkpt lat="47.728570992" lon="18.252369">
			<ele>113</ele>
		</trkpt>
		<trkpt lat="47.728432992" lon="18.252773">
			<ele>112.8</ele>
		</trkpt>
		<trkpt lat="47.727564992" lon="18.256641">
			<ele>109.9</ele>
		</trkpt>
		<trkpt lat="47.727427992" lon="18.257148">
			<ele>109.6</ele>
		</trkpt>
		<trkpt lat="47.726470992" lon="18.259946">
			<ele>110.4</ele>
		</trkpt>
		<trkpt lat="47.726110992" lon="18.261077">
			<ele>110.5</ele>
		</trkpt>
		<trkpt lat="47.725180992" lon="18.264245">
			<ele>110.4</ele>
		</trkpt>
		<trkpt lat="47.724759992" lon="18.265403">
			<ele>111.3</ele>
		</trkpt>
		<trkpt lat="47.723700992" lon="18.267867">
			<ele>109.4</ele>
		</trkpt>
		<trkpt lat="47.723369992" lon="18.268568">
			<ele>109.4</ele>
		</trkpt>
		<trkpt lat="47.723136992" lon="18.268974">
			<ele>109.4</ele>
		</trkpt>
		<trkpt lat="47.723095992" lon="18.268919">
			<ele>109.4</ele>
		</trkpt>
		<trkpt lat="47.722805992" lon="18.269362">
			<ele>109.4</ele>
		</trkpt>
		<trkpt lat="47.722492992" lon="18.269727">
			<ele>108.9</ele>
		</trkpt>
		<trkpt lat="47.722481992" lon="18.269891">
			<ele>108.9</ele>
		</trkpt>
		<trkpt lat="47.721509992" lon="18.271121">
			<ele>107.7</ele>
		</trkpt>
		<trkpt lat="47.721464992" lon="18.27129">
			<ele>107.5</ele>
		</trkpt>
		<trkpt lat="47.721400992" lon="18.271386">
			<ele>107.5</ele>
		</trkpt>
		<trkpt lat="47.721186992" lon="18.271492">
			<ele>107.9</ele>
		</trkpt>
		<trkpt lat="47.721112992" lon="18.271595">
			<ele>108.5</ele>
		</trkpt>
		<trkpt lat="47.721076992" lon="18.271679">
			<ele>108.5</ele>
		</trkpt>
		<trkpt lat="47.721055992" lon="18.272059">
			<ele>108.5</ele>
		</trkpt>
		<trkpt lat="47.720989992" lon="18.272092">
			<ele>109.1</ele>
		</trkpt>
		<trkpt lat="47.720913992" lon="18.271657">
			<ele>109.1</ele>
		</trkpt>
		<trkpt lat="47.720833992" lon="18.271777">
			<ele>109.1</ele>
		</trkpt>
		<trkpt lat="47.720909992" lon="18.272132">
			<ele>109.1</ele>
		</trkpt>
		<trkpt lat="47.720988992" lon="18.272346">
			<ele>109</ele>
		</trkpt>
		<trkpt lat="47.723208992" lon="18.283582">
			<ele>110.5</ele>
		</trkpt>
		<trkpt lat="47.723493992" lon="18.28491">
			<ele>108</ele>
		</trkpt>
		<trkpt lat="47.723860992" lon="18.286356">
			<ele>108.5</ele>
		</trkpt>
		<trkpt lat="47.724191992" lon="18.288134">
			<ele>107.6</ele>
		</trkpt>
		<trkpt lat="47.724571992" lon="18.289573">
			<ele>108</ele>
		</trkpt>
		<trkpt lat="47.724702992" lon="18.290312">
			<ele>108.9</ele>
		</trkpt>
		<trkpt lat="47.725074992" lon="18.292992">
			<ele>109.3</ele>
		</trkpt>
		<trkpt lat="47.725758992" lon="18.296764">
			<ele>108.5</ele>
		</trkpt>
		<trkpt lat="47.725838992" lon="18.297468">
			<ele>109.1</ele>
		</trkpt>
		<trkpt lat="47.725744992" lon="18.300761">
			<ele>108.1</ele>
		</trkpt>
		<trkpt lat="47.725809992" lon="18.302002">
			<ele>108.1</ele>
		</trkpt>
		<trkpt lat="47.725946992" lon="18.303711">
			<ele>108.7</ele>
		</trkpt>
		<trkpt lat="47.726076992" lon="18.304734">
			<ele>109.4</ele>
		</trkpt>
		<trkpt lat="47.726388992" lon="18.306231">
			<ele>108.6</ele>
		</trkpt>
		<trkpt lat="47.726887992" lon="18.30806">
			<ele>106.8</ele>
		</trkpt>
		<trkpt lat="47.727100992" lon="18.309954">
			<ele>107.5</ele>
		</trkpt>
		<trkpt lat="47.727336992" lon="18.311477">
			<ele>107.7</ele>
		</trkpt>
		<trkpt lat="47.728608992" lon="18.31684">
			<ele>108.9</ele>
		</trkpt>
		<trkpt lat="47.729099992" lon="18.320325">
			<ele>109.4</ele>
		</trkpt>
		<trkpt lat="47.729178992" lon="18.320723">
			<ele>110.1</ele>
		</trkpt>
		<trkpt lat="47.729397992" lon="18.321341">
			<ele>111.5</ele>
		</trkpt>
		<trkpt lat="47.730113992" lon="18.322587">
			<ele>113.8</ele>
		</trkpt>
		<trkpt lat="47.730572992" lon="18.323747">
			<ele>114.5</ele>
		</trkpt>
		<trkpt lat="47.730652992" lon="18.323734">
			<ele>113.3</ele>
		</trkpt>
		<trkpt lat="47.730997992" lon="18.324369">
			<ele>112.1</ele>
		</trkpt>
		<trkpt lat="47.731229992" lon="18.324046">
			<ele>111.2</ele>
		</trkpt>
		<trkpt lat="47.731703992" lon="18.324706">
			<ele>111</ele>
		</trkpt>
		<trkpt lat="47.732696992" lon="18.325734">
			<ele>111.9</ele>
		</trkpt>
		<trkpt lat="47.732861992" lon="18.325963">
			<ele>111.7</ele>
		</trkpt>
		<trkpt lat="47.733144992" lon="18.326163">
			<ele>109.6</ele>
		</trkpt>
		<trkpt lat="47.733303992" lon="18.326382">
			<ele>110.3</ele>
		</trkpt>
		<trkpt lat="47.733694992" lon="18.327141">
			<ele>105.7</ele>
		</trkpt>
		<trkpt lat="47.733828992" lon="18.327557">
			<ele>108.7</ele>
		</trkpt>
		<trkpt lat="47.734706992" lon="18.331582">
			<ele>106.7</ele>
		</trkpt>
		<trkpt lat="47.735237992" lon="18.335741">
			<ele>106.2</ele>
		</trkpt>
		<trkpt lat="47.735224992" lon="18.336261">
			<ele>106.6</ele>
		</trkpt>
		<trkpt lat="47.735136992" lon="18.336731">
			<ele>106.9</ele>
		</trkpt>
		<trkpt lat="47.734936992" lon="18.337428">
			<ele>110.3</ele>
		</trkpt>
		<trkpt lat="47.734644992" lon="18.338099">
			<ele>110.6</ele>
		</trkpt>
		<trkpt lat="47.734005992" lon="18.339236">
			<ele>111.7</ele>
		</trkpt>
		<trkpt lat="47.733907992" lon="18.339587">
			<ele>112</ele>
		</trkpt>
		<trkpt lat="47.733804992" lon="18.340689">
			<ele>112.2</ele>
		</trkpt>
		<trkpt lat="47.733858992" lon="18.340768">
			<ele>112.2</ele>
		</trkpt>
		<trkpt lat="47.733886992" lon="18.341174">
			<ele>111.4</ele>
		</trkpt>
		<trkpt lat="47.733943992" lon="18.341268">
			<ele>111.4</ele>
		</trkpt>
		<trkpt lat="47.734194992" lon="18.341275">
			<ele>111</ele>
		</trkpt>
		<trkpt lat="47.734427992" lon="18.34123">
			<ele>110.1</ele>
		</trkpt>
		<trkpt lat="47.734505992" lon="18.341295">
			<ele>110.1</ele>
		</trkpt>
		<trkpt lat="47.735003992" lon="18.344892">
			<ele>109.2</ele>
		</trkpt>
		<trkpt lat="47.735207992" lon="18.346681">
			<ele>112</ele>
		</trkpt>
		<trkpt lat="47.734841992" lon="18.34678">
			<ele>112.4</ele>
		</trkpt>
		<trkpt lat="47.734908992" lon="18.347326">
			<ele>112.3</ele>
		</trkpt>
		<trkpt lat="47.735664992" lon="18.351357">
			<ele>108.7</ele>
		</trkpt>
		<trkpt lat="47.735736992" lon="18.352228">
			<ele>110.1</ele>
		</trkpt>
		<trkpt lat="47.736177992" lon="18.354991">
			<ele>106.7</ele>
		</trkpt>
		<trkpt lat="47.736474992" lon="18.354864">
			<ele>103.4</ele>
		</trkpt>
		<trkpt lat="47.736397992" lon="18.3562">
			<ele>105.2</ele>
		</trkpt>
		<trkpt lat="47.736437992" lon="18.356561">
			<ele>103.4</ele>
		</trkpt>
		<trkpt lat="47.736579992" lon="18.35728">
			<ele>103.9</ele>
		</trkpt>
		<trkpt lat="47.735643992" lon="18.35762">
			<ele>110.3</ele>
		</trkpt>
		<trkpt lat="47.736320992" lon="18.361453">
			<ele>110.4</ele>
		</trkpt>
		<trkpt lat="47.736490992" lon="18.362757">
			<ele>111.4</ele>
		</trkpt>
		<trkpt lat="47.736623992" lon="18.364289">
			<ele>110.3</ele>
		</trkpt>
		<trkpt lat="47.736870992" lon="18.369284">
			<ele>111.3</ele>
		</trkpt>
		<trkpt lat="47.736840992" lon="18.370027">
			<ele>110.5</ele>
		</trkpt>
		<trkpt lat="47.736490992" lon="18.372292">
			<ele>112.9</ele>
		</trkpt>
		<trkpt lat="47.736540992" lon="18.372776">
			<ele>114</ele>
		</trkpt>
		<trkpt lat="47.737002992" lon="18.373683">
			<ele>112</ele>
		</trkpt>
		<trkpt lat="47.737057992" lon="18.373851">
			<ele>112</ele>
		</trkpt>
		<trkpt lat="47.737110992" lon="18.374154">
			<ele>111.9</ele>
		</trkpt>
		<trkpt lat="47.737194992" lon="18.375501">
			<ele>107.7</ele>
		</trkpt>
		<trkpt lat="47.737362992" lon="18.376722">
			<ele>103.5</ele>
		</trkpt>
		<trkpt lat="47.738583992" lon="18.381864">
			<ele>107.2</ele>
		</trkpt>
		<trkpt lat="47.738778992" lon="18.382968">
			<ele>106.7</ele>
		</trkpt>
		<trkpt lat="47.738910992" lon="18.384057">
			<ele>107.1</ele>
		</trkpt>
		<trkpt lat="47.739096992" lon="18.386359">
			<ele>109.1</ele>
		</trkpt>
		<trkpt lat="47.739217992" lon="18.387218">
			<ele>108.3</ele>
		</trkpt>
		<trkpt lat="47.739438992" lon="18.388395">
			<ele>109</ele>
		</trkpt>
		<trkpt lat="47.739865992" lon="18.390112">
			<ele>107.3</ele>
		</trkpt>
		<trkpt lat="47.740099992" lon="18.390879">
			<ele>107.9</ele>
		</trkpt>
		<trkpt lat="47.741293992" lon="18.394275">
			<ele>114.6</ele>
		</trkpt>
		<trkpt lat="47.741615992" lon="18.395052">
			<ele>114.9</ele>
		</trkpt>
		<trkpt lat="47.741884992" lon="18.395514">
			<ele>114</ele>
		</trkpt>
		<trkpt lat="47.742517992" lon="18.396467">
			<ele>112.5</ele>
		</trkpt>
		<trkpt lat="47.742724992" lon="18.396841">
			<ele>111.7</ele>
		</trkpt>
		<trkpt lat="47.742899992" lon="18.397274">
			<ele>112.5</ele>
		</trkpt>
		<trkpt lat="47.743040992" lon="18.397809">
			<ele>112.4</ele>
		</trkpt>
		<trkpt lat="47.743135992" lon="18.398416">
			<ele>111</ele>
		</trkpt>
		<trkpt lat="47.743412992" lon="18.400855">
			<ele>114.2</ele>
		</trkpt>
		<trkpt lat="47.743703992" lon="18.402393">
			<ele>111.7</ele>
		</trkpt>
		<trkpt lat="47.744235992" lon="18.404789">
			<ele>111.6</ele>
		</trkpt>
		<trkpt lat="47.744915992" lon="18.408285">
			<ele>118.7</ele>
		</trkpt>
		<trkpt lat="47.745482992" lon="18.410092">
			<ele>110.9</ele>
		</trkpt>
		<trkpt lat="47.746616992" lon="18.413183">
			<ele>112.5</ele>
		</trkpt>
		<trkpt lat="47.747236992" lon="18.41541">
			<ele>111.2</ele>
		</trkpt>
		<trkpt lat="47.750047992" lon="18.422687">
			<ele>115.7</ele>
		</trkpt>
		<trkpt lat="47.753843992" lon="18.431055">
			<ele>110.7</ele>
		</trkpt>
		<trkpt lat="47.756106992" lon="18.435779">
			<ele>107.7</ele>
		</trkpt>
		<trkpt lat="47.756861992" lon="18.437051">
			<ele>106.5</ele>
		</trkpt>
		<trkpt lat="47.756992992" lon="18.437332">
			<ele>106</ele>
		</trkpt>
		<trkpt lat="47.757046992" lon="18.437569">
			<ele>107.2</ele>
		</trkpt>
		<trkpt lat="47.757068992" lon="18.437883">
			<ele>106.8</ele>
		</trkpt>
		<trkpt lat="47.756798992" lon="18.439509">
			<ele>110.7</ele>
		</trkpt>
		<trkpt lat="47.756693992" lon="18.440831">
			<ele>110.5</ele>
		</trkpt>
		<trkpt lat="47.756738992" lon="18.441366">
			<ele>110.4</ele>
		</trkpt>
		<trkpt lat="47.756843992" lon="18.441731">
			<ele>110.7</ele>
		</trkpt>
		<trkpt lat="47.756907992" lon="18.441901">
			<ele>110.8</ele>
		</trkpt>
		<trkpt lat="47.757159992" lon="18.442334">
			<ele>111.3</ele>
		</trkpt>
		<trkpt lat="47.757340992" lon="18.442778">
			<ele>113</ele>
		</trkpt>
		<trkpt lat="47.757391992" lon="18.442978">
			<ele>113.6</ele>
		</trkpt>
		<trkpt lat="47.757480992" lon="18.443924">
			<ele>114.8</ele>
		</trkpt>
		<trkpt lat="47.757627992" lon="18.44869">
			<ele>116.4</ele>
		</trkpt>
		<trkpt lat="47.757618992" lon="18.44942">
			<ele>116.8</ele>
		</trkpt>
		<trkpt lat="47.757496992" lon="18.450627">
			<ele>115.8</ele>
		</trkpt>
		<trkpt lat="47.756255992" lon="18.459007">
			<ele>111.9</ele>
		</trkpt>
		<trkpt lat="47.756047992" lon="18.460149">
			<ele>112</ele>
		</trkpt>
		<trkpt lat="47.754499992" lon="18.466577">
			<ele>115.9</ele>
		</trkpt>
		<trkpt lat="47.754058992" lon="18.468624">
			<ele>116.1</ele>
		</trkpt>
		<trkpt lat="47.752937992" lon="18.473457">
			<ele>115</ele>
		</trkpt>
		<trkpt lat="47.751172992" lon="18.480436">
			<ele>114.8</ele>
		</trkpt>
		<trkpt lat="47.750837992" lon="18.483188">
			<ele>112.6</ele>
		</trkpt>
		<trkpt lat="47.750409992" lon="18.48473">
			<ele>113</ele>
		</trkpt>
		<trkpt lat="47.750292992" lon="18.485246">
			<ele>113.2</ele>
		</trkpt>
		<trkpt lat="47.749837992" lon="18.487965">
			<ele>115.9</ele>
		</trkpt>
		<trkpt lat="47.749668992" lon="18.489585">
			<ele>118.1</ele>
		</trkpt>
		<trkpt lat="47.749599992" lon="18.49233">
			<ele>114.7</ele>
		</trkpt>
		<trkpt lat="47.749696992" lon="18.493182">
			<ele>112.4</ele>
		</trkpt>
		<trkpt lat="47.750328992" lon="18.496572">
			<ele>106.2</ele>
		</trkpt>
		<trkpt lat="47.750610992" lon="18.498455">
			<ele>105.5</ele>
		</trkpt>
		<trkpt lat="47.750935992" lon="18.502493">
			<ele>112.6</ele>
		</trkpt>
		<trkpt lat="47.751123992" lon="18.507326">
			<ele>109.7</ele>
		</trkpt>
		<trkpt lat="47.751242992" lon="18.509061">
			<ele>109.2</ele>
		</trkpt>
		<trkpt lat="47.751548992" lon="18.512679">
			<ele>110.4</ele>
		</trkpt>
		<trkpt lat="47.751659992" lon="18.514555">
			<ele>111.6</ele>
		</trkpt>
		<trkpt lat="47.752025992" lon="18.518293">
			<ele>114.5</ele>
		</trkpt>
		<trkpt lat="47.752233992" lon="18.519756">
			<ele>115.7</ele>
		</trkpt>
		<trkpt lat="47.752177992" lon="18.519801">
			<ele>115.7</ele>
		</trkpt>
		<trkpt lat="47.752679992" lon="18.522741">
			<ele>117.7</ele>
		</trkpt>
		<trkpt lat="47.753165992" lon="18.525367">
			<ele>114.6</ele>
		</trkpt>
		<trkpt lat="47.753275992" lon="18.525817">
			<ele>114.5</ele>
		</trkpt>
		<trkpt lat="47.753598992" lon="18.526847">
			<ele>119.8</ele>
		</trkpt>
		<trkpt lat="47.754001992" lon="18.527862">
			<ele>119.4</ele>
		</trkpt>
		<trkpt lat="47.754780992" lon="18.529391">
			<ele>114.2</ele>
		</trkpt>
		<trkpt lat="47.755033992" lon="18.529991">
			<ele>114.7</ele>
		</trkpt>
		<trkpt lat="47.755395992" lon="18.5307">
			<ele>112.9</ele>
		</trkpt>
		<trkpt lat="47.755608992" lon="18.53086">
			<ele>112.2</ele>
		</trkpt>
		<trkpt lat="47.756081992" lon="18.531674">
			<ele>110.8</ele>
		</trkpt>
		<trkpt lat="47.756096992" lon="18.531933">
			<ele>111.1</ele>
		</trkpt>
		<trkpt lat="47.756142992" lon="18.532007">
			<ele>111.1</ele>
		</trkpt>
		<trkpt lat="47.756405992" lon="18.532241">
			<ele>110.6</ele>
		</trkpt>
		<trkpt lat="47.757135992" lon="18.533346">
			<ele>111.6</ele>
		</trkpt>
		<trkpt lat="47.757789992" lon="18.534032">
			<ele>120.9</ele>
		</trkpt>
		<trkpt lat="47.758152992" lon="18.534336">
			<ele>132.2</ele>
		</trkpt>
		<trkpt lat="47.760402992" lon="18.535801">
			<ele>106.1</ele>
		</trkpt>
		<trkpt lat="47.760778992" lon="18.536203">
			<ele>106.4</ele>
		</trkpt>
		<trkpt lat="47.760915992" lon="18.536449">
			<ele>105.3</ele>
		</trkpt>
		<trkpt lat="47.760994992" lon="18.536719">
			<ele>106</ele>
		</trkpt>
		<trkpt lat="47.761045992" lon="18.537054">
			<ele>107</ele>
		</trkpt>
		<trkpt lat="47.761082992" lon="18.537633">
			<ele>107.4</ele>
		</trkpt>
		<trkpt lat="47.761173992" lon="18.541278">
			<ele>116.4</ele>
		</trkpt>
		<trkpt lat="47.760989992" lon="18.541459">
			<ele>117.6</ele>
		</trkpt>
		<trkpt lat="47.760806992" lon="18.542343">
			<ele>118.7</ele>
		</trkpt>
		<trkpt lat="47.760805992" lon="18.542747">
			<ele>118.5</ele>
		</trkpt>
		<trkpt lat="47.760910992" lon="18.543393">
			<ele>117.5</ele>
		</trkpt>
		<trkpt lat="47.761077992" lon="18.543891">
			<ele>116.5</ele>
		</trkpt>
		<trkpt lat="47.761332992" lon="18.544369">
			<ele>115.8</ele>
		</trkpt>
		<trkpt lat="47.761538992" lon="18.544573">
			<ele>115.5</ele>
		</trkpt>
		<trkpt lat="47.761728992" lon="18.54494">
			<ele>115.1</ele>
		</trkpt>
		<trkpt lat="47.761801992" lon="18.545695">
			<ele>113.5</ele>
		</trkpt>
		<trkpt lat="47.761823992" lon="18.546487">
			<ele>112.8</ele>
		</trkpt>
		<trkpt lat="47.761674992" lon="18.549092">
			<ele>111</ele>
		</trkpt>
		<trkpt lat="47.761551992" lon="18.552032">
			<ele>110.5</ele>
		</trkpt>
		<trkpt lat="47.761510992" lon="18.552419">
			<ele>109.6</ele>
		</trkpt>
		<trkpt lat="47.761392992" lon="18.552989">
			<ele>109.4</ele>
		</trkpt>
		<trkpt lat="47.760539992" lon="18.55563">
			<ele>108.1</ele>
		</trkpt>
		<trkpt lat="47.760244992" lon="18.55671">
			<ele>108.1</ele>
		</trkpt>
		<trkpt lat="47.759983992" lon="18.557994">
			<ele>108.2</ele>
		</trkpt>
		<trkpt lat="47.759879992" lon="18.558886">
			<ele>108.8</ele>
		</trkpt>
		<trkpt lat="47.759209992" lon="18.563628">
			<ele>110.1</ele>
		</trkpt>
		<trkpt lat="47.758791992" lon="18.566346">
			<ele>109.2</ele>
		</trkpt>
		<trkpt lat="47.758573992" lon="18.567475">
			<ele>109.8</ele>
		</trkpt>
		<trkpt lat="47.758541992" lon="18.567864">
			<ele>109.8</ele>
		</trkpt>
		<trkpt lat="47.758562992" lon="18.56819">
			<ele>109.9</ele>
		</trkpt>
		<trkpt lat="47.758651992" lon="18.568611">
			<ele>109.9</ele>
		</trkpt>
		<trkpt lat="47.758649992" lon="18.568737">
			<ele>109.9</ele>
		</trkpt>
		<trkpt lat="47.758555992" lon="18.568997">
			<ele>109.9</ele>
		</trkpt>
		<trkpt lat="47.758407992" lon="18.570011">
			<ele>109.7</ele>
		</trkpt>
		<trkpt lat="47.758137992" lon="18.57116">
			<ele>107.5</ele>
		</trkpt>
		<trkpt lat="47.757693992" lon="18.574218">
			<ele>109.8</ele>
		</trkpt>
		<trkpt lat="47.757592992" lon="18.574763">
			<ele>109.5</ele>
		</trkpt>
		<trkpt lat="47.756970992" lon="18.579196">
			<ele>107.5</ele>
		</trkpt>
		<trkpt lat="47.756989992" lon="18.579399">
			<ele>107.5</ele>
		</trkpt>
		<trkpt lat="47.756963992" lon="18.579577">
			<ele>107.7</ele>
		</trkpt>
		<trkpt lat="47.756895992" lon="18.579743">
			<ele>107.7</ele>
		</trkpt>
		<trkpt lat="47.756638992" lon="18.581527">
			<ele>107.4</ele>
		</trkpt>
		<trkpt lat="47.753238992" lon="18.60589">
			<ele>106.9</ele>
		</trkpt>
		<trkpt lat="47.753161992" lon="18.606668">
			<ele>107.7</ele>
		</trkpt>
		<trkpt lat="47.752585992" lon="18.610981">
			<ele>106.9</ele>
		</trkpt>
		<trkpt lat="47.752390992" lon="18.612164">
			<ele>107.5</ele>
		</trkpt>
		<trkpt lat="47.750598992" lon="18.625114">
			<ele>107.4</ele>
		</trkpt>
		<trkpt lat="47.750129992" lon="18.628308">
			<ele>108.4</ele>
		</trkpt>
		<trkpt lat="47.750061992" lon="18.629247">
			<ele>110.5</ele>
		</trkpt>
		<trkpt lat="47.750005992" lon="18.629416">
			<ele>110.5</ele>
		</trkpt>
		<trkpt lat="47.749864992" lon="18.630237">
			<ele>108.4</ele>
		</trkpt>
		<trkpt lat="47.749610992" lon="18.631107">
			<ele>107.7</ele>
		</trkpt>
		<trkpt lat="47.749926992" lon="18.631244">
			<ele>104.3</ele>
		</trkpt>
		<trkpt lat="47.749613992" lon="18.632782">
			<ele>105.5</ele>
		</trkpt>
		<trkpt lat="47.748591992" lon="18.636993">
			<ele>104.5</ele>
		</trkpt>
		<trkpt lat="47.748361992" lon="18.638343">
			<ele>106.6</ele>
		</trkpt>
		<trkpt lat="47.748232992" lon="18.639675">
			<ele>104.2</ele>
		</trkpt>
		<trkpt lat="47.748194992" lon="18.640906">
			<ele>104.2</ele>
		</trkpt>
		<trkpt lat="47.748273992" lon="18.643917">
			<ele>105.3</ele>
		</trkpt>
		<trkpt lat="47.748469992" lon="18.644509">
			<ele>105.3</ele>
		</trkpt>
		<trkpt lat="47.748514992" lon="18.644834">
			<ele>103.3</ele>
		</trkpt>
		<trkpt lat="47.748489992" lon="18.645148">
			<ele>103.3</ele>
		</trkpt>
		<trkpt lat="47.748321992" lon="18.64584">
			<ele>106.2</ele>
		</trkpt>
		<trkpt lat="47.748416992" lon="18.649622">
			<ele>105.5</ele>
		</trkpt>
		<trkpt lat="47.748359992" lon="18.65095">
			<ele>104.6</ele>
		</trkpt>
		<trkpt lat="47.748271992" lon="18.651714">
			<ele>104.4</ele>
		</trkpt>
		<trkpt lat="47.748155992" lon="18.652429">
			<ele>103.5</ele>
		</trkpt>
		<trkpt lat="47.747800992" lon="18.653915">
			<ele>103.6</ele>
		</trkpt>
		<trkpt lat="47.745218992" lon="18.66224">
			<ele>103.5</ele>
		</trkpt>
		<trkpt lat="47.745005992" lon="18.663073">
			<ele>103.5</ele>
		</trkpt>
		<trkpt lat="47.744823992" lon="18.66411">
			<ele>104</ele>
		</trkpt>
		<trkpt lat="47.744748992" lon="18.664806">
			<ele>103.9</ele>
		</trkpt>
		<trkpt lat="47.744723992" lon="18.665912">
			<ele>103.5</ele>
		</trkpt>
		<trkpt lat="47.744770992" lon="18.666742">
			<ele>103.6</ele>
		</trkpt>
		<trkpt lat="47.744946992" lon="18.667957">
			<ele>104.5</ele>
		</trkpt>
		<trkpt lat="47.745151992" lon="18.668808">
			<ele>104.5</ele>
		</trkpt>
		<trkpt lat="47.746513992" lon="18.6732">
			<ele>104.8</ele>
		</trkpt>
		<trkpt lat="47.746689992" lon="18.673955">
			<ele>105.5</ele>
		</trkpt>
		<trkpt lat="47.746817992" lon="18.674797">
			<ele>106.2</ele>
		</trkpt>
		<trkpt lat="47.746871992" lon="18.67558">
			<ele>105.6</ele>
		</trkpt>
		<trkpt lat="47.747181992" lon="18.683518">
			<ele>105.6</ele>
		</trkpt>
		<trkpt lat="47.747234992" lon="18.684231">
			<ele>105.3</ele>
		</trkpt>
		<trkpt lat="47.747337992" lon="18.684955">
			<ele>104.1</ele>
		</trkpt>
		<trkpt lat="47.747544992" lon="18.685835">
			<ele>104.4</ele>
		</trkpt>
		<trkpt lat="47.747899992" lon="18.686805">
			<ele>105.2</ele>
		</trkpt>
		<trkpt lat="47.749543992" lon="18.690064">
			<ele>105.3</ele>
		</trkpt>
		<trkpt lat="47.750037992" lon="18.69115">
			<ele>108.1</ele>
		</trkpt>
		<trkpt lat="47.750565992" lon="18.692507">
			<ele>107.1</ele>
		</trkpt>
		<trkpt lat="47.750643992" lon="18.692573">
			<ele>107.1</ele>
		</trkpt>
		<trkpt lat="47.750950992" lon="18.692507">
			<ele>106.7</ele>
		</trkpt>
		<trkpt lat="47.751054992" lon="18.692578">
			<ele>106.7</ele>
		</trkpt>
		<trkpt lat="47.751265992" lon="18.692622">
			<ele>105.8</ele>
		</trkpt>
		<trkpt lat="47.756038992" lon="18.696281">
			<ele>105.5</ele>
		</trkpt>
		<trkpt lat="47.758926992" lon="18.698739">
			<ele>105.4</ele>
		</trkpt>
		<trkpt lat="47.762066992" lon="18.70116">
			<ele>104.3</ele>
		</trkpt>
		<trkpt lat="47.762421992" lon="18.701477">
			<ele>104.3</ele>
		</trkpt>
		<trkpt lat="47.763118992" lon="18.702237">
			<ele>104.7</ele>
		</trkpt>
		<trkpt lat="47.763692992" lon="18.703051">
			<ele>104.9</ele>
		</trkpt>
		<trkpt lat="47.764770992" lon="18.704819">
			<ele>105.8</ele>
		</trkpt>
		<trkpt lat="47.769056992" lon="18.711371">
			<ele>106.5</ele>
		</trkpt>
		<trkpt lat="47.769734992" lon="18.712342">
			<ele>105.5</ele>
		</trkpt>
		<trkpt lat="47.770389992" lon="18.713411">
			<ele>105.9</ele>
		</trkpt>
		<trkpt lat="47.771166992" lon="18.714839">
			<ele>106.3</ele>
		</trkpt>
		<trkpt lat="47.772215992" lon="18.717313">
			<ele>105</ele>
		</trkpt>
		<trkpt lat="47.773089992" lon="18.719665">
			<ele>105.7</ele>
		</trkpt>
		<trkpt lat="47.775448992" lon="18.724614">
			<ele>103.5</ele>
		</trkpt>
		<trkpt lat="47.778647992" lon="18.730331">
			<ele>104.9</ele>
		</trkpt>
		<trkpt lat="47.779263992" lon="18.731543">
			<ele>106.7</ele>
		</trkpt>
		<trkpt lat="47.782032992" lon="18.736614">
			<ele>105.5</ele>
		</trkpt>
		<trkpt lat="47.782280992" lon="18.737014">
			<ele>105.8</ele>
		</trkpt>
		<trkpt lat="47.782532992" lon="18.737336">
			<ele>106</ele>
		</trkpt>
		<trkpt lat="47.784060992" lon="18.739081">
			<ele>106.3</ele>
		</trkpt>
		<trkpt lat="47.784728992" lon="18.739537">
			<ele>107.4</ele>
		</trkpt>
		<trkpt lat="47.785380992" lon="18.739839">
			<ele>107.7</ele>
		</trkpt>
		<trkpt lat="47.785549992" lon="18.739969">
			<ele>107.7</ele>
		</trkpt>
		<trkpt lat="47.785738992" lon="18.739953">
			<ele>107.8</ele>
		</trkpt>
		<trkpt lat="47.785905992" lon="18.740063">
			<ele>107.9</ele>
		</trkpt>
		<trkpt lat="47.786024992" lon="18.739921">
			<ele>107.9</ele>
		</trkpt>
		<trkpt lat="47.786097992" lon="18.739669">
			<ele>108</ele>
		</trkpt>
		<trkpt lat="47.786361992" lon="18.738329">
			<ele>107.2</ele>
		</trkpt>
		<trkpt lat="47.786643992" lon="18.737099">
			<ele>107.5</ele>
		</trkpt>
		<trkpt lat="47.787049992" lon="18.735987">
			<ele>107.4</ele>
		</trkpt>
		<trkpt lat="47.787374992" lon="18.735267">
			<ele>108</ele>
		</trkpt>
		<trkpt lat="47.787691992" lon="18.735584">
			<ele>108.2</ele>
		</trkpt>
		<trkpt lat="47.787787992" lon="18.735387">
			<ele>108.2</ele>
		</trkpt>
		<trkpt lat="47.787872992" lon="18.735353">
			<ele>108.4</ele>
		</trkpt>
		<trkpt lat="47.789626992" lon="18.736731">
			<ele>110.2</ele>
		</trkpt>
		<trkpt lat="47.791993992" lon="18.738311">
			<ele>111.6</ele>
		</trkpt>
		<trkpt lat="47.793903992" lon="18.739419">
			<ele>109.2</ele>
		</trkpt>
		<trkpt lat="47.793871992" lon="18.739415">
			<ele>109.2</ele>
		</trkpt>
		<trkpt lat="47.794159992" lon="18.738368">
			<ele>106.3</ele>
		</trkpt>
		<trkpt lat="47.794181992" lon="18.737273">
			<ele>106.8</ele>
		</trkpt>
		<trkpt lat="47.794254992" lon="18.7358">
			<ele>107.7</ele>
		</trkpt>
		<trkpt lat="47.794394992" lon="18.734908">
			<ele>107.6</ele>
		</trkpt>
		<trkpt lat="47.794592992" lon="18.73471">
			<ele>107.6</ele>
		</trkpt>
		<trkpt lat="47.794504992" lon="18.734572">
			<ele>107.7</ele>
		</trkpt>
		<trkpt lat="47.794487992" lon="18.734405">
			<ele>107.8</ele>
		</trkpt>
		<trkpt lat="47.795254992" lon="18.72979">
			<ele>102</ele>
		</trkpt>
	</trkseg>
</trk>
<trk>
	<name>12: Esztergom – Szob (DEVELOPED_WITH_SIGNS)</name>
	<desc>DEVELOPED_WITH_SIGNS</desc>
	<trkseg>
		<trkpt lat="47.792931992" lon="18.738861">
			<ele>110.9</ele>
		</trkpt>
		<trkpt lat="47.793871992" lon="18.739415">
			<ele>109.2</ele>
		</trkpt>
		<trkpt lat="47.794138992" lon="18.738503">
			<ele>106.3</ele>
		</trkpt>
		<trkpt lat="47.794168992" lon="18.738241">
			<ele>106.3</ele>
		</trkpt>
		<trkpt lat="47.794232992" lon="18.736016">
			<ele>107.7</ele>
		</trkpt>
		<trkpt lat="47.794394992" lon="18.734908">
			<ele>107.6</ele>
		</trkpt>
		<trkpt lat="47.794511992" lon="18.734757">
			<ele>107.7</ele>
		</trkpt>
		<trkpt lat="47.794592992" lon="18.73471">
			<ele>107.6</ele>
		</trkpt>
		<trkpt lat="47.794504992" lon="18.734572">
			<ele>107.7</ele>
		</trkpt>
		<trkpt lat="47.794487992" lon="18.734405">
			<ele>107.8</ele>
		</trkpt>
		<trkpt lat="47.795872992" lon="18.72609">
			<ele>109.2</ele>
		</trkpt>
		<trkpt lat="47.796208992" lon="18.724342">
			<ele>107.8</ele>
		</trkpt>
		<trkpt lat="47.796291992" lon="18.724126">
			<ele>107.9</ele>
		</trkpt>
		<trkpt lat="47.796457992" lon="18.723974">
			<ele>108.2</ele>
		</trkpt>
		<trkpt lat="47.796745992" lon="18.723994">
			<ele>108.3</ele>
		</trkpt>
		<trkpt lat="47.797878992" lon="18.724255">
			<ele>109.5</ele>
		</trkpt>
		<trkpt lat="47.797978992" lon="18.724304">
			<ele>109.4</ele>
		</trkpt>
		<trkpt lat="47.798263992" lon="18.724694">
			<ele>109.5</ele>
		</trkpt>
		<trkpt lat="47.798330992" lon="18.724721">
			<ele>109.5</ele>
		</trkpt>
		<trkpt lat="47.798192992" lon="18.72541">
			<ele>108.3</ele>
		</trkpt>
		<trkpt lat="47.798162992" lon="18.726038">
			<ele>107.4</ele>
		</trkpt>
		<trkpt lat="47.798228992" lon="18.726174">
			<ele>106.9</ele>
		</trkpt>
		<trkpt lat="47.798279992" lon="18.726193">
			<ele>106.9</ele>
		</trkpt>
		<trkpt lat="47.799544992" lon="18.726356">
			<ele>106.1</ele>
		</trkpt>
		<trkpt lat="47.801901992" lon="18.726578">
			<ele>105.1</ele>
		</trkpt>
		<trkpt lat="47.804049992" lon="18.726975">
			<ele>103.8</ele>
		</trkpt>
		<trkpt lat="47.808906992" lon="18.728385">
			<ele>105.5</ele>
		</trkpt>
		<trkpt lat="47.809978992" lon="18.728764">
			<ele>106.4</ele>
		</trkpt>
		<trkpt lat="47.810855992" lon="18.729217">
			<ele>107.2</ele>
		</trkpt>
		<trkpt lat="47.811743992" lon="18.72983">
			<ele>105</ele>
		</trkpt>
		<trkpt lat="47.812591992" lon="18.730542">
			<ele>104.7</ele>
		</trkpt>
		<trkpt lat="47.813847992" lon="18.731888">
			<ele>104.3</ele>
		</trkpt>
		<trkpt lat="47.814621992" lon="18.73296">
			<ele>104.5</ele>
		</trkpt>
		<trkpt lat="47.815058992" lon="18.733644">
			<ele>104.7</ele>
		</trkpt>
		<trkpt lat="47.817961992" lon="18.738461">
			<ele>104.2</ele>
		</trkpt>
		<trkpt lat="47.818056992" lon="18.738515">
			<ele>104.2</ele>
		</trkpt>
		<trkpt lat="47.818113992" lon="18.738444">
			<ele>104</ele>
		</trkpt>
		<trkpt lat="47.818522992" lon="18.737295">
			<ele>102.4</ele>
		</trkpt>
		<trkpt lat="47.818914992" lon="18.736493">
			<ele>101.9</ele>
		</trkpt>
		<trkpt lat="47.819210992" lon="18.736069">
			<ele>102.2</ele>
		</trkpt>
		<trkpt lat="47.821007992" lon="18.733885">
			<ele>106.3</ele>
		</trkpt>
		<trkpt lat="47.821210992" lon="18.734214">
			<ele>105.3</ele>
		</trkpt>
		<trkpt lat="47.821301992" lon="18.734306">
			<ele>104.6</ele>
		</trkpt>
		<trkpt lat="47.821371992" lon="18.734301">
			<ele>104.3</ele>
		</trkpt>
		<trkpt lat="47.821452992" lon="18.734222">
			<ele>105</ele>
		</trkpt>
		<trkpt lat="47.821490992" lon="18.734045">
			<ele>105</ele>
		</trkpt>
		<trkpt lat="47.821491992" lon="18.733599">
			<ele>107</ele>
		</trkpt>
		<trkpt lat="47.821471992" lon="18.733352">
			<ele>107.6</ele>
		</trkpt>
		<trkpt lat="47.821412992" lon="18.733127">
			<ele>108</ele>
		</trkpt>
		<trkpt lat="47.820824992" lon="18.731877">
			<ele>107.9</ele>
		</trkpt>
		<trkpt lat="47.821197992" lon="18.730271">
			<ele>106.5</ele>
		</trkpt>
		<trkpt lat="47.821336992" lon="18.7298">
			<ele>105.8</ele>
		</trkpt>
		<trkpt lat="47.821469992" lon="18.729488">
			<ele>106</ele>
		</trkpt>
		<trkpt lat="47.821634992" lon="18.729208">
			<ele>106.1</ele>
		</trkpt>
		<trkpt lat="47.822540992" lon="18.727901">
			<ele>105.6</ele>
		</trkpt>
		<trkpt lat="47.825911992" lon="18.722107">
			<ele>106.1</ele>
		</trkpt>
		<trkpt lat="47.826221992" lon="18.721329">
			<ele>106</ele>
		</trkpt>
		<trkpt lat="47.826493992" lon="18.720229">
			<ele>108.6</ele>
		</trkpt>
		<trkpt lat="47.826584992" lon="18.720314">
			<ele>108.1</ele>
		</trkpt>
		<trkpt lat="47.826664992" lon="18.720591">
			<ele>107.3</ele>
		</trkpt>
		<trkpt lat="47.826761992" lon="18.720784">
			<ele>106.8</ele>
		</trkpt>
		<trkpt lat="47.826810992" lon="18.720807">
			<ele>106.4</ele>
		</trkpt>
		<trkpt lat="47.826896992" lon="18.720759">
			<ele>106.9</ele>
		</trkpt>
		<trkpt lat="47.827020992" lon="18.720487">
			<ele>106.8</ele>
		</trkpt>
		<trkpt lat="47.827061992" lon="18.720322">
			<ele>106.8</ele>
		</trkpt>
		<trkpt lat="47.827057992" lon="18.720133">
			<ele>107.3</ele>
		</trkpt>
		<trkpt lat="47.826936992" lon="18.719845">
			<ele>108.3</ele>
		</trkpt>
		<trkpt lat="47.826832992" lon="18.719687">
			<ele>108.2</ele>
		</trkpt>
		<trkpt lat="47.826734992" lon="18.719627">
			<ele>108.5</ele>
		</trkpt>
		<trkpt lat="47.826623992" lon="18.719614">
			<ele>108.5</ele>
		</trkpt>
		<trkpt lat="47.826432992" lon="18.719751">
			<ele>108.7</ele>
		</trkpt>
		<trkpt lat="47.826333992" lon="18.719936">
			<ele>108.6</ele>
		</trkpt>
		<trkpt lat="47.830254992" lon="18.720454">
			<ele>109.6</ele>
		</trkpt>
		<trkpt lat="47.830499992" lon="18.720511">
			<ele>111.5</ele>
		</trkpt>
		<trkpt lat="47.830705992" lon="18.720624">
			<ele>113.9</ele>
		</trkpt>
		<trkpt lat="47.830840992" lon="18.72079">
			<ele>116.3</ele>
		</trkpt>
		<trkpt lat="47.830953992" lon="18.721001">
			<ele>119.1</ele>
		</trkpt>
		<trkpt lat="47.831017992" lon="18.721247">
			<ele>118.3</ele>
		</trkpt>
		<trkpt lat="47.831449992" lon="18.723783">
			<ele>117</ele>
		</trkpt>
		<trkpt lat="47.831580992" lon="18.723962">
			<ele>119.2</ele>
		</trkpt>
		<trkpt lat="47.831594992" lon="18.724536">
			<ele>118.4</ele>
		</trkpt>
		<trkpt lat="47.831567992" lon="18.725004">
			<ele>118.3</ele>
		</trkpt>
		<trkpt lat="47.831300992" lon="18.72628">
			<ele>117.9</ele>
		</trkpt>
		<trkpt lat="47.831232992" lon="18.726787">
			<ele>116.5</ele>
		</trkpt>
		<trkpt lat="47.831225992" lon="18.727095">
			<ele>116.7</ele>
		</trkpt>
		<trkpt lat="47.831348992" lon="18.728241">
			<ele>121.2</ele>
		</trkpt>
		<trkpt lat="47.831346992" lon="18.728664">
			<ele>122.3</ele>
		</trkpt>
		<trkpt lat="47.831206992" lon="18.729666">
			<ele>119.5</ele>
		</trkpt>
		<trkpt lat="47.831021992" lon="18.730471">
			<ele>115.9</ele>
		</trkpt>
		<trkpt lat="47.830659992" lon="18.731255">
			<ele>111</ele>
		</trkpt>
		<trkpt lat="47.830364992" lon="18.731723">
			<ele>109.5</ele>
		</trkpt>
		<trkpt lat="47.829719992" lon="18.732201">
			<ele>109.6</ele>
		</trkpt>
		<trkpt lat="47.829500992" lon="18.732446">
			<ele>110.1</ele>
		</trkpt>
		<trkpt lat="47.829076992" lon="18.733246">
			<ele>109.8</ele>
		</trkpt>
		<trkpt lat="47.828474992" lon="18.734113">
			<ele>107.8</ele>
		</trkpt>
		<trkpt lat="47.828225992" lon="18.734562">
			<ele>107.4</ele>
		</trkpt>
		<trkpt lat="47.827895992" lon="18.735442">
			<ele>106.8</ele>
		</trkpt>
		<trkpt lat="47.827510992" lon="18.73683">
			<ele>108.1</ele>
		</trkpt>
		<trkpt lat="47.827333992" lon="18.737965">
			<ele>109.2</ele>
		</trkpt>
		<trkpt lat="47.827001992" lon="18.739195">
			<ele>108.2</ele>
		</trkpt>
		<trkpt lat="47.826813992" lon="18.739685">
			<ele>107.7</ele>
		</trkpt>
		<trkpt lat="47.826535992" lon="18.740255">
			<ele>107.2</ele>
		</trkpt>
		<trkpt lat="47.825885992" lon="18.7423">
			<ele>114.4</ele>
		</trkpt>
		<trkpt lat="47.825704992" lon="18.742765">
			<ele>113</ele>
		</trkpt>
		<trkpt lat="47.825383992" lon="18.744571">
			<ele>114.4</ele>
		</trkpt>
		<trkpt lat="47.825190992" lon="18.745323">
			<ele>117</ele>
		</trkpt>
		<trkpt lat="47.824629992" lon="18.746683">
			<ele>113.5</ele>
		</trkpt>
		<trkpt lat="47.824446992" lon="18.746917">
			<ele>111.1</ele>
		</trkpt>
		<trkpt lat="47.824155992" lon="18.747076">
			<ele>108.2</ele>
		</trkpt>
		<trkpt lat="47.823857992" lon="18.747172">
			<ele>106.7</ele>
		</trkpt>
		<trkpt lat="47.823564992" lon="18.747186">
			<ele>106.5</ele>
		</trkpt>
		<trkpt lat="47.823406992" lon="18.747238">
			<ele>106.6</ele>
		</trkpt>
		<trkpt lat="47.823267992" lon="18.747331">
			<ele>106.4</ele>
		</trkpt>
		<trkpt lat="47.823153992" lon="18.747467">
			<ele>106.3</ele>
		</trkpt>
		<trkpt lat="47.823083992" lon="18.747636">
			<ele>106</ele>
		</trkpt>
		<trkpt lat="47.823055992" lon="18.747825">
			<ele>105.7</ele>
		</trkpt>
		<trkpt lat="47.823014992" lon="18.752832">
			<ele>106.9</ele>
		</trkpt>
		<trkpt lat="47.822969992" lon="18.753405">
			<ele>107.7</ele>
		</trkpt>
		<trkpt lat="47.822730992" lon="18.755277">
			<ele>107.1</ele>
		</trkpt>
		<trkpt lat="47.822357992" lon="18.76041">
			<ele>109.8</ele>
		</trkpt>
		<trkpt lat="47.822319992" lon="18.761236">
			<ele>109.1</ele>
		</trkpt>
		<trkpt lat="47.822346992" lon="18.762821">
			<ele>107.5</ele>
		</trkpt>
		<trkpt lat="47.822501992" lon="18.766931">
			<ele>117.8</ele>
		</trkpt>
		<trkpt lat="47.822499992" lon="18.768029">
			<ele>123.8</ele>
		</trkpt>
		<trkpt lat="47.822411992" lon="18.770435">
			<ele>120.2</ele>
		</trkpt>
		<trkpt lat="47.822439992" lon="18.771529">
			<ele>127.1</ele>
		</trkpt>
		<trkpt lat="47.822547992" lon="18.773273">
			<ele>117.8</ele>
		</trkpt>
		<trkpt lat="47.822852992" lon="18.77689">
			<ele>124.6</ele>
		</trkpt>
		<trkpt lat="47.823085992" lon="18.778719">
			<ele>118.2</ele>
		</trkpt>
		<trkpt lat="47.823099992" lon="18.779079">
			<ele>116.6</ele>
		</trkpt>
		<trkpt lat="47.822968992" lon="18.781055">
			<ele>108</ele>
		</trkpt>
		<trkpt lat="47.822950992" lon="18.781947">
			<ele>106.1</ele>
		</trkpt>
		<trkpt lat="47.823151992" lon="18.78294">
			<ele>106.9</ele>
		</trkpt>
		<trkpt lat="47.823639992" lon="18.784411">
			<ele>110.6</ele>
		</trkpt>
		<trkpt lat="47.823886992" lon="18.785259">
			<ele>111.2</ele>
		</trkpt>
		<trkpt lat="47.824012992" lon="18.785976">
			<ele>110.2</ele>
		</trkpt>
		<trkpt lat="47.824456992" lon="18.790214">
			<ele>114.1</ele>
		</trkpt>
		<trkpt lat="47.824495992" lon="18.790929">
			<ele>114.5</ele>
		</trkpt>
		<trkpt lat="47.824529992" lon="18.794106">
			<ele>108</ele>
		</trkpt>
		<trkpt lat="47.824600992" lon="18.794261">
			<ele>111.9</ele>
		</trkpt>
		<trkpt lat="47.824791992" lon="18.794437">
			<ele>116</ele>
		</trkpt>
		<trkpt lat="47.824876992" lon="18.79458">
			<ele>116</ele>
		</trkpt>
		<trkpt lat="47.824929992" lon="18.796351">
			<ele>110.9</ele>
		</trkpt>
		<trkpt lat="47.825007992" lon="18.797199">
			<ele>114</ele>
		</trkpt>
		<trkpt lat="47.825066992" lon="18.797652">
			<ele>114.6</ele>
		</trkpt>
		<trkpt lat="47.825358992" lon="18.798891">
			<ele>115.5</ele>
		</trkpt>
		<trkpt lat="47.825467992" lon="18.799589">
			<ele>112.4</ele>
		</trkpt>
		<trkpt lat="47.825480992" lon="18.800047">
			<ele>111.9</ele>
		</trkpt>
		<trkpt lat="47.825424992" lon="18.80086">
			<ele>111.9</ele>
		</trkpt>
		<trkpt lat="47.825431992" lon="18.801136">
			<ele>112.4</ele>
		</trkpt>
		<trkpt lat="47.825495992" lon="18.801457">
			<ele>112.7</ele>
		</trkpt>
		<trkpt lat="47.826039992" lon="18.803329">
			<ele>113.7</ele>
		</trkpt>
		<trkpt lat="47.827074992" lon="18.806072">
			<ele>116.7</ele>
		</trkpt>
		<trkpt lat="47.827201992" lon="18.806486">
			<ele>115.7</ele>
		</trkpt>
		<trkpt lat="47.827647992" lon="18.808292">
			<ele>113.7</ele>
		</trkpt>
		<trkpt lat="47.827741992" lon="18.809313">
			<ele>115.8</ele>
		</trkpt>
		<trkpt lat="47.827986992" lon="18.810536">
			<ele>116.5</ele>
		</trkpt>
		<trkpt lat="47.828057992" lon="18.81105">
			<ele>119.1</ele>
		</trkpt>
		<trkpt lat="47.828117992" lon="18.812356">
			<ele>118.1</ele>
		</trkpt>
		<trkpt lat="47.828117992" lon="18.814576">
			<ele>116.8</ele>
		</trkpt>
		<trkpt lat="47.828194992" lon="18.815239">
			<ele>119</ele>
		</trkpt>
		<trkpt lat="47.828165992" lon="18.815675">
			<ele>122</ele>
		</trkpt>
		<trkpt lat="47.828001992" lon="18.816498">
			<ele>122.1</ele>
		</trkpt>
		<trkpt lat="47.827949992" lon="18.816946">
			<ele>122.7</ele>
		</trkpt>
		<trkpt lat="47.827914992" lon="18.81805">
			<ele>122.9</ele>
		</trkpt>
		<trkpt lat="47.827923992" lon="18.81883">
			<ele>123.1</ele>
		</trkpt>
		<trkpt lat="47.828017992" lon="18.820359">
			<ele>119.1</ele>
		</trkpt>
		<trkpt lat="47.828488992" lon="18.823062">
			<ele>118.2</ele>
		</trkpt>
		<trkpt lat="47.829856992" lon="18.828115">
			<ele>120.2</ele>
		</trkpt>
		<trkpt lat="47.829915992" lon="18.828321">
			<ele>119.4</ele>
		</trkpt>
		<trkpt lat="47.830018992" lon="18.828527">
			<ele>119.4</ele>
		</trkpt>
		<trkpt lat="47.830419992" lon="18.828884">
			<ele>120</ele>
		</trkpt>
		<trkpt lat="47.830689992" lon="18.828992">
			<ele>120.4</ele>
		</trkpt>
		<trkpt lat="47.830912992" lon="18.829002">
			<ele>120.7</ele>
		</trkpt>
		<trkpt lat="47.831944992" lon="18.828867">
			<ele>114.6</ele>
		</trkpt>
		<trkpt lat="47.832104992" lon="18.82887">
			<ele>112.4</ele>
		</trkpt>
		<trkpt lat="47.832247992" lon="18.828924">
			<ele>110.6</ele>
		</trkpt>
		<trkpt lat="47.832352992" lon="18.829008">
			<ele>110.6</ele>
		</trkpt>
		<trkpt lat="47.832356992" lon="18.829095">
			<ele>110.6</ele>
		</trkpt>
		<trkpt lat="47.833827992" lon="18.8305">
			<ele>102.9</ele>
		</trkpt>
		<trkpt lat="47.834216992" lon="18.830793">
			<ele>102.3</ele>
		</trkpt>
		<trkpt lat="47.834752992" lon="18.831019">
			<ele>103.1</ele>
		</trkpt>
		<trkpt lat="47.834888992" lon="18.83114">
			<ele>103.1</ele>
		</trkpt>
		<trkpt lat="47.834992992" lon="18.831315">
			<ele>104.6</ele>
		</trkpt>
		<trkpt lat="47.832692992" lon="18.834958">
			<ele>107.4</ele>
		</trkpt>
		<trkpt lat="47.832602992" lon="18.835053">
			<ele>108.1</ele>
		</trkpt>
		<trkpt lat="47.832387992" lon="18.835149">
			<ele>107.5</ele>
		</trkpt>
		<trkpt lat="47.832235992" lon="18.835351">
			<ele>107.1</ele>
		</trkpt>
		<trkpt lat="47.830061992" lon="18.838752">
			<ele>103.8</ele>
		</trkpt>
		<trkpt lat="47.829948992" lon="18.839015">
			<ele>103.8</ele>
		</trkpt>
		<trkpt lat="47.829496992" lon="18.843465">
			<ele>102.7</ele>
		</trkpt>
		<trkpt lat="47.829455992" lon="18.844246">
			<ele>103.5</ele>
		</trkpt>
		<trkpt lat="47.829540992" lon="18.845139">
			<ele>102.7</ele>
		</trkpt>
		<trkpt lat="47.829614992" lon="18.84529">
			<ele>102.2</ele>
		</trkpt>
		<trkpt lat="47.829818992" lon="18.845431">
			<ele>102.1</ele>
		</trkpt>
		<trkpt lat="47.829895992" lon="18.845561">
			<ele>101.7</ele>
		</trkpt>
		<trkpt lat="47.830618992" lon="18.847777">
			<ele>103</ele>
		</trkpt>
		<trkpt lat="47.830733992" lon="18.848752">
			<ele>102.4</ele>
		</trkpt>
		<trkpt lat="47.830765992" lon="18.84943">
			<ele>102.4</ele>
		</trkpt>
		<trkpt lat="47.830747992" lon="18.84971">
			<ele>103.1</ele>
		</trkpt>
		<trkpt lat="47.830546992" lon="18.851067">
			<ele>103.8</ele>
		</trkpt>
		<trkpt lat="47.830185992" lon="18.85235">
			<ele>104.2</ele>
		</trkpt>
		<trkpt lat="47.830152992" lon="18.852568">
			<ele>104.8</ele>
		</trkpt>
		<trkpt lat="47.830167992" lon="18.852792">
			<ele>104.8</ele>
		</trkpt>
		<trkpt lat="47.830131992" lon="18.852911">
			<ele>105.8</ele>
		</trkpt>
		<trkpt lat="47.829402992" lon="18.853901">
			<ele>107.7</ele>
		</trkpt>
		<trkpt lat="47.828754992" lon="18.854597">
			<ele>105.1</ele>
		</trkpt>
		<trkpt lat="47.828522992" lon="18.854783">
			<ele>104.5</ele>
		</trkpt>
		<trkpt lat="47.828250992" lon="18.855329">
			<ele>103.9</ele>
		</trkpt>
		<trkpt lat="47.827978992" lon="18.8557">
			<ele>103.7</ele>
		</trkpt>
		<trkpt lat="47.827818992" lon="18.856314">
			<ele>103.6</ele>
		</trkpt>
		<trkpt lat="47.827686992" lon="18.856474">
			<ele>103.7</ele>
		</trkpt>
		<trkpt lat="47.827549992" lon="18.856544">
			<ele>103.5</ele>
		</trkpt>
		<trkpt lat="47.826285992" lon="18.856603">
			<ele>104.3</ele>
		</trkpt>
		<trkpt lat="47.826038992" lon="18.856555">
			<ele>107.4</ele>
		</trkpt>
		<trkpt lat="47.825962992" lon="18.856479">
			<ele>107.4</ele>
		</trkpt>
		<trkpt lat="47.825779992" lon="18.856113">
			<ele>106.8</ele>
		</trkpt>
		<trkpt lat="47.825368992" lon="18.855558">
			<ele>102.9</ele>
		</trkpt>
		<trkpt lat="47.825044992" lon="18.855238">
			<ele>101.4</ele>
		</trkpt>
		<trkpt lat="47.824460992" lon="18.854481">
			<ele>103</ele>
		</trkpt>
		<trkpt lat="47.824065992" lon="18.854035">
			<ele>102</ele>
		</trkpt>
		<trkpt lat="47.823658992" lon="18.8538">
			<ele>107.1</ele>
		</trkpt>
		<trkpt lat="47.823436992" lon="18.85362">
			<ele>106.1</ele>
		</trkpt>
		<trkpt lat="47.823273992" lon="18.85356">
			<ele>106.9</ele>
		</trkpt>
		<trkpt lat="47.823077992" lon="18.853574">
			<ele>107.3</ele>
		</trkpt>
		<trkpt lat="47.822719992" lon="18.85378">
			<ele>108.8</ele>
		</trkpt>
		<trkpt lat="47.822595992" lon="18.853952">
			<ele>109.5</ele>
		</trkpt>
		<trkpt lat="47.822065992" lon="18.855315">
			<ele>110.1</ele>
		</trkpt>
		<trkpt lat="47.821915992" lon="18.855894">
			<ele>110.4</ele>
		</trkpt>
		<trkpt lat="47.821679992" lon="18.857268">
			<ele>111</ele>
		</trkpt>
		<trkpt lat="47.821394992" lon="18.858185">
			<ele>110.9</ele>
		</trkpt>
		<trkpt lat="47.821228992" lon="18.858329">
			<ele>110</ele>
		</trkpt>
		<trkpt lat="47.821190992" lon="18.858448">
			<ele>110</ele>
		</trkpt>
		<trkpt lat="47.821077992" lon="18.859105">
			<ele>109.1</ele>
		</trkpt>
		<trkpt lat="47.821067992" lon="18.859554">
			<ele>109.5</ele>
		</trkpt>
		<trkpt lat="47.820991992" lon="18.859758">
			<ele>110.1</ele>
		</trkpt>
		<trkpt lat="47.820518992" lon="18.860411">
			<ele>110.8</ele>
		</trkpt>
		<trkpt lat="47.820488992" lon="18.860379">
			<ele>110.2</ele>
		</trkpt>
		<trkpt lat="47.818264992" lon="18.863076">
			<ele>110.3</ele>
		</trkpt>
		<trkpt lat="47.818053992" lon="18.863385">
			<ele>110.2</ele>
		</trkpt>
		<trkpt lat="47.817854992" lon="18.863509">
			<ele>109.9</ele>
		</trkpt>
		<trkpt lat="47.817680992" lon="18.863789">
			<ele>109.9</ele>
		</trkpt>
		<trkpt lat="47.817548992" lon="18.863647">
			<ele>109.9</ele>
		</trkpt>
		<trkpt lat="47.817101992" lon="18.862988">
			<ele>108.3</ele>
		</trkpt>
		<trkpt lat="47.816778992" lon="18.862631">
			<ele>107.7</ele>
		</trkpt>
		<trkpt lat="47.816169992" lon="18.862081">
			<ele>107.3</ele>
		</trkpt>
		<trkpt lat="47.815957992" lon="18.861984">
			<ele>106.7</ele>
		</trkpt>
		<trkpt lat="47.815549992" lon="18.863922">
			<ele>104.1</ele>
		</trkpt>
		<trkpt lat="47.815386992" lon="18.864953">
			<ele>102.8</ele>
		</trkpt>
		<trkpt lat="47.815350992" lon="18.865513">
			<ele>103.7</ele>
		</trkpt>
	</trkseg>
</trk>
<trk>
	<name>13: Szob – Vác (DEVELOPED_WITH_SIGNS)</name>
	<desc>DEVELOPED_WITH_SIGNS</desc>
	<trkseg>
		<trkpt lat="47.833205992" lon="18.829927">
			<ele>104.5</ele>
		</trkpt>
		<trkpt lat="47.834027992" lon="18.83072">
			<ele>102.7</ele>
		</trkpt>
		<trkpt lat="47.834560992" lon="18.830892">
			<ele>102</ele>
		</trkpt>
		<trkpt lat="47.834738992" lon="18.83099">
			<ele>101.9</ele>
		</trkpt>
		<trkpt lat="47.834856992" lon="18.831106">
			<ele>103.1</ele>
		</trkpt>
		<trkpt lat="47.834951992" lon="18.831377">
			<ele>104.6</ele>
		</trkpt>
		<trkpt lat="47.832692992" lon="18.834958">
			<ele>107.4</ele>
		</trkpt>
		<trkpt lat="47.832629992" lon="18.835036">
			<ele>107.4</ele>
		</trkpt>
		<trkpt lat="47.832348992" lon="18.835188">
			<ele>106.7</ele>
		</trkpt>
		<trkpt lat="47.832235992" lon="18.835351">
			<ele>107.1</ele>
		</trkpt>
		<trkpt lat="47.829998992" lon="18.838854">
			<ele>103.8</ele>
		</trkpt>
		<trkpt lat="47.829948992" lon="18.839015">
			<ele>103.8</ele>
		</trkpt>
		<trkpt lat="47.829496992" lon="18.843465">
			<ele>102.7</ele>
		</trkpt>
		<trkpt lat="47.829455992" lon="18.844246">
			<ele>103.5</ele>
		</trkpt>
		<trkpt lat="47.829514992" lon="18.844979">
			<ele>103.1</ele>
		</trkpt>
		<trkpt lat="47.829568992" lon="18.845215">
			<ele>102.7</ele>
		</trkpt>
		<trkpt lat="47.829640992" lon="18.845316">
			<ele>102.2</ele>
		</trkpt>
		<trkpt lat="47.829818992" lon="18.845431">
			<ele>102.1</ele>
		</trkpt>
		<trkpt lat="47.829895992" lon="18.845561">
			<ele>101.7</ele>
		</trkpt>
		<trkpt lat="47.830638992" lon="18.847859">
			<ele>103</ele>
		</trkpt>
		<trkpt lat="47.830733992" lon="18.848751">
			<ele>102.4</ele>
		</trkpt>
		<trkpt lat="47.830765992" lon="18.84943">
			<ele>102.4</ele>
		</trkpt>
		<trkpt lat="47.830546992" lon="18.851067">
			<ele>103.8</ele>
		</trkpt>
		<trkpt lat="47.830165992" lon="18.85244">
			<ele>104.2</ele>
		</trkpt>
		<trkpt lat="47.830162992" lon="18.852838">
			<ele>105.8</ele>
		</trkpt>
		<trkpt lat="47.829402992" lon="18.853901">
			<ele>107.7</ele>
		</trkpt>
		<trkpt lat="47.828754992" lon="18.854597">
			<ele>105.1</ele>
		</trkpt>
		<trkpt lat="47.828522992" lon="18.854783">
			<ele>104.5</ele>
		</trkpt>
		<trkpt lat="47.828250992" lon="18.855329">
			<ele>103.9</ele>
		</trkpt>
		<trkpt lat="47.827993992" lon="18.855674">
			<ele>103.7</ele>
		</trkpt>
		<trkpt lat="47.827939992" lon="18.855795">
			<ele>103.7</ele>
		</trkpt>
		<trkpt lat="47.827833992" lon="18.856281">
			<ele>103.6</ele>
		</trkpt>
		<trkpt lat="47.827762992" lon="18.856401">
			<ele>103.7</ele>
		</trkpt>
		<trkpt lat="47.827621992" lon="18.856518">
			<ele>103.5</ele>
		</trkpt>
		<trkpt lat="47.827453992" lon="18.856552">
			<ele>103.4</ele>
		</trkpt>
		<trkpt lat="47.826285992" lon="18.856603">
			<ele>104.3</ele>
		</trkpt>
		<trkpt lat="47.826038992" lon="18.856555">
			<ele>107.4</ele>
		</trkpt>
		<trkpt lat="47.825962992" lon="18.856479">
			<ele>107.4</ele>
		</trkpt>
		<trkpt lat="47.825779992" lon="18.856113">
			<ele>106.8</ele>
		</trkpt>
		<trkpt lat="47.825368992" lon="18.855558">
			<ele>102.9</ele>
		</trkpt>
		<trkpt lat="47.825044992" lon="18.855238">
			<ele>101.4</ele>
		</trkpt>
		<trkpt lat="47.824434992" lon="18.85445">
			<ele>101.5</ele>
		</trkpt>
		<trkpt lat="47.824065992" lon="18.854035">
			<ele>102</ele>
		</trkpt>
		<trkpt lat="47.823658992" lon="18.8538">
			<ele>107.1</ele>
		</trkpt>
		<trkpt lat="47.823436992" lon="18.85362">
			<ele>106.1</ele>
		</trkpt>
		<trkpt lat="47.823273992" lon="18.853559">
			<ele>106.9</ele>
		</trkpt>
		<trkpt lat="47.823139992" lon="18.853559">
			<ele>107.3</ele>
		</trkpt>
		<trkpt lat="47.822818992" lon="18.85371">
			<ele>108.6</ele>
		</trkpt>
		<trkpt lat="47.822619992" lon="18.853898">
			<ele>108.8</ele>
		</trkpt>
		<trkpt lat="47.822202992" lon="18.854928">
			<ele>109.6</ele>
		</trkpt>
		<trkpt lat="47.821991992" lon="18.855573">
			<ele>110.1</ele>
		</trkpt>
		<trkpt lat="47.821687992" lon="18.857238">
			<ele>111</ele>
		</trkpt>
		<trkpt lat="47.821374992" lon="18.858215">
			<ele>110.9</ele>
		</trkpt>
		<trkpt lat="47.821251992" lon="18.858303">
			<ele>110</ele>
		</trkpt>
		<trkpt lat="47.821190992" lon="18.858448">
			<ele>110</ele>
		</trkpt>
		<trkpt lat="47.821077992" lon="18.859105">
			<ele>109.1</ele>
		</trkpt>
		<trkpt lat="47.821054992" lon="18.859618">
			<ele>110.1</ele>
		</trkpt>
		<trkpt lat="47.820991992" lon="18.859758">
			<ele>110.1</ele>
		</trkpt>
		<trkpt lat="47.820518992" lon="18.860411">
			<ele>110.8</ele>
		</trkpt>
		<trkpt lat="47.820488992" lon="18.860379">
			<ele>110.2</ele>
		</trkpt>
		<trkpt lat="47.818045992" lon="18.86336">
			<ele>110.2</ele>
		</trkpt>
		<trkpt lat="47.817941992" lon="18.863447">
			<ele>110.2</ele>
		</trkpt>
		<trkpt lat="47.817826992" lon="18.863475">
			<ele>109.9</ele>
		</trkpt>
		<trkpt lat="47.817732992" lon="18.863584">
			<ele>109.9</ele>
		</trkpt>
		<trkpt lat="47.817680992" lon="18.863789">
			<ele>109.9</ele>
		</trkpt>
		<trkpt lat="47.817548992" lon="18.863647">
			<ele>109.9</ele>
		</trkpt>
		<trkpt lat="47.817101992" lon="18.862988">
			<ele>108.3</ele>
		</trkpt>
		<trkpt lat="47.816605992" lon="18.862467">
			<ele>107.5</ele>
		</trkpt>
		<trkpt lat="47.816169992" lon="18.862081">
			<ele>107.3</ele>
		</trkpt>
		<trkpt lat="47.815957992" lon="18.861984">
			<ele>106.7</ele>
		</trkpt>
		<trkpt lat="47.815549992" lon="18.863922">
			<ele>104.1</ele>
		</trkpt>
		<trkpt lat="47.815386992" lon="18.864953">
			<ele>102.8</ele>
		</trkpt>
		<trkpt lat="47.815264992" lon="18.866503">
			<ele>107.5</ele>
		</trkpt>
		<trkpt lat="47.815161992" lon="18.870833">
			<ele>103.8</ele>
		</trkpt>
		<trkpt lat="47.815005992" lon="18.872366">
			<ele>104.3</ele>
		</trkpt>
		<trkpt lat="47.814953992" lon="18.873566">
			<ele>104.4</ele>
		</trkpt>
		<trkpt lat="47.814880992" lon="18.874288">
			<ele>103.7</ele>
		</trkpt>
		<trkpt lat="47.814525992" lon="18.8769">
			<ele>100.4</ele>
		</trkpt>
		<trkpt lat="47.814435992" lon="18.877242">
			<ele>100.3</ele>
		</trkpt>
		<trkpt lat="47.814217992" lon="18.877834">
			<ele>100.2</ele>
		</trkpt>
		<trkpt lat="47.813789992" lon="18.880001">
			<ele>107.9</ele>
		</trkpt>
		<trkpt lat="47.812722992" lon="18.884904">
			<ele>104</ele>
		</trkpt>
		<trkpt lat="47.812499992" lon="18.886047">
			<ele>104.8</ele>
		</trkpt>
		<trkpt lat="47.811123992" lon="18.891411">
			<ele>108</ele>
		</trkpt>
		<trkpt lat="47.810550992" lon="18.893444">
			<ele>111.8</ele>
		</trkpt>
		<trkpt lat="47.810428992" lon="18.893696">
			<ele>109.9</ele>
		</trkpt>
		<trkpt lat="47.808626992" lon="18.89942">
			<ele>111.1</ele>
		</trkpt>
		<trkpt lat="47.808504992" lon="18.899914">
			<ele>112.6</ele>
		</trkpt>
		<trkpt lat="47.808224992" lon="18.900491">
			<ele>108.7</ele>
		</trkpt>
		<trkpt lat="47.808204992" lon="18.900738">
			<ele>109.4</ele>
		</trkpt>
		<trkpt lat="47.808142992" lon="18.900932">
			<ele>110.1</ele>
		</trkpt>
		<trkpt lat="47.807924992" lon="18.901282">
			<ele>109.3</ele>
		</trkpt>
		<trkpt lat="47.807401992" lon="18.902285">
			<ele>109.4</ele>
		</trkpt>
		<trkpt lat="47.807316992" lon="18.902319">
			<ele>109.4</ele>
		</trkpt>
		<trkpt lat="47.807213992" lon="18.902193">
			<ele>107.9</ele>
		</trkpt>
		<trkpt lat="47.807146992" lon="18.902164">
			<ele>107.9</ele>
		</trkpt>
		<trkpt lat="47.807074992" lon="18.902194">
			<ele>107.9</ele>
		</trkpt>
		<trkpt lat="47.806355992" lon="18.903047">
			<ele>105.7</ele>
		</trkpt>
		<trkpt lat="47.806097992" lon="18.903546">
			<ele>108.3</ele>
		</trkpt>
		<trkpt lat="47.805484992" lon="18.904079">
			<ele>110.2</ele>
		</trkpt>
		<trkpt lat="47.804358992" lon="18.905452">
			<ele>107.9</ele>
		</trkpt>
		<trkpt lat="47.803335992" lon="18.906464">
			<ele>105.8</ele>
		</trkpt>
		<trkpt lat="47.802365992" lon="18.907309">
			<ele>107.1</ele>
		</trkpt>
		<trkpt lat="47.801999992" lon="18.90756">
			<ele>106.8</ele>
		</trkpt>
		<trkpt lat="47.800710992" lon="18.908221">
			<ele>100.8</ele>
		</trkpt>
		<trkpt lat="47.800510992" lon="18.908538">
			<ele>99.4</ele>
		</trkpt>
		<trkpt lat="47.800339992" lon="18.908624">
			<ele>104.5</ele>
		</trkpt>
		<trkpt lat="47.799768992" lon="18.908777">
			<ele>109.5</ele>
		</trkpt>
		<trkpt lat="47.798675992" lon="18.909194">
			<ele>108.2</ele>
		</trkpt>
		<trkpt lat="47.798030992" lon="18.909505">
			<ele>110.2</ele>
		</trkpt>
		<trkpt lat="47.797946992" lon="18.909506">
			<ele>109.9</ele>
		</trkpt>
		<trkpt lat="47.797821992" lon="18.909438">
			<ele>109.9</ele>
		</trkpt>
		<trkpt lat="47.797675992" lon="18.909495">
			<ele>109.7</ele>
		</trkpt>
		<trkpt lat="47.797638992" lon="18.909581">
			<ele>109.7</ele>
		</trkpt>
		<trkpt lat="47.796918992" lon="18.90958">
			<ele>110.8</ele>
		</trkpt>
		<trkpt lat="47.795579992" lon="18.910053">
			<ele>105.9</ele>
		</trkpt>
		<trkpt lat="47.795113992" lon="18.910279">
			<ele>106.3</ele>
		</trkpt>
		<trkpt lat="47.794936992" lon="18.910438">
			<ele>106.2</ele>
		</trkpt>
		<trkpt lat="47.794625992" lon="18.910879">
			<ele>108</ele>
		</trkpt>
		<trkpt lat="47.793730992" lon="18.910893">
			<ele>113.8</ele>
		</trkpt>
		<trkpt lat="47.793269992" lon="18.910833">
			<ele>113.7</ele>
		</trkpt>
		<trkpt lat="47.792083992" lon="18.910306">
			<ele>112.8</ele>
		</trkpt>
		<trkpt lat="47.790705992" lon="18.909823">
			<ele>116.5</ele>
		</trkpt>
		<trkpt lat="47.789853992" lon="18.909781">
			<ele>114.8</ele>
		</trkpt>
		<trkpt lat="47.789470992" lon="18.909821">
			<ele>112.6</ele>
		</trkpt>
		<trkpt lat="47.786874992" lon="18.91056">
			<ele>120.5</ele>
		</trkpt>
		<trkpt lat="47.785755992" lon="18.910651">
			<ele>120.1</ele>
		</trkpt>
		<trkpt lat="47.785486992" lon="18.910732">
			<ele>115.5</ele>
		</trkpt>
		<trkpt lat="47.784314992" lon="18.911343">
			<ele>106.2</ele>
		</trkpt>
		<trkpt lat="47.783912992" lon="18.911428">
			<ele>106.3</ele>
		</trkpt>
		<trkpt lat="47.783818992" lon="18.911408">
			<ele>106.6</ele>
		</trkpt>
		<trkpt lat="47.783087992" lon="18.911511">
			<ele>102</ele>
		</trkpt>
		<trkpt lat="47.781731992" lon="18.911914">
			<ele>117.4</ele>
		</trkpt>
		<trkpt lat="47.781092992" lon="18.911918">
			<ele>117.6</ele>
		</trkpt>
		<trkpt lat="47.780229992" lon="18.912079">
			<ele>100.2</ele>
		</trkpt>
		<trkpt lat="47.779761992" lon="18.912347">
			<ele>101.9</ele>
		</trkpt>
		<trkpt lat="47.778163992" lon="18.912961">
			<ele>111.2</ele>
		</trkpt>
		<trkpt lat="47.777576992" lon="18.913122">
			<ele>113.2</ele>
		</trkpt>
		<trkpt lat="47.774698992" lon="18.913693">
			<ele>115.5</ele>
		</trkpt>
		<trkpt lat="47.774145992" lon="18.913885">
			<ele>114.6</ele>
		</trkpt>
		<trkpt lat="47.773620992" lon="18.91416">
			<ele>113.9</ele>
		</trkpt>
		<trkpt lat="47.772891992" lon="18.914626">
			<ele>116.2</ele>
		</trkpt>
		<trkpt lat="47.772381992" lon="18.915015">
			<ele>110.4</ele>
		</trkpt>
		<trkpt lat="47.771118992" lon="18.916243">
			<ele>109.4</ele>
		</trkpt>
		<trkpt lat="47.770309992" lon="18.917247">
			<ele>114.5</ele>
		</trkpt>
		<trkpt lat="47.769752992" lon="18.918052">
			<ele>115.1</ele>
		</trkpt>
		<trkpt lat="47.769411992" lon="18.91871">
			<ele>111.1</ele>
		</trkpt>
		<trkpt lat="47.768550992" lon="18.920883">
			<ele>109.1</ele>
		</trkpt>
		<trkpt lat="47.768218992" lon="18.921838">
			<ele>110</ele>
		</trkpt>
		<trkpt lat="47.768038992" lon="18.922531">
			<ele>108</ele>
		</trkpt>
		<trkpt lat="47.767907992" lon="18.923264">
			<ele>106.4</ele>
		</trkpt>
		<trkpt lat="47.767552992" lon="18.925769">
			<ele>107.8</ele>
		</trkpt>
		<trkpt lat="47.767495992" lon="18.926574">
			<ele>107.6</ele>
		</trkpt>
		<trkpt lat="47.767488992" lon="18.927787">
			<ele>108.3</ele>
		</trkpt>
		<trkpt lat="47.767552992" lon="18.928811">
			<ele>109.3</ele>
		</trkpt>
		<trkpt lat="47.768234992" lon="18.935829">
			<ele>105.3</ele>
		</trkpt>
		<trkpt lat="47.768396992" lon="18.936924">
			<ele>103.8</ele>
		</trkpt>
		<trkpt lat="47.768913992" lon="18.938901">
			<ele>109</ele>
		</trkpt>
		<trkpt lat="47.768897992" lon="18.939176">
			<ele>107.8</ele>
		</trkpt>
		<trkpt lat="47.768740992" lon="18.939726">
			<ele>104.4</ele>
		</trkpt>
		<trkpt lat="47.768681992" lon="18.940224">
			<ele>103.5</ele>
		</trkpt>
		<trkpt lat="47.768746992" lon="18.940486">
			<ele>101.9</ele>
		</trkpt>
		<trkpt lat="47.768773992" lon="18.940786">
			<ele>100.8</ele>
		</trkpt>
		<trkpt lat="47.769833992" lon="18.943066">
			<ele>103.5</ele>
		</trkpt>
		<trkpt lat="47.770345992" lon="18.943921">
			<ele>105.4</ele>
		</trkpt>
		<trkpt lat="47.770660992" lon="18.94435">
			<ele>104.7</ele>
		</trkpt>
		<trkpt lat="47.771327992" lon="18.945756">
			<ele>101.7</ele>
		</trkpt>
		<trkpt lat="47.771592992" lon="18.94618">
			<ele>103.2</ele>
		</trkpt>
		<trkpt lat="47.771731992" lon="18.946282">
			<ele>103.2</ele>
		</trkpt>
		<trkpt lat="47.772468992" lon="18.946348">
			<ele>106.8</ele>
		</trkpt>
		<trkpt lat="47.776268992" lon="18.950478">
			<ele>109.8</ele>
		</trkpt>
		<trkpt lat="47.777467992" lon="18.951481">
			<ele>109.8</ele>
		</trkpt>
		<trkpt lat="47.777525992" lon="18.951621">
			<ele>109.8</ele>
		</trkpt>
		<trkpt lat="47.777708992" lon="18.953158">
			<ele>101.9</ele>
		</trkpt>
		<trkpt lat="47.777776992" lon="18.953283">
			<ele>102.4</ele>
		</trkpt>
		<trkpt lat="47.778394992" lon="18.953935">
			<ele>104</ele>
		</trkpt>
		<trkpt lat="47.778572992" lon="18.954174">
			<ele>104.8</ele>
		</trkpt>
		<trkpt lat="47.779458992" lon="18.955698">
			<ele>106.3</ele>
		</trkpt>
		<trkpt lat="47.779732992" lon="18.955921">
			<ele>104.8</ele>
		</trkpt>
		<trkpt lat="47.780673992" lon="18.956533">
			<ele>103.8</ele>
		</trkpt>
		<trkpt lat="47.783008992" lon="18.957894">
			<ele>101.8</ele>
		</trkpt>
		<trkpt lat="47.785250992" lon="18.959121">
			<ele>104.1</ele>
		</trkpt>
		<trkpt lat="47.785566992" lon="18.959223">
			<ele>105.5</ele>
		</trkpt>
		<trkpt lat="47.785651992" lon="18.959288">
			<ele>104.5</ele>
		</trkpt>
		<trkpt lat="47.785693992" lon="18.959435">
			<ele>104.9</ele>
		</trkpt>
		<trkpt lat="47.785788992" lon="18.959524">
			<ele>104.9</ele>
		</trkpt>
		<trkpt lat="47.786013992" lon="18.959558">
			<ele>103.3</ele>
		</trkpt>
		<trkpt lat="47.787300992" lon="18.960143">
			<ele>102.2</ele>
		</trkpt>
		<trkpt lat="47.787460992" lon="18.960128">
			<ele>102.9</ele>
		</trkpt>
		<trkpt lat="47.788480992" lon="18.960565">
			<ele>105</ele>
		</trkpt>
		<trkpt lat="47.789281992" lon="18.96103">
			<ele>105</ele>
		</trkpt>
		<trkpt lat="47.789263992" lon="18.961106">
			<ele>105</ele>
		</trkpt>
		<trkpt lat="47.789281992" lon="18.96103">
			<ele>105</ele>
		</trkpt>
		<trkpt lat="47.789773992" lon="18.961297">
			<ele>104.6</ele>
		</trkpt>
		<trkpt lat="47.789810992" lon="18.961375">
			<ele>104.6</ele>
		</trkpt>
		<trkpt lat="47.789808992" lon="18.961477">
			<ele>103.9</ele>
		</trkpt>
		<trkpt lat="47.789869992" lon="18.961605">
			<ele>104</ele>
		</trkpt>
		<trkpt lat="47.794255992" lon="18.96382">
			<ele>102.6</ele>
		</trkpt>
		<trkpt lat="47.794327992" lon="18.963816">
			<ele>102.6</ele>
		</trkpt>
		<trkpt lat="47.794442992" lon="18.963643">
			<ele>103</ele>
		</trkpt>
		<trkpt lat="47.794506992" lon="18.963635">
			<ele>103</ele>
		</trkpt>
		<trkpt lat="47.795646992" lon="18.964162">
			<ele>104</ele>
		</trkpt>
		<trkpt lat="47.797162992" lon="18.964615">
			<ele>103.3</ele>
		</trkpt>
		<trkpt lat="47.797538992" lon="18.964809">
			<ele>103.1</ele>
		</trkpt>
		<trkpt lat="47.797757992" lon="18.964825">
			<ele>103.7</ele>
		</trkpt>
		<trkpt lat="47.798579992" lon="18.96524">
			<ele>104.2</ele>
		</trkpt>
		<trkpt lat="47.799029992" lon="18.965365">
			<ele>104.3</ele>
		</trkpt>
		<trkpt lat="47.799309992" lon="18.965397">
			<ele>104.5</ele>
		</trkpt>
		<trkpt lat="47.799428992" lon="18.965512">
			<ele>104</ele>
		</trkpt>
		<trkpt lat="47.800728992" lon="18.96616">
			<ele>103.8</ele>
		</trkpt>
		<trkpt lat="47.801160992" lon="18.966267">
			<ele>104.3</ele>
		</trkpt>
		<trkpt lat="47.803873992" lon="18.967797">
			<ele>105.7</ele>
		</trkpt>
		<trkpt lat="47.803963992" lon="18.967879">
			<ele>105.7</ele>
		</trkpt>
		<trkpt lat="47.803906992" lon="18.968429">
			<ele>106.1</ele>
		</trkpt>
		<trkpt lat="47.803962992" lon="18.968544">
			<ele>106.1</ele>
		</trkpt>
		<trkpt lat="47.804503992" lon="18.969089">
			<ele>104.8</ele>
		</trkpt>
		<trkpt lat="47.804663992" lon="18.96914">
			<ele>104.5</ele>
		</trkpt>
		<trkpt lat="47.804892992" lon="18.969099">
			<ele>104.5</ele>
		</trkpt>
		<trkpt lat="47.805236992" lon="18.969517">
			<ele>104.7</ele>
		</trkpt>
		<trkpt lat="47.806532992" lon="18.971314">
			<ele>103</ele>
		</trkpt>
		<trkpt lat="47.806983992" lon="18.971993">
			<ele>103.5</ele>
		</trkpt>
		<trkpt lat="47.808312992" lon="18.973643">
			<ele>103.4</ele>
		</trkpt>
		<trkpt lat="47.808789992" lon="18.974131">
			<ele>103</ele>
		</trkpt>
		<trkpt lat="47.812634992" lon="18.978369">
			<ele>102.2</ele>
		</trkpt>
		<trkpt lat="47.814622992" lon="18.980684">
			<ele>103.2</ele>
		</trkpt>
		<trkpt lat="47.815196992" lon="18.981409">
			<ele>104.6</ele>
		</trkpt>
		<trkpt lat="47.816225992" lon="18.982756">
			<ele>103.8</ele>
		</trkpt>
		<trkpt lat="47.816759992" lon="18.983521">
			<ele>103.2</ele>
		</trkpt>
		<trkpt lat="47.817433992" lon="18.984578">
			<ele>103.2</ele>
		</trkpt>
		<trkpt lat="47.818401992" lon="18.985887">
			<ele>102.9</ele>
		</trkpt>
		<trkpt lat="47.819425992" lon="18.987527">
			<ele>104.9</ele>
		</trkpt>
		<trkpt lat="47.819629992" lon="18.987796">
			<ele>105</ele>
		</trkpt>
		<trkpt lat="47.819836992" lon="18.98842">
			<ele>104.2</ele>
		</trkpt>
		<trkpt lat="47.820537992" lon="18.990023">
			<ele>102.4</ele>
		</trkpt>
		<trkpt lat="47.820986992" lon="18.991194">
			<ele>102.3</ele>
		</trkpt>
		<trkpt lat="47.821495992" lon="18.993448">
			<ele>102.5</ele>
		</trkpt>
		<trkpt lat="47.821604992" lon="18.994209">
			<ele>101.5</ele>
		</trkpt>
		<trkpt lat="47.821446992" lon="18.994702">
			<ele>101.3</ele>
		</trkpt>
		<trkpt lat="47.821170992" lon="18.995024">
			<ele>101.3</ele>
		</trkpt>
		<trkpt lat="47.821129992" lon="18.995317">
			<ele>101.6</ele>
		</trkpt>
		<trkpt lat="47.821165992" lon="18.995663">
			<ele>101.9</ele>
		</trkpt>
		<trkpt lat="47.821336992" lon="18.996077">
			<ele>102.2</ele>
		</trkpt>
		<trkpt lat="47.821593992" lon="18.996511">
			<ele>101.4</ele>
		</trkpt>
		<trkpt lat="47.821963992" lon="18.996956">
			<ele>100.6</ele>
		</trkpt>
		<trkpt lat="47.822293992" lon="18.997811">
			<ele>101.1</ele>
		</trkpt>
		<trkpt lat="47.822575992" lon="18.998693">
			<ele>101.5</ele>
		</trkpt>
		<trkpt lat="47.822877992" lon="18.999769">
			<ele>103.9</ele>
		</trkpt>
		<trkpt lat="47.822895992" lon="18.999954">
			<ele>103.9</ele>
		</trkpt>
		<trkpt lat="47.822870992" lon="19.000163">
			<ele>104.4</ele>
		</trkpt>
		<trkpt lat="47.822905992" lon="19.00024">
			<ele>104.4</ele>
		</trkpt>
		<trkpt lat="47.823042992" lon="19.000301">
			<ele>104.2</ele>
		</trkpt>
		<trkpt lat="47.823187992" lon="19.000744">
			<ele>104.1</ele>
		</trkpt>
		<trkpt lat="47.823379992" lon="19.002333">
			<ele>101.9</ele>
		</trkpt>
		<trkpt lat="47.823448992" lon="19.003745">
			<ele>101.3</ele>
		</trkpt>
		<trkpt lat="47.823280992" lon="19.007017">
			<ele>102.6</ele>
		</trkpt>
		<trkpt lat="47.823163992" lon="19.008299">
			<ele>100.8</ele>
		</trkpt>
		<trkpt lat="47.822622992" lon="19.011897">
			<ele>101.2</ele>
		</trkpt>
		<trkpt lat="47.822666992" lon="19.011943">
			<ele>101.2</ele>
		</trkpt>
		<trkpt lat="47.823070992" lon="19.012023">
			<ele>101.5</ele>
		</trkpt>
		<trkpt lat="47.823508992" lon="19.012423">
			<ele>102.2</ele>
		</trkpt>
		<trkpt lat="47.823709992" lon="19.012694">
			<ele>102.5</ele>
		</trkpt>
		<trkpt lat="47.823697992" lon="19.013828">
			<ele>103.3</ele>
		</trkpt>
		<trkpt lat="47.823648992" lon="19.01401">
			<ele>103.7</ele>
		</trkpt>
		<trkpt lat="47.823647992" lon="19.01527">
			<ele>104.5</ele>
		</trkpt>
		<trkpt lat="47.825625992" lon="19.015673">
			<ele>106.7</ele>
		</trkpt>
		<trkpt lat="47.825477992" lon="19.016307">
			<ele>106.9</ele>
		</trkpt>
		<trkpt lat="47.823580992" lon="19.021295">
			<ele>104.9</ele>
		</trkpt>
		<trkpt lat="47.823185992" lon="19.022444">
			<ele>106.9</ele>
		</trkpt>
		<trkpt lat="47.822982992" lon="19.023677">
			<ele>110</ele>
		</trkpt>
		<trkpt lat="47.822651992" lon="19.026121">
			<ele>105.8</ele>
		</trkpt>
		<trkpt lat="47.822590992" lon="19.027242">
			<ele>103.1</ele>
		</trkpt>
		<trkpt lat="47.822688992" lon="19.027252">
			<ele>105.3</ele>
		</trkpt>
		<trkpt lat="47.822344992" lon="19.033934">
			<ele>107.2</ele>
		</trkpt>
		<trkpt lat="47.822189992" lon="19.034724">
			<ele>107.1</ele>
		</trkpt>
		<trkpt lat="47.821576992" lon="19.036687">
			<ele>107.3</ele>
		</trkpt>
		<trkpt lat="47.821270992" lon="19.038042">
			<ele>105.8</ele>
		</trkpt>
		<trkpt lat="47.820783992" lon="19.040979">
			<ele>103.8</ele>
		</trkpt>
		<trkpt lat="47.820637992" lon="19.042138">
			<ele>105.3</ele>
		</trkpt>
		<trkpt lat="47.820635992" lon="19.04259">
			<ele>105.4</ele>
		</trkpt>
		<trkpt lat="47.820273992" lon="19.045191">
			<ele>104.8</ele>
		</trkpt>
		<trkpt lat="47.818703992" lon="19.052058">
			<ele>105.4</ele>
		</trkpt>
		<trkpt lat="47.818482992" lon="19.053122">
			<ele>105.5</ele>
		</trkpt>
		<trkpt lat="47.818271992" lon="19.054944">
			<ele>104.9</ele>
		</trkpt>
		<trkpt lat="47.818242992" lon="19.055734">
			<ele>104.1</ele>
		</trkpt>
		<trkpt lat="47.817978992" lon="19.057352">
			<ele>103.8</ele>
		</trkpt>
		<trkpt lat="47.817735992" lon="19.059367">
			<ele>103.3</ele>
		</trkpt>
		<trkpt lat="47.817091992" lon="19.064115">
			<ele>105.4</ele>
		</trkpt>
		<trkpt lat="47.816290992" lon="19.06749">
			<ele>104.1</ele>
		</trkpt>
		<trkpt lat="47.816256992" lon="19.067966">
			<ele>104.6</ele>
		</trkpt>
		<trkpt lat="47.816082992" lon="19.068771">
			<ele>105.3</ele>
		</trkpt>
		<trkpt lat="47.815945992" lon="19.070062">
			<ele>107</ele>
		</trkpt>
		<trkpt lat="47.815884992" lon="19.07032">
			<ele>106.7</ele>
		</trkpt>
		<trkpt lat="47.815762992" lon="19.071479">
			<ele>110</ele>
		</trkpt>
		<trkpt lat="47.815745992" lon="19.071979">
			<ele>113.2</ele>
		</trkpt>
		<trkpt lat="47.815624992" lon="19.072733">
			<ele>114.9</ele>
		</trkpt>
		<trkpt lat="47.815392992" lon="19.073439">
			<ele>119.2</ele>
		</trkpt>
		<trkpt lat="47.815206992" lon="19.073791">
			<ele>119.2</ele>
		</trkpt>
		<trkpt lat="47.815016992" lon="19.074013">
			<ele>119.2</ele>
		</trkpt>
		<trkpt lat="47.814640992" lon="19.074585">
			<ele>115.1</ele>
		</trkpt>
		<trkpt lat="47.814295992" lon="19.075325">
			<ele>116.5</ele>
		</trkpt>
		<trkpt lat="47.814009992" lon="19.076203">
			<ele>114.9</ele>
		</trkpt>
		<trkpt lat="47.813884992" lon="19.076752">
			<ele>115.1</ele>
		</trkpt>
		<trkpt lat="47.813872992" lon="19.07712">
			<ele>116.7</ele>
		</trkpt>
		<trkpt lat="47.813918992" lon="19.077977">
			<ele>120.1</ele>
		</trkpt>
		<trkpt lat="47.813915992" lon="19.078605">
			<ele>119</ele>
		</trkpt>
		<trkpt lat="47.813797992" lon="19.079654">
			<ele>123.6</ele>
		</trkpt>
		<trkpt lat="47.813373992" lon="19.081303">
			<ele>128.4</ele>
		</trkpt>
		<trkpt lat="47.813194992" lon="19.082149">
			<ele>127.3</ele>
		</trkpt>
		<trkpt lat="47.813171992" lon="19.082582">
			<ele>127.9</ele>
		</trkpt>
		<trkpt lat="47.813204992" lon="19.084716">
			<ele>126.6</ele>
		</trkpt>
		<trkpt lat="47.813110992" lon="19.08562">
			<ele>127.8</ele>
		</trkpt>
		<trkpt lat="47.812948992" lon="19.086486">
			<ele>130.4</ele>
		</trkpt>
		<trkpt lat="47.812844992" lon="19.086888">
			<ele>131.1</ele>
		</trkpt>
		<trkpt lat="47.811975992" lon="19.089282">
			<ele>133.3</ele>
		</trkpt>
		<trkpt lat="47.811037992" lon="19.090967">
			<ele>132.1</ele>
		</trkpt>
		<trkpt lat="47.809662992" lon="19.09324">
			<ele>133.1</ele>
		</trkpt>
		<trkpt lat="47.809554992" lon="19.093125">
			<ele>132.6</ele>
		</trkpt>
		<trkpt lat="47.809158992" lon="19.093118">
			<ele>131.9</ele>
		</trkpt>
		<trkpt lat="47.808927992" lon="19.093199">
			<ele>131.8</ele>
		</trkpt>
		<trkpt lat="47.808636992" lon="19.093079">
			<ele>132</ele>
		</trkpt>
		<trkpt lat="47.808546992" lon="19.093117">
			<ele>132</ele>
		</trkpt>
		<trkpt lat="47.807082992" lon="19.094737">
			<ele>132.6</ele>
		</trkpt>
		<trkpt lat="47.806887992" lon="19.094552">
			<ele>132.6</ele>
		</trkpt>
		<trkpt lat="47.806778992" lon="19.094521">
			<ele>132.9</ele>
		</trkpt>
		<trkpt lat="47.805961992" lon="19.09448">
			<ele>134.1</ele>
		</trkpt>
		<trkpt lat="47.805912992" lon="19.094521">
			<ele>134.2</ele>
		</trkpt>
		<trkpt lat="47.805862992" lon="19.094619">
			<ele>133.6</ele>
		</trkpt>
		<trkpt lat="47.805030992" lon="19.097541">
			<ele>128.3</ele>
		</trkpt>
		<trkpt lat="47.804767992" lon="19.097698">
			<ele>127.4</ele>
		</trkpt>
		<trkpt lat="47.803805992" lon="19.100217">
			<ele>127.9</ele>
		</trkpt>
		<trkpt lat="47.803608992" lon="19.100518">
			<ele>128.1</ele>
		</trkpt>
		<trkpt lat="47.803528992" lon="19.100737">
			<ele>127.7</ele>
		</trkpt>
		<trkpt lat="47.803058992" lon="19.101062">
			<ele>127.3</ele>
		</trkpt>
		<trkpt lat="47.802044992" lon="19.101341">
			<ele>124.8</ele>
		</trkpt>
		<trkpt lat="47.801627992" lon="19.101727">
			<ele>121.3</ele>
		</trkpt>
		<trkpt lat="47.801526992" lon="19.101771">
			<ele>119.5</ele>
		</trkpt>
		<trkpt lat="47.801434992" lon="19.102023">
			<ele>120.2</ele>
		</trkpt>
		<trkpt lat="47.800533992" lon="19.101264">
			<ele>107.1</ele>
		</trkpt>
		<trkpt lat="47.800462992" lon="19.101264">
			<ele>105.8</ele>
		</trkpt>
		<trkpt lat="47.799360992" lon="19.102849">
			<ele>106.1</ele>
		</trkpt>
		<trkpt lat="47.798814992" lon="19.103332">
			<ele>107.3</ele>
		</trkpt>
		<trkpt lat="47.798734992" lon="19.103716">
			<ele>109.1</ele>
		</trkpt>
		<trkpt lat="47.798773992" lon="19.10498">
			<ele>111.8</ele>
		</trkpt>
		<trkpt lat="47.798310992" lon="19.105376">
			<ele>111.3</ele>
		</trkpt>
		<trkpt lat="47.798191992" lon="19.105603">
			<ele>111.3</ele>
		</trkpt>
		<trkpt lat="47.797090992" lon="19.106202">
			<ele>111.1</ele>
		</trkpt>
		<trkpt lat="47.796298992" lon="19.106521">
			<ele>109.8</ele>
		</trkpt>
		<trkpt lat="47.796006992" lon="19.106707">
			<ele>109.9</ele>
		</trkpt>
		<trkpt lat="47.795613992" lon="19.107043">
			<ele>108.7</ele>
		</trkpt>
		<trkpt lat="47.795110992" lon="19.107032">
			<ele>107</ele>
		</trkpt>
		<trkpt lat="47.794900992" lon="19.107094">
			<ele>105.8</ele>
		</trkpt>
		<trkpt lat="47.794488992" lon="19.107437">
			<ele>105.6</ele>
		</trkpt>
		<trkpt lat="47.793939992" lon="19.108364">
			<ele>104.8</ele>
		</trkpt>
		<trkpt lat="47.792037992" lon="19.110719">
			<ele>103.9</ele>
		</trkpt>
		<trkpt lat="47.791481992" lon="19.111332">
			<ele>103.8</ele>
		</trkpt>
		<trkpt lat="47.791008992" lon="19.111779">
			<ele>101.9</ele>
		</trkpt>
		<trkpt lat="47.789797992" lon="19.113056">
			<ele>101.2</ele>
		</trkpt>
		<trkpt lat="47.789192992" lon="19.113619">
			<ele>101.7</ele>
		</trkpt>
		<trkpt lat="47.788786992" lon="19.113876">
			<ele>101.6</ele>
		</trkpt>
		<trkpt lat="47.785505992" lon="19.117283">
			<ele>100.2</ele>
		</trkpt>
		<trkpt lat="47.784640992" lon="19.118553">
			<ele>101.8</ele>
		</trkpt>
		<trkpt lat="47.783284992" lon="19.119883">
			<ele>99.1</ele>
		</trkpt>
		<trkpt lat="47.783042992" lon="19.120251">
			<ele>100.2</ele>
		</trkpt>
		<trkpt lat="47.782636992" lon="19.120766">
			<ele>101.4</ele>
		</trkpt>
		<trkpt lat="47.782458992" lon="19.121063">
			<ele>101.8</ele>
		</trkpt>
		<trkpt lat="47.781258992" lon="19.122234">
			<ele>99.7</ele>
		</trkpt>
		<trkpt lat="47.781021992" lon="19.122288">
			<ele>99.2</ele>
		</trkpt>
		<trkpt lat="47.780737992" lon="19.122571">
			<ele>99.2</ele>
		</trkpt>
		<trkpt lat="47.780566992" lon="19.122617">
			<ele>99.6</ele>
		</trkpt>
		<trkpt lat="47.780368992" lon="19.122797">
			<ele>99.3</ele>
		</trkpt>
		<trkpt lat="47.780314992" lon="19.122999">
			<ele>100.2</ele>
		</trkpt>
		<trkpt lat="47.780007992" lon="19.123299">
			<ele>99.8</ele>
		</trkpt>
		<trkpt lat="47.778241992" lon="19.124798">
			<ele>100.9</ele>
		</trkpt>
		<trkpt lat="47.777546992" lon="19.125273">
			<ele>100.7</ele>
		</trkpt>
	</trkseg>
</trk>
<trk>
	<name>14: Vác – Budapest (DEVELOPED_WITH_SIGNS)</name>
	<desc>DEVELOPED_WITH_SIGNS</desc>
	<trkseg>
		<trkpt lat="47.777423069" lon="19.1252214">
			<ele>100.2</ele>
		</trkpt>
		<trkpt lat="47.777127523" lon="19.125158619">
			<ele>99.2</ele>
		</trkpt>
		<trkpt lat="47.777185274" lon="19.125065831">
			<ele>99.6</ele>
		</trkpt>
		<trkpt lat="47.776837509" lon="19.124956112">
			<ele>99</ele>
		</trkpt>
		<trkpt lat="47.77610141" lon="19.123033891">
			<ele>99</ele>
		</trkpt>
		<trkpt lat="47.775375873" lon="19.120994741">
			<ele>99</ele>
		</trkpt>
		<trkpt lat="47.775283085" lon="19.119888078">
			<ele>99.1</ele>
		</trkpt>
		<trkpt lat="47.775325246" lon="19.119805014">
			<ele>99.1</ele>
		</trkpt>
		<trkpt lat="47.775070017" lon="19.119328083">
			<ele>103.8</ele>
		</trkpt>
		<trkpt lat="47.774596104" lon="19.118648646">
			<ele>104.8</ele>
		</trkpt>
		<trkpt lat="47.774284465" lon="19.118574718">
			<ele>104.9</ele>
		</trkpt>
		<trkpt lat="47.773828909" lon="19.119138317">
			<ele>104.6</ele>
		</trkpt>
		<trkpt lat="47.773632185" lon="19.119237224">
			<ele>104.8</ele>
		</trkpt>
		<trkpt lat="47.773414172" lon="19.119132534">
			<ele>105.2</ele>
		</trkpt>
		<trkpt lat="47.772168034" lon="19.116524169">
			<ele>106.5</ele>
		</trkpt>
		<trkpt lat="47.771714406" lon="19.115420273">
			<ele>104.6</ele>
		</trkpt>
		<trkpt lat="47.771411651" lon="19.11495164">
			<ele>104.9</ele>
		</trkpt>
		<trkpt lat="47.76969135" lon="19.113054732">
			<ele>105.3</ele>
		</trkpt>
		<trkpt lat="47.766168017" lon="19.109303076">
			<ele>104.3</ele>
		</trkpt>
		<trkpt lat="47.763868861" lon="19.104969129">
			<ele>103.6</ele>
		</trkpt>
		<trkpt lat="47.763850253" lon="19.104887489">
			<ele>103.6</ele>
		</trkpt>
		<trkpt lat="47.76165059" lon="19.100838611">
			<ele>104.3</ele>
		</trkpt>
		<trkpt lat="47.757350255" lon="19.093584996">
			<ele>102.5</ele>
		</trkpt>
		<trkpt lat="47.75562836" lon="19.090272803">
			<ele>105.4</ele>
		</trkpt>
		<trkpt lat="47.755193339" lon="19.089687495">
			<ele>107.2</ele>
		</trkpt>
		<trkpt lat="47.754611635" lon="19.08881058">
			<ele>106.7</ele>
		</trkpt>
		<trkpt lat="47.754514154" lon="19.088489134">
			<ele>106</ele>
		</trkpt>
		<trkpt lat="47.754521362" lon="19.088527523">
			<ele>106</ele>
		</trkpt>
		<trkpt lat="47.754416924" lon="19.087859988">
			<ele>105.1</ele>
		</trkpt>
		<trkpt lat="47.754576934" lon="19.087748593">
			<ele>105</ele>
		</trkpt>
		<trkpt lat="47.755211109" lon="19.087465871">
			<ele>105.4</ele>
		</trkpt>
		<trkpt lat="47.755795831" lon="19.08690026">
			<ele>105.2</ele>
		</trkpt>
		<trkpt lat="47.755858024" lon="19.086536653">
			<ele>104.6</ele>
		</trkpt>
		<trkpt lat="47.755762806" lon="19.086051928">
			<ele>103.4</ele>
		</trkpt>
		<trkpt lat="47.754718588" lon="19.083597204">
			<ele>105.3</ele>
		</trkpt>
		<trkpt lat="47.75390085" lon="19.081778079">
			<ele>99</ele>
		</trkpt>
		<trkpt lat="47.752414152" lon="19.078156427">
			<ele>105.5</ele>
		</trkpt>
		<trkpt lat="47.752387749" lon="19.077922739">
			<ele>106.8</ele>
		</trkpt>
		<trkpt lat="47.752254141" lon="19.077757783">
			<ele>109.1</ele>
		</trkpt>
		<trkpt lat="47.752147523" lon="19.077728363">
			<ele>110</ele>
		</trkpt>
		<trkpt lat="47.75219639" lon="19.077716125">
			<ele>109.1</ele>
		</trkpt>
		<trkpt lat="47.749297257" lon="19.080880545">
			<ele>106.3</ele>
		</trkpt>
		<trkpt lat="47.748449428" lon="19.081610525">
			<ele>104.8</ele>
		</trkpt>
		<trkpt lat="47.747794466" lon="19.081976982">
			<ele>104.4</ele>
		</trkpt>
		<trkpt lat="47.746693335" lon="19.082010845">
			<ele>105.6</ele>
		</trkpt>
		<trkpt lat="47.745998895" lon="19.081946388">
			<ele>106.6</ele>
		</trkpt>
		<trkpt lat="47.745535794" lon="19.082046133">
			<ele>107.9</ele>
		</trkpt>
		<trkpt lat="47.744855016" lon="19.082458857">
			<ele>110.9</ele>
		</trkpt>
		<trkpt lat="47.743814738" lon="19.083251953">
			<ele>113.3</ele>
		</trkpt>
		<trkpt lat="47.742324687" lon="19.084781986">
			<ele>114.6</ele>
		</trkpt>
		<trkpt lat="47.741510804" lon="19.08588253">
			<ele>111.8</ele>
		</trkpt>
		<trkpt lat="47.738636398" lon="19.08755363">
			<ele>110.5</ele>
		</trkpt>
		<trkpt lat="47.73785026" lon="19.08785169">
			<ele>108.7</ele>
		</trkpt>
		<trkpt lat="47.736765809" lon="19.088168358">
			<ele>109</ele>
		</trkpt>
		<trkpt lat="47.73567306" lon="19.088236084">
			<ele>110.5</ele>
		</trkpt>
		<trkpt lat="47.734613923" lon="19.088420821">
			<ele>111.8</ele>
		</trkpt>
		<trkpt lat="47.73280888" lon="19.088582508">
			<ele>113.8</ele>
		</trkpt>
		<trkpt lat="47.729987532" lon="19.088677811">
			<ele>110</ele>
		</trkpt>
		<trkpt lat="47.729157472" lon="19.088641098">
			<ele>110.4</ele>
		</trkpt>
		<trkpt lat="47.728150554" lon="19.0880433">
			<ele>111.1</ele>
		</trkpt>
		<trkpt lat="47.727703882" lon="19.087953363">
			<ele>111.9</ele>
		</trkpt>
		<trkpt lat="47.72733885" lon="19.088030308">
			<ele>113.5</ele>
		</trkpt>
		<trkpt lat="47.725802196" lon="19.088851986">
			<ele>112.2</ele>
		</trkpt>
		<trkpt lat="47.725521402" lon="19.089930318">
			<ele>107.3</ele>
		</trkpt>
		<trkpt lat="47.725288301" lon="19.090657784">
			<ele>106</ele>
		</trkpt>
		<trkpt lat="47.72493886" lon="19.090764737">
			<ele>105</ele>
		</trkpt>
		<trkpt lat="47.722993923" lon="19.089888912">
			<ele>105.9</ele>
		</trkpt>
		<trkpt lat="47.722753362" lon="19.089623038">
			<ele>106.1</ele>
		</trkpt>
		<trkpt lat="47.722506348" lon="19.0895331">
			<ele>106</ele>
		</trkpt>
		<trkpt lat="47.721763041" lon="19.089686153">
			<ele>105.7</ele>
		</trkpt>
		<trkpt lat="47.721088633" lon="19.089898299">
			<ele>105.1</ele>
		</trkpt>
		<trkpt lat="47.719750546" lon="19.090990294">
			<ele>105.7</ele>
		</trkpt>
		<trkpt lat="47.719524402" lon="19.091464961">
			<ele>103.1</ele>
		</trkpt>
		<trkpt lat="47.719305299" lon="19.09154417">
			<ele>104.9</ele>
		</trkpt>
		<trkpt lat="47.719072785" lon="19.091381645">
			<ele>105.4</ele>
		</trkpt>
		<trkpt lat="47.718823591" lon="19.09126916">
			<ele>106</ele>
		</trkpt>
		<trkpt lat="47.718168629" lon="19.091310315">
			<ele>105.7</ele>
		</trkpt>
		<trkpt lat="47.717670828" lon="19.091253318">
			<ele>105.5</ele>
		</trkpt>
		<trkpt lat="47.717312501" lon="19.091069419">
			<ele>105.6</ele>
		</trkpt>
		<trkpt lat="47.715708624" lon="19.090808658">
			<ele>107.2</ele>
		</trkpt>
		<trkpt lat="47.714745292" lon="19.090604475">
			<ele>106.5</ele>
		</trkpt>
		<trkpt lat="47.713197741" lon="19.089518348">
			<ele>105.5</ele>
		</trkpt>
		<trkpt lat="47.710928593" lon="19.087808859">
			<ele>108.9</ele>
		</trkpt>
		<trkpt lat="47.709338294" lon="19.087250875">
			<ele>116.7</ele>
		</trkpt>
		<trkpt lat="47.708976699" lon="19.087278871">
			<ele>114.7</ele>
		</trkpt>
		<trkpt lat="47.706448298" lon="19.087699139">
			<ele>105.5</ele>
		</trkpt>
		<trkpt lat="47.7053097" lon="19.087991416">
			<ele>102.5</ele>
		</trkpt>
		<trkpt lat="47.703704985" lon="19.088646378">
			<ele>100</ele>
		</trkpt>
		<trkpt lat="47.702285845" lon="19.089138648">
			<ele>106</ele>
		</trkpt>
		<trkpt lat="47.701843867" lon="19.089336628">
			<ele>103.9</ele>
		</trkpt>
		<trkpt lat="47.700964437" lon="19.089309135">
			<ele>105.2</ele>
		</trkpt>
		<trkpt lat="47.699590308" lon="19.089386668">
			<ele>104.7</ele>
		</trkpt>
		<trkpt lat="47.698754968" lon="19.089506362">
			<ele>104.9</ele>
		</trkpt>
		<trkpt lat="47.698185585" lon="19.089655308">
			<ele>106.2</ele>
		</trkpt>
		<trkpt lat="47.696492776" lon="19.089663606">
			<ele>106.4</ele>
		</trkpt>
		<trkpt lat="47.695226103" lon="19.089300586">
			<ele>104.6</ele>
		</trkpt>
		<trkpt lat="47.694439461" lon="19.089006968">
			<ele>105</ele>
		</trkpt>
		<trkpt lat="47.693917771" lon="19.088933626">
			<ele>104.4</ele>
		</trkpt>
		<trkpt lat="47.693375798" lon="19.088767748">
			<ele>105.8</ele>
		</trkpt>
		<trkpt lat="47.692802224" lon="19.088351671">
			<ele>106</ele>
		</trkpt>
		<trkpt lat="47.691126346" lon="19.087498644">
			<ele>106.2</ele>
		</trkpt>
		<trkpt lat="47.690513042" lon="19.087256407">
			<ele>106.1</ele>
		</trkpt>
		<trkpt lat="47.689788343" lon="19.087288342">
			<ele>106.3</ele>
		</trkpt>
		<trkpt lat="47.6888375" lon="19.087495292">
			<ele>107.4</ele>
		</trkpt>
		<trkpt lat="47.687994448" lon="19.08773778">
			<ele>106</ele>
		</trkpt>
		<trkpt lat="47.68739774" lon="19.087470816">
			<ele>105.8</ele>
		</trkpt>
		<trkpt lat="47.687120299" lon="19.087273339">
			<ele>105.8</ele>
		</trkpt>
		<trkpt lat="47.686676981" lon="19.087160015">
			<ele>106.1</ele>
		</trkpt>
		<trkpt lat="47.686225531" lon="19.086956084">
			<ele>105.4</ele>
		</trkpt>
		<trkpt lat="47.685691688" lon="19.086577473">
			<ele>104.4</ele>
		</trkpt>
		<trkpt lat="47.684384446" lon="19.085166128">
			<ele>104.8</ele>
		</trkpt>
		<trkpt lat="47.683688916" lon="19.083971707">
			<ele>104.9</ele>
		</trkpt>
		<trkpt lat="47.683340564" lon="19.083261928">
			<ele>105.2</ele>
		</trkpt>
		<trkpt lat="47.683198323" lon="19.082699167">
			<ele>105.4</ele>
		</trkpt>
		<trkpt lat="47.683129759" lon="19.08223087">
			<ele>106.3</ele>
		</trkpt>
		<trkpt lat="47.682708317" lon="19.081613375">
			<ele>110.4</ele>
		</trkpt>
		<trkpt lat="47.682019744" lon="19.080874426">
			<ele>110.1</ele>
		</trkpt>
		<trkpt lat="47.681486906" lon="19.080608636">
			<ele>111.6</ele>
		</trkpt>
		<trkpt lat="47.680736642" lon="19.080432197">
			<ele>111.9</ele>
		</trkpt>
		<trkpt lat="47.679837515" lon="19.080151152">
			<ele>108.5</ele>
		</trkpt>
		<trkpt lat="47.678467745" lon="19.079911932">
			<ele>108</ele>
		</trkpt>
		<trkpt lat="47.677995257" lon="19.080036152">
			<ele>105.9</ele>
		</trkpt>
		<trkpt lat="47.675842197" lon="19.080134975">
			<ele>104.4</ele>
		</trkpt>
		<trkpt lat="47.673810256" lon="19.080537809">
			<ele>103.8</ele>
		</trkpt>
		<trkpt lat="47.673029734" lon="19.080581395">
			<ele>103.1</ele>
		</trkpt>
		<trkpt lat="47.672127505" lon="19.080159701">
			<ele>104.8</ele>
		</trkpt>
		<trkpt lat="47.671275569" lon="19.079493927">
			<ele>104</ele>
		</trkpt>
		<trkpt lat="47.670154405" lon="19.078520034">
			<ele>105.3</ele>
		</trkpt>
		<trkpt lat="47.66946776" lon="19.078101106">
			<ele>106.5</ele>
		</trkpt>
		<trkpt lat="47.669138603" lon="19.077959703">
			<ele>106</ele>
		</trkpt>
		<trkpt lat="47.669161653" lon="19.077914692">
			<ele>106</ele>
		</trkpt>
		<trkpt lat="47.668706096" lon="19.077760046">
			<ele>106.5</ele>
		</trkpt>
		<trkpt lat="47.668011907" lon="19.077642532">
			<ele>104.2</ele>
		</trkpt>
		<trkpt lat="47.667518297" lon="19.077664996">
			<ele>103</ele>
		</trkpt>
		<trkpt lat="47.666968863" lon="19.077765243">
			<ele>103.9</ele>
		</trkpt>
		<trkpt lat="47.666934162" lon="19.077826934">
			<ele>104.6</ele>
		</trkpt>
		<trkpt lat="47.666298898" lon="19.078105297">
			<ele>103.2</ele>
		</trkpt>
		<trkpt lat="47.665797241" lon="19.078202527">
			<ele>103.7</ele>
		</trkpt>
		<trkpt lat="47.664544481" lon="19.078615839">
			<ele>104.6</ele>
		</trkpt>
		<trkpt lat="47.663774436" lon="19.079081118">
			<ele>103.4</ele>
		</trkpt>
		<trkpt lat="47.663799163" lon="19.07907282">
			<ele>103.4</ele>
		</trkpt>
		<trkpt lat="47.663020819" lon="19.079607502">
			<ele>104.6</ele>
		</trkpt>
		<trkpt lat="47.662265526" lon="19.079623595">
			<ele>105.3</ele>
		</trkpt>
		<trkpt lat="47.661584412" lon="19.07957389">
			<ele>104.6</ele>
		</trkpt>
		<trkpt lat="47.661070266" lon="19.079224197">
			<ele>104.4</ele>
		</trkpt>
		<trkpt lat="47.661089964" lon="19.079253031">
			<ele>104.4</ele>
		</trkpt>
		<trkpt lat="47.660899192" lon="19.079670869">
			<ele>104.2</ele>
		</trkpt>
		<trkpt lat="47.660284128" lon="19.079690315">
			<ele>104.4</ele>
		</trkpt>
		<trkpt lat="47.660006687" lon="19.080236647">
			<ele>103.9</ele>
		</trkpt>
		<trkpt lat="47.659838294" lon="19.080367237">
			<ele>104</ele>
		</trkpt>
		<trkpt lat="47.65908694" lon="19.080075799">
			<ele>105</ele>
		</trkpt>
		<trkpt lat="47.658317482" lon="19.079468362">
			<ele>105.1</ele>
		</trkpt>
		<trkpt lat="47.655726636" lon="19.078092221">
			<ele>104.2</ele>
		</trkpt>
		<trkpt lat="47.654941419" lon="19.07775837">
			<ele>105</ele>
		</trkpt>
		<trkpt lat="47.653475256" lon="19.076770311">
			<ele>106.6</ele>
		</trkpt>
		<trkpt lat="47.65277696" lon="19.076394131">
			<ele>105.8</ele>
		</trkpt>
		<trkpt lat="47.652148317" lon="19.076204197">
			<ele>105</ele>
		</trkpt>
		<trkpt lat="47.651452452" lon="19.075635821">
			<ele>105.6</ele>
		</trkpt>
		<trkpt lat="47.650681149" lon="19.075402468">
			<ele>105.8</ele>
		</trkpt>
		<trkpt lat="47.649471137" lon="19.075343627">
			<ele>105.4</ele>
		</trkpt>
		<trkpt lat="47.646725561" lon="19.075933043">
			<ele>104.4</ele>
		</trkpt>
		<trkpt lat="47.645496104" lon="19.076566631">
			<ele>104.2</ele>
		</trkpt>
		<trkpt lat="47.644109737" lon="19.077380262">
			<ele>103.5</ele>
		</trkpt>
		<trkpt lat="47.643377242" lon="19.077898851">
			<ele>102.3</ele>
		</trkpt>
		<trkpt lat="47.642808027" lon="19.078091383">
			<ele>105.5</ele>
		</trkpt>
		<trkpt lat="47.642538633" lon="19.077710258">
			<ele>106.7</ele>
		</trkpt>
		<trkpt lat="47.642297737" lon="19.077157471">
			<ele>106.5</ele>
		</trkpt>
		<trkpt lat="47.642180558" lon="19.075392243">
			<ele>104.5</ele>
		</trkpt>
		<trkpt lat="47.642700823" lon="19.074077792">
			<ele>103.2</ele>
		</trkpt>
		<trkpt lat="47.643589975" lon="19.073146395">
			<ele>104.4</ele>
		</trkpt>
		<trkpt lat="47.644233873" lon="19.07255698">
			<ele>104.7</ele>
		</trkpt>
		<trkpt lat="47.644863018" lon="19.071275303">
			<ele>105.7</ele>
		</trkpt>
		<trkpt lat="47.645540025" lon="19.069641419">
			<ele>105.7</ele>
		</trkpt>
		<trkpt lat="47.645167784" lon="19.069349142">
			<ele>105.9</ele>
		</trkpt>
		<trkpt lat="47.644935522" lon="19.069674695">
			<ele>106.3</ele>
		</trkpt>
		<trkpt lat="47.644867209" lon="19.070394197">
			<ele>106.1</ele>
		</trkpt>
		<trkpt lat="47.644129434" lon="19.072084157">
			<ele>104.8</ele>
		</trkpt>
		<trkpt lat="47.643258052" lon="19.072906924">
			<ele>104.8</ele>
		</trkpt>
		<trkpt lat="47.642614154" lon="19.073576136">
			<ele>103.4</ele>
		</trkpt>
		<trkpt lat="47.642269741" lon="19.074218608">
			<ele>103.1</ele>
		</trkpt>
		<trkpt lat="47.641523081" lon="19.075798849">
			<ele>105</ele>
		</trkpt>
		<trkpt lat="47.641601368" lon="19.076236971">
			<ele>105.6</ele>
		</trkpt>
		<trkpt lat="47.64169248" lon="19.077063091">
			<ele>107.9</ele>
		</trkpt>
		<trkpt lat="47.641700526" lon="19.077838585">
			<ele>107.9</ele>
		</trkpt>
		<trkpt lat="47.641584186" lon="19.078428587">
			<ele>107</ele>
		</trkpt>
		<trkpt lat="47.641313869" lon="19.078860255">
			<ele>106.6</ele>
		</trkpt>
		<trkpt lat="47.640094721" lon="19.08021058">
			<ele>106.7</ele>
		</trkpt>
		<trkpt lat="47.63945141" lon="19.080481986">
			<ele>106.4</ele>
		</trkpt>
		<trkpt lat="47.638706343" lon="19.080670578">
			<ele>106.7</ele>
		</trkpt>
		<trkpt lat="47.638098906" lon="19.080770575">
			<ele>106.4</ele>
		</trkpt>
		<trkpt lat="47.637861363" lon="19.080738891">
			<ele>105.6</ele>
		</trkpt>
		<trkpt lat="47.637961359" lon="19.080726989">
			<ele>106</ele>
		</trkpt>
		<trkpt lat="47.632988292" lon="19.083934492">
			<ele>103</ele>
		</trkpt>
		<trkpt lat="47.631805271" lon="19.084553327">
			<ele>103.1</ele>
		</trkpt>
		<trkpt lat="47.630466345" lon="19.085018355">
			<ele>102.7</ele>
		</trkpt>
		<trkpt lat="47.62977224" lon="19.085163865">
			<ele>103.4</ele>
		</trkpt>
		<trkpt lat="47.629011918" lon="19.085406689">
			<ele>102.9</ele>
		</trkpt>
		<trkpt lat="47.628115305" lon="19.085441977">
			<ele>103.8</ele>
		</trkpt>
		<trkpt lat="47.62641445" lon="19.084819453">
			<ele>103.8</ele>
		</trkpt>
		<trkpt lat="47.625814976" lon="19.084687522">
			<ele>104.2</ele>
		</trkpt>
		<trkpt lat="47.626008598" lon="19.086848376">
			<ele>106.5</ele>
		</trkpt>
		<trkpt lat="47.62596476" lon="19.087713053">
			<ele>108.9</ele>
		</trkpt>
		<trkpt lat="47.625850264" lon="19.08861503">
			<ele>106.4</ele>
		</trkpt>
		<trkpt lat="47.625570811" lon="19.089103863">
			<ele>104.6</ele>
		</trkpt>
		<trkpt lat="47.625290017" lon="19.089469481">
			<ele>102</ele>
		</trkpt>
		<trkpt lat="47.624869162" lon="19.089753376">
			<ele>100.3</ele>
		</trkpt>
		<trkpt lat="47.624380245" lon="19.089753041">
			<ele>105.2</ele>
		</trkpt>
		<trkpt lat="47.624031139" lon="19.08954693">
			<ele>106.4</ele>
		</trkpt>
		<trkpt lat="47.62345195" lon="19.089706689">
			<ele>105.1</ele>
		</trkpt>
		<trkpt lat="47.622750804" lon="19.089394212">
			<ele>106</ele>
		</trkpt>
		<trkpt lat="47.621952763" lon="19.088883335">
			<ele>106.4</ele>
		</trkpt>
		<trkpt lat="47.621311128" lon="19.088366088">
			<ele>106.1</ele>
		</trkpt>
		<trkpt lat="47.621037459" lon="19.088027459">
			<ele>106.2</ele>
		</trkpt>
		<trkpt lat="47.620475284" lon="19.087122465">
			<ele>105.9</ele>
		</trkpt>
		<trkpt lat="47.620188875" lon="19.086446967">
			<ele>105.4</ele>
		</trkpt>
		<trkpt lat="47.619836667" lon="19.086156953">
			<ele>103.2</ele>
		</trkpt>
		<trkpt lat="47.619745304" lon="19.085531915">
			<ele>104.3</ele>
		</trkpt>
		<trkpt lat="47.619515557" lon="19.084968064">
			<ele>102.8</ele>
		</trkpt>
		<trkpt lat="47.618586423" lon="19.083645316">
			<ele>103</ele>
		</trkpt>
		<trkpt lat="47.617934478" lon="19.082997227">
			<ele>103</ele>
		</trkpt>
		<trkpt lat="47.617713866" lon="19.082572768">
			<ele>103.5</ele>
		</trkpt>
		<trkpt lat="47.617719734" lon="19.082502779">
			<ele>103.5</ele>
		</trkpt>
		<trkpt lat="47.617017498" lon="19.082079157">
			<ele>103.1</ele>
		</trkpt>
		<trkpt lat="47.615669436" lon="19.080871912">
			<ele>103.1</ele>
		</trkpt>
		<trkpt lat="47.615336926" lon="19.080515848">
			<ele>101.6</ele>
		</trkpt>
		<trkpt lat="47.613891635" lon="19.079405582">
			<ele>102.6</ele>
		</trkpt>
		<trkpt lat="47.612890249" lon="19.078351138">
			<ele>104</ele>
		</trkpt>
		<trkpt lat="47.612885555" lon="19.078289447">
			<ele>104</ele>
		</trkpt>
		<trkpt lat="47.612235874" lon="19.077762226">
			<ele>102.8</ele>
		</trkpt>
		<trkpt lat="47.610957801" lon="19.076870559">
			<ele>104</ele>
		</trkpt>
		<trkpt lat="47.610023638" lon="19.076478621">
			<ele>104.1</ele>
		</trkpt>
		<trkpt lat="47.609296675" lon="19.076036979">
			<ele>104.3</ele>
		</trkpt>
		<trkpt lat="47.607710233" lon="19.074870804">
			<ele>105.4</ele>
		</trkpt>
		<trkpt lat="47.607628341" lon="19.074744992">
			<ele>105.4</ele>
		</trkpt>
		<trkpt lat="47.607794471" lon="19.074088857">
			<ele>106</ele>
		</trkpt>
		<trkpt lat="47.607731355" lon="19.07251725">
			<ele>104.5</ele>
		</trkpt>
		<trkpt lat="47.607917517" lon="19.071299192">
			<ele>103.5</ele>
		</trkpt>
		<trkpt lat="47.608254973" lon="19.069429692">
			<ele>101.8</ele>
		</trkpt>
		<trkpt lat="47.607954146" lon="19.069214445">
			<ele>101.1</ele>
		</trkpt>
		<trkpt lat="47.607785837" lon="19.069986083">
			<ele>101.8</ele>
		</trkpt>
		<trkpt lat="47.607475791" lon="19.07172583">
			<ele>103.6</ele>
		</trkpt>
		<trkpt lat="47.607418291" lon="19.072281634">
			<ele>104.1</ele>
		</trkpt>
		<trkpt lat="47.607451902" lon="19.073006082">
			<ele>104.9</ele>
		</trkpt>
		<trkpt lat="47.607444442" lon="19.073551157">
			<ele>106</ele>
		</trkpt>
		<trkpt lat="47.607533291" lon="19.074068656">
			<ele>105.9</ele>
		</trkpt>
		<trkpt lat="47.607422733" lon="19.07450024">
			<ele>105.3</ele>
		</trkpt>
		<trkpt lat="47.607239421" lon="19.074626975">
			<ele>104.8</ele>
		</trkpt>
		<trkpt lat="47.60707698" lon="19.074807521">
			<ele>102.5</ele>
		</trkpt>
		<trkpt lat="47.606773303" lon="19.074678607">
			<ele>100.2</ele>
		</trkpt>
		<trkpt lat="47.606134183" lon="19.074241407">
			<ele>102.6</ele>
		</trkpt>
		<trkpt lat="47.603353571" lon="19.072115002">
			<ele>100.9</ele>
		</trkpt>
		<trkpt lat="47.600680247" lon="19.070578348">
			<ele>103.6</ele>
		</trkpt>
		<trkpt lat="47.599841386" lon="19.070297806">
			<ele>104.7</ele>
		</trkpt>
		<trkpt lat="47.59740024" lon="19.0699">
			<ele>103.1</ele>
		</trkpt>
		<trkpt lat="47.596645869" lon="19.069860019">
			<ele>102</ele>
		</trkpt>
		<trkpt lat="47.595251623" lon="19.069892541">
			<ele>102.5</ele>
		</trkpt>
		<trkpt lat="47.594916934" lon="19.069845015">
			<ele>102.2</ele>
		</trkpt>
		<trkpt lat="47.594410583" lon="19.069289966">
			<ele>104.3</ele>
		</trkpt>
		<trkpt lat="47.593983357" lon="19.068942787">
			<ele>103.8</ele>
		</trkpt>
		<trkpt lat="47.593010805" lon="19.068881935">
			<ele>104</ele>
		</trkpt>
		<trkpt lat="47.589848062" lon="19.068906913">
			<ele>103.8</ele>
		</trkpt>
		<trkpt lat="47.588322807" lon="19.068665011">
			<ele>102.8</ele>
		</trkpt>
		<trkpt lat="47.586314167" lon="19.068028657">
			<ele>104.1</ele>
		</trkpt>
		<trkpt lat="47.585284451" lon="19.067559689">
			<ele>103.8</ele>
		</trkpt>
		<trkpt lat="47.584278036" lon="19.067273363">
			<ele>103.2</ele>
		</trkpt>
		<trkpt lat="47.580107452" lon="19.066535002">
			<ele>105.8</ele>
		</trkpt>
		<trkpt lat="47.578744135" lon="19.0661206">
			<ele>105.2</ele>
		</trkpt>
		<trkpt lat="47.57565004" lon="19.065710809">
			<ele>105.7</ele>
		</trkpt>
		<trkpt lat="47.575041094" lon="19.06570226">
			<ele>106.9</ele>
		</trkpt>
		<trkpt lat="47.574205838" lon="19.065566389">
			<ele>106</ele>
		</trkpt>
		<trkpt lat="47.573020804" lon="19.065263886">
			<ele>103.9</ele>
		</trkpt>
		<trkpt lat="47.571652794" lon="19.065228347">
			<ele>103.7</ele>
		</trkpt>
		<trkpt lat="47.570835558" lon="19.065112257">
			<ele>108.9</ele>
		</trkpt>
		<trkpt lat="47.570366675" lon="19.064900028">
			<ele>109.1</ele>
		</trkpt>
		<trkpt lat="47.569546925" lon="19.064853927">
			<ele>107</ele>
		</trkpt>
		<trkpt lat="47.568559955" lon="19.0646106">
			<ele>105.2</ele>
		</trkpt>
		<trkpt lat="47.567353883" lon="19.064373057">
			<ele>103.7</ele>
		</trkpt>
		<trkpt lat="47.566655252" lon="19.064137191">
			<ele>104.2</ele>
		</trkpt>
		<trkpt lat="47.565368043" lon="19.063844159">
			<ele>104.5</ele>
		</trkpt>
		<trkpt lat="47.565098062" lon="19.063735278">
			<ele>104.4</ele>
		</trkpt>
		<trkpt lat="47.564987253" lon="19.063469488">
			<ele>104.5</ele>
		</trkpt>
		<trkpt lat="47.565001083" lon="19.063199759">
			<ele>104.7</ele>
		</trkpt>
		<trkpt lat="47.564715512" lon="19.063127255">
			<ele>104.6</ele>
		</trkpt>
		<trkpt lat="47.564747531" lon="19.063145528">
			<ele>104.6</ele>
		</trkpt>
		<trkpt lat="47.564587185" lon="19.06338919">
			<ele>104.2</ele>
		</trkpt>
		<trkpt lat="47.564431701" lon="19.063447192">
			<ele>103.8</ele>
		</trkpt>
		<trkpt lat="47.564133053" lon="19.063275028">
			<ele>104.8</ele>
		</trkpt>
		<trkpt lat="47.564145794" lon="19.063322805">
			<ele>103.5</ele>
		</trkpt>
		<trkpt lat="47.564106902" lon="19.063148377">
			<ele>104.4</ele>
		</trkpt>
		<trkpt lat="47.564413596" lon="19.061992764">
			<ele>104.6</ele>
		</trkpt>
		<trkpt lat="47.565039472" lon="19.057327481">
			<ele>104.5</ele>
		</trkpt>
		<trkpt lat="47.565077526" lon="19.056591634">
			<ele>104.8</ele>
		</trkpt>
		<trkpt lat="47.564945008" lon="19.055962237">
			<ele>106.2</ele>
		</trkpt>
		<trkpt lat="47.564470257" lon="19.054908631">
			<ele>105.5</ele>
		</trkpt>
		<trkpt lat="47.564119475" lon="19.05452474">
			<ele>105.3</ele>
		</trkpt>
		<trkpt lat="47.562908038" lon="19.053760562">
			<ele>104.3</ele>
		</trkpt>
		<trkpt lat="47.561012471" lon="19.052782226">
			<ele>104.4</ele>
		</trkpt>
		<trkpt lat="47.561082208" lon="19.052339746">
			<ele>104.4</ele>
		</trkpt>
		<trkpt lat="47.555470273" lon="19.049393088">
			<ele>105</ele>
		</trkpt>
		<trkpt lat="47.555510841" lon="19.049316393">
			<ele>105</ele>
		</trkpt>
		<trkpt lat="47.555629696" lon="19.047348658">
			<ele>104</ele>
		</trkpt>
		<trkpt lat="47.553471692" lon="19.04642581">
			<ele>103</ele>
		</trkpt>
		<trkpt lat="47.553540591" lon="19.046488339">
			<ele>103</ele>
		</trkpt>
		<trkpt lat="47.553622231" lon="19.045433896">
			<ele>102.8</ele>
		</trkpt>
		<trkpt lat="47.553476972" lon="19.045246644">
			<ele>102.6</ele>
		</trkpt>
		<trkpt lat="47.552530823" lon="19.045878304">
			<ele>103.3</ele>
		</trkpt>
		<trkpt lat="47.551731944" lon="19.046467468">
			<ele>104.4</ele>
		</trkpt>
		<trkpt lat="47.551581656" lon="19.046164714">
			<ele>103.9</ele>
		</trkpt>
		<trkpt lat="47.551017219" lon="19.046798302">
			<ele>105.3</ele>
		</trkpt>
		<trkpt lat="47.550976902" lon="19.046715321">
			<ele>105.3</ele>
		</trkpt>
		<trkpt lat="47.550345577" lon="19.047170291">
			<ele>107.3</ele>
		</trkpt>
		<trkpt lat="47.549674187" lon="19.047432225">
			<ele>106.5</ele>
		</trkpt>
		<trkpt lat="47.549524989" lon="19.047370534">
			<ele>107.8</ele>
		</trkpt>
		<trkpt lat="47.54959087" lon="19.045750564">
			<ele>109.1</ele>
		</trkpt>
		<trkpt lat="47.549206392" lon="19.045742266">
			<ele>109.8</ele>
		</trkpt>
		<trkpt lat="47.547328846" lon="19.045506651">
			<ele>107.6</ele>
		</trkpt>
		<trkpt lat="47.546153871" lon="19.045249997">
			<ele>107.2</ele>
		</trkpt>
		<trkpt lat="47.545683311" lon="19.045310598">
			<ele>106.3</ele>
		</trkpt>
		<trkpt lat="47.545346945" lon="19.045533305">
			<ele>106.6</ele>
		</trkpt>
		<trkpt lat="47.544451926" lon="19.045607485">
			<ele>107.3</ele>
		</trkpt>
		<trkpt lat="47.542619139" lon="19.045576388">
			<ele>105.7</ele>
		</trkpt>
		<trkpt lat="47.541941378" lon="19.045866653">
			<ele>106.1</ele>
		</trkpt>
		<trkpt lat="47.541612472" lon="19.045455521">
			<ele>108</ele>
		</trkpt>
		<trkpt lat="47.540152764" lon="19.045293583">
			<ele>108</ele>
		</trkpt>
		<trkpt lat="47.539970541" lon="19.045378659">
			<ele>108.1</ele>
		</trkpt>
		<trkpt lat="47.539662506" lon="19.046363616">
			<ele>105.8</ele>
		</trkpt>
		<trkpt lat="47.539537532" lon="19.046577271">
			<ele>105.7</ele>
		</trkpt>
		<trkpt lat="47.539293367" lon="19.046704425">
			<ele>104.7</ele>
		</trkpt>
		<trkpt lat="47.53853975" lon="19.046848929">
			<ele>104.4</ele>
		</trkpt>
		<trkpt lat="47.538049157" lon="19.04687223">
			<ele>100.8</ele>
		</trkpt>
		<trkpt lat="47.537353627" lon="19.046678022">
			<ele>104</ele>
		</trkpt>
		<trkpt lat="47.536774438" lon="19.046434192">
			<ele>103.9</ele>
		</trkpt>
		<trkpt lat="47.535355297" lon="19.045481924">
			<ele>105.7</ele>
		</trkpt>
		<trkpt lat="47.534104718" lon="19.044203348">
			<ele>104.5</ele>
		</trkpt>
		<trkpt lat="47.533488312" lon="19.043656429">
			<ele>104.3</ele>
		</trkpt>
		<trkpt lat="47.53328832" lon="19.04413227">
			<ele>103.6</ele>
		</trkpt>
		<trkpt lat="47.532487765" lon="19.043542771">
			<ele>104.5</ele>
		</trkpt>
		<trkpt lat="47.532238319" lon="19.04352366">
			<ele>103.7</ele>
		</trkpt>
		<trkpt lat="47.531745296" lon="19.04366171">
			<ele>100.9</ele>
		</trkpt>
		<trkpt lat="47.531430807" lon="19.043599432">
			<ele>99.9</ele>
		</trkpt>
		<trkpt lat="47.528590012" lon="19.041481912">
			<ele>101</ele>
		</trkpt>
		<trkpt lat="47.526464194" lon="19.040254718">
			<ele>99</ele>
		</trkpt>
		<trkpt lat="47.523793887" lon="19.038968347">
			<ele>102.8</ele>
		</trkpt>
		<trkpt lat="47.522920241" lon="19.038675819">
			<ele>103.9</ele>
		</trkpt>
		<trkpt lat="47.521723054" lon="19.038463589">
			<ele>103.7</ele>
		</trkpt>
		<trkpt lat="47.520857203" lon="19.038429474">
			<ele>104.5</ele>
		</trkpt>
		<trkpt lat="47.519729754" lon="19.038612535">
			<ele>99.1</ele>
		</trkpt>
		<trkpt lat="47.517458342" lon="19.03918636">
			<ele>99</ele>
		</trkpt>
		<trkpt lat="47.516804972" lon="19.039401356">
			<ele>97.4</ele>
		</trkpt>
		<trkpt lat="47.516494758" lon="19.039297756">
			<ele>102.2</ele>
		</trkpt>
		<trkpt lat="47.514940837" lon="19.039832521">
			<ele>99</ele>
		</trkpt>
		<trkpt lat="47.513939954" lon="19.03987552">
			<ele>96.6</ele>
		</trkpt>
		<trkpt lat="47.512050254" lon="19.03962641">
			<ele>96.7</ele>
		</trkpt>
		<trkpt lat="47.510626923" lon="19.039582741">
			<ele>99</ele>
		</trkpt>
		<trkpt lat="47.503443297" lon="19.039858086">
			<ele>101.7</ele>
		</trkpt>
		<trkpt lat="47.501591399" lon="19.040175844">
			<ele>97</ele>
		</trkpt>
		<trkpt lat="47.498846409" lon="19.041125262">
			<ele>97.1</ele>
		</trkpt>
		<trkpt lat="47.497379157" lon="19.041802268">
			<ele>96.9</ele>
		</trkpt>
		<trkpt lat="47.49428305" lon="19.043761371">
			<ele>96.7</ele>
		</trkpt>
		<trkpt lat="47.491698071" lon="19.045956675">
			<ele>96.8</ele>
		</trkpt>
		<trkpt lat="47.490586379" lon="19.046960576">
			<ele>98.6</ele>
		</trkpt>
	</trkseg>
</trk>
<trk>
	<name>15: Vác – Dunakeszi (DEVELOPED_WITH_SIGNS)</name>
	<desc>DEVELOPED_WITH_SIGNS</desc>
	<trkseg>
		<trkpt lat="47.777718028" lon="19.125185022">
			<ele>101.2</ele>
		</trkpt>
		<trkpt lat="47.777278984" lon="19.125430025">
			<ele>100.4</ele>
		</trkpt>
		<trkpt lat="47.777059965" lon="19.125373028">
			<ele>99.5</ele>
		</trkpt>
		<trkpt lat="47.776971033" lon="19.125417033">
			<ele>99.1</ele>
		</trkpt>
		<trkpt lat="47.775660019" lon="19.126553033">
			<ele>101.1</ele>
		</trkpt>
		<trkpt lat="47.775573015" lon="19.126640037">
			<ele>102.7</ele>
		</trkpt>
		<trkpt lat="47.775459021" lon="19.126870036">
			<ele>101.7</ele>
		</trkpt>
		<trkpt lat="47.775320971" lon="19.126948994">
			<ele>102.4</ele>
		</trkpt>
		<trkpt lat="47.775047973" lon="19.127228027">
			<ele>103.3</ele>
		</trkpt>
		<trkpt lat="47.774742033" lon="19.127366999">
			<ele>101.8</ele>
		</trkpt>
		<trkpt lat="47.774344982" lon="19.127647961">
			<ele>102.1</ele>
		</trkpt>
		<trkpt lat="47.774139961" lon="19.127851976">
			<ele>103.2</ele>
		</trkpt>
		<trkpt lat="47.773942986" lon="19.127934035">
			<ele>102.8</ele>
		</trkpt>
		<trkpt lat="47.773863023" lon="19.128001006">
			<ele>103.5</ele>
		</trkpt>
		<trkpt lat="47.773710975" lon="19.128238969">
			<ele>102.5</ele>
		</trkpt>
		<trkpt lat="47.77311301" lon="19.128619004">
			<ele>101.9</ele>
		</trkpt>
		<trkpt lat="47.773063976" lon="19.12884498">
			<ele>104.3</ele>
		</trkpt>
		<trkpt lat="47.772740015" lon="19.129132982">
			<ele>106</ele>
		</trkpt>
		<trkpt lat="47.772662986" lon="19.129264997">
			<ele>106</ele>
		</trkpt>
		<trkpt lat="47.771713987" lon="19.130044011">
			<ele>108</ele>
		</trkpt>
		<trkpt lat="47.771583983" lon="19.130034959">
			<ele>108</ele>
		</trkpt>
		<trkpt lat="47.770589973" lon="19.130874993">
			<ele>103</ele>
		</trkpt>
		<trkpt lat="47.769941969" lon="19.131625006">
			<ele>103.8</ele>
		</trkpt>
		<trkpt lat="47.768088981" lon="19.134532018">
			<ele>103.8</ele>
		</trkpt>
		<trkpt lat="47.767942968" lon="19.134515002">
			<ele>103.8</ele>
		</trkpt>
		<trkpt lat="47.767453968" lon="19.134157011">
			<ele>103.9</ele>
		</trkpt>
		<trkpt lat="47.767312985" lon="19.134003036">
			<ele>104.2</ele>
		</trkpt>
		<trkpt lat="47.766885005" lon="19.134638971">
			<ele>108.1</ele>
		</trkpt>
		<trkpt lat="47.765163026" lon="19.135598028">
			<ele>106.6</ele>
		</trkpt>
		<trkpt lat="47.764830013" lon="19.136199011">
			<ele>111.1</ele>
		</trkpt>
		<trkpt lat="47.764469005" lon="19.13617596">
			<ele>112.2</ele>
		</trkpt>
		<trkpt lat="47.763631988" lon="19.135949984">
			<ele>111.5</ele>
		</trkpt>
		<trkpt lat="47.763296963" lon="19.135756027">
			<ele>107.7</ele>
		</trkpt>
		<trkpt lat="47.763047015" lon="19.135739012">
			<ele>106.7</ele>
		</trkpt>
		<trkpt lat="47.762475034" lon="19.136050986">
			<ele>107</ele>
		</trkpt>
		<trkpt lat="47.760719025" lon="19.136837041">
			<ele>104.5</ele>
		</trkpt>
		<trkpt lat="47.760323986" lon="19.136967966">
			<ele>104.5</ele>
		</trkpt>
		<trkpt lat="47.758418025" lon="19.137228979">
			<ele>104</ele>
		</trkpt>
		<trkpt lat="47.757813019" lon="19.137269966">
			<ele>104.6</ele>
		</trkpt>
		<trkpt lat="47.75758302" lon="19.137265021">
			<ele>105.3</ele>
		</trkpt>
		<trkpt lat="47.756847005" lon="19.136966961">
			<ele>105.7</ele>
		</trkpt>
		<trkpt lat="47.756498988" lon="19.136914993">
			<ele>105.8</ele>
		</trkpt>
		<trkpt lat="47.755543032" lon="19.136656998">
			<ele>104.9</ele>
		</trkpt>
		<trkpt lat="47.754158007" lon="19.136738973">
			<ele>104.5</ele>
		</trkpt>
		<trkpt lat="47.753486952" lon="19.136837963">
			<ele>105.4</ele>
		</trkpt>
		<trkpt lat="47.751286031" lon="19.136838969">
			<ele>105.9</ele>
		</trkpt>
		<trkpt lat="47.750249022" lon="19.136998979">
			<ele>106.8</ele>
		</trkpt>
		<trkpt lat="47.749674024" lon="19.136968972">
			<ele>107.5</ele>
		</trkpt>
		<trkpt lat="47.749129032" lon="19.136884985">
			<ele>108.4</ele>
		</trkpt>
		<trkpt lat="47.74744603" lon="19.136333037">
			<ele>103.8</ele>
		</trkpt>
		<trkpt lat="47.746568026" lon="19.136241004">
			<ele>105.1</ele>
		</trkpt>
		<trkpt lat="47.746229984" lon="19.136103038">
			<ele>105.7</ele>
		</trkpt>
		<trkpt lat="47.746013982" lon="19.136074036">
			<ele>105.8</ele>
		</trkpt>
		<trkpt lat="47.744085977" lon="19.135925006">
			<ele>103.5</ele>
		</trkpt>
		<trkpt lat="47.743268992" lon="19.135928024">
			<ele>103.7</ele>
		</trkpt>
		<trkpt lat="47.742420995" lon="19.136059033">
			<ele>104.7</ele>
		</trkpt>
		<trkpt lat="47.741130015" lon="19.135916959">
			<ele>103.6</ele>
		</trkpt>
		<trkpt lat="47.738051006" lon="19.135384038">
			<ele>104.3</ele>
		</trkpt>
		<trkpt lat="47.734503952" lon="19.13470896">
			<ele>102.3</ele>
		</trkpt>
		<trkpt lat="47.734172029" lon="19.134719018">
			<ele>101.9</ele>
		</trkpt>
		<trkpt lat="47.733193023" lon="19.134904006">
			<ele>102.3</ele>
		</trkpt>
		<trkpt lat="47.73159803" lon="19.134373013">
			<ele>101.8</ele>
		</trkpt>
		<trkpt lat="47.728947002" lon="19.133663988">
			<ele>101.9</ele>
		</trkpt>
		<trkpt lat="47.728894029" lon="19.133742023">
			<ele>101.9</ele>
		</trkpt>
		<trkpt lat="47.728882964" lon="19.134021979">
			<ele>102.6</ele>
		</trkpt>
		<trkpt lat="47.728837032" lon="19.134086017">
			<ele>102.6</ele>
		</trkpt>
		<trkpt lat="47.728491027" lon="19.134236975">
			<ele>104.7</ele>
		</trkpt>
		<trkpt lat="47.728510976" lon="19.134553978">
			<ele>105.9</ele>
		</trkpt>
		<trkpt lat="47.728481974" lon="19.134991011">
			<ele>107.2</ele>
		</trkpt>
		<trkpt lat="47.72838399" lon="19.13534699">
			<ele>110</ele>
		</trkpt>
		<trkpt lat="47.728308972" lon="19.135455033">
			<ele>110</ele>
		</trkpt>
		<trkpt lat="47.728171006" lon="19.135499038">
			<ele>110.1</ele>
		</trkpt>
		<trkpt lat="47.727624003" lon="19.135429971">
			<ele>111.1</ele>
		</trkpt>
		<trkpt lat="47.727201974" lon="19.135429971">
			<ele>112.7</ele>
		</trkpt>
		<trkpt lat="47.725997997" lon="19.135631975">
			<ele>115.3</ele>
		</trkpt>
		<trkpt lat="47.725632965" lon="19.135771031">
			<ele>115</ele>
		</trkpt>
		<trkpt lat="47.725477984" lon="19.135876978">
			<ele>114.4</ele>
		</trkpt>
		<trkpt lat="47.724740963" lon="19.136514002">
			<ele>111.8</ele>
		</trkpt>
		<trkpt lat="47.724307954" lon="19.136806028">
			<ele>110.4</ele>
		</trkpt>
		<trkpt lat="47.723164998" lon="19.137223028">
			<ele>108.8</ele>
		</trkpt>
		<trkpt lat="47.722941955" lon="19.137201989">
			<ele>108.5</ele>
		</trkpt>
		<trkpt lat="47.722924018" lon="19.136576029">
			<ele>108.8</ele>
		</trkpt>
		<trkpt lat="47.723187964" lon="19.134191042">
			<ele>109.4</ele>
		</trkpt>
		<trkpt lat="47.723183019" lon="19.134046035">
			<ele>108.8</ele>
		</trkpt>
		<trkpt lat="47.72308998" lon="19.133749986">
			<ele>107.4</ele>
		</trkpt>
		<trkpt lat="47.722912032" lon="19.133593999">
			<ele>106.2</ele>
		</trkpt>
		<trkpt lat="47.722488997" lon="19.133517975">
			<ele>105.8</ele>
		</trkpt>
		<trkpt lat="47.720152961" lon="19.133466007">
			<ele>101.6</ele>
		</trkpt>
		<trkpt lat="47.718959965" lon="19.133371962">
			<ele>103.3</ele>
		</trkpt>
		<trkpt lat="47.718439029" lon="19.133230979">
			<ele>103.6</ele>
		</trkpt>
		<trkpt lat="47.717143019" lon="19.132681964">
			<ele>105.1</ele>
		</trkpt>
		<trkpt lat="47.716672962" lon="19.132538969">
			<ele>105.4</ele>
		</trkpt>
		<trkpt lat="47.716489985" lon="19.132426986">
			<ele>105.1</ele>
		</trkpt>
		<trkpt lat="47.716421002" lon="19.13245297">
			<ele>104.7</ele>
		</trkpt>
		<trkpt lat="47.716376997" lon="19.132542992">
			<ele>104.7</ele>
		</trkpt>
		<trkpt lat="47.716210952" lon="19.133253023">
			<ele>103.2</ele>
		</trkpt>
		<trkpt lat="47.715669984" lon="19.132951023">
			<ele>103.4</ele>
		</trkpt>
		<trkpt lat="47.715027008" lon="19.132527988">
			<ele>105.8</ele>
		</trkpt>
		<trkpt lat="47.714576984" lon="19.134209985">
			<ele>104.8</ele>
		</trkpt>
		<trkpt lat="47.713999973" lon="19.13386398">
			<ele>104.6</ele>
		</trkpt>
		<trkpt lat="47.714124025" lon="19.133356037">
			<ele>104.8</ele>
		</trkpt>
		<trkpt lat="47.712745957" lon="19.132465962">
			<ele>104.9</ele>
		</trkpt>
		<trkpt lat="47.712584018" lon="19.132392034">
			<ele>104.9</ele>
		</trkpt>
		<trkpt lat="47.710341021" lon="19.132148037">
			<ele>104.3</ele>
		</trkpt>
		<trkpt lat="47.710457027" lon="19.129829016">
			<ele>102.3</ele>
		</trkpt>
		<trkpt lat="47.710389971" lon="19.129621983">
			<ele>102.3</ele>
		</trkpt>
		<trkpt lat="47.708945015" lon="19.129160978">
			<ele>107.1</ele>
		</trkpt>
		<trkpt lat="47.70787297" lon="19.128889991">
			<ele>104.7</ele>
		</trkpt>
		<trkpt lat="47.706348972" lon="19.12864197">
			<ele>102.9</ele>
		</trkpt>
		<trkpt lat="47.705442972" lon="19.12865798">
			<ele>101.9</ele>
		</trkpt>
		<trkpt lat="47.70413397" lon="19.128914969">
			<ele>102.1</ele>
		</trkpt>
		<trkpt lat="47.700980028" lon="19.12916299">
			<ele>99.4</ele>
		</trkpt>
		<trkpt lat="47.697608994" lon="19.129582001">
			<ele>100.7</ele>
		</trkpt>
		<trkpt lat="47.697374971" lon="19.129684009">
			<ele>102.6</ele>
		</trkpt>
		<trkpt lat="47.697248991" lon="19.129902022">
			<ele>104</ele>
		</trkpt>
		<trkpt lat="47.696927964" lon="19.131520987">
			<ele>103.9</ele>
		</trkpt>
		<trkpt lat="47.696591012" lon="19.132705014">
			<ele>105.8</ele>
		</trkpt>
		<trkpt lat="47.695890033" lon="19.132424975">
			<ele>106.6</ele>
		</trkpt>
		<trkpt lat="47.695530953" lon="19.13250301">
			<ele>107.4</ele>
		</trkpt>
		<trkpt lat="47.695236999" lon="19.132432016">
			<ele>108.1</ele>
		</trkpt>
		<trkpt lat="47.69438699" lon="19.131989032">
			<ele>107.8</ele>
		</trkpt>
		<trkpt lat="47.693451989" lon="19.131370028">
			<ele>107.9</ele>
		</trkpt>
		<trkpt lat="47.69320598" lon="19.131242959">
			<ele>110.1</ele>
		</trkpt>
		<trkpt lat="47.693035995" lon="19.13124497">
			<ele>111.4</ele>
		</trkpt>
		<trkpt lat="47.692183975" lon="19.131522998">
			<ele>116.3</ele>
		</trkpt>
		<trkpt lat="47.692046009" lon="19.131653002">
			<ele>116.8</ele>
		</trkpt>
		<trkpt lat="47.691067002" lon="19.133636998">
			<ele>117</ele>
		</trkpt>
		<trkpt lat="47.689878951" lon="19.132796964">
			<ele>116</ele>
		</trkpt>
		<trkpt lat="47.686714951" lon="19.132448025">
			<ele>115.9</ele>
		</trkpt>
		<trkpt lat="47.686151016" lon="19.132349035">
			<ele>115</ele>
		</trkpt>
		<trkpt lat="47.686211953" lon="19.131328035">
			<ele>115.7</ele>
		</trkpt>
		<trkpt lat="47.683139985" lon="19.130983036">
			<ele>115.5</ele>
		</trkpt>
		<trkpt lat="47.683098998" lon="19.132074025">
			<ele>114.2</ele>
		</trkpt>
		<trkpt lat="47.679001001" lon="19.131616959">
			<ele>117.9</ele>
		</trkpt>
		<trkpt lat="47.678230034" lon="19.131499026">
			<ele>118.5</ele>
		</trkpt>
		<trkpt lat="47.674554988" lon="19.131176993">
			<ele>117.6</ele>
		</trkpt>
		<trkpt lat="47.674609974" lon="19.130050968">
			<ele>117</ele>
		</trkpt>
		<trkpt lat="47.671540018" lon="19.129695995">
			<ele>116.7</ele>
		</trkpt>
		<trkpt lat="47.672181988" lon="19.127681991">
			<ele>116.3</ele>
		</trkpt>
		<trkpt lat="47.672291958" lon="19.127446963">
			<ele>116.6</ele>
		</trkpt>
		<trkpt lat="47.672598988" lon="19.126966009">
			<ele>117.5</ele>
		</trkpt>
		<trkpt lat="47.672583984" lon="19.126799041">
			<ele>117.9</ele>
		</trkpt>
		<trkpt lat="47.672390027" lon="19.126707008">
			<ele>117.6</ele>
		</trkpt>
		<trkpt lat="47.672290953" lon="19.126699967">
			<ele>117.2</ele>
		</trkpt>
		<trkpt lat="47.672201015" lon="19.126752019">
			<ele>116.6</ele>
		</trkpt>
		<trkpt lat="47.67209096" lon="19.126715977">
			<ele>116.6</ele>
		</trkpt>
		<trkpt lat="47.672078974" lon="19.126667026">
			<ele>116.6</ele>
		</trkpt>
		<trkpt lat="47.672118956" lon="19.126505004">
			<ele>116.9</ele>
		</trkpt>
		<trkpt lat="47.672248959" lon="19.126134021">
			<ele>117.9</ele>
		</trkpt>
		<trkpt lat="47.672232028" lon="19.126071995">
			<ele>118.1</ele>
		</trkpt>
		<trkpt lat="47.672150975" lon="19.125995971">
			<ele>117.4</ele>
		</trkpt>
		<trkpt lat="47.67071901" lon="19.125591964">
			<ele>116.7</ele>
		</trkpt>
		<trkpt lat="47.670603005" lon="19.125508983">
			<ele>117</ele>
		</trkpt>
		<trkpt lat="47.667882994" lon="19.124642964">
			<ele>117</ele>
		</trkpt>
		<trkpt lat="47.667700017" lon="19.124631984">
			<ele>116.5</ele>
		</trkpt>
		<trkpt lat="47.66759298" lon="19.124557972">
			<ele>116</ele>
		</trkpt>
		<trkpt lat="47.666190017" lon="19.124124963">
			<ele>113.8</ele>
		</trkpt>
		<trkpt lat="47.666124973" lon="19.12421599">
			<ele>113.5</ele>
		</trkpt>
		<trkpt lat="47.666059008" lon="19.124469962">
			<ele>113.5</ele>
		</trkpt>
		<trkpt lat="47.665973009" lon="19.124635002">
			<ele>113.1</ele>
		</trkpt>
		<trkpt lat="47.665834959" lon="19.124666015">
			<ele>113</ele>
		</trkpt>
		<trkpt lat="47.66574301" lon="19.124624021">
			<ele>113</ele>
		</trkpt>
		<trkpt lat="47.665634967" lon="19.124421012">
			<ele>113.3</ele>
		</trkpt>
		<trkpt lat="47.66560496" lon="19.123976016">
			<ele>113.5</ele>
		</trkpt>
		<trkpt lat="47.665563972" lon="19.123919019">
			<ele>113.8</ele>
		</trkpt>
		<trkpt lat="47.665361968" lon="19.123835033">
			<ele>114.3</ele>
		</trkpt>
		<trkpt lat="47.664704995" lon="19.123623976">
			<ele>116.5</ele>
		</trkpt>
		<trkpt lat="47.664510032" lon="19.123609979">
			<ele>116.5</ele>
		</trkpt>
		<trkpt lat="47.66439696" lon="19.123532027">
			<ele>116.3</ele>
		</trkpt>
		<trkpt lat="47.662860976" lon="19.123044033">
			<ele>113.8</ele>
		</trkpt>
		<trkpt lat="47.662695015" lon="19.123092983">
			<ele>113.6</ele>
		</trkpt>
		<trkpt lat="47.662633994" lon="19.12318904">
			<ele>114.3</ele>
		</trkpt>
		<trkpt lat="47.66252503" lon="19.123554993">
			<ele>114.7</ele>
		</trkpt>
		<trkpt lat="47.662200985" lon="19.123380985">
			<ele>114</ele>
		</trkpt>
		<trkpt lat="47.662161003" lon="19.123253999">
			<ele>114</ele>
		</trkpt>
		<trkpt lat="47.66221096" lon="19.123055013">
			<ele>113.1</ele>
		</trkpt>
		<trkpt lat="47.662177013" lon="19.122948982">
			<ele>113.1</ele>
		</trkpt>
		<trkpt lat="47.662029994" lon="19.122840017">
			<ele>111.7</ele>
		</trkpt>
		<trkpt lat="47.661320969" lon="19.122571964">
			<ele>110.4</ele>
		</trkpt>
		<trkpt lat="47.660925008" lon="19.122432992">
			<ele>110.9</ele>
		</trkpt>
		<trkpt lat="47.660560982" lon="19.122372977">
			<ele>111.1</ele>
		</trkpt>
		<trkpt lat="47.659333955" lon="19.122322015">
			<ele>110</ele>
		</trkpt>
		<trkpt lat="47.658865994" lon="19.122263007">
			<ele>110.2</ele>
		</trkpt>
		<trkpt lat="47.658816959" lon="19.122224031">
			<ele>110.2</ele>
		</trkpt>
		<trkpt lat="47.659343008" lon="19.121106975">
			<ele>108.3</ele>
		</trkpt>
		<trkpt lat="47.659490026" lon="19.120571036">
			<ele>106.9</ele>
		</trkpt>
		<trkpt lat="47.659620952" lon="19.119937029">
			<ele>105.1</ele>
		</trkpt>
		<trkpt lat="47.659220967" lon="19.119834015">
			<ele>103.6</ele>
		</trkpt>
		<trkpt lat="47.658926008" lon="19.119672999">
			<ele>103.5</ele>
		</trkpt>
		<trkpt lat="47.658202985" lon="19.11943797">
			<ele>100.1</ele>
		</trkpt>
		<trkpt lat="47.657875001" lon="19.119423972">
			<ele>99.9</ele>
		</trkpt>
		<trkpt lat="47.65770401" lon="19.11948801">
			<ele>100.1</ele>
		</trkpt>
		<trkpt lat="47.656831957" lon="19.11953696">
			<ele>102.2</ele>
		</trkpt>
		<trkpt lat="47.652401954" lon="19.120325027">
			<ele>102.2</ele>
		</trkpt>
		<trkpt lat="47.651020029" lon="19.120726017">
			<ele>104.7</ele>
		</trkpt>
		<trkpt lat="47.649380026" lon="19.12103598">
			<ele>103.9</ele>
		</trkpt>
		<trkpt lat="47.649133011" lon="19.121032963">
			<ele>103.8</ele>
		</trkpt>
		<trkpt lat="47.648933019" lon="19.121118961">
			<ele>103.9</ele>
		</trkpt>
		<trkpt lat="47.648403031" lon="19.121221974">
			<ele>104.4</ele>
		</trkpt>
		<trkpt lat="47.648179989" lon="19.121213006">
			<ele>104.5</ele>
		</trkpt>
		<trkpt lat="47.646879034" lon="19.121351978">
			<ele>103.9</ele>
		</trkpt>
		<trkpt lat="47.63996103" lon="19.123197002">
			<ele>103.6</ele>
		</trkpt>
		<trkpt lat="47.639936974" lon="19.122543968">
			<ele>101.9</ele>
		</trkpt>
		<trkpt lat="47.639735976" lon="19.122375995">
			<ele>101.9</ele>
		</trkpt>
		<trkpt lat="47.639549981" lon="19.122108025">
			<ele>101.9</ele>
		</trkpt>
		<trkpt lat="47.63941101" lon="19.122010963">
			<ele>101.7</ele>
		</trkpt>
		<trkpt lat="47.639288969" lon="19.121986991">
			<ele>101.4</ele>
		</trkpt>
		<trkpt lat="47.637351995" lon="19.122098973">
			<ele>101.9</ele>
		</trkpt>
		<trkpt lat="47.63550697" lon="19.12189303">
			<ele>102.3</ele>
		</trkpt>
		<trkpt lat="47.633605955" lon="19.121275032">
			<ele>99.6</ele>
		</trkpt>
		<trkpt lat="47.631516011" lon="19.120475985">
			<ele>100.7</ele>
		</trkpt>
		<trkpt lat="47.629442999" lon="19.119547019">
			<ele>101.4</ele>
		</trkpt>
		<trkpt lat="47.627519017" lon="19.118401967">
			<ele>100.8</ele>
		</trkpt>
		<trkpt lat="47.627092965" lon="19.118226031">
			<ele>100.6</ele>
		</trkpt>
		<trkpt lat="47.626613017" lon="19.11824598">
			<ele>101.1</ele>
		</trkpt>
		<trkpt lat="47.626161987" lon="19.118439015">
			<ele>101</ele>
		</trkpt>
		<trkpt lat="47.625904997" lon="19.118645964">
			<ele>100.3</ele>
		</trkpt>
		<trkpt lat="47.624240016" lon="19.12026803">
			<ele>103.1</ele>
		</trkpt>
		<trkpt lat="47.624074977" lon="19.120337013">
			<ele>103</ele>
		</trkpt>
		<trkpt lat="47.623868027" lon="19.120282028">
			<ele>102.9</ele>
		</trkpt>
		<trkpt lat="47.623757973" lon="19.120427035">
			<ele>102.9</ele>
		</trkpt>
		<trkpt lat="47.623641967" lon="19.120499035">
			<ele>103.1</ele>
		</trkpt>
		<trkpt lat="47.622877957" lon="19.118841011">
			<ele>104.7</ele>
		</trkpt>
		<trkpt lat="47.622054016" lon="19.117159015">
			<ele>104.6</ele>
		</trkpt>
		<trkpt lat="47.62090997" lon="19.114959016">
			<ele>101.9</ele>
		</trkpt>
		<trkpt lat="47.620331032" lon="19.113997025">
			<ele>102.5</ele>
		</trkpt>
		<trkpt lat="47.619866004" lon="19.113337034">
			<ele>103.2</ele>
		</trkpt>
		<trkpt lat="47.618977019" lon="19.112298014">
			<ele>103.6</ele>
		</trkpt>
		<trkpt lat="47.61859799" lon="19.111904986">
			<ele>104.1</ele>
		</trkpt>
		<trkpt lat="47.617698025" lon="19.111110969">
			<ele>104.3</ele>
		</trkpt>
		<trkpt lat="47.616755983" lon="19.110395992">
			<ele>104.3</ele>
		</trkpt>
		<trkpt lat="47.616565965" lon="19.11018502">
			<ele>104</ele>
		</trkpt>
		<trkpt lat="47.615748981" lon="19.109658971">
			<ele>103.2</ele>
		</trkpt>
		<trkpt lat="47.61550096" lon="19.109585965">
			<ele>103.8</ele>
		</trkpt>
		<trkpt lat="47.614209979" lon="19.108845005">
			<ele>104.3</ele>
		</trkpt>
		<trkpt lat="47.614121969" lon="19.108721036">
			<ele>104.3</ele>
		</trkpt>
		<trkpt lat="47.613228961" lon="19.10815903">
			<ele>103.3</ele>
		</trkpt>
		<trkpt lat="47.612776003" lon="19.107685033">
			<ele>101.8</ele>
		</trkpt>
		<trkpt lat="47.612262025" lon="19.107036022">
			<ele>102.2</ele>
		</trkpt>
		<trkpt lat="47.612012999" lon="19.106618017">
			<ele>103.2</ele>
		</trkpt>
		<trkpt lat="47.611585019" lon="19.10564404">
			<ele>106.4</ele>
		</trkpt>
		<trkpt lat="47.611429954" lon="19.105212037">
			<ele>107</ele>
		</trkpt>
		<trkpt lat="47.611410005" lon="19.105074992">
			<ele>106.3</ele>
		</trkpt>
		<trkpt lat="47.610896026" lon="19.103675969">
			<ele>107.9</ele>
		</trkpt>
		<trkpt lat="47.606350017" lon="19.098114995">
			<ele>105.1</ele>
		</trkpt>
	</trkseg>
</trk>
<trk>
	<name>16: Dunakeszi – Budapest (DEVELOPED)</name>
	<desc>DEVELOPED</desc>
	<trkseg>
		<trkpt lat="47.606369992" lon="19.09788">
			<ele>104.9</ele>
		</trkpt>
		<trkpt lat="47.605459992" lon="19.09701">
			<ele>105.1</ele>
		</trkpt>
		<trkpt lat="47.605319992" lon="19.09705">
			<ele>105.2</ele>
		</trkpt>
		<trkpt lat="47.605109992" lon="19.09681">
			<ele>104.9</ele>
		</trkpt>
		<trkpt lat="47.603919992" lon="19.09572">
			<ele>104.8</ele>
		</trkpt>
		<trkpt lat="47.603389992" lon="19.09537">
			<ele>103.5</ele>
		</trkpt>
		<trkpt lat="47.601899992" lon="19.09469">
			<ele>105.8</ele>
		</trkpt>
		<trkpt lat="47.601159992" lon="19.09427">
			<ele>105.7</ele>
		</trkpt>
		<trkpt lat="47.600439992" lon="19.09369">
			<ele>106.5</ele>
		</trkpt>
		<trkpt lat="47.599309992" lon="19.09268">
			<ele>107.5</ele>
		</trkpt>
		<trkpt lat="47.598219992" lon="19.09159">
			<ele>105.6</ele>
		</trkpt>
		<trkpt lat="47.597509992" lon="19.09103">
			<ele>105.7</ele>
		</trkpt>
		<trkpt lat="47.596989992" lon="19.0908">
			<ele>107.2</ele>
		</trkpt>
		<trkpt lat="47.596529992" lon="19.09071">
			<ele>108</ele>
		</trkpt>
		<trkpt lat="47.595929992" lon="19.09078">
			<ele>107.6</ele>
		</trkpt>
		<trkpt lat="47.595749992" lon="19.09069">
			<ele>107.4</ele>
		</trkpt>
		<trkpt lat="47.595579992" lon="19.0907">
			<ele>107.1</ele>
		</trkpt>
		<trkpt lat="47.595559992" lon="19.09037">
			<ele>106.4</ele>
		</trkpt>
		<trkpt lat="47.595459992" lon="19.0899">
			<ele>106.1</ele>
		</trkpt>
		<trkpt lat="47.595289992" lon="19.08955">
			<ele>105.8</ele>
		</trkpt>
		<trkpt lat="47.595179992" lon="19.0894">
			<ele>105.7</ele>
		</trkpt>
		<trkpt lat="47.594959992" lon="19.08914">
			<ele>105.8</ele>
		</trkpt>
		<trkpt lat="47.594649992" lon="19.08895">
			<ele>105.7</ele>
		</trkpt>
		<trkpt lat="47.593719992" lon="19.08814">
			<ele>106</ele>
		</trkpt>
		<trkpt lat="47.593009992" lon="19.08731">
			<ele>104.7</ele>
		</trkpt>
		<trkpt lat="47.592819992" lon="19.08722">
			<ele>104.7</ele>
		</trkpt>
		<trkpt lat="47.592489992" lon="19.08679">
			<ele>104.7</ele>
		</trkpt>
		<trkpt lat="47.592429992" lon="19.08662">
			<ele>104.7</ele>
		</trkpt>
		<trkpt lat="47.592259992" lon="19.0864">
			<ele>104.9</ele>
		</trkpt>
		<trkpt lat="47.592129992" lon="19.08631">
			<ele>104.9</ele>
		</trkpt>
		<trkpt lat="47.590819992" lon="19.08467">
			<ele>103.8</ele>
		</trkpt>
		<trkpt lat="47.590719992" lon="19.08426">
			<ele>103.6</ele>
		</trkpt>
		<trkpt lat="47.589599992" lon="19.08283">
			<ele>105.1</ele>
		</trkpt>
		<trkpt lat="47.589189992" lon="19.08253">
			<ele>106</ele>
		</trkpt>
		<trkpt lat="47.588799992" lon="19.08244">
			<ele>106.1</ele>
		</trkpt>
		<trkpt lat="47.586139992" lon="19.08219">
			<ele>104.6</ele>
		</trkpt>
		<trkpt lat="47.586109992" lon="19.08215">
			<ele>105</ele>
		</trkpt>
		<trkpt lat="47.585569992" lon="19.08208">
			<ele>104.8</ele>
		</trkpt>
		<trkpt lat="47.585209992" lon="19.08211">
			<ele>104.5</ele>
		</trkpt>
		<trkpt lat="47.583229992" lon="19.08198">
			<ele>104</ele>
		</trkpt>
		<trkpt lat="47.583149992" lon="19.08191">
			<ele>103.9</ele>
		</trkpt>
		<trkpt lat="47.583089992" lon="19.08174">
			<ele>103.9</ele>
		</trkpt>
		<trkpt lat="47.583079992" lon="19.08158">
			<ele>104</ele>
		</trkpt>
		<trkpt lat="47.582569992" lon="19.08146">
			<ele>104.3</ele>
		</trkpt>
		<trkpt lat="47.582089992" lon="19.08162">
			<ele>104.6</ele>
		</trkpt>
		<trkpt lat="47.582069992" lon="19.08169">
			<ele>104.7</ele>
		</trkpt>
		<trkpt lat="47.581789992" lon="19.08168">
			<ele>104.8</ele>
		</trkpt>
		<trkpt lat="47.575559992" lon="19.08116">
			<ele>103.5</ele>
		</trkpt>
		<trkpt lat="47.573959992" lon="19.08106">
			<ele>104.6</ele>
		</trkpt>
		<trkpt lat="47.569299992" lon="19.08048">
			<ele>104.9</ele>
		</trkpt>
		<trkpt lat="47.568109992" lon="19.08016">
			<ele>104.6</ele>
		</trkpt>
		<trkpt lat="47.565239992" lon="19.07916">
			<ele>104.6</ele>
		</trkpt>
		<trkpt lat="47.562629992" lon="19.07837">
			<ele>101.8</ele>
		</trkpt>
		<trkpt lat="47.562509992" lon="19.07835">
			<ele>101.8</ele>
		</trkpt>
		<trkpt lat="47.562239992" lon="19.07841">
			<ele>103.6</ele>
		</trkpt>
		<trkpt lat="47.561679992" lon="19.07833">
			<ele>102.8</ele>
		</trkpt>
		<trkpt lat="47.561559992" lon="19.07836">
			<ele>103.1</ele>
		</trkpt>
		<trkpt lat="47.561469992" lon="19.07845">
			<ele>104.3</ele>
		</trkpt>
		<trkpt lat="47.561429992" lon="19.07839">
			<ele>103.1</ele>
		</trkpt>
		<trkpt lat="47.561239992" lon="19.07828">
			<ele>103.6</ele>
		</trkpt>
		<trkpt lat="47.561179992" lon="19.07831">
			<ele>104</ele>
		</trkpt>
		<trkpt lat="47.560309992" lon="19.07762">
			<ele>106.1</ele>
		</trkpt>
		<trkpt lat="47.559939992" lon="19.07741">
			<ele>106.5</ele>
		</trkpt>
		<trkpt lat="47.559859992" lon="19.07755">
			<ele>106.8</ele>
		</trkpt>
		<trkpt lat="47.559719992" lon="19.0776">
			<ele>107.7</ele>
		</trkpt>
		<trkpt lat="47.559589992" lon="19.07751">
			<ele>106.9</ele>
		</trkpt>
		<trkpt lat="47.559499992" lon="19.07737">
			<ele>106.7</ele>
		</trkpt>
		<trkpt lat="47.559399992" lon="19.07732">
			<ele>105.7</ele>
		</trkpt>
		<trkpt lat="47.558819992" lon="19.07742">
			<ele>104.9</ele>
		</trkpt>
		<trkpt lat="47.558759992" lon="19.07746">
			<ele>104.9</ele>
		</trkpt>
		<trkpt lat="47.558529992" lon="19.07744">
			<ele>104.6</ele>
		</trkpt>
		<trkpt lat="47.558049992" lon="19.07731">
			<ele>104.3</ele>
		</trkpt>
		<trkpt lat="47.557969992" lon="19.07727">
			<ele>104.3</ele>
		</trkpt>
		<trkpt lat="47.557929992" lon="19.07717">
			<ele>104.2</ele>
		</trkpt>
		<trkpt lat="47.558009992" lon="19.07673">
			<ele>103.3</ele>
		</trkpt>
		<trkpt lat="47.557039992" lon="19.07631">
			<ele>103.9</ele>
		</trkpt>
		<trkpt lat="47.556829992" lon="19.07617">
			<ele>103.9</ele>
		</trkpt>
		<trkpt lat="47.556169992" lon="19.07587">
			<ele>103</ele>
		</trkpt>
		<trkpt lat="47.555699992" lon="19.07571">
			<ele>103.1</ele>
		</trkpt>
		<trkpt lat="47.555619992" lon="19.07562">
			<ele>102.3</ele>
		</trkpt>
		<trkpt lat="47.555499992" lon="19.07562">
			<ele>102.6</ele>
		</trkpt>
		<trkpt lat="47.554809992" lon="19.0753">
			<ele>104.3</ele>
		</trkpt>
		<trkpt lat="47.554269992" lon="19.07512">
			<ele>103.4</ele>
		</trkpt>
		<trkpt lat="47.554219992" lon="19.07504">
			<ele>103.4</ele>
		</trkpt>
		<trkpt lat="47.552779992" lon="19.0745">
			<ele>105.6</ele>
		</trkpt>
		<trkpt lat="47.552709992" lon="19.07451">
			<ele>105.6</ele>
		</trkpt>
		<trkpt lat="47.551459992" lon="19.07398">
			<ele>106.2</ele>
		</trkpt>
		<trkpt lat="47.551199992" lon="19.07395">
			<ele>105.4</ele>
		</trkpt>
		<trkpt lat="47.550799992" lon="19.0738">
			<ele>106.8</ele>
		</trkpt>
		<trkpt lat="47.550699992" lon="19.07375">
			<ele>106.8</ele>
		</trkpt>
		<trkpt lat="47.550649992" lon="19.07367">
			<ele>109</ele>
		</trkpt>
		<trkpt lat="47.549669992" lon="19.07334">
			<ele>117.1</ele>
		</trkpt>
		<trkpt lat="47.549489992" lon="19.07319">
			<ele>118.2</ele>
		</trkpt>
		<trkpt lat="47.549039992" lon="19.07304">
			<ele>119.5</ele>
		</trkpt>
		<trkpt lat="47.548869992" lon="19.07292">
			<ele>119.4</ele>
		</trkpt>
		<trkpt lat="47.548789992" lon="19.07265">
			<ele>117.8</ele>
		</trkpt>
		<trkpt lat="47.548619992" lon="19.07254">
			<ele>116.2</ele>
		</trkpt>
		<trkpt lat="47.548849992" lon="19.07159">
			<ele>108.5</ele>
		</trkpt>
		<trkpt lat="47.548759992" lon="19.07154">
			<ele>108.4</ele>
		</trkpt>
		<trkpt lat="47.548519992" lon="19.07111">
			<ele>104.4</ele>
		</trkpt>
		<trkpt lat="47.547299992" lon="19.07011">
			<ele>104.7</ele>
		</trkpt>
		<trkpt lat="47.547219992" lon="19.07008">
			<ele>104.7</ele>
		</trkpt>
		<trkpt lat="47.547129992" lon="19.06996">
			<ele>105.1</ele>
		</trkpt>
		<trkpt lat="47.546229992" lon="19.06962">
			<ele>106.2</ele>
		</trkpt>
		<trkpt lat="47.546369992" lon="19.06894">
			<ele>103.5</ele>
		</trkpt>
		<trkpt lat="47.544019992" lon="19.06789">
			<ele>104.2</ele>
		</trkpt>
		<trkpt lat="47.543839992" lon="19.06787">
			<ele>104.1</ele>
		</trkpt>
		<trkpt lat="47.542829992" lon="19.06744">
			<ele>104.3</ele>
		</trkpt>
		<trkpt lat="47.542529992" lon="19.06727">
			<ele>104.2</ele>
		</trkpt>
		<trkpt lat="47.542489992" lon="19.06714">
			<ele>104.2</ele>
		</trkpt>
		<trkpt lat="47.542369992" lon="19.06416">
			<ele>102</ele>
		</trkpt>
		<trkpt lat="47.542319992" lon="19.064">
			<ele>102.2</ele>
		</trkpt>
		<trkpt lat="47.541919992" lon="19.06371">
			<ele>103.6</ele>
		</trkpt>
		<trkpt lat="47.541679992" lon="19.06335">
			<ele>104.2</ele>
		</trkpt>
		<trkpt lat="47.539779992" lon="19.06202">
			<ele>104</ele>
		</trkpt>
		<trkpt lat="47.539709992" lon="19.06194">
			<ele>104</ele>
		</trkpt>
		<trkpt lat="47.538229992" lon="19.06115">
			<ele>105.7</ele>
		</trkpt>
		<trkpt lat="47.538209992" lon="19.06105">
			<ele>105.7</ele>
		</trkpt>
		<trkpt lat="47.538249992" lon="19.06071">
			<ele>105.2</ele>
		</trkpt>
		<trkpt lat="47.538239992" lon="19.06048">
			<ele>104.7</ele>
		</trkpt>
		<trkpt lat="47.538159992" lon="19.06029">
			<ele>104.6</ele>
		</trkpt>
		<trkpt lat="47.536649992" lon="19.0591">
			<ele>107</ele>
		</trkpt>
		<trkpt lat="47.536539992" lon="19.05891">
			<ele>104.9</ele>
		</trkpt>
		<trkpt lat="47.536519992" lon="19.05866">
			<ele>103.3</ele>
		</trkpt>
		<trkpt lat="47.537499992" lon="19.05454">
			<ele>96.8</ele>
		</trkpt>
		<trkpt lat="47.537619992" lon="19.05456">
			<ele>96.8</ele>
		</trkpt>
		<trkpt lat="47.537759992" lon="19.05452">
			<ele>96.8</ele>
		</trkpt>
		<trkpt lat="47.537899992" lon="19.05432">
			<ele>97.4</ele>
		</trkpt>
		<trkpt lat="47.537929992" lon="19.05411">
			<ele>97.2</ele>
		</trkpt>
		<trkpt lat="47.537859992" lon="19.05383">
			<ele>97.3</ele>
		</trkpt>
		<trkpt lat="47.537739992" lon="19.05371">
			<ele>97.3</ele>
		</trkpt>
		<trkpt lat="47.537549992" lon="19.05438">
			<ele>97.2</ele>
		</trkpt>
		<trkpt lat="47.537509992" lon="19.05437">
			<ele>97.2</ele>
		</trkpt>
		<trkpt lat="47.537569992" lon="19.05413">
			<ele>97</ele>
		</trkpt>
		<trkpt lat="47.537049992" lon="19.05386">
			<ele>96.8</ele>
		</trkpt>
		<trkpt lat="47.537069992" lon="19.05364">
			<ele>96.8</ele>
		</trkpt>
		<trkpt lat="47.537149992" lon="19.05338">
			<ele>97.3</ele>
		</trkpt>
		<trkpt lat="47.536369992" lon="19.05273">
			<ele>97.5</ele>
		</trkpt>
		<trkpt lat="47.535929992" lon="19.05243">
			<ele>97.9</ele>
		</trkpt>
		<trkpt lat="47.534249992" lon="19.05066">
			<ele>100.2</ele>
		</trkpt>
		<trkpt lat="47.534019992" lon="19.05062">
			<ele>99.2</ele>
		</trkpt>
		<trkpt lat="47.533599992" lon="19.05077">
			<ele>103.4</ele>
		</trkpt>
		<trkpt lat="47.533359992" lon="19.05079">
			<ele>104.3</ele>
		</trkpt>
		<trkpt lat="47.532369992" lon="19.04989">
			<ele>105.3</ele>
		</trkpt>
		<trkpt lat="47.531079992" lon="19.04898">
			<ele>105</ele>
		</trkpt>
		<trkpt lat="47.525179992" lon="19.04607">
			<ele>105.5</ele>
		</trkpt>
		<trkpt lat="47.519759992" lon="19.04413">
			<ele>108.8</ele>
		</trkpt>
		<trkpt lat="47.518909992" lon="19.04395">
			<ele>108.5</ele>
		</trkpt>
		<trkpt lat="47.518699992" lon="19.04394">
			<ele>107.8</ele>
		</trkpt>
		<trkpt lat="47.518529992" lon="19.04398">
			<ele>106.9</ele>
		</trkpt>
		<trkpt lat="47.517909992" lon="19.04432">
			<ele>104</ele>
		</trkpt>
		<trkpt lat="47.517639992" lon="19.0444">
			<ele>102.2</ele>
		</trkpt>
		<trkpt lat="47.517449992" lon="19.04437">
			<ele>101.8</ele>
		</trkpt>
		<trkpt lat="47.516239992" lon="19.04397">
			<ele>99.7</ele>
		</trkpt>
		<trkpt lat="47.516089992" lon="19.04387">
			<ele>102.3</ele>
		</trkpt>
		<trkpt lat="47.515689992" lon="19.04376">
			<ele>96.9</ele>
		</trkpt>
		<trkpt lat="47.515549992" lon="19.04377">
			<ele>96.9</ele>
		</trkpt>
		<trkpt lat="47.514879992" lon="19.04355">
			<ele>96.5</ele>
		</trkpt>
		<trkpt lat="47.514849992" lon="19.04344">
			<ele>96.5</ele>
		</trkpt>
		<trkpt lat="47.514739992" lon="19.03993">
			<ele>96.6</ele>
		</trkpt>
		<trkpt lat="47.514799992" lon="19.0386">
			<ele>107.9</ele>
		</trkpt>
		<trkpt lat="47.514899992" lon="19.0384">
			<ele>108.7</ele>
		</trkpt>
		<trkpt lat="47.515269992" lon="19.03835">
			<ele>108.5</ele>
		</trkpt>
		<trkpt lat="47.515339992" lon="19.03844">
			<ele>108.5</ele>
		</trkpt>
		<trkpt lat="47.515249992" lon="19.03883">
			<ele>106.8</ele>
		</trkpt>
		<trkpt lat="47.515299992" lon="19.03905">
			<ele>106.8</ele>
		</trkpt>
		<trkpt lat="47.515219992" lon="19.03934">
			<ele>101.8</ele>
		</trkpt>
		<trkpt lat="47.515259992" lon="19.03981">
			<ele>98.4</ele>
		</trkpt>
		<trkpt lat="47.514989992" lon="19.03985">
			<ele>99</ele>
		</trkpt>
		<trkpt lat="47.514849992" lon="19.03979">
			<ele>99</ele>
		</trkpt>
		<trkpt lat="47.514499992" lon="19.03981">
			<ele>99.5</ele>
		</trkpt>
		<trkpt lat="47.514189992" lon="19.03975">
			<ele>99.7</ele>
		</trkpt>
		<trkpt lat="47.513959992" lon="19.03978">
			<ele>99.8</ele>
		</trkpt>
		<trkpt lat="47.512209992" lon="19.03945">
			<ele>101.7</ele>
		</trkpt>
		<trkpt lat="47.512129992" lon="19.03948">
			<ele>101.7</ele>
		</trkpt>
		<trkpt lat="47.511579992" lon="19.03939">
			<ele>101.9</ele>
		</trkpt>
		<trkpt lat="47.510359992" lon="19.03937">
			<ele>97.6</ele>
		</trkpt>
		<trkpt lat="47.510239992" lon="19.0394">
			<ele>97.4</ele>
		</trkpt>
		<trkpt lat="47.510149992" lon="19.03937">
			<ele>97.4</ele>
		</trkpt>
		<trkpt lat="47.507769992" lon="19.03942">
			<ele>103.7</ele>
		</trkpt>
		<trkpt lat="47.507769992" lon="19.03925">
			<ele>111.5</ele>
		</trkpt>
		<trkpt lat="47.505389992" lon="19.03931">
			<ele>110.4</ele>
		</trkpt>
		<trkpt lat="47.504859992" lon="19.03936">
			<ele>102.8</ele>
		</trkpt>
		<trkpt lat="47.504869992" lon="19.03957">
			<ele>102.8</ele>
		</trkpt>
		<trkpt lat="47.503539992" lon="19.03973">
			<ele>101.5</ele>
		</trkpt>
		<trkpt lat="47.502229992" lon="19.03995">
			<ele>102.5</ele>
		</trkpt>
		<trkpt lat="47.501009992" lon="19.04025">
			<ele>101.6</ele>
		</trkpt>
		<trkpt lat="47.500079992" lon="19.04053">
			<ele>101.6</ele>
		</trkpt>
		<trkpt lat="47.498859992" lon="19.04099">
			<ele>97.1</ele>
		</trkpt>
		<trkpt lat="47.498549992" lon="19.04087">
			<ele>106</ele>
		</trkpt>
		<trkpt lat="47.498439992" lon="19.04088">
			<ele>106</ele>
		</trkpt>
		<trkpt lat="47.498329992" lon="19.04095">
			<ele>101.9</ele>
		</trkpt>
		<trkpt lat="47.498229992" lon="19.04118">
			<ele>102.9</ele>
		</trkpt>
		<trkpt lat="47.498079992" lon="19.04136">
			<ele>97.9</ele>
		</trkpt>
		<trkpt lat="47.494899992" lon="19.04311">
			<ele>98.5</ele>
		</trkpt>
		<trkpt lat="47.491429992" lon="19.04596">
			<ele>99.7</ele>
		</trkpt>
		<trkpt lat="47.490319992" lon="19.04705">
			<ele>101.8</ele>
		</trkpt>
	</trkseg>
</trk>
</gpx>
