<?xml version="1.0" encoding="UTF-8" standalone="yes"?>
<gpx version="1.1" creator="OS Maps - Web" xmlns="http://www.topografix.com/GPX/1/1"
xmlns:xsi="http://www.w3.org/2001/XMLSchema-instance"
xsi:schemaLocation="http://www.topografix.com/GPX/1/1 http://www.topografix.com/GPX/1/1/gpx.xsd"
xmlns:gs="http://www.topografix.com/GPX/gpx_style/0/2"
xmlns:gh="https://graphhopper.com/public/schema/gpx/1.1"
xmlns:os="https://ordnancesurvey.co.uk/public/schema/route/0.1">
    <metadata>
        <name>Untitled map</name>
        <desc>Converted from a KML file KML2GPX.COM</desc>
        <bounds minlat="58.1329000" minlon="14.5685000" maxlat="58.5363700" maxlon="15.0847300"/>
    </metadata>
    <wpt lat="58.5339000" lon="15.0379800">
        <name>1</name>
    </wpt>
    <wpt lat="58.5342500" lon="15.0387700">
        <name>2</name>
    </wpt>
    <wpt lat="58.5342200" lon="15.0388300">
        <name>3</name>
    </wpt>
    <wpt lat="58.5342000" lon="15.0388700">
        <name>4</name>
    </wpt>
    <wpt lat="58.5341800" lon="15.0389400">
        <name>5</name>
    </wpt>
    <wpt lat="58.5341600" lon="15.0390100">
        <name>6</name>
    </wpt>
    <wpt lat="58.5341600" lon="15.0390800">
        <name>7</name>
    </wpt>
    <wpt lat="58.5341600" lon="15.0391300">
        <name>8</name>
    </wpt>
    <wpt lat="58.5341600" lon="15.0391700">
        <name>9</name>
    </wpt>
    <wpt lat="58.5341700" lon="15.0392100">
        <name>10</name>
    </wpt>
    <wpt lat="58.5342100" lon="15.0393700">
        <name>11</name>
    </wpt>
    <wpt lat="58.5344100" lon="15.0401400">
        <name>12</name>
    </wpt>
    <wpt lat="58.5345900" lon="15.0408100">
        <name>13</name>
    </wpt>
    <wpt lat="58.5345900" lon="15.0408090">
        <name>14</name>
    </wpt>
    <wpt lat="58.5345900" lon="15.0408100">
        <name>15</name>
    </wpt>
    <wpt lat="58.5343900" lon="15.0410700">
        <name>16</name>
    </wpt>
    <wpt lat="58.5340400" lon="15.0414900">
        <name>17</name>
    </wpt>
    <wpt lat="58.5331100" lon="15.0425700">
        <name>18</name>
    </wpt>
    <wpt lat="58.5329800" lon="15.0427100">
        <name>19</name>
    </wpt>
    <wpt lat="58.5329800" lon="15.0427200">
        <name>20</name>
    </wpt>
    <wpt lat="58.5329700" lon="15.0427200">
        <name>21</name>
    </wpt>
    <wpt lat="58.5329700" lon="15.0427300">
        <name>22</name>
    </wpt>
    <wpt lat="58.5329600" lon="15.0427300">
        <name>23</name>
    </wpt>
    <wpt lat="58.5329600" lon="15.0427400">
        <name>24</name>
    </wpt>
    <wpt lat="58.5329500" lon="15.0427400">
        <name>25</name>
    </wpt>
    <wpt lat="58.5329500" lon="15.0427500">
        <name>26</name>
    </wpt>
    <wpt lat="58.5329400" lon="15.0427500">
        <name>27</name>
    </wpt>
    <wpt lat="58.5329400" lon="15.0427600">
        <name>28</name>
    </wpt>
    <wpt lat="58.5329300" lon="15.0427600">
        <name>29</name>
    </wpt>
    <wpt lat="58.5329200" lon="15.0427600">
        <name>30</name>
    </wpt>
    <wpt lat="58.5329200" lon="15.0427700">
        <name>31</name>
    </wpt>
    <wpt lat="58.5329100" lon="15.0427700">
        <name>32</name>
    </wpt>
    <wpt lat="58.5329100" lon="15.0427800">
        <name>33</name>
    </wpt>
    <wpt lat="58.5329000" lon="15.0427800">
        <name>34</name>
    </wpt>
    <wpt lat="58.5328900" lon="15.0427800">
        <name>35</name>
    </wpt>
    <wpt lat="58.5328900" lon="15.0427900">
        <name>36</name>
    </wpt>
    <wpt lat="58.5328800" lon="15.0427900">
        <name>37</name>
    </wpt>
    <wpt lat="58.5328700" lon="15.0427900">
        <name>38</name>
    </wpt>
    <wpt lat="58.5328700" lon="15.0428000">
        <name>39</name>
    </wpt>
    <wpt lat="58.5328600" lon="15.0428000">
        <name>40</name>
    </wpt>
    <wpt lat="58.5328500" lon="15.0428000">
        <name>41</name>
    </wpt>
    <wpt lat="58.5328400" lon="15.0428000">
        <name>42</name>
    </wpt>
    <wpt lat="58.5328400" lon="15.0428100">
        <name>43</name>
    </wpt>
    <wpt lat="58.5328300" lon="15.0428100">
        <name>44</name>
    </wpt>
    <wpt lat="58.5328200" lon="15.0428100">
        <name>45</name>
    </wpt>
    <wpt lat="58.5328100" lon="15.0428100">
        <name>46</name>
    </wpt>
    <wpt lat="58.5328000" lon="15.0428100">
        <name>47</name>
    </wpt>
    <wpt lat="58.5327900" lon="15.0428100">
        <name>48</name>
    </wpt>
    <wpt lat="58.5327800" lon="15.0428100">
        <name>49</name>
    </wpt>
    <wpt lat="58.5327700" lon="15.0428100">
        <name>50</name>
    </wpt>
    <wpt lat="58.5327600" lon="15.0428100">
        <name>51</name>
    </wpt>
    <wpt lat="58.5327500" lon="15.0428100">
        <name>52</name>
    </wpt>
    <wpt lat="58.5326300" lon="15.0428000">
        <name>53</name>
    </wpt>
    <wpt lat="58.5326300" lon="15.0427990">
        <name>54</name>
    </wpt>
    <wpt lat="58.5326300" lon="15.0428000">
        <name>55</name>
    </wpt>
    <wpt lat="58.5323500" lon="15.0428200">
        <name>56</name>
    </wpt>
    <wpt lat="58.5321500" lon="15.0428500">
        <name>57</name>
    </wpt>
    <wpt lat="58.5319800" lon="15.0429000">
        <name>58</name>
    </wpt>
    <wpt lat="58.5317300" lon="15.0430400">
        <name>59</name>
    </wpt>
    <wpt lat="58.5315300" lon="15.0432100">
        <name>60</name>
    </wpt>
    <wpt lat="58.5312500" lon="15.0434400">
        <name>61</name>
    </wpt>
    <wpt lat="58.5303200" lon="15.0418100">
        <name>62</name>
    </wpt>
    <wpt lat="58.5303200" lon="15.0418090">
        <name>63</name>
    </wpt>
    <wpt lat="58.5303200" lon="15.0418100">
        <name>64</name>
    </wpt>
    <wpt lat="58.5300500" lon="15.0420900">
        <name>65</name>
    </wpt>
    <wpt lat="58.5294400" lon="15.0426500">
        <name>66</name>
    </wpt>
    <wpt lat="58.5292600" lon="15.0427700">
        <name>67</name>
    </wpt>
    <wpt lat="58.5288900" lon="15.0432000">
        <name>68</name>
    </wpt>
    <wpt lat="58.5288100" lon="15.0433000">
        <name>69</name>
    </wpt>
    <wpt lat="58.5287100" lon="15.0430100">
        <name>70</name>
    </wpt>
    <wpt lat="58.5286800" lon="15.0430000">
        <name>71</name>
    </wpt>
    <wpt lat="58.5286600" lon="15.0430000">
        <name>72</name>
    </wpt>
    <wpt lat="58.5283600" lon="15.0419700">
        <name>73</name>
    </wpt>
    <wpt lat="58.5282100" lon="15.0414100">
        <name>74</name>
    </wpt>
    <wpt lat="58.5281700" lon="15.0412500">
        <name>75</name>
    </wpt>
    <wpt lat="58.5280000" lon="15.0405900">
        <name>76</name>
    </wpt>
    <wpt lat="58.5279200" lon="15.0403100">
        <name>77</name>
    </wpt>
    <wpt lat="58.5277700" lon="15.0397100">
        <name>78</name>
    </wpt>
    <wpt lat="58.5274200" lon="15.0383900">
        <name>79</name>
    </wpt>
    <wpt lat="58.5271200" lon="15.0372400">
        <name>80</name>
    </wpt>
    <wpt lat="58.5270400" lon="15.0369500">
        <name>81</name>
    </wpt>
    <wpt lat="58.5268900" lon="15.0363800">
        <name>82</name>
    </wpt>
    <wpt lat="58.5267000" lon="15.0356100">
        <name>83</name>
    </wpt>
    <wpt lat="58.5266000" lon="15.0352000">
        <name>84</name>
    </wpt>
    <wpt lat="58.5263700" lon="15.0343100">
        <name>85</name>
    </wpt>
    <wpt lat="58.5261100" lon="15.0332300">
        <name>86</name>
    </wpt>
    <wpt lat="58.5256000" lon="15.0309200">
        <name>87</name>
    </wpt>
    <wpt lat="58.5251600" lon="15.0288600">
        <name>88</name>
    </wpt>
    <wpt lat="58.5248600" lon="15.0274000">
        <name>89</name>
    </wpt>
    <wpt lat="58.5248200" lon="15.0272300">
        <name>90</name>
    </wpt>
    <wpt lat="58.5244600" lon="15.0255700">
        <name>91</name>
    </wpt>
    <wpt lat="58.5240100" lon="15.0233500">
        <name>92</name>
    </wpt>
    <wpt lat="58.5235400" lon="15.0213100">
        <name>93</name>
    </wpt>
    <wpt lat="58.5231400" lon="15.0194100">
        <name>94</name>
    </wpt>
    <wpt lat="58.5230100" lon="15.0188000">
        <name>95</name>
    </wpt>
    <wpt lat="58.5228800" lon="15.0183000">
        <name>96</name>
    </wpt>
    <wpt lat="58.5227700" lon="15.0179600">
        <name>97</name>
    </wpt>
    <wpt lat="58.5226600" lon="15.0177000">
        <name>98</name>
    </wpt>
    <wpt lat="58.5225500" lon="15.0174200">
        <name>99</name>
    </wpt>
    <wpt lat="58.5225000" lon="15.0173000">
        <name>100</name>
    </wpt>
    <wpt lat="58.5224100" lon="15.0171400">
        <name>101</name>
    </wpt>
    <wpt lat="58.5223000" lon="15.0169200">
        <name>102</name>
    </wpt>
    <wpt lat="58.5221400" lon="15.0166400">
        <name>103</name>
    </wpt>
    <wpt lat="58.5220500" lon="15.0165400">
        <name>104</name>
    </wpt>
    <wpt lat="58.5219700" lon="15.0164200">
        <name>105</name>
    </wpt>
    <wpt lat="58.5216500" lon="15.0160300">
        <name>106</name>
    </wpt>
    <wpt lat="58.5211200" lon="15.0154200">
        <name>107</name>
    </wpt>
    <wpt lat="58.5206700" lon="15.0148900">
        <name>108</name>
    </wpt>
    <wpt lat="58.5201700" lon="15.0143300">
        <name>109</name>
    </wpt>
    <wpt lat="58.5199800" lon="15.0141400">
        <name>110</name>
    </wpt>
    <wpt lat="58.5199000" lon="15.0140700">
        <name>111</name>
    </wpt>
    <wpt lat="58.5197600" lon="15.0139700">
        <name>112</name>
    </wpt>
    <wpt lat="58.5196100" lon="15.0138700">
        <name>113</name>
    </wpt>
    <wpt lat="58.5193900" lon="15.0137400">
        <name>114</name>
    </wpt>
    <wpt lat="58.5192400" lon="15.0136700">
        <name>115</name>
    </wpt>
    <wpt lat="58.5190600" lon="15.0136100">
        <name>116</name>
    </wpt>
    <wpt lat="58.5189300" lon="15.0135800">
        <name>117</name>
    </wpt>
    <wpt lat="58.5187900" lon="15.0135500">
        <name>118</name>
    </wpt>
    <wpt lat="58.5186400" lon="15.0135400">
        <name>119</name>
    </wpt>
    <wpt lat="58.5185300" lon="15.0135300">
        <name>120</name>
    </wpt>
    <wpt lat="58.5184100" lon="15.0135400">
        <name>121</name>
    </wpt>
    <wpt lat="58.5182800" lon="15.0135700">
        <name>122</name>
    </wpt>
    <wpt lat="58.5181500" lon="15.0135900">
        <name>123</name>
    </wpt>
    <wpt lat="58.5180200" lon="15.0136300">
        <name>124</name>
    </wpt>
    <wpt lat="58.5177500" lon="15.0137500">
        <name>125</name>
    </wpt>
    <wpt lat="58.5170700" lon="15.0140800">
        <name>126</name>
    </wpt>
    <wpt lat="58.5166800" lon="15.0142700">
        <name>127</name>
    </wpt>
    <wpt lat="58.5164500" lon="15.0144000">
        <name>128</name>
    </wpt>
    <wpt lat="58.5162800" lon="15.0145000">
        <name>129</name>
    </wpt>
    <wpt lat="58.5161500" lon="15.0146000">
        <name>130</name>
    </wpt>
    <wpt lat="58.5160200" lon="15.0147100">
        <name>131</name>
    </wpt>
    <wpt lat="58.5159000" lon="15.0148300">
        <name>132</name>
    </wpt>
    <wpt lat="58.5158200" lon="15.0149200">
        <name>133</name>
    </wpt>
    <wpt lat="58.5157600" lon="15.0149900">
        <name>134</name>
    </wpt>
    <wpt lat="58.5156600" lon="15.0151200">
        <name>135</name>
    </wpt>
    <wpt lat="58.5155200" lon="15.0153100">
        <name>136</name>
    </wpt>
    <wpt lat="58.5153500" lon="15.0155700">
        <name>137</name>
    </wpt>
    <wpt lat="58.5151300" lon="15.0159300">
        <name>138</name>
    </wpt>
    <wpt lat="58.5149700" lon="15.0162000">
        <name>139</name>
    </wpt>
    <wpt lat="58.5148100" lon="15.0164700">
        <name>140</name>
    </wpt>
    <wpt lat="58.5145000" lon="15.0169800">
        <name>141</name>
    </wpt>
    <wpt lat="58.5144300" lon="15.0171000">
        <name>142</name>
    </wpt>
    <wpt lat="58.5139200" lon="15.0179500">
        <name>143</name>
    </wpt>
    <wpt lat="58.5132300" lon="15.0190900">
        <name>144</name>
    </wpt>
    <wpt lat="58.5129200" lon="15.0196000">
        <name>145</name>
    </wpt>
    <wpt lat="58.5129200" lon="15.0195990">
        <name>146</name>
    </wpt>
    <wpt lat="58.5129200" lon="15.0196000">
        <name>147</name>
    </wpt>
    <wpt lat="58.5128600" lon="15.0196500">
        <name>148</name>
    </wpt>
    <wpt lat="58.5125400" lon="15.0201600">
        <name>149</name>
    </wpt>
    <wpt lat="58.5123600" lon="15.0204100">
        <name>150</name>
    </wpt>
    <wpt lat="58.5120600" lon="15.0207900">
        <name>151</name>
    </wpt>
    <wpt lat="58.5117600" lon="15.0211100">
        <name>152</name>
    </wpt>
    <wpt lat="58.5115800" lon="15.0212900">
        <name>153</name>
    </wpt>
    <wpt lat="58.5114400" lon="15.0214000">
        <name>154</name>
    </wpt>
    <wpt lat="58.5112600" lon="15.0215300">
        <name>155</name>
    </wpt>
    <wpt lat="58.5111100" lon="15.0216200">
        <name>156</name>
    </wpt>
    <wpt lat="58.5110500" lon="15.0216600">
        <name>157</name>
    </wpt>
    <wpt lat="58.5110200" lon="15.0216800">
        <name>158</name>
    </wpt>
    <wpt lat="58.5108600" lon="15.0217700">
        <name>159</name>
    </wpt>
    <wpt lat="58.5106900" lon="15.0218300">
        <name>160</name>
    </wpt>
    <wpt lat="58.5104400" lon="15.0219600">
        <name>161</name>
    </wpt>
    <wpt lat="58.5102500" lon="15.0220200">
        <name>162</name>
    </wpt>
    <wpt lat="58.5101300" lon="15.0220500">
        <name>163</name>
    </wpt>
    <wpt lat="58.5097800" lon="15.0220900">
        <name>164</name>
    </wpt>
    <wpt lat="58.5096100" lon="15.0221000">
        <name>165</name>
    </wpt>
    <wpt lat="58.5094100" lon="15.0220800">
        <name>166</name>
    </wpt>
    <wpt lat="58.5091500" lon="15.0220300">
        <name>167</name>
    </wpt>
    <wpt lat="58.5091000" lon="15.0220900">
        <name>168</name>
    </wpt>
    <wpt lat="58.5090200" lon="15.0220600">
        <name>169</name>
    </wpt>
    <wpt lat="58.5088500" lon="15.0220100">
        <name>170</name>
    </wpt>
    <wpt lat="58.5086900" lon="15.0219400">
        <name>171</name>
    </wpt>
    <wpt lat="58.5085300" lon="15.0218700">
        <name>172</name>
    </wpt>
    <wpt lat="58.5083500" lon="15.0217700">
        <name>173</name>
    </wpt>
    <wpt lat="58.5081400" lon="15.0216400">
        <name>174</name>
    </wpt>
    <wpt lat="58.5079300" lon="15.0214800">
        <name>175</name>
    </wpt>
    <wpt lat="58.5077400" lon="15.0213100">
        <name>176</name>
    </wpt>
    <wpt lat="58.5075400" lon="15.0211200">
        <name>177</name>
    </wpt>
    <wpt lat="58.5073900" lon="15.0209800">
        <name>178</name>
    </wpt>
    <wpt lat="58.5071900" lon="15.0207800">
        <name>179</name>
    </wpt>
    <wpt lat="58.5071300" lon="15.0207100">
        <name>180</name>
    </wpt>
    <wpt lat="58.5070900" lon="15.0206700">
        <name>181</name>
    </wpt>
    <wpt lat="58.5067400" lon="15.0203200">
        <name>182</name>
    </wpt>
    <wpt lat="58.5065300" lon="15.0201000">
        <name>183</name>
    </wpt>
    <wpt lat="58.5062500" lon="15.0197700">
        <name>184</name>
    </wpt>
    <wpt lat="58.5059000" lon="15.0193800">
        <name>185</name>
    </wpt>
    <wpt lat="58.5055900" lon="15.0189900">
        <name>186</name>
    </wpt>
    <wpt lat="58.5053100" lon="15.0186300">
        <name>187</name>
    </wpt>
    <wpt lat="58.5050100" lon="15.0182100">
        <name>188</name>
    </wpt>
    <wpt lat="58.5048700" lon="15.0180200">
        <name>189</name>
    </wpt>
    <wpt lat="58.5043700" lon="15.0173200">
        <name>190</name>
    </wpt>
    <wpt lat="58.5037400" lon="15.0164200">
        <name>191</name>
    </wpt>
    <wpt lat="58.5030100" lon="15.0153800">
        <name>192</name>
    </wpt>
    <wpt lat="58.5022200" lon="15.0142500">
        <name>193</name>
    </wpt>
    <wpt lat="58.5019300" lon="15.0138400">
        <name>194</name>
    </wpt>
    <wpt lat="58.5014200" lon="15.0131300">
        <name>195</name>
    </wpt>
    <wpt lat="58.5013600" lon="15.0130400">
        <name>196</name>
    </wpt>
    <wpt lat="58.5009100" lon="15.0124000">
        <name>197</name>
    </wpt>
    <wpt lat="58.5005700" lon="15.0119000">
        <name>198</name>
    </wpt>
    <wpt lat="58.5000300" lon="15.0111300">
        <name>199</name>
    </wpt>
    <wpt lat="58.4994500" lon="15.0103000">
        <name>200</name>
    </wpt>
    <wpt lat="58.4991200" lon="15.0098300">
        <name>201</name>
    </wpt>
    <wpt lat="58.4989200" lon="15.0095600">
        <name>202</name>
    </wpt>
    <wpt lat="58.4984700" lon="15.0089100">
        <name>203</name>
    </wpt>
    <wpt lat="58.4980600" lon="15.0083300">
        <name>204</name>
    </wpt>
    <wpt lat="58.4975200" lon="15.0075600">
        <name>205</name>
    </wpt>
    <wpt lat="58.4973100" lon="15.0072600">
        <name>206</name>
    </wpt>
    <wpt lat="58.4968600" lon="15.0066100">
        <name>207</name>
    </wpt>
    <wpt lat="58.4966300" lon="15.0062700">
        <name>208</name>
    </wpt>
    <wpt lat="58.4960100" lon="15.0054000">
        <name>209</name>
    </wpt>
    <wpt lat="58.4954900" lon="15.0046600">
        <name>210</name>
    </wpt>
    <wpt lat="58.4952200" lon="15.0042800">
        <name>211</name>
    </wpt>
    <wpt lat="58.4951100" lon="15.0041400">
        <name>212</name>
    </wpt>
    <wpt lat="58.4949900" lon="15.0040000">
        <name>213</name>
    </wpt>
    <wpt lat="58.4947800" lon="15.0037600">
        <name>214</name>
    </wpt>
    <wpt lat="58.4945300" lon="15.0035100">
        <name>215</name>
    </wpt>
    <wpt lat="58.4940800" lon="15.0030800">
        <name>216</name>
    </wpt>
    <wpt lat="58.4934400" lon="15.0025100">
        <name>217</name>
    </wpt>
    <wpt lat="58.4930400" lon="15.0021400">
        <name>218</name>
    </wpt>
    <wpt lat="58.4926400" lon="15.0017200">
        <name>219</name>
    </wpt>
    <wpt lat="58.4924300" lon="15.0014700">
        <name>220</name>
    </wpt>
    <wpt lat="58.4922000" lon="15.0011600">
        <name>221</name>
    </wpt>
    <wpt lat="58.4919300" lon="15.0007300">
        <name>222</name>
    </wpt>
    <wpt lat="58.4918000" lon="15.0005000">
        <name>223</name>
    </wpt>
    <wpt lat="58.4915800" lon="15.0000600">
        <name>224</name>
    </wpt>
    <wpt lat="58.4914000" lon="14.9996600">
        <name>225</name>
    </wpt>
    <wpt lat="58.4911200" lon="14.9989900">
        <name>226</name>
    </wpt>
    <wpt lat="58.4907500" lon="14.9981000">
        <name>227</name>
    </wpt>
    <wpt lat="58.4905700" lon="14.9976600">
        <name>228</name>
    </wpt>
    <wpt lat="58.4903500" lon="14.9971400">
        <name>229</name>
    </wpt>
    <wpt lat="58.4897000" lon="14.9956000">
        <name>230</name>
    </wpt>
    <wpt lat="58.4895000" lon="14.9951600">
        <name>231</name>
    </wpt>
    <wpt lat="58.4892900" lon="14.9947200">
        <name>232</name>
    </wpt>
    <wpt lat="58.4891600" lon="14.9944600">
        <name>233</name>
    </wpt>
    <wpt lat="58.4890600" lon="14.9942900">
        <name>234</name>
    </wpt>
    <wpt lat="58.4888000" lon="14.9938800">
        <name>235</name>
    </wpt>
    <wpt lat="58.4885600" lon="14.9935200">
        <name>236</name>
    </wpt>
    <wpt lat="58.4883100" lon="14.9931400">
        <name>237</name>
    </wpt>
    <wpt lat="58.4880500" lon="14.9927900">
        <name>238</name>
    </wpt>
    <wpt lat="58.4874400" lon="14.9918800">
        <name>239</name>
    </wpt>
    <wpt lat="58.4867400" lon="14.9908500">
        <name>240</name>
    </wpt>
    <wpt lat="58.4863500" lon="14.9902800">
        <name>241</name>
    </wpt>
    <wpt lat="58.4860000" lon="14.9897700">
        <name>242</name>
    </wpt>
    <wpt lat="58.4855900" lon="14.9891500">
        <name>243</name>
    </wpt>
    <wpt lat="58.4853600" lon="14.9887900">
        <name>244</name>
    </wpt>
    <wpt lat="58.4852300" lon="14.9885400">
        <name>245</name>
    </wpt>
    <wpt lat="58.4851700" lon="14.9884300">
        <name>246</name>
    </wpt>
    <wpt lat="58.4851000" lon="14.9882800">
        <name>247</name>
    </wpt>
    <wpt lat="58.4850100" lon="14.9880600">
        <name>248</name>
    </wpt>
    <wpt lat="58.4849100" lon="14.9878200">
        <name>249</name>
    </wpt>
    <wpt lat="58.4848100" lon="14.9875700">
        <name>250</name>
    </wpt>
    <wpt lat="58.4847400" lon="14.9873600">
        <name>251</name>
    </wpt>
    <wpt lat="58.4846800" lon="14.9871800">
        <name>252</name>
    </wpt>
    <wpt lat="58.4846100" lon="14.9870000">
        <name>253</name>
    </wpt>
    <wpt lat="58.4845600" lon="14.9868200">
        <name>254</name>
    </wpt>
    <wpt lat="58.4845000" lon="14.9865900">
        <name>255</name>
    </wpt>
    <wpt lat="58.4844200" lon="14.9862600">
        <name>256</name>
    </wpt>
    <wpt lat="58.4843000" lon="14.9857900">
        <name>257</name>
    </wpt>
    <wpt lat="58.4842400" lon="14.9855500">
        <name>258</name>
    </wpt>
    <wpt lat="58.4841300" lon="14.9850700">
        <name>259</name>
    </wpt>
    <wpt lat="58.4839700" lon="14.9843800">
        <name>260</name>
    </wpt>
    <wpt lat="58.4838800" lon="14.9839900">
        <name>261</name>
    </wpt>
    <wpt lat="58.4838200" lon="14.9837500">
        <name>262</name>
    </wpt>
    <wpt lat="58.4837200" lon="14.9833200">
        <name>263</name>
    </wpt>
    <wpt lat="58.4836200" lon="14.9829100">
        <name>264</name>
    </wpt>
    <wpt lat="58.4834800" lon="14.9823200">
        <name>265</name>
    </wpt>
    <wpt lat="58.4833600" lon="14.9818100">
        <name>266</name>
    </wpt>
    <wpt lat="58.4832700" lon="14.9814300">
        <name>267</name>
    </wpt>
    <wpt lat="58.4831900" lon="14.9811100">
        <name>268</name>
    </wpt>
    <wpt lat="58.4831200" lon="14.9808900">
        <name>269</name>
    </wpt>
    <wpt lat="58.4830500" lon="14.9806500">
        <name>270</name>
    </wpt>
    <wpt lat="58.4829600" lon="14.9803900">
        <name>271</name>
    </wpt>
    <wpt lat="58.4828700" lon="14.9801400">
        <name>272</name>
    </wpt>
    <wpt lat="58.4828200" lon="14.9800000">
        <name>273</name>
    </wpt>
    <wpt lat="58.4827300" lon="14.9797800">
        <name>274</name>
    </wpt>
    <wpt lat="58.4825600" lon="14.9793400">
        <name>275</name>
    </wpt>
    <wpt lat="58.4823300" lon="14.9787100">
        <name>276</name>
    </wpt>
    <wpt lat="58.4820700" lon="14.9780400">
        <name>277</name>
    </wpt>
    <wpt lat="58.4816500" lon="14.9768900">
        <name>278</name>
    </wpt>
    <wpt lat="58.4813600" lon="14.9761000">
        <name>279</name>
    </wpt>
    <wpt lat="58.4811200" lon="14.9754200">
        <name>280</name>
    </wpt>
    <wpt lat="58.4808500" lon="14.9746600">
        <name>281</name>
    </wpt>
    <wpt lat="58.4806900" lon="14.9742400">
        <name>282</name>
    </wpt>
    <wpt lat="58.4804200" lon="14.9735200">
        <name>283</name>
    </wpt>
    <wpt lat="58.4800700" lon="14.9726100">
        <name>284</name>
    </wpt>
    <wpt lat="58.4798800" lon="14.9720700">
        <name>285</name>
    </wpt>
    <wpt lat="58.4797400" lon="14.9716800">
        <name>286</name>
    </wpt>
    <wpt lat="58.4796000" lon="14.9712500">
        <name>287</name>
    </wpt>
    <wpt lat="58.4794300" lon="14.9707000">
        <name>288</name>
    </wpt>
    <wpt lat="58.4792600" lon="14.9700700">
        <name>289</name>
    </wpt>
    <wpt lat="58.4790800" lon="14.9693400">
        <name>290</name>
    </wpt>
    <wpt lat="58.4787700" lon="14.9681200">
        <name>291</name>
    </wpt>
    <wpt lat="58.4785900" lon="14.9673700">
        <name>292</name>
    </wpt>
    <wpt lat="58.4782900" lon="14.9661700">
        <name>293</name>
    </wpt>
    <wpt lat="58.4780400" lon="14.9651600">
        <name>294</name>
    </wpt>
    <wpt lat="58.4778600" lon="14.9644500">
        <name>295</name>
    </wpt>
    <wpt lat="58.4776800" lon="14.9637500">
        <name>296</name>
    </wpt>
    <wpt lat="58.4776400" lon="14.9635800">
        <name>297</name>
    </wpt>
    <wpt lat="58.4774900" lon="14.9629200">
        <name>298</name>
    </wpt>
    <wpt lat="58.4774100" lon="14.9625700">
        <name>299</name>
    </wpt>
    <wpt lat="58.4773300" lon="14.9621400">
        <name>300</name>
    </wpt>
    <wpt lat="58.4771900" lon="14.9613800">
        <name>301</name>
    </wpt>
    <wpt lat="58.4771000" lon="14.9607900">
        <name>302</name>
    </wpt>
    <wpt lat="58.4769400" lon="14.9597000">
        <name>303</name>
    </wpt>
    <wpt lat="58.4769000" lon="14.9593900">
        <name>304</name>
    </wpt>
    <wpt lat="58.4768000" lon="14.9585100">
        <name>305</name>
    </wpt>
    <wpt lat="58.4767100" lon="14.9577500">
        <name>306</name>
    </wpt>
    <wpt lat="58.4765700" lon="14.9566300">
        <name>307</name>
    </wpt>
    <wpt lat="58.4764900" lon="14.9559200">
        <name>308</name>
    </wpt>
    <wpt lat="58.4763800" lon="14.9551400">
        <name>309</name>
    </wpt>
    <wpt lat="58.4763200" lon="14.9547100">
        <name>310</name>
    </wpt>
    <wpt lat="58.4762700" lon="14.9544500">
        <name>311</name>
    </wpt>
    <wpt lat="58.4762100" lon="14.9541600">
        <name>312</name>
    </wpt>
    <wpt lat="58.4761200" lon="14.9537500">
        <name>313</name>
    </wpt>
    <wpt lat="58.4760500" lon="14.9534500">
        <name>314</name>
    </wpt>
    <wpt lat="58.4759300" lon="14.9530100">
        <name>315</name>
    </wpt>
    <wpt lat="58.4758100" lon="14.9525900">
        <name>316</name>
    </wpt>
    <wpt lat="58.4756800" lon="14.9522200">
        <name>317</name>
    </wpt>
    <wpt lat="58.4755600" lon="14.9518500">
        <name>318</name>
    </wpt>
    <wpt lat="58.4754700" lon="14.9516300">
        <name>319</name>
    </wpt>
    <wpt lat="58.4753900" lon="14.9514200">
        <name>320</name>
    </wpt>
    <wpt lat="58.4751800" lon="14.9509200">
        <name>321</name>
    </wpt>
    <wpt lat="58.4748700" lon="14.9501600">
        <name>322</name>
    </wpt>
    <wpt lat="58.4746300" lon="14.9496100">
        <name>323</name>
    </wpt>
    <wpt lat="58.4744500" lon="14.9492200">
        <name>324</name>
    </wpt>
    <wpt lat="58.4739800" lon="14.9482700">
        <name>325</name>
    </wpt>
    <wpt lat="58.4739300" lon="14.9481800">
        <name>326</name>
    </wpt>
    <wpt lat="58.4737800" lon="14.9479100">
        <name>327</name>
    </wpt>
    <wpt lat="58.4735900" lon="14.9476000">
        <name>328</name>
    </wpt>
    <wpt lat="58.4733700" lon="14.9472300">
        <name>329</name>
    </wpt>
    <wpt lat="58.4731900" lon="14.9469300">
        <name>330</name>
    </wpt>
    <wpt lat="58.4729500" lon="14.9465500">
        <name>331</name>
    </wpt>
    <wpt lat="58.4726800" lon="14.9461500">
        <name>332</name>
    </wpt>
    <wpt lat="58.4720900" lon="14.9452700">
        <name>333</name>
    </wpt>
    <wpt lat="58.4716700" lon="14.9446300">
        <name>334</name>
    </wpt>
    <wpt lat="58.4714900" lon="14.9443600">
        <name>335</name>
    </wpt>
    <wpt lat="58.4711600" lon="14.9438600">
        <name>336</name>
    </wpt>
    <wpt lat="58.4704200" lon="14.9427600">
        <name>337</name>
    </wpt>
    <wpt lat="58.4701300" lon="14.9423400">
        <name>338</name>
    </wpt>
    <wpt lat="58.4699500" lon="14.9421000">
        <name>339</name>
    </wpt>
    <wpt lat="58.4698600" lon="14.9419800">
        <name>340</name>
    </wpt>
    <wpt lat="58.4696900" lon="14.9417700">
        <name>341</name>
    </wpt>
    <wpt lat="58.4695500" lon="14.9415900">
        <name>342</name>
    </wpt>
    <wpt lat="58.4694500" lon="14.9414800">
        <name>343</name>
    </wpt>
    <wpt lat="58.4694100" lon="14.9414300">
        <name>344</name>
    </wpt>
    <wpt lat="58.4689100" lon="14.9408700">
        <name>345</name>
    </wpt>
    <wpt lat="58.4685800" lon="14.9405200">
        <name>346</name>
    </wpt>
    <wpt lat="58.4682900" lon="14.9402000">
        <name>347</name>
    </wpt>
    <wpt lat="58.4679700" lon="14.9398500">
        <name>348</name>
    </wpt>
    <wpt lat="58.4675100" lon="14.9393400">
        <name>349</name>
    </wpt>
    <wpt lat="58.4667000" lon="14.9384500">
        <name>350</name>
    </wpt>
    <wpt lat="58.4665000" lon="14.9382100">
        <name>351</name>
    </wpt>
    <wpt lat="58.4663200" lon="14.9379600">
        <name>352</name>
    </wpt>
    <wpt lat="58.4661400" lon="14.9377000">
        <name>353</name>
    </wpt>
    <wpt lat="58.4659000" lon="14.9373400">
        <name>354</name>
    </wpt>
    <wpt lat="58.4656500" lon="14.9368900">
        <name>355</name>
    </wpt>
    <wpt lat="58.4654900" lon="14.9366000">
        <name>356</name>
    </wpt>
    <wpt lat="58.4654300" lon="14.9364900">
        <name>357</name>
    </wpt>
    <wpt lat="58.4653400" lon="14.9363100">
        <name>358</name>
    </wpt>
    <wpt lat="58.4652000" lon="14.9360000">
        <name>359</name>
    </wpt>
    <wpt lat="58.4651200" lon="14.9358300">
        <name>360</name>
    </wpt>
    <wpt lat="58.4651200" lon="14.9357600">
        <name>361</name>
    </wpt>
    <wpt lat="58.4643900" lon="14.9337400">
        <name>362</name>
    </wpt>
    <wpt lat="58.4637600" lon="14.9318200">
        <name>363</name>
    </wpt>
    <wpt lat="58.4634600" lon="14.9308800">
        <name>364</name>
    </wpt>
    <wpt lat="58.4633800" lon="14.9306600">
        <name>365</name>
    </wpt>
    <wpt lat="58.4633300" lon="14.9306100">
        <name>366</name>
    </wpt>
    <wpt lat="58.4633200" lon="14.9305700">
        <name>367</name>
    </wpt>
    <wpt lat="58.4631600" lon="14.9301400">
        <name>368</name>
    </wpt>
    <wpt lat="58.4630400" lon="14.9298000">
        <name>369</name>
    </wpt>
    <wpt lat="58.4629400" lon="14.9295700">
        <name>370</name>
    </wpt>
    <wpt lat="58.4628500" lon="14.9293400">
        <name>371</name>
    </wpt>
    <wpt lat="58.4627500" lon="14.9291300">
        <name>372</name>
    </wpt>
    <wpt lat="58.4626200" lon="14.9288700">
        <name>373</name>
    </wpt>
    <wpt lat="58.4624900" lon="14.9286400">
        <name>374</name>
    </wpt>
    <wpt lat="58.4623500" lon="14.9284200">
        <name>375</name>
    </wpt>
    <wpt lat="58.4622100" lon="14.9282000">
        <name>376</name>
    </wpt>
    <wpt lat="58.4621000" lon="14.9280500">
        <name>377</name>
    </wpt>
    <wpt lat="58.4619500" lon="14.9278600">
        <name>378</name>
    </wpt>
    <wpt lat="58.4618000" lon="14.9276700">
        <name>379</name>
    </wpt>
    <wpt lat="58.4616500" lon="14.9275000">
        <name>380</name>
    </wpt>
    <wpt lat="58.4615100" lon="14.9273500">
        <name>381</name>
    </wpt>
    <wpt lat="58.4614100" lon="14.9272500">
        <name>382</name>
    </wpt>
    <wpt lat="58.4613400" lon="14.9271900">
        <name>383</name>
    </wpt>
    <wpt lat="58.4610500" lon="14.9269100">
        <name>384</name>
    </wpt>
    <wpt lat="58.4607400" lon="14.9266000">
        <name>385</name>
    </wpt>
    <wpt lat="58.4601600" lon="14.9260500">
        <name>386</name>
    </wpt>
    <wpt lat="58.4598800" lon="14.9257600">
        <name>387</name>
    </wpt>
    <wpt lat="58.4596800" lon="14.9255500">
        <name>388</name>
    </wpt>
    <wpt lat="58.4595900" lon="14.9254500">
        <name>389</name>
    </wpt>
    <wpt lat="58.4594100" lon="14.9252400">
        <name>390</name>
    </wpt>
    <wpt lat="58.4592400" lon="14.9250200">
        <name>391</name>
    </wpt>
    <wpt lat="58.4590500" lon="14.9247700">
        <name>392</name>
    </wpt>
    <wpt lat="58.4588000" lon="14.9244100">
        <name>393</name>
    </wpt>
    <wpt lat="58.4583200" lon="14.9236600">
        <name>394</name>
    </wpt>
    <wpt lat="58.4581900" lon="14.9234700">
        <name>395</name>
    </wpt>
    <wpt lat="58.4579900" lon="14.9231400">
        <name>396</name>
    </wpt>
    <wpt lat="58.4578500" lon="14.9229000">
        <name>397</name>
    </wpt>
    <wpt lat="58.4577500" lon="14.9226300">
        <name>398</name>
    </wpt>
    <wpt lat="58.4576900" lon="14.9224400">
        <name>399</name>
    </wpt>
    <wpt lat="58.4576100" lon="14.9222200">
        <name>400</name>
    </wpt>
    <wpt lat="58.4575600" lon="14.9220300">
        <name>401</name>
    </wpt>
    <wpt lat="58.4575100" lon="14.9218200">
        <name>402</name>
    </wpt>
    <wpt lat="58.4574600" lon="14.9215700">
        <name>403</name>
    </wpt>
    <wpt lat="58.4574200" lon="14.9213600">
        <name>404</name>
    </wpt>
    <wpt lat="58.4573600" lon="14.9209600">
        <name>405</name>
    </wpt>
    <wpt lat="58.4572600" lon="14.9204000">
        <name>406</name>
    </wpt>
    <wpt lat="58.4572000" lon="14.9201400">
        <name>407</name>
    </wpt>
    <wpt lat="58.4571300" lon="14.9198000">
        <name>408</name>
    </wpt>
    <wpt lat="58.4570800" lon="14.9195900">
        <name>409</name>
    </wpt>
    <wpt lat="58.4570100" lon="14.9193400">
        <name>410</name>
    </wpt>
    <wpt lat="58.4569400" lon="14.9191100">
        <name>411</name>
    </wpt>
    <wpt lat="58.4568800" lon="14.9189100">
        <name>412</name>
    </wpt>
    <wpt lat="58.4568100" lon="14.9187300">
        <name>413</name>
    </wpt>
    <wpt lat="58.4565600" lon="14.9181100">
        <name>414</name>
    </wpt>
    <wpt lat="58.4563700" lon="14.9176200">
        <name>415</name>
    </wpt>
    <wpt lat="58.4561000" lon="14.9169400">
        <name>416</name>
    </wpt>
    <wpt lat="58.4556400" lon="14.9157900">
        <name>417</name>
    </wpt>
    <wpt lat="58.4554400" lon="14.9152900">
        <name>418</name>
    </wpt>
    <wpt lat="58.4553100" lon="14.9149900">
        <name>419</name>
    </wpt>
    <wpt lat="58.4552400" lon="14.9148100">
        <name>420</name>
    </wpt>
    <wpt lat="58.4550200" lon="14.9143500">
        <name>421</name>
    </wpt>
    <wpt lat="58.4546600" lon="14.9136000">
        <name>422</name>
    </wpt>
    <wpt lat="58.4542100" lon="14.9127200">
        <name>423</name>
    </wpt>
    <wpt lat="58.4539900" lon="14.9122900">
        <name>424</name>
    </wpt>
    <wpt lat="58.4539100" lon="14.9121400">
        <name>425</name>
    </wpt>
    <wpt lat="58.4537500" lon="14.9118500">
        <name>426</name>
    </wpt>
    <wpt lat="58.4536000" lon="14.9115700">
        <name>427</name>
    </wpt>
    <wpt lat="58.4534400" lon="14.9112900">
        <name>428</name>
    </wpt>
    <wpt lat="58.4534300" lon="14.9112800">
        <name>429</name>
    </wpt>
    <wpt lat="58.4533800" lon="14.9112700">
        <name>430</name>
    </wpt>
    <wpt lat="58.4532500" lon="14.9110600">
        <name>431</name>
    </wpt>
    <wpt lat="58.4531600" lon="14.9109300">
        <name>432</name>
    </wpt>
    <wpt lat="58.4530000" lon="14.9106900">
        <name>433</name>
    </wpt>
    <wpt lat="58.4528900" lon="14.9105400">
        <name>434</name>
    </wpt>
    <wpt lat="58.4528300" lon="14.9104500">
        <name>435</name>
    </wpt>
    <wpt lat="58.4526700" lon="14.9102000">
        <name>436</name>
    </wpt>
    <wpt lat="58.4519900" lon="14.9092300">
        <name>437</name>
    </wpt>
    <wpt lat="58.4519200" lon="14.9091300">
        <name>438</name>
    </wpt>
    <wpt lat="58.4519000" lon="14.9090700">
        <name>439</name>
    </wpt>
    <wpt lat="58.4518900" lon="14.9090600">
        <name>440</name>
    </wpt>
    <wpt lat="58.4518700" lon="14.9090300">
        <name>441</name>
    </wpt>
    <wpt lat="58.4517700" lon="14.9088900">
        <name>442</name>
    </wpt>
    <wpt lat="58.4516500" lon="14.9087400">
        <name>443</name>
    </wpt>
    <wpt lat="58.4515600" lon="14.9086400">
        <name>444</name>
    </wpt>
    <wpt lat="58.4514600" lon="14.9085300">
        <name>445</name>
    </wpt>
    <wpt lat="58.4513500" lon="14.9084200">
        <name>446</name>
    </wpt>
    <wpt lat="58.4512300" lon="14.9083200">
        <name>447</name>
    </wpt>
    <wpt lat="58.4511300" lon="14.9082500">
        <name>448</name>
    </wpt>
    <wpt lat="58.4510400" lon="14.9081800">
        <name>449</name>
    </wpt>
    <wpt lat="58.4509600" lon="14.9081200">
        <name>450</name>
    </wpt>
    <wpt lat="58.4508700" lon="14.9080700">
        <name>451</name>
    </wpt>
    <wpt lat="58.4507900" lon="14.9080300">
        <name>452</name>
    </wpt>
    <wpt lat="58.4507000" lon="14.9079900">
        <name>453</name>
    </wpt>
    <wpt lat="58.4506000" lon="14.9079500">
        <name>454</name>
    </wpt>
    <wpt lat="58.4504700" lon="14.9079200">
        <name>455</name>
    </wpt>
    <wpt lat="58.4503700" lon="14.9078900">
        <name>456</name>
    </wpt>
    <wpt lat="58.4502100" lon="14.9078700">
        <name>457</name>
    </wpt>
    <wpt lat="58.4500500" lon="14.9078500">
        <name>458</name>
    </wpt>
    <wpt lat="58.4498900" lon="14.9078400">
        <name>459</name>
    </wpt>
    <wpt lat="58.4491400" lon="14.9077700">
        <name>460</name>
    </wpt>
    <wpt lat="58.4489700" lon="14.9077500">
        <name>461</name>
    </wpt>
    <wpt lat="58.4488500" lon="14.9077300">
        <name>462</name>
    </wpt>
    <wpt lat="58.4487000" lon="14.9076800">
        <name>463</name>
    </wpt>
    <wpt lat="58.4486000" lon="14.9076500">
        <name>464</name>
    </wpt>
    <wpt lat="58.4485000" lon="14.9076000">
        <name>465</name>
    </wpt>
    <wpt lat="58.4483900" lon="14.9075400">
        <name>466</name>
    </wpt>
    <wpt lat="58.4482900" lon="14.9074800">
        <name>467</name>
    </wpt>
    <wpt lat="58.4481800" lon="14.9073900">
        <name>468</name>
    </wpt>
    <wpt lat="58.4481600" lon="14.9073700">
        <name>469</name>
    </wpt>
    <wpt lat="58.4481000" lon="14.9073000">
        <name>470</name>
    </wpt>
    <wpt lat="58.4480000" lon="14.9071900">
        <name>471</name>
    </wpt>
    <wpt lat="58.4479100" lon="14.9070800">
        <name>472</name>
    </wpt>
    <wpt lat="58.4478100" lon="14.9069300">
        <name>473</name>
    </wpt>
    <wpt lat="58.4477300" lon="14.9067900">
        <name>474</name>
    </wpt>
    <wpt lat="58.4476800" lon="14.9066400">
        <name>475</name>
    </wpt>
    <wpt lat="58.4476200" lon="14.9065300">
        <name>476</name>
    </wpt>
    <wpt lat="58.4475500" lon="14.9063700">
        <name>477</name>
    </wpt>
    <wpt lat="58.4474800" lon="14.9061800">
        <name>478</name>
    </wpt>
    <wpt lat="58.4474100" lon="14.9059500">
        <name>479</name>
    </wpt>
    <wpt lat="58.4473700" lon="14.9059200">
        <name>480</name>
    </wpt>
    <wpt lat="58.4473200" lon="14.9057600">
        <name>481</name>
    </wpt>
    <wpt lat="58.4472800" lon="14.9055700">
        <name>482</name>
    </wpt>
    <wpt lat="58.4472500" lon="14.9054000">
        <name>483</name>
    </wpt>
    <wpt lat="58.4472200" lon="14.9051900">
        <name>484</name>
    </wpt>
    <wpt lat="58.4472100" lon="14.9051400">
        <name>485</name>
    </wpt>
    <wpt lat="58.4472000" lon="14.9049900">
        <name>486</name>
    </wpt>
    <wpt lat="58.4471800" lon="14.9047900">
        <name>487</name>
    </wpt>
    <wpt lat="58.4471700" lon="14.9045900">
        <name>488</name>
    </wpt>
    <wpt lat="58.4471500" lon="14.9042900">
        <name>489</name>
    </wpt>
    <wpt lat="58.4470900" lon="14.9030100">
        <name>490</name>
    </wpt>
    <wpt lat="58.4470900" lon="14.9028700">
        <name>491</name>
    </wpt>
    <wpt lat="58.4470500" lon="14.9018500">
        <name>492</name>
    </wpt>
    <wpt lat="58.4470300" lon="14.9014200">
        <name>493</name>
    </wpt>
    <wpt lat="58.4470200" lon="14.9012500">
        <name>494</name>
    </wpt>
    <wpt lat="58.4470100" lon="14.9011000">
        <name>495</name>
    </wpt>
    <wpt lat="58.4469700" lon="14.9008600">
        <name>496</name>
    </wpt>
    <wpt lat="58.4468700" lon="14.9003500">
        <name>497</name>
    </wpt>
    <wpt lat="58.4467900" lon="14.9000100">
        <name>498</name>
    </wpt>
    <wpt lat="58.4466500" lon="14.8993700">
        <name>499</name>
    </wpt>
    <wpt lat="58.4465800" lon="14.8990600">
        <name>500</name>
    </wpt>
    <wpt lat="58.4465100" lon="14.8988200">
        <name>501</name>
    </wpt>
    <wpt lat="58.4464700" lon="14.8986700">
        <name>502</name>
    </wpt>
    <wpt lat="58.4464400" lon="14.8985700">
        <name>503</name>
    </wpt>
    <wpt lat="58.4464100" lon="14.8984800">
        <name>504</name>
    </wpt>
    <wpt lat="58.4463600" lon="14.8983700">
        <name>505</name>
    </wpt>
    <wpt lat="58.4462500" lon="14.8980900">
        <name>506</name>
    </wpt>
    <wpt lat="58.4461600" lon="14.8978500">
        <name>507</name>
    </wpt>
    <wpt lat="58.4460700" lon="14.8976200">
        <name>508</name>
    </wpt>
    <wpt lat="58.4459800" lon="14.8973600">
        <name>509</name>
    </wpt>
    <wpt lat="58.4459300" lon="14.8971800">
        <name>510</name>
    </wpt>
    <wpt lat="58.4458700" lon="14.8969700">
        <name>511</name>
    </wpt>
    <wpt lat="58.4458200" lon="14.8968000">
        <name>512</name>
    </wpt>
    <wpt lat="58.4457500" lon="14.8965400">
        <name>513</name>
    </wpt>
    <wpt lat="58.4456800" lon="14.8962600">
        <name>514</name>
    </wpt>
    <wpt lat="58.4456200" lon="14.8959600">
        <name>515</name>
    </wpt>
    <wpt lat="58.4455700" lon="14.8957100">
        <name>516</name>
    </wpt>
    <wpt lat="58.4455500" lon="14.8955600">
        <name>517</name>
    </wpt>
    <wpt lat="58.4455300" lon="14.8954600">
        <name>518</name>
    </wpt>
    <wpt lat="58.4455000" lon="14.8952400">
        <name>519</name>
    </wpt>
    <wpt lat="58.4454600" lon="14.8949800">
        <name>520</name>
    </wpt>
    <wpt lat="58.4454400" lon="14.8947600">
        <name>521</name>
    </wpt>
    <wpt lat="58.4454100" lon="14.8945200">
        <name>522</name>
    </wpt>
    <wpt lat="58.4453900" lon="14.8942900">
        <name>523</name>
    </wpt>
    <wpt lat="58.4453800" lon="14.8940700">
        <name>524</name>
    </wpt>
    <wpt lat="58.4453600" lon="14.8939000">
        <name>525</name>
    </wpt>
    <wpt lat="58.4453900" lon="14.8938100">
        <name>526</name>
    </wpt>
    <wpt lat="58.4453800" lon="14.8937200">
        <name>527</name>
    </wpt>
    <wpt lat="58.4453700" lon="14.8934600">
        <name>528</name>
    </wpt>
    <wpt lat="58.4453500" lon="14.8932300">
        <name>529</name>
    </wpt>
    <wpt lat="58.4453300" lon="14.8930000">
        <name>530</name>
    </wpt>
    <wpt lat="58.4453300" lon="14.8929300">
        <name>531</name>
    </wpt>
    <wpt lat="58.4453000" lon="14.8927000">
        <name>532</name>
    </wpt>
    <wpt lat="58.4452600" lon="14.8925300">
        <name>533</name>
    </wpt>
    <wpt lat="58.4452200" lon="14.8924700">
        <name>534</name>
    </wpt>
    <wpt lat="58.4451800" lon="14.8922900">
        <name>535</name>
    </wpt>
    <wpt lat="58.4451100" lon="14.8919900">
        <name>536</name>
    </wpt>
    <wpt lat="58.4450000" lon="14.8915900">
        <name>537</name>
    </wpt>
    <wpt lat="58.4448700" lon="14.8911200">
        <name>538</name>
    </wpt>
    <wpt lat="58.4447100" lon="14.8905600">
        <name>539</name>
    </wpt>
    <wpt lat="58.4444700" lon="14.8897400">
        <name>540</name>
    </wpt>
    <wpt lat="58.4442700" lon="14.8890200">
        <name>541</name>
    </wpt>
    <wpt lat="58.4442700" lon="14.8889900">
        <name>542</name>
    </wpt>
    <wpt lat="58.4442600" lon="14.8889800">
        <name>543</name>
    </wpt>
    <wpt lat="58.4441100" lon="14.8883800">
        <name>544</name>
    </wpt>
    <wpt lat="58.4441000" lon="14.8883700">
        <name>545</name>
    </wpt>
    <wpt lat="58.4440200" lon="14.8880800">
        <name>546</name>
    </wpt>
    <wpt lat="58.4438800" lon="14.8875600">
        <name>547</name>
    </wpt>
    <wpt lat="58.4437900" lon="14.8871900">
        <name>548</name>
    </wpt>
    <wpt lat="58.4436400" lon="14.8866200">
        <name>549</name>
    </wpt>
    <wpt lat="58.4435500" lon="14.8862300">
        <name>550</name>
    </wpt>
    <wpt lat="58.4434900" lon="14.8859900">
        <name>551</name>
    </wpt>
    <wpt lat="58.4434500" lon="14.8857800">
        <name>552</name>
    </wpt>
    <wpt lat="58.4433900" lon="14.8854900">
        <name>553</name>
    </wpt>
    <wpt lat="58.4433400" lon="14.8852100">
        <name>554</name>
    </wpt>
    <wpt lat="58.4432700" lon="14.8848400">
        <name>555</name>
    </wpt>
    <wpt lat="58.4432000" lon="14.8845400">
        <name>556</name>
    </wpt>
    <wpt lat="58.4431100" lon="14.8841300">
        <name>557</name>
    </wpt>
    <wpt lat="58.4430000" lon="14.8837000">
        <name>558</name>
    </wpt>
    <wpt lat="58.4429300" lon="14.8834300">
        <name>559</name>
    </wpt>
    <wpt lat="58.4427600" lon="14.8827600">
        <name>560</name>
    </wpt>
    <wpt lat="58.4427100" lon="14.8825800">
        <name>561</name>
    </wpt>
    <wpt lat="58.4427100" lon="14.8825790">
        <name>562</name>
    </wpt>
    <wpt lat="58.4427100" lon="14.8825800">
        <name>563</name>
    </wpt>
    <wpt lat="58.4426700" lon="14.8825500">
        <name>564</name>
    </wpt>
    <wpt lat="58.4426500" lon="14.8824500">
        <name>565</name>
    </wpt>
    <wpt lat="58.4425900" lon="14.8822600">
        <name>566</name>
    </wpt>
    <wpt lat="58.4425200" lon="14.8820000">
        <name>567</name>
    </wpt>
    <wpt lat="58.4424800" lon="14.8818800">
        <name>568</name>
    </wpt>
    <wpt lat="58.4424300" lon="14.8817400">
        <name>569</name>
    </wpt>
    <wpt lat="58.4423500" lon="14.8816100">
        <name>570</name>
    </wpt>
    <wpt lat="58.4422700" lon="14.8814900">
        <name>571</name>
    </wpt>
    <wpt lat="58.4422000" lon="14.8814100">
        <name>572</name>
    </wpt>
    <wpt lat="58.4421700" lon="14.8813800">
        <name>573</name>
    </wpt>
    <wpt lat="58.4421100" lon="14.8813100">
        <name>574</name>
    </wpt>
    <wpt lat="58.4419800" lon="14.8812100">
        <name>575</name>
    </wpt>
    <wpt lat="58.4418500" lon="14.8810900">
        <name>576</name>
    </wpt>
    <wpt lat="58.4418300" lon="14.8810800">
        <name>577</name>
    </wpt>
    <wpt lat="58.4416000" lon="14.8809000">
        <name>578</name>
    </wpt>
    <wpt lat="58.4414500" lon="14.8807700">
        <name>579</name>
    </wpt>
    <wpt lat="58.4413100" lon="14.8806500">
        <name>580</name>
    </wpt>
    <wpt lat="58.4411200" lon="14.8805000">
        <name>581</name>
    </wpt>
    <wpt lat="58.4409100" lon="14.8803500">
        <name>582</name>
    </wpt>
    <wpt lat="58.4408900" lon="14.8803400">
        <name>583</name>
    </wpt>
    <wpt lat="58.4407900" lon="14.8802600">
        <name>584</name>
    </wpt>
    <wpt lat="58.4407200" lon="14.8802000">
        <name>585</name>
    </wpt>
    <wpt lat="58.4405800" lon="14.8801000">
        <name>586</name>
    </wpt>
    <wpt lat="58.4404600" lon="14.8800100">
        <name>587</name>
    </wpt>
    <wpt lat="58.4402900" lon="14.8799100">
        <name>588</name>
    </wpt>
    <wpt lat="58.4402200" lon="14.8798800">
        <name>589</name>
    </wpt>
    <wpt lat="58.4401000" lon="14.8798200">
        <name>590</name>
    </wpt>
    <wpt lat="58.4399500" lon="14.8797600">
        <name>591</name>
    </wpt>
    <wpt lat="58.4397900" lon="14.8796900">
        <name>592</name>
    </wpt>
    <wpt lat="58.4396700" lon="14.8796400">
        <name>593</name>
    </wpt>
    <wpt lat="58.4395800" lon="14.8795900">
        <name>594</name>
    </wpt>
    <wpt lat="58.4395600" lon="14.8795700">
        <name>595</name>
    </wpt>
    <wpt lat="58.4395400" lon="14.8795500">
        <name>596</name>
    </wpt>
    <wpt lat="58.4394400" lon="14.8794900">
        <name>597</name>
    </wpt>
    <wpt lat="58.4391400" lon="14.8793200">
        <name>598</name>
    </wpt>
    <wpt lat="58.4391200" lon="14.8793100">
        <name>599</name>
    </wpt>
    <wpt lat="58.4384900" lon="14.8789300">
        <name>600</name>
    </wpt>
    <wpt lat="58.4383000" lon="14.8788200">
        <name>601</name>
    </wpt>
    <wpt lat="58.4382200" lon="14.8787700">
        <name>602</name>
    </wpt>
    <wpt lat="58.4377700" lon="14.8785300">
        <name>603</name>
    </wpt>
    <wpt lat="58.4376000" lon="14.8784300">
        <name>604</name>
    </wpt>
    <wpt lat="58.4366800" lon="14.8779000">
        <name>605</name>
    </wpt>
    <wpt lat="58.4353600" lon="14.8771400">
        <name>606</name>
    </wpt>
    <wpt lat="58.4351900" lon="14.8770100">
        <name>607</name>
    </wpt>
    <wpt lat="58.4350500" lon="14.8768700">
        <name>608</name>
    </wpt>
    <wpt lat="58.4349300" lon="14.8767400">
        <name>609</name>
    </wpt>
    <wpt lat="58.4348200" lon="14.8765800">
        <name>610</name>
    </wpt>
    <wpt lat="58.4347100" lon="14.8764200">
        <name>611</name>
    </wpt>
    <wpt lat="58.4345800" lon="14.8761800">
        <name>612</name>
    </wpt>
    <wpt lat="58.4344400" lon="14.8759100">
        <name>613</name>
    </wpt>
    <wpt lat="58.4342600" lon="14.8755500">
        <name>614</name>
    </wpt>
    <wpt lat="58.4341300" lon="14.8752700">
        <name>615</name>
    </wpt>
    <wpt lat="58.4339400" lon="14.8748300">
        <name>616</name>
    </wpt>
    <wpt lat="58.4338100" lon="14.8745300">
        <name>617</name>
    </wpt>
    <wpt lat="58.4336800" lon="14.8742200">
        <name>618</name>
    </wpt>
    <wpt lat="58.4335800" lon="14.8739600">
        <name>619</name>
    </wpt>
    <wpt lat="58.4334900" lon="14.8737100">
        <name>620</name>
    </wpt>
    <wpt lat="58.4333900" lon="14.8734300">
        <name>621</name>
    </wpt>
    <wpt lat="58.4333200" lon="14.8731800">
        <name>622</name>
    </wpt>
    <wpt lat="58.4332300" lon="14.8729000">
        <name>623</name>
    </wpt>
    <wpt lat="58.4331400" lon="14.8725900">
        <name>624</name>
    </wpt>
    <wpt lat="58.4330200" lon="14.8721600">
        <name>625</name>
    </wpt>
    <wpt lat="58.4327700" lon="14.8712300">
        <name>626</name>
    </wpt>
    <wpt lat="58.4326800" lon="14.8708500">
        <name>627</name>
    </wpt>
    <wpt lat="58.4326100" lon="14.8705700">
        <name>628</name>
    </wpt>
    <wpt lat="58.4325500" lon="14.8703100">
        <name>629</name>
    </wpt>
    <wpt lat="58.4324800" lon="14.8700000">
        <name>630</name>
    </wpt>
    <wpt lat="58.4323900" lon="14.8695700">
        <name>631</name>
    </wpt>
    <wpt lat="58.4323200" lon="14.8691700">
        <name>632</name>
    </wpt>
    <wpt lat="58.4322200" lon="14.8686700">
        <name>633</name>
    </wpt>
    <wpt lat="58.4318300" lon="14.8668400">
        <name>634</name>
    </wpt>
    <wpt lat="58.4317100" lon="14.8662700">
        <name>635</name>
    </wpt>
    <wpt lat="58.4316100" lon="14.8657200">
        <name>636</name>
    </wpt>
    <wpt lat="58.4315600" lon="14.8653800">
        <name>637</name>
    </wpt>
    <wpt lat="58.4315000" lon="14.8650100">
        <name>638</name>
    </wpt>
    <wpt lat="58.4314600" lon="14.8646700">
        <name>639</name>
    </wpt>
    <wpt lat="58.4314200" lon="14.8642700">
        <name>640</name>
    </wpt>
    <wpt lat="58.4313800" lon="14.8638300">
        <name>641</name>
    </wpt>
    <wpt lat="58.4313800" lon="14.8638100">
        <name>642</name>
    </wpt>
    <wpt lat="58.4313800" lon="14.8637100">
        <name>643</name>
    </wpt>
    <wpt lat="58.4313600" lon="14.8634300">
        <name>644</name>
    </wpt>
    <wpt lat="58.4313400" lon="14.8628500">
        <name>645</name>
    </wpt>
    <wpt lat="58.4313300" lon="14.8624800">
        <name>646</name>
    </wpt>
    <wpt lat="58.4313300" lon="14.8620600">
        <name>647</name>
    </wpt>
    <wpt lat="58.4312900" lon="14.8602500">
        <name>648</name>
    </wpt>
    <wpt lat="58.4312800" lon="14.8597400">
        <name>649</name>
    </wpt>
    <wpt lat="58.4312600" lon="14.8592900">
        <name>650</name>
    </wpt>
    <wpt lat="58.4312500" lon="14.8589800">
        <name>651</name>
    </wpt>
    <wpt lat="58.4312200" lon="14.8585700">
        <name>652</name>
    </wpt>
    <wpt lat="58.4312000" lon="14.8583200">
        <name>653</name>
    </wpt>
    <wpt lat="58.4311800" lon="14.8580300">
        <name>654</name>
    </wpt>
    <wpt lat="58.4311600" lon="14.8577800">
        <name>655</name>
    </wpt>
    <wpt lat="58.4311300" lon="14.8575100">
        <name>656</name>
    </wpt>
    <wpt lat="58.4310800" lon="14.8571200">
        <name>657</name>
    </wpt>
    <wpt lat="58.4310400" lon="14.8568000">
        <name>658</name>
    </wpt>
    <wpt lat="58.4309600" lon="14.8562600">
        <name>659</name>
    </wpt>
    <wpt lat="58.4308700" lon="14.8556000">
        <name>660</name>
    </wpt>
    <wpt lat="58.4307000" lon="14.8545900">
        <name>661</name>
    </wpt>
    <wpt lat="58.4306800" lon="14.8544900">
        <name>662</name>
    </wpt>
    <wpt lat="58.4305400" lon="14.8537000">
        <name>663</name>
    </wpt>
    <wpt lat="58.4303900" lon="14.8528400">
        <name>664</name>
    </wpt>
    <wpt lat="58.4303000" lon="14.8523800">
        <name>665</name>
    </wpt>
    <wpt lat="58.4302200" lon="14.8519500">
        <name>666</name>
    </wpt>
    <wpt lat="58.4301500" lon="14.8516300">
        <name>667</name>
    </wpt>
    <wpt lat="58.4300800" lon="14.8513000">
        <name>668</name>
    </wpt>
    <wpt lat="58.4299500" lon="14.8507400">
        <name>669</name>
    </wpt>
    <wpt lat="58.4298300" lon="14.8502400">
        <name>670</name>
    </wpt>
    <wpt lat="58.4297800" lon="14.8500000">
        <name>671</name>
    </wpt>
    <wpt lat="58.4297300" lon="14.8497900">
        <name>672</name>
    </wpt>
    <wpt lat="58.4296500" lon="14.8495100">
        <name>673</name>
    </wpt>
    <wpt lat="58.4295700" lon="14.8492000">
        <name>674</name>
    </wpt>
    <wpt lat="58.4294900" lon="14.8489100">
        <name>675</name>
    </wpt>
    <wpt lat="58.4294200" lon="14.8486600">
        <name>676</name>
    </wpt>
    <wpt lat="58.4293200" lon="14.8483300">
        <name>677</name>
    </wpt>
    <wpt lat="58.4292600" lon="14.8481100">
        <name>678</name>
    </wpt>
    <wpt lat="58.4291800" lon="14.8478700">
        <name>679</name>
    </wpt>
    <wpt lat="58.4291700" lon="14.8478500">
        <name>680</name>
    </wpt>
    <wpt lat="58.4291100" lon="14.8476400">
        <name>681</name>
    </wpt>
    <wpt lat="58.4289900" lon="14.8472900">
        <name>682</name>
    </wpt>
    <wpt lat="58.4285700" lon="14.8459800">
        <name>683</name>
    </wpt>
    <wpt lat="58.4283300" lon="14.8452300">
        <name>684</name>
    </wpt>
    <wpt lat="58.4282000" lon="14.8448100">
        <name>685</name>
    </wpt>
    <wpt lat="58.4281300" lon="14.8445900">
        <name>686</name>
    </wpt>
    <wpt lat="58.4281200" lon="14.8445600">
        <name>687</name>
    </wpt>
    <wpt lat="58.4280700" lon="14.8444000">
        <name>688</name>
    </wpt>
    <wpt lat="58.4280000" lon="14.8441500">
        <name>689</name>
    </wpt>
    <wpt lat="58.4279400" lon="14.8439400">
        <name>690</name>
    </wpt>
    <wpt lat="58.4278400" lon="14.8436000">
        <name>691</name>
    </wpt>
    <wpt lat="58.4275100" lon="14.8424000">
        <name>692</name>
    </wpt>
    <wpt lat="58.4271800" lon="14.8411600">
        <name>693</name>
    </wpt>
    <wpt lat="58.4267500" lon="14.8395300">
        <name>694</name>
    </wpt>
    <wpt lat="58.4266800" lon="14.8392600">
        <name>695</name>
    </wpt>
    <wpt lat="58.4266100" lon="14.8390100">
        <name>696</name>
    </wpt>
    <wpt lat="58.4265500" lon="14.8387600">
        <name>697</name>
    </wpt>
    <wpt lat="58.4264700" lon="14.8384400">
        <name>698</name>
    </wpt>
    <wpt lat="58.4262300" lon="14.8374000">
        <name>699</name>
    </wpt>
    <wpt lat="58.4261600" lon="14.8371100">
        <name>700</name>
    </wpt>
    <wpt lat="58.4261100" lon="14.8369500">
        <name>701</name>
    </wpt>
    <wpt lat="58.4260500" lon="14.8368000">
        <name>702</name>
    </wpt>
    <wpt lat="58.4259900" lon="14.8366400">
        <name>703</name>
    </wpt>
    <wpt lat="58.4259200" lon="14.8365000">
        <name>704</name>
    </wpt>
    <wpt lat="58.4258700" lon="14.8363800">
        <name>705</name>
    </wpt>
    <wpt lat="58.4258100" lon="14.8362800">
        <name>706</name>
    </wpt>
    <wpt lat="58.4255600" lon="14.8358500">
        <name>707</name>
    </wpt>
    <wpt lat="58.4253800" lon="14.8355300">
        <name>708</name>
    </wpt>
    <wpt lat="58.4252300" lon="14.8352800">
        <name>709</name>
    </wpt>
    <wpt lat="58.4249800" lon="14.8348800">
        <name>710</name>
    </wpt>
    <wpt lat="58.4244500" lon="14.8340200">
        <name>711</name>
    </wpt>
    <wpt lat="58.4243500" lon="14.8338700">
        <name>712</name>
    </wpt>
    <wpt lat="58.4242600" lon="14.8337200">
        <name>713</name>
    </wpt>
    <wpt lat="58.4241500" lon="14.8335800">
        <name>714</name>
    </wpt>
    <wpt lat="58.4240400" lon="14.8334200">
        <name>715</name>
    </wpt>
    <wpt lat="58.4238900" lon="14.8332400">
        <name>716</name>
    </wpt>
    <wpt lat="58.4237300" lon="14.8330200">
        <name>717</name>
    </wpt>
    <wpt lat="58.4233800" lon="14.8325900">
        <name>718</name>
    </wpt>
    <wpt lat="58.4231500" lon="14.8323000">
        <name>719</name>
    </wpt>
    <wpt lat="58.4222800" lon="14.8311900">
        <name>720</name>
    </wpt>
    <wpt lat="58.4216400" lon="14.8303700">
        <name>721</name>
    </wpt>
    <wpt lat="58.4207300" lon="14.8292300">
        <name>722</name>
    </wpt>
    <wpt lat="58.4191900" lon="14.8273100">
        <name>723</name>
    </wpt>
    <wpt lat="58.4185500" lon="14.8265200">
        <name>724</name>
    </wpt>
    <wpt lat="58.4172100" lon="14.8248600">
        <name>725</name>
    </wpt>
    <wpt lat="58.4166400" lon="14.8241700">
        <name>726</name>
    </wpt>
    <wpt lat="58.4156300" lon="14.8229000">
        <name>727</name>
    </wpt>
    <wpt lat="58.4148400" lon="14.8219300">
        <name>728</name>
    </wpt>
    <wpt lat="58.4145600" lon="14.8215800">
        <name>729</name>
    </wpt>
    <wpt lat="58.4144500" lon="14.8214500">
        <name>730</name>
    </wpt>
    <wpt lat="58.4144000" lon="14.8213800">
        <name>731</name>
    </wpt>
    <wpt lat="58.4143000" lon="14.8212600">
        <name>732</name>
    </wpt>
    <wpt lat="58.4131900" lon="14.8199900">
        <name>733</name>
    </wpt>
    <wpt lat="58.4125500" lon="14.8192300">
        <name>734</name>
    </wpt>
    <wpt lat="58.4122000" lon="14.8187900">
        <name>735</name>
    </wpt>
    <wpt lat="58.4118300" lon="14.8183100">
        <name>736</name>
    </wpt>
    <wpt lat="58.4115500" lon="14.8179300">
        <name>737</name>
    </wpt>
    <wpt lat="58.4113000" lon="14.8176000">
        <name>738</name>
    </wpt>
    <wpt lat="58.4110600" lon="14.8172700">
        <name>739</name>
    </wpt>
    <wpt lat="58.4108800" lon="14.8170100">
        <name>740</name>
    </wpt>
    <wpt lat="58.4103600" lon="14.8162500">
        <name>741</name>
    </wpt>
    <wpt lat="58.4101400" lon="14.8159200">
        <name>742</name>
    </wpt>
    <wpt lat="58.4099400" lon="14.8156000">
        <name>743</name>
    </wpt>
    <wpt lat="58.4097600" lon="14.8153100">
        <name>744</name>
    </wpt>
    <wpt lat="58.4095200" lon="14.8149100">
        <name>745</name>
    </wpt>
    <wpt lat="58.4092300" lon="14.8143700">
        <name>746</name>
    </wpt>
    <wpt lat="58.4090600" lon="14.8140600">
        <name>747</name>
    </wpt>
    <wpt lat="58.4089300" lon="14.8138000">
        <name>748</name>
    </wpt>
    <wpt lat="58.4087900" lon="14.8135400">
        <name>749</name>
    </wpt>
    <wpt lat="58.4086800" lon="14.8133100">
        <name>750</name>
    </wpt>
    <wpt lat="58.4085500" lon="14.8130500">
        <name>751</name>
    </wpt>
    <wpt lat="58.4084200" lon="14.8127600">
        <name>752</name>
    </wpt>
    <wpt lat="58.4082900" lon="14.8124900">
        <name>753</name>
    </wpt>
    <wpt lat="58.4081800" lon="14.8122500">
        <name>754</name>
    </wpt>
    <wpt lat="58.4080200" lon="14.8119100">
        <name>755</name>
    </wpt>
    <wpt lat="58.4079300" lon="14.8116900">
        <name>756</name>
    </wpt>
    <wpt lat="58.4078300" lon="14.8114400">
        <name>757</name>
    </wpt>
    <wpt lat="58.4076300" lon="14.8109700">
        <name>758</name>
    </wpt>
    <wpt lat="58.4074300" lon="14.8104600">
        <name>759</name>
    </wpt>
    <wpt lat="58.4073200" lon="14.8102300">
        <name>760</name>
    </wpt>
    <wpt lat="58.4072100" lon="14.8100400">
        <name>761</name>
    </wpt>
    <wpt lat="58.4071100" lon="14.8098900">
        <name>762</name>
    </wpt>
    <wpt lat="58.4070000" lon="14.8097400">
        <name>763</name>
    </wpt>
    <wpt lat="58.4068700" lon="14.8095900">
        <name>764</name>
    </wpt>
    <wpt lat="58.4067500" lon="14.8094600">
        <name>765</name>
    </wpt>
    <wpt lat="58.4066100" lon="14.8093100">
        <name>766</name>
    </wpt>
    <wpt lat="58.4064600" lon="14.8091600">
        <name>767</name>
    </wpt>
    <wpt lat="58.4063300" lon="14.8090400">
        <name>768</name>
    </wpt>
    <wpt lat="58.4061500" lon="14.8088900">
        <name>769</name>
    </wpt>
    <wpt lat="58.4059900" lon="14.8087600">
        <name>770</name>
    </wpt>
    <wpt lat="58.4058500" lon="14.8086500">
        <name>771</name>
    </wpt>
    <wpt lat="58.4056600" lon="14.8085000">
        <name>772</name>
    </wpt>
    <wpt lat="58.4054700" lon="14.8083700">
        <name>773</name>
    </wpt>
    <wpt lat="58.4052500" lon="14.8082100">
        <name>774</name>
    </wpt>
    <wpt lat="58.4043300" lon="14.8075800">
        <name>775</name>
    </wpt>
    <wpt lat="58.4041700" lon="14.8074500">
        <name>776</name>
    </wpt>
    <wpt lat="58.4040500" lon="14.8073400">
        <name>777</name>
    </wpt>
    <wpt lat="58.4039300" lon="14.8072300">
        <name>778</name>
    </wpt>
    <wpt lat="58.4037900" lon="14.8070700">
        <name>779</name>
    </wpt>
    <wpt lat="58.4031500" lon="14.8063000">
        <name>780</name>
    </wpt>
    <wpt lat="58.4017800" lon="14.8046200">
        <name>781</name>
    </wpt>
    <wpt lat="58.4016300" lon="14.8044300">
        <name>782</name>
    </wpt>
    <wpt lat="58.4013200" lon="14.8040600">
        <name>783</name>
    </wpt>
    <wpt lat="58.4011000" lon="14.8037900">
        <name>784</name>
    </wpt>
    <wpt lat="58.4008800" lon="14.8035000">
        <name>785</name>
    </wpt>
    <wpt lat="58.4007000" lon="14.8032600">
        <name>786</name>
    </wpt>
    <wpt lat="58.4004600" lon="14.8029100">
        <name>787</name>
    </wpt>
    <wpt lat="58.3999300" lon="14.8021700">
        <name>788</name>
    </wpt>
    <wpt lat="58.3997400" lon="14.8019200">
        <name>789</name>
    </wpt>
    <wpt lat="58.3996200" lon="14.8017500">
        <name>790</name>
    </wpt>
    <wpt lat="58.3995100" lon="14.8016100">
        <name>791</name>
    </wpt>
    <wpt lat="58.3993800" lon="14.8014400">
        <name>792</name>
    </wpt>
    <wpt lat="58.3992200" lon="14.8012500">
        <name>793</name>
    </wpt>
    <wpt lat="58.3990600" lon="14.8010500">
        <name>794</name>
    </wpt>
    <wpt lat="58.3987800" lon="14.8007100">
        <name>795</name>
    </wpt>
    <wpt lat="58.3982600" lon="14.8001000">
        <name>796</name>
    </wpt>
    <wpt lat="58.3977100" lon="14.7994700">
        <name>797</name>
    </wpt>
    <wpt lat="58.3973200" lon="14.7990100">
        <name>798</name>
    </wpt>
    <wpt lat="58.3970000" lon="14.7986400">
        <name>799</name>
    </wpt>
    <wpt lat="58.3968300" lon="14.7984200">
        <name>800</name>
    </wpt>
    <wpt lat="58.3966800" lon="14.7982300">
        <name>801</name>
    </wpt>
    <wpt lat="58.3965600" lon="14.7980500">
        <name>802</name>
    </wpt>
    <wpt lat="58.3963700" lon="14.7977900">
        <name>803</name>
    </wpt>
    <wpt lat="58.3960700" lon="14.7973100">
        <name>804</name>
    </wpt>
    <wpt lat="58.3958900" lon="14.7970100">
        <name>805</name>
    </wpt>
    <wpt lat="58.3957300" lon="14.7967300">
        <name>806</name>
    </wpt>
    <wpt lat="58.3955700" lon="14.7964300">
        <name>807</name>
    </wpt>
    <wpt lat="58.3954300" lon="14.7961700">
        <name>808</name>
    </wpt>
    <wpt lat="58.3953100" lon="14.7958900">
        <name>809</name>
    </wpt>
    <wpt lat="58.3952100" lon="14.7956800">
        <name>810</name>
    </wpt>
    <wpt lat="58.3950900" lon="14.7953900">
        <name>811</name>
    </wpt>
    <wpt lat="58.3950000" lon="14.7951400">
        <name>812</name>
    </wpt>
    <wpt lat="58.3949900" lon="14.7951200">
        <name>813</name>
    </wpt>
    <wpt lat="58.3949800" lon="14.7951100">
        <name>814</name>
    </wpt>
    <wpt lat="58.3948700" lon="14.7948000">
        <name>815</name>
    </wpt>
    <wpt lat="58.3947900" lon="14.7945600">
        <name>816</name>
    </wpt>
    <wpt lat="58.3947700" lon="14.7945100">
        <name>817</name>
    </wpt>
    <wpt lat="58.3946700" lon="14.7942100">
        <name>818</name>
    </wpt>
    <wpt lat="58.3945400" lon="14.7937900">
        <name>819</name>
    </wpt>
    <wpt lat="58.3945200" lon="14.7937100">
        <name>820</name>
    </wpt>
    <wpt lat="58.3945000" lon="14.7936200">
        <name>821</name>
    </wpt>
    <wpt lat="58.3944800" lon="14.7935500">
        <name>822</name>
    </wpt>
    <wpt lat="58.3944200" lon="14.7933300">
        <name>823</name>
    </wpt>
    <wpt lat="58.3943300" lon="14.7929700">
        <name>824</name>
    </wpt>
    <wpt lat="58.3941600" lon="14.7922300">
        <name>825</name>
    </wpt>
    <wpt lat="58.3940700" lon="14.7918700">
        <name>826</name>
    </wpt>
    <wpt lat="58.3939000" lon="14.7909600">
        <name>827</name>
    </wpt>
    <wpt lat="58.3938200" lon="14.7905400">
        <name>828</name>
    </wpt>
    <wpt lat="58.3937200" lon="14.7898900">
        <name>829</name>
    </wpt>
    <wpt lat="58.3936200" lon="14.7892200">
        <name>830</name>
    </wpt>
    <wpt lat="58.3935100" lon="14.7883600">
        <name>831</name>
    </wpt>
    <wpt lat="58.3934400" lon="14.7877600">
        <name>832</name>
    </wpt>
    <wpt lat="58.3933900" lon="14.7873200">
        <name>833</name>
    </wpt>
    <wpt lat="58.3931800" lon="14.7857100">
        <name>834</name>
    </wpt>
    <wpt lat="58.3930500" lon="14.7848600">
        <name>835</name>
    </wpt>
    <wpt lat="58.3929500" lon="14.7841900">
        <name>836</name>
    </wpt>
    <wpt lat="58.3928700" lon="14.7836200">
        <name>837</name>
    </wpt>
    <wpt lat="58.3927600" lon="14.7828200">
        <name>838</name>
    </wpt>
    <wpt lat="58.3926600" lon="14.7821900">
        <name>839</name>
    </wpt>
    <wpt lat="58.3926000" lon="14.7817800">
        <name>840</name>
    </wpt>
    <wpt lat="58.3925400" lon="14.7814500">
        <name>841</name>
    </wpt>
    <wpt lat="58.3924000" lon="14.7806600">
        <name>842</name>
    </wpt>
    <wpt lat="58.3923000" lon="14.7800200">
        <name>843</name>
    </wpt>
    <wpt lat="58.3921600" lon="14.7792800">
        <name>844</name>
    </wpt>
    <wpt lat="58.3920200" lon="14.7784800">
        <name>845</name>
    </wpt>
    <wpt lat="58.3918700" lon="14.7776400">
        <name>846</name>
    </wpt>
    <wpt lat="58.3916900" lon="14.7766500">
        <name>847</name>
    </wpt>
    <wpt lat="58.3914500" lon="14.7753300">
        <name>848</name>
    </wpt>
    <wpt lat="58.3913600" lon="14.7748500">
        <name>849</name>
    </wpt>
    <wpt lat="58.3912100" lon="14.7740000">
        <name>850</name>
    </wpt>
    <wpt lat="58.3909800" lon="14.7727100">
        <name>851</name>
    </wpt>
    <wpt lat="58.3908000" lon="14.7716800">
        <name>852</name>
    </wpt>
    <wpt lat="58.3906600" lon="14.7709400">
        <name>853</name>
    </wpt>
    <wpt lat="58.3905600" lon="14.7704100">
        <name>854</name>
    </wpt>
    <wpt lat="58.3904500" lon="14.7699300">
        <name>855</name>
    </wpt>
    <wpt lat="58.3903400" lon="14.7695100">
        <name>856</name>
    </wpt>
    <wpt lat="58.3901900" lon="14.7690600">
        <name>857</name>
    </wpt>
    <wpt lat="58.3900300" lon="14.7686100">
        <name>858</name>
    </wpt>
    <wpt lat="58.3898300" lon="14.7680800">
        <name>859</name>
    </wpt>
    <wpt lat="58.3895500" lon="14.7673800">
        <name>860</name>
    </wpt>
    <wpt lat="58.3893000" lon="14.7668200">
        <name>861</name>
    </wpt>
    <wpt lat="58.3889200" lon="14.7659500">
        <name>862</name>
    </wpt>
    <wpt lat="58.3885000" lon="14.7650300">
        <name>863</name>
    </wpt>
    <wpt lat="58.3880100" lon="14.7639600">
        <name>864</name>
    </wpt>
    <wpt lat="58.3875700" lon="14.7630200">
        <name>865</name>
    </wpt>
    <wpt lat="58.3872300" lon="14.7622400">
        <name>866</name>
    </wpt>
    <wpt lat="58.3868900" lon="14.7614900">
        <name>867</name>
    </wpt>
    <wpt lat="58.3865700" lon="14.7608000">
        <name>868</name>
    </wpt>
    <wpt lat="58.3861700" lon="14.7599400">
        <name>869</name>
    </wpt>
    <wpt lat="58.3858300" lon="14.7592100">
        <name>870</name>
    </wpt>
    <wpt lat="58.3850900" lon="14.7575700">
        <name>871</name>
    </wpt>
    <wpt lat="58.3847500" lon="14.7568500">
        <name>872</name>
    </wpt>
    <wpt lat="58.3843600" lon="14.7559900">
        <name>873</name>
    </wpt>
    <wpt lat="58.3840700" lon="14.7553600">
        <name>874</name>
    </wpt>
    <wpt lat="58.3837900" lon="14.7547600">
        <name>875</name>
    </wpt>
    <wpt lat="58.3835000" lon="14.7541300">
        <name>876</name>
    </wpt>
    <wpt lat="58.3832100" lon="14.7535100">
        <name>877</name>
    </wpt>
    <wpt lat="58.3829500" lon="14.7529600">
        <name>878</name>
    </wpt>
    <wpt lat="58.3827300" lon="14.7525100">
        <name>879</name>
    </wpt>
    <wpt lat="58.3826700" lon="14.7523700">
        <name>880</name>
    </wpt>
    <wpt lat="58.3824500" lon="14.7519400">
        <name>881</name>
    </wpt>
    <wpt lat="58.3822000" lon="14.7514300">
        <name>882</name>
    </wpt>
    <wpt lat="58.3819400" lon="14.7509000">
        <name>883</name>
    </wpt>
    <wpt lat="58.3818500" lon="14.7507400">
        <name>884</name>
    </wpt>
    <wpt lat="58.3816200" lon="14.7502900">
        <name>885</name>
    </wpt>
    <wpt lat="58.3813800" lon="14.7498500">
        <name>886</name>
    </wpt>
    <wpt lat="58.3811900" lon="14.7495100">
        <name>887</name>
    </wpt>
    <wpt lat="58.3808400" lon="14.7488400">
        <name>888</name>
    </wpt>
    <wpt lat="58.3804900" lon="14.7481600">
        <name>889</name>
    </wpt>
    <wpt lat="58.3799000" lon="14.7470200">
        <name>890</name>
    </wpt>
    <wpt lat="58.3795700" lon="14.7464000">
        <name>891</name>
    </wpt>
    <wpt lat="58.3792600" lon="14.7458200">
        <name>892</name>
    </wpt>
    <wpt lat="58.3789300" lon="14.7452000">
        <name>893</name>
    </wpt>
    <wpt lat="58.3786500" lon="14.7446800">
        <name>894</name>
    </wpt>
    <wpt lat="58.3783900" lon="14.7441900">
        <name>895</name>
    </wpt>
    <wpt lat="58.3785700" lon="14.7438400">
        <name>896</name>
    </wpt>
    <wpt lat="58.3789100" lon="14.7431500">
        <name>897</name>
    </wpt>
    <wpt lat="58.3791000" lon="14.7427600">
        <name>898</name>
    </wpt>
    <wpt lat="58.3793400" lon="14.7422400">
        <name>899</name>
    </wpt>
    <wpt lat="58.3795400" lon="14.7417300">
        <name>900</name>
    </wpt>
    <wpt lat="58.3798300" lon="14.7408500">
        <name>901</name>
    </wpt>
    <wpt lat="58.3799700" lon="14.7403500">
        <name>902</name>
    </wpt>
    <wpt lat="58.3801100" lon="14.7398100">
        <name>903</name>
    </wpt>
    <wpt lat="58.3802100" lon="14.7393700">
        <name>904</name>
    </wpt>
    <wpt lat="58.3803100" lon="14.7388800">
        <name>905</name>
    </wpt>
    <wpt lat="58.3803100" lon="14.7388790">
        <name>906</name>
    </wpt>
    <wpt lat="58.3803100" lon="14.7388800">
        <name>907</name>
    </wpt>
    <wpt lat="58.3803800" lon="14.7383800">
        <name>908</name>
    </wpt>
    <wpt lat="58.3804400" lon="14.7379500">
        <name>909</name>
    </wpt>
    <wpt lat="58.3805000" lon="14.7374900">
        <name>910</name>
    </wpt>
    <wpt lat="58.3805900" lon="14.7366400">
        <name>911</name>
    </wpt>
    <wpt lat="58.3807200" lon="14.7354000">
        <name>912</name>
    </wpt>
    <wpt lat="58.3811000" lon="14.7313500">
        <name>913</name>
    </wpt>
    <wpt lat="58.3812500" lon="14.7298500">
        <name>914</name>
    </wpt>
    <wpt lat="58.3814200" lon="14.7281200">
        <name>915</name>
    </wpt>
    <wpt lat="58.3815500" lon="14.7267900">
        <name>916</name>
    </wpt>
    <wpt lat="58.3816700" lon="14.7255000">
        <name>917</name>
    </wpt>
    <wpt lat="58.3817500" lon="14.7246400">
        <name>918</name>
    </wpt>
    <wpt lat="58.3818400" lon="14.7237300">
        <name>919</name>
    </wpt>
    <wpt lat="58.3819200" lon="14.7229700">
        <name>920</name>
    </wpt>
    <wpt lat="58.3819800" lon="14.7222500">
        <name>921</name>
    </wpt>
    <wpt lat="58.3820600" lon="14.7215200">
        <name>922</name>
    </wpt>
    <wpt lat="58.3821600" lon="14.7203800">
        <name>923</name>
    </wpt>
    <wpt lat="58.3822400" lon="14.7196000">
        <name>924</name>
    </wpt>
    <wpt lat="58.3823000" lon="14.7190000">
        <name>925</name>
    </wpt>
    <wpt lat="58.3823600" lon="14.7183500">
        <name>926</name>
    </wpt>
    <wpt lat="58.3824300" lon="14.7175900">
        <name>927</name>
    </wpt>
    <wpt lat="58.3824800" lon="14.7168900">
        <name>928</name>
    </wpt>
    <wpt lat="58.3825200" lon="14.7162800">
        <name>929</name>
    </wpt>
    <wpt lat="58.3825400" lon="14.7156100">
        <name>930</name>
    </wpt>
    <wpt lat="58.3825500" lon="14.7151200">
        <name>931</name>
    </wpt>
    <wpt lat="58.3825500" lon="14.7149100">
        <name>932</name>
    </wpt>
    <wpt lat="58.3825500" lon="14.7146700">
        <name>933</name>
    </wpt>
    <wpt lat="58.3825600" lon="14.7143100">
        <name>934</name>
    </wpt>
    <wpt lat="58.3825500" lon="14.7139300">
        <name>935</name>
    </wpt>
    <wpt lat="58.3825500" lon="14.7134800">
        <name>936</name>
    </wpt>
    <wpt lat="58.3825500" lon="14.7130800">
        <name>937</name>
    </wpt>
    <wpt lat="58.3825300" lon="14.7126300">
        <name>938</name>
    </wpt>
    <wpt lat="58.3825200" lon="14.7122200">
        <name>939</name>
    </wpt>
    <wpt lat="58.3825000" lon="14.7119200">
        <name>940</name>
    </wpt>
    <wpt lat="58.3824700" lon="14.7115500">
        <name>941</name>
    </wpt>
    <wpt lat="58.3824500" lon="14.7112900">
        <name>942</name>
    </wpt>
    <wpt lat="58.3824300" lon="14.7109900">
        <name>943</name>
    </wpt>
    <wpt lat="58.3824000" lon="14.7105600">
        <name>944</name>
    </wpt>
    <wpt lat="58.3823500" lon="14.7100800">
        <name>945</name>
    </wpt>
    <wpt lat="58.3822800" lon="14.7092600">
        <name>946</name>
    </wpt>
    <wpt lat="58.3821800" lon="14.7081500">
        <name>947</name>
    </wpt>
    <wpt lat="58.3820900" lon="14.7071300">
        <name>948</name>
    </wpt>
    <wpt lat="58.3820000" lon="14.7060800">
        <name>949</name>
    </wpt>
    <wpt lat="58.3819900" lon="14.7059200">
        <name>950</name>
    </wpt>
    <wpt lat="58.3819900" lon="14.7059190">
        <name>951</name>
    </wpt>
    <wpt lat="58.3819900" lon="14.7059200">
        <name>952</name>
    </wpt>
    <wpt lat="58.3819200" lon="14.7052000">
        <name>953</name>
    </wpt>
    <wpt lat="58.3818400" lon="14.7042600">
        <name>954</name>
    </wpt>
    <wpt lat="58.3817400" lon="14.7031200">
        <name>955</name>
    </wpt>
    <wpt lat="58.3816200" lon="14.7017300">
        <name>956</name>
    </wpt>
    <wpt lat="58.3815400" lon="14.7009400">
        <name>957</name>
    </wpt>
    <wpt lat="58.3814900" lon="14.7003100">
        <name>958</name>
    </wpt>
    <wpt lat="58.3814700" lon="14.6999700">
        <name>959</name>
    </wpt>
    <wpt lat="58.3814600" lon="14.6996200">
        <name>960</name>
    </wpt>
    <wpt lat="58.3814600" lon="14.6991900">
        <name>961</name>
    </wpt>
    <wpt lat="58.3814700" lon="14.6987200">
        <name>962</name>
    </wpt>
    <wpt lat="58.3815000" lon="14.6983900">
        <name>963</name>
    </wpt>
    <wpt lat="58.3815400" lon="14.6979500">
        <name>964</name>
    </wpt>
    <wpt lat="58.3815500" lon="14.6978800">
        <name>965</name>
    </wpt>
    <wpt lat="58.3816200" lon="14.6973700">
        <name>966</name>
    </wpt>
    <wpt lat="58.3816800" lon="14.6969900">
        <name>967</name>
    </wpt>
    <wpt lat="58.3817700" lon="14.6966000">
        <name>968</name>
    </wpt>
    <wpt lat="58.3818400" lon="14.6962700">
        <name>969</name>
    </wpt>
    <wpt lat="58.3819200" lon="14.6959500">
        <name>970</name>
    </wpt>
    <wpt lat="58.3820000" lon="14.6956200">
        <name>971</name>
    </wpt>
    <wpt lat="58.3821700" lon="14.6949700">
        <name>972</name>
    </wpt>
    <wpt lat="58.3823100" lon="14.6944000">
        <name>973</name>
    </wpt>
    <wpt lat="58.3823700" lon="14.6941200">
        <name>974</name>
    </wpt>
    <wpt lat="58.3823800" lon="14.6940000">
        <name>975</name>
    </wpt>
    <wpt lat="58.3824700" lon="14.6930700">
        <name>976</name>
    </wpt>
    <wpt lat="58.3825700" lon="14.6919500">
        <name>977</name>
    </wpt>
    <wpt lat="58.3826400" lon="14.6911200">
        <name>978</name>
    </wpt>
    <wpt lat="58.3826500" lon="14.6910200">
        <name>979</name>
    </wpt>
    <wpt lat="58.3827200" lon="14.6902600">
        <name>980</name>
    </wpt>
    <wpt lat="58.3828400" lon="14.6889600">
        <name>981</name>
    </wpt>
    <wpt lat="58.3829500" lon="14.6877300">
        <name>982</name>
    </wpt>
    <wpt lat="58.3830000" lon="14.6871000">
        <name>983</name>
    </wpt>
    <wpt lat="58.3830300" lon="14.6865900">
        <name>984</name>
    </wpt>
    <wpt lat="58.3829800" lon="14.6865000">
        <name>985</name>
    </wpt>
    <wpt lat="58.3828900" lon="14.6862600">
        <name>986</name>
    </wpt>
    <wpt lat="58.3827700" lon="14.6858900">
        <name>987</name>
    </wpt>
    <wpt lat="58.3827100" lon="14.6856800">
        <name>988</name>
    </wpt>
    <wpt lat="58.3826200" lon="14.6855300">
        <name>989</name>
    </wpt>
    <wpt lat="58.3826100" lon="14.6855200">
        <name>990</name>
    </wpt>
    <wpt lat="58.3824900" lon="14.6853100">
        <name>991</name>
    </wpt>
    <wpt lat="58.3821700" lon="14.6847000">
        <name>992</name>
    </wpt>
    <wpt lat="58.3818600" lon="14.6841600">
        <name>993</name>
    </wpt>
    <wpt lat="58.3815600" lon="14.6836400">
        <name>994</name>
    </wpt>
    <wpt lat="58.3812200" lon="14.6830600">
        <name>995</name>
    </wpt>
    <wpt lat="58.3809000" lon="14.6825200">
        <name>996</name>
    </wpt>
    <wpt lat="58.3806300" lon="14.6820900">
        <name>997</name>
    </wpt>
    <wpt lat="58.3804300" lon="14.6817700">
        <name>998</name>
    </wpt>
    <wpt lat="58.3800800" lon="14.6812100">
        <name>999</name>
    </wpt>
    <wpt lat="58.3798500" lon="14.6808500">
        <name>1000</name>
    </wpt>
    <wpt lat="58.3796100" lon="14.6804200">
        <name>1001</name>
    </wpt>
    <wpt lat="58.3795000" lon="14.6801800">
        <name>1002</name>
    </wpt>
    <wpt lat="58.3794500" lon="14.6800400">
        <name>1003</name>
    </wpt>
    <wpt lat="58.3794300" lon="14.6799200">
        <name>1004</name>
    </wpt>
    <wpt lat="58.3793900" lon="14.6796900">
        <name>1005</name>
    </wpt>
    <wpt lat="58.3794000" lon="14.6794600">
        <name>1006</name>
    </wpt>
    <wpt lat="58.3794000" lon="14.6793200">
        <name>1007</name>
    </wpt>
    <wpt lat="58.3794300" lon="14.6791700">
        <name>1008</name>
    </wpt>
    <wpt lat="58.3794600" lon="14.6790300">
        <name>1009</name>
    </wpt>
    <wpt lat="58.3795300" lon="14.6788100">
        <name>1010</name>
    </wpt>
    <wpt lat="58.3796600" lon="14.6784600">
        <name>1011</name>
    </wpt>
    <wpt lat="58.3798100" lon="14.6780200">
        <name>1012</name>
    </wpt>
    <wpt lat="58.3799100" lon="14.6777200">
        <name>1013</name>
    </wpt>
    <wpt lat="58.3800200" lon="14.6773600">
        <name>1014</name>
    </wpt>
    <wpt lat="58.3800400" lon="14.6772500">
        <name>1015</name>
    </wpt>
    <wpt lat="58.3800700" lon="14.6771200">
        <name>1016</name>
    </wpt>
    <wpt lat="58.3800900" lon="14.6770200">
        <name>1017</name>
    </wpt>
    <wpt lat="58.3801000" lon="14.6769200">
        <name>1018</name>
    </wpt>
    <wpt lat="58.3801000" lon="14.6768500">
        <name>1019</name>
    </wpt>
    <wpt lat="58.3801100" lon="14.6767600">
        <name>1020</name>
    </wpt>
    <wpt lat="58.3801000" lon="14.6767000">
        <name>1021</name>
    </wpt>
    <wpt lat="58.3801000" lon="14.6766400">
        <name>1022</name>
    </wpt>
    <wpt lat="58.3800800" lon="14.6765700">
        <name>1023</name>
    </wpt>
    <wpt lat="58.3800400" lon="14.6764300">
        <name>1024</name>
    </wpt>
    <wpt lat="58.3799800" lon="14.6762500">
        <name>1025</name>
    </wpt>
    <wpt lat="58.3799200" lon="14.6761000">
        <name>1026</name>
    </wpt>
    <wpt lat="58.3798300" lon="14.6759000">
        <name>1027</name>
    </wpt>
    <wpt lat="58.3797400" lon="14.6757400">
        <name>1028</name>
    </wpt>
    <wpt lat="58.3796400" lon="14.6756000">
        <name>1029</name>
    </wpt>
    <wpt lat="58.3795500" lon="14.6754400">
        <name>1030</name>
    </wpt>
    <wpt lat="58.3794200" lon="14.6750900">
        <name>1031</name>
    </wpt>
    <wpt lat="58.3792700" lon="14.6747200">
        <name>1032</name>
    </wpt>
    <wpt lat="58.3791500" lon="14.6744000">
        <name>1033</name>
    </wpt>
    <wpt lat="58.3790300" lon="14.6740800">
        <name>1034</name>
    </wpt>
    <wpt lat="58.3789600" lon="14.6739500">
        <name>1035</name>
    </wpt>
    <wpt lat="58.3789200" lon="14.6738900">
        <name>1036</name>
    </wpt>
    <wpt lat="58.3788600" lon="14.6738500">
        <name>1037</name>
    </wpt>
    <wpt lat="58.3787600" lon="14.6738000">
        <name>1038</name>
    </wpt>
    <wpt lat="58.3786800" lon="14.6737500">
        <name>1039</name>
    </wpt>
    <wpt lat="58.3786200" lon="14.6736900">
        <name>1040</name>
    </wpt>
    <wpt lat="58.3785600" lon="14.6735600">
        <name>1041</name>
    </wpt>
    <wpt lat="58.3785000" lon="14.6734200">
        <name>1042</name>
    </wpt>
    <wpt lat="58.3784700" lon="14.6732800">
        <name>1043</name>
    </wpt>
    <wpt lat="58.3783900" lon="14.6730000">
        <name>1044</name>
    </wpt>
    <wpt lat="58.3783600" lon="14.6729000">
        <name>1045</name>
    </wpt>
    <wpt lat="58.3783200" lon="14.6728000">
        <name>1046</name>
    </wpt>
    <wpt lat="58.3782500" lon="14.6725300">
        <name>1047</name>
    </wpt>
    <wpt lat="58.3782200" lon="14.6724200">
        <name>1048</name>
    </wpt>
    <wpt lat="58.3781800" lon="14.6723200">
        <name>1049</name>
    </wpt>
    <wpt lat="58.3781200" lon="14.6721800">
        <name>1050</name>
    </wpt>
    <wpt lat="58.3779900" lon="14.6719300">
        <name>1051</name>
    </wpt>
    <wpt lat="58.3778100" lon="14.6716900">
        <name>1052</name>
    </wpt>
    <wpt lat="58.3777200" lon="14.6715700">
        <name>1053</name>
    </wpt>
    <wpt lat="58.3775600" lon="14.6714200">
        <name>1054</name>
    </wpt>
    <wpt lat="58.3774400" lon="14.6713300">
        <name>1055</name>
    </wpt>
    <wpt lat="58.3773200" lon="14.6712400">
        <name>1056</name>
    </wpt>
    <wpt lat="58.3771900" lon="14.6711900">
        <name>1057</name>
    </wpt>
    <wpt lat="58.3770000" lon="14.6711500">
        <name>1058</name>
    </wpt>
    <wpt lat="58.3768000" lon="14.6711000">
        <name>1059</name>
    </wpt>
    <wpt lat="58.3766300" lon="14.6710400">
        <name>1060</name>
    </wpt>
    <wpt lat="58.3765400" lon="14.6709800">
        <name>1061</name>
    </wpt>
    <wpt lat="58.3764900" lon="14.6709100">
        <name>1062</name>
    </wpt>
    <wpt lat="58.3764400" lon="14.6708100">
        <name>1063</name>
    </wpt>
    <wpt lat="58.3764100" lon="14.6707100">
        <name>1064</name>
    </wpt>
    <wpt lat="58.3763500" lon="14.6705100">
        <name>1065</name>
    </wpt>
    <wpt lat="58.3762800" lon="14.6702600">
        <name>1066</name>
    </wpt>
    <wpt lat="58.3761900" lon="14.6700700">
        <name>1067</name>
    </wpt>
    <wpt lat="58.3760300" lon="14.6696800">
        <name>1068</name>
    </wpt>
    <wpt lat="58.3759400" lon="14.6694900">
        <name>1069</name>
    </wpt>
    <wpt lat="58.3758700" lon="14.6693100">
        <name>1070</name>
    </wpt>
    <wpt lat="58.3758300" lon="14.6691800">
        <name>1071</name>
    </wpt>
    <wpt lat="58.3758100" lon="14.6690300">
        <name>1072</name>
    </wpt>
    <wpt lat="58.3757700" lon="14.6688600">
        <name>1073</name>
    </wpt>
    <wpt lat="58.3757400" lon="14.6687700">
        <name>1074</name>
    </wpt>
    <wpt lat="58.3757100" lon="14.6686900">
        <name>1075</name>
    </wpt>
    <wpt lat="58.3756400" lon="14.6685500">
        <name>1076</name>
    </wpt>
    <wpt lat="58.3755600" lon="14.6684000">
        <name>1077</name>
    </wpt>
    <wpt lat="58.3754800" lon="14.6682700">
        <name>1078</name>
    </wpt>
    <wpt lat="58.3753700" lon="14.6680900">
        <name>1079</name>
    </wpt>
    <wpt lat="58.3751100" lon="14.6678100">
        <name>1080</name>
    </wpt>
    <wpt lat="58.3747200" lon="14.6674000">
        <name>1081</name>
    </wpt>
    <wpt lat="58.3743800" lon="14.6670500">
        <name>1082</name>
    </wpt>
    <wpt lat="58.3740900" lon="14.6667800">
        <name>1083</name>
    </wpt>
    <wpt lat="58.3738700" lon="14.6665700">
        <name>1084</name>
    </wpt>
    <wpt lat="58.3736900" lon="14.6664000">
        <name>1085</name>
    </wpt>
    <wpt lat="58.3735700" lon="14.6663100">
        <name>1086</name>
    </wpt>
    <wpt lat="58.3735000" lon="14.6662500">
        <name>1087</name>
    </wpt>
    <wpt lat="58.3732900" lon="14.6661000">
        <name>1088</name>
    </wpt>
    <wpt lat="58.3730300" lon="14.6659400">
        <name>1089</name>
    </wpt>
    <wpt lat="58.3728300" lon="14.6658300">
        <name>1090</name>
    </wpt>
    <wpt lat="58.3726800" lon="14.6657500">
        <name>1091</name>
    </wpt>
    <wpt lat="58.3725100" lon="14.6656200">
        <name>1092</name>
    </wpt>
    <wpt lat="58.3724800" lon="14.6655900">
        <name>1093</name>
    </wpt>
    <wpt lat="58.3722400" lon="14.6653800">
        <name>1094</name>
    </wpt>
    <wpt lat="58.3720100" lon="14.6651900">
        <name>1095</name>
    </wpt>
    <wpt lat="58.3718600" lon="14.6650700">
        <name>1096</name>
    </wpt>
    <wpt lat="58.3716700" lon="14.6649600">
        <name>1097</name>
    </wpt>
    <wpt lat="58.3715000" lon="14.6648600">
        <name>1098</name>
    </wpt>
    <wpt lat="58.3713000" lon="14.6647600">
        <name>1099</name>
    </wpt>
    <wpt lat="58.3710200" lon="14.6646700">
        <name>1100</name>
    </wpt>
    <wpt lat="58.3707400" lon="14.6645700">
        <name>1101</name>
    </wpt>
    <wpt lat="58.3705200" lon="14.6645100">
        <name>1102</name>
    </wpt>
    <wpt lat="58.3704600" lon="14.6644600">
        <name>1103</name>
    </wpt>
    <wpt lat="58.3704400" lon="14.6644600">
        <name>1104</name>
    </wpt>
    <wpt lat="58.3703800" lon="14.6644300">
        <name>1105</name>
    </wpt>
    <wpt lat="58.3702100" lon="14.6643800">
        <name>1106</name>
    </wpt>
    <wpt lat="58.3701500" lon="14.6643500">
        <name>1107</name>
    </wpt>
    <wpt lat="58.3701400" lon="14.6643500">
        <name>1108</name>
    </wpt>
    <wpt lat="58.3701300" lon="14.6643500">
        <name>1109</name>
    </wpt>
    <wpt lat="58.3700600" lon="14.6643200">
        <name>1110</name>
    </wpt>
    <wpt lat="58.3699600" lon="14.6642700">
        <name>1111</name>
    </wpt>
    <wpt lat="58.3698400" lon="14.6642100">
        <name>1112</name>
    </wpt>
    <wpt lat="58.3697500" lon="14.6641500">
        <name>1113</name>
    </wpt>
    <wpt lat="58.3696400" lon="14.6640500">
        <name>1114</name>
    </wpt>
    <wpt lat="58.3695100" lon="14.6639200">
        <name>1115</name>
    </wpt>
    <wpt lat="58.3694700" lon="14.6638700">
        <name>1116</name>
    </wpt>
    <wpt lat="58.3694600" lon="14.6638500">
        <name>1117</name>
    </wpt>
    <wpt lat="58.3692100" lon="14.6635100">
        <name>1118</name>
    </wpt>
    <wpt lat="58.3690700" lon="14.6633300">
        <name>1119</name>
    </wpt>
    <wpt lat="58.3689000" lon="14.6631700">
        <name>1120</name>
    </wpt>
    <wpt lat="58.3687400" lon="14.6630500">
        <name>1121</name>
    </wpt>
    <wpt lat="58.3685500" lon="14.6629400">
        <name>1122</name>
    </wpt>
    <wpt lat="58.3684200" lon="14.6628800">
        <name>1123</name>
    </wpt>
    <wpt lat="58.3682200" lon="14.6628000">
        <name>1124</name>
    </wpt>
    <wpt lat="58.3680100" lon="14.6627100">
        <name>1125</name>
    </wpt>
    <wpt lat="58.3677700" lon="14.6626500">
        <name>1126</name>
    </wpt>
    <wpt lat="58.3675000" lon="14.6625900">
        <name>1127</name>
    </wpt>
    <wpt lat="58.3673600" lon="14.6625200">
        <name>1128</name>
    </wpt>
    <wpt lat="58.3672000" lon="14.6623800">
        <name>1129</name>
    </wpt>
    <wpt lat="58.3670700" lon="14.6622000">
        <name>1130</name>
    </wpt>
    <wpt lat="58.3669500" lon="14.6620200">
        <name>1131</name>
    </wpt>
    <wpt lat="58.3668200" lon="14.6618500">
        <name>1132</name>
    </wpt>
    <wpt lat="58.3667200" lon="14.6617400">
        <name>1133</name>
    </wpt>
    <wpt lat="58.3665100" lon="14.6615400">
        <name>1134</name>
    </wpt>
    <wpt lat="58.3663700" lon="14.6614100">
        <name>1135</name>
    </wpt>
    <wpt lat="58.3662300" lon="14.6612700">
        <name>1136</name>
    </wpt>
    <wpt lat="58.3661300" lon="14.6612000">
        <name>1137</name>
    </wpt>
    <wpt lat="58.3660200" lon="14.6611500">
        <name>1138</name>
    </wpt>
    <wpt lat="58.3658400" lon="14.6610700">
        <name>1139</name>
    </wpt>
    <wpt lat="58.3655400" lon="14.6609000">
        <name>1140</name>
    </wpt>
    <wpt lat="58.3653000" lon="14.6607700">
        <name>1141</name>
    </wpt>
    <wpt lat="58.3650700" lon="14.6606800">
        <name>1142</name>
    </wpt>
    <wpt lat="58.3649000" lon="14.6606300">
        <name>1143</name>
    </wpt>
    <wpt lat="58.3647400" lon="14.6606000">
        <name>1144</name>
    </wpt>
    <wpt lat="58.3645700" lon="14.6605800">
        <name>1145</name>
    </wpt>
    <wpt lat="58.3644500" lon="14.6605900">
        <name>1146</name>
    </wpt>
    <wpt lat="58.3643300" lon="14.6606200">
        <name>1147</name>
    </wpt>
    <wpt lat="58.3642200" lon="14.6606300">
        <name>1148</name>
    </wpt>
    <wpt lat="58.3640900" lon="14.6606300">
        <name>1149</name>
    </wpt>
    <wpt lat="58.3638100" lon="14.6606100">
        <name>1150</name>
    </wpt>
    <wpt lat="58.3635800" lon="14.6605600">
        <name>1151</name>
    </wpt>
    <wpt lat="58.3634600" lon="14.6605200">
        <name>1152</name>
    </wpt>
    <wpt lat="58.3633600" lon="14.6604500">
        <name>1153</name>
    </wpt>
    <wpt lat="58.3633300" lon="14.6604300">
        <name>1154</name>
    </wpt>
    <wpt lat="58.3632400" lon="14.6603700">
        <name>1155</name>
    </wpt>
    <wpt lat="58.3631100" lon="14.6602700">
        <name>1156</name>
    </wpt>
    <wpt lat="58.3629500" lon="14.6601300">
        <name>1157</name>
    </wpt>
    <wpt lat="58.3627300" lon="14.6599800">
        <name>1158</name>
    </wpt>
    <wpt lat="58.3625100" lon="14.6598400">
        <name>1159</name>
    </wpt>
    <wpt lat="58.3623900" lon="14.6597800">
        <name>1160</name>
    </wpt>
    <wpt lat="58.3622300" lon="14.6596700">
        <name>1161</name>
    </wpt>
    <wpt lat="58.3621100" lon="14.6595800">
        <name>1162</name>
    </wpt>
    <wpt lat="58.3620000" lon="14.6594700">
        <name>1163</name>
    </wpt>
    <wpt lat="58.3619200" lon="14.6593700">
        <name>1164</name>
    </wpt>
    <wpt lat="58.3617900" lon="14.6591100">
        <name>1165</name>
    </wpt>
    <wpt lat="58.3616800" lon="14.6588400">
        <name>1166</name>
    </wpt>
    <wpt lat="58.3616300" lon="14.6587100">
        <name>1167</name>
    </wpt>
    <wpt lat="58.3615900" lon="14.6586300">
        <name>1168</name>
    </wpt>
    <wpt lat="58.3615200" lon="14.6585400">
        <name>1169</name>
    </wpt>
    <wpt lat="58.3614000" lon="14.6584200">
        <name>1170</name>
    </wpt>
    <wpt lat="58.3611900" lon="14.6582600">
        <name>1171</name>
    </wpt>
    <wpt lat="58.3610000" lon="14.6581100">
        <name>1172</name>
    </wpt>
    <wpt lat="58.3607700" lon="14.6580200">
        <name>1173</name>
    </wpt>
    <wpt lat="58.3605000" lon="14.6579100">
        <name>1174</name>
    </wpt>
    <wpt lat="58.3602500" lon="14.6578200">
        <name>1175</name>
    </wpt>
    <wpt lat="58.3600800" lon="14.6577900">
        <name>1176</name>
    </wpt>
    <wpt lat="58.3598900" lon="14.6577800">
        <name>1177</name>
    </wpt>
    <wpt lat="58.3597400" lon="14.6577900">
        <name>1178</name>
    </wpt>
    <wpt lat="58.3595800" lon="14.6577900">
        <name>1179</name>
    </wpt>
    <wpt lat="58.3594200" lon="14.6577500">
        <name>1180</name>
    </wpt>
    <wpt lat="58.3592500" lon="14.6576600">
        <name>1181</name>
    </wpt>
    <wpt lat="58.3590400" lon="14.6575200">
        <name>1182</name>
    </wpt>
    <wpt lat="58.3588600" lon="14.6573400">
        <name>1183</name>
    </wpt>
    <wpt lat="58.3586100" lon="14.6570500">
        <name>1184</name>
    </wpt>
    <wpt lat="58.3584400" lon="14.6569000">
        <name>1185</name>
    </wpt>
    <wpt lat="58.3583300" lon="14.6568100">
        <name>1186</name>
    </wpt>
    <wpt lat="58.3582200" lon="14.6567600">
        <name>1187</name>
    </wpt>
    <wpt lat="58.3581100" lon="14.6567500">
        <name>1188</name>
    </wpt>
    <wpt lat="58.3579700" lon="14.6567500">
        <name>1189</name>
    </wpt>
    <wpt lat="58.3578200" lon="14.6567600">
        <name>1190</name>
    </wpt>
    <wpt lat="58.3576500" lon="14.6567700">
        <name>1191</name>
    </wpt>
    <wpt lat="58.3573700" lon="14.6567900">
        <name>1192</name>
    </wpt>
    <wpt lat="58.3570600" lon="14.6568300">
        <name>1193</name>
    </wpt>
    <wpt lat="58.3566300" lon="14.6568700">
        <name>1194</name>
    </wpt>
    <wpt lat="58.3563300" lon="14.6569100">
        <name>1195</name>
    </wpt>
    <wpt lat="58.3560500" lon="14.6569500">
        <name>1196</name>
    </wpt>
    <wpt lat="58.3557900" lon="14.6569600">
        <name>1197</name>
    </wpt>
    <wpt lat="58.3555900" lon="14.6569500">
        <name>1198</name>
    </wpt>
    <wpt lat="58.3555400" lon="14.6569400">
        <name>1199</name>
    </wpt>
    <wpt lat="58.3555400" lon="14.6569390">
        <name>1200</name>
    </wpt>
    <wpt lat="58.3555400" lon="14.6569400">
        <name>1201</name>
    </wpt>
    <wpt lat="58.3552900" lon="14.6569100">
        <name>1202</name>
    </wpt>
    <wpt lat="58.3552200" lon="14.6569000">
        <name>1203</name>
    </wpt>
    <wpt lat="58.3549500" lon="14.6568700">
        <name>1204</name>
    </wpt>
    <wpt lat="58.3547600" lon="14.6568600">
        <name>1205</name>
    </wpt>
    <wpt lat="58.3545700" lon="14.6568500">
        <name>1206</name>
    </wpt>
    <wpt lat="58.3544200" lon="14.6569100">
        <name>1207</name>
    </wpt>
    <wpt lat="58.3542200" lon="14.6569500">
        <name>1208</name>
    </wpt>
    <wpt lat="58.3540400" lon="14.6569700">
        <name>1209</name>
    </wpt>
    <wpt lat="58.3538200" lon="14.6569700">
        <name>1210</name>
    </wpt>
    <wpt lat="58.3536500" lon="14.6569500">
        <name>1211</name>
    </wpt>
    <wpt lat="58.3534200" lon="14.6569200">
        <name>1212</name>
    </wpt>
    <wpt lat="58.3532600" lon="14.6569000">
        <name>1213</name>
    </wpt>
    <wpt lat="58.3530700" lon="14.6568800">
        <name>1214</name>
    </wpt>
    <wpt lat="58.3528200" lon="14.6568800">
        <name>1215</name>
    </wpt>
    <wpt lat="58.3525500" lon="14.6568500">
        <name>1216</name>
    </wpt>
    <wpt lat="58.3523300" lon="14.6568800">
        <name>1217</name>
    </wpt>
    <wpt lat="58.3520700" lon="14.6568200">
        <name>1218</name>
    </wpt>
    <wpt lat="58.3519400" lon="14.6567900">
        <name>1219</name>
    </wpt>
    <wpt lat="58.3517800" lon="14.6567500">
        <name>1220</name>
    </wpt>
    <wpt lat="58.3516500" lon="14.6567500">
        <name>1221</name>
    </wpt>
    <wpt lat="58.3514900" lon="14.6567800">
        <name>1222</name>
    </wpt>
    <wpt lat="58.3512000" lon="14.6568000">
        <name>1223</name>
    </wpt>
    <wpt lat="58.3508100" lon="14.6568500">
        <name>1224</name>
    </wpt>
    <wpt lat="58.3505700" lon="14.6568500">
        <name>1225</name>
    </wpt>
    <wpt lat="58.3504000" lon="14.6568300">
        <name>1226</name>
    </wpt>
    <wpt lat="58.3502300" lon="14.6567900">
        <name>1227</name>
    </wpt>
    <wpt lat="58.3502200" lon="14.6567900">
        <name>1228</name>
    </wpt>
    <wpt lat="58.3500700" lon="14.6567700">
        <name>1229</name>
    </wpt>
    <wpt lat="58.3498600" lon="14.6567700">
        <name>1230</name>
    </wpt>
    <wpt lat="58.3496600" lon="14.6567600">
        <name>1231</name>
    </wpt>
    <wpt lat="58.3494500" lon="14.6566800">
        <name>1232</name>
    </wpt>
    <wpt lat="58.3493300" lon="14.6566200">
        <name>1233</name>
    </wpt>
    <wpt lat="58.3492000" lon="14.6565900">
        <name>1234</name>
    </wpt>
    <wpt lat="58.3490900" lon="14.6565900">
        <name>1235</name>
    </wpt>
    <wpt lat="58.3488800" lon="14.6566100">
        <name>1236</name>
    </wpt>
    <wpt lat="58.3486600" lon="14.6566200">
        <name>1237</name>
    </wpt>
    <wpt lat="58.3483900" lon="14.6566300">
        <name>1238</name>
    </wpt>
    <wpt lat="58.3481600" lon="14.6566300">
        <name>1239</name>
    </wpt>
    <wpt lat="58.3481200" lon="14.6566400">
        <name>1240</name>
    </wpt>
    <wpt lat="58.3479900" lon="14.6566500">
        <name>1241</name>
    </wpt>
    <wpt lat="58.3478900" lon="14.6566700">
        <name>1242</name>
    </wpt>
    <wpt lat="58.3476900" lon="14.6567700">
        <name>1243</name>
    </wpt>
    <wpt lat="58.3474900" lon="14.6568900">
        <name>1244</name>
    </wpt>
    <wpt lat="58.3473400" lon="14.6569000">
        <name>1245</name>
    </wpt>
    <wpt lat="58.3472300" lon="14.6568700">
        <name>1246</name>
    </wpt>
    <wpt lat="58.3470300" lon="14.6568300">
        <name>1247</name>
    </wpt>
    <wpt lat="58.3467900" lon="14.6567600">
        <name>1248</name>
    </wpt>
    <wpt lat="58.3466500" lon="14.6567600">
        <name>1249</name>
    </wpt>
    <wpt lat="58.3464600" lon="14.6568300">
        <name>1250</name>
    </wpt>
    <wpt lat="58.3461400" lon="14.6568600">
        <name>1251</name>
    </wpt>
    <wpt lat="58.3458500" lon="14.6568600">
        <name>1252</name>
    </wpt>
    <wpt lat="58.3456500" lon="14.6568200">
        <name>1253</name>
    </wpt>
    <wpt lat="58.3454300" lon="14.6567900">
        <name>1254</name>
    </wpt>
    <wpt lat="58.3453000" lon="14.6567600">
        <name>1255</name>
    </wpt>
    <wpt lat="58.3450800" lon="14.6566200">
        <name>1256</name>
    </wpt>
    <wpt lat="58.3448500" lon="14.6565100">
        <name>1257</name>
    </wpt>
    <wpt lat="58.3446900" lon="14.6564300">
        <name>1258</name>
    </wpt>
    <wpt lat="58.3445600" lon="14.6563800">
        <name>1259</name>
    </wpt>
    <wpt lat="58.3441400" lon="14.6563200">
        <name>1260</name>
    </wpt>
    <wpt lat="58.3438400" lon="14.6562000">
        <name>1261</name>
    </wpt>
    <wpt lat="58.3433000" lon="14.6560300">
        <name>1262</name>
    </wpt>
    <wpt lat="58.3430800" lon="14.6559600">
        <name>1263</name>
    </wpt>
    <wpt lat="58.3429100" lon="14.6559300">
        <name>1264</name>
    </wpt>
    <wpt lat="58.3428200" lon="14.6559200">
        <name>1265</name>
    </wpt>
    <wpt lat="58.3426400" lon="14.6557800">
        <name>1266</name>
    </wpt>
    <wpt lat="58.3425300" lon="14.6557200">
        <name>1267</name>
    </wpt>
    <wpt lat="58.3424000" lon="14.6556800">
        <name>1268</name>
    </wpt>
    <wpt lat="58.3420700" lon="14.6556100">
        <name>1269</name>
    </wpt>
    <wpt lat="58.3418600" lon="14.6555700">
        <name>1270</name>
    </wpt>
    <wpt lat="58.3414800" lon="14.6554300">
        <name>1271</name>
    </wpt>
    <wpt lat="58.3413100" lon="14.6553700">
        <name>1272</name>
    </wpt>
    <wpt lat="58.3411200" lon="14.6553200">
        <name>1273</name>
    </wpt>
    <wpt lat="58.3409300" lon="14.6552900">
        <name>1274</name>
    </wpt>
    <wpt lat="58.3406400" lon="14.6552300">
        <name>1275</name>
    </wpt>
    <wpt lat="58.3406100" lon="14.6552400">
        <name>1276</name>
    </wpt>
    <wpt lat="58.3403900" lon="14.6551500">
        <name>1277</name>
    </wpt>
    <wpt lat="58.3401000" lon="14.6550700">
        <name>1278</name>
    </wpt>
    <wpt lat="58.3398200" lon="14.6549800">
        <name>1279</name>
    </wpt>
    <wpt lat="58.3394200" lon="14.6548800">
        <name>1280</name>
    </wpt>
    <wpt lat="58.3391700" lon="14.6548200">
        <name>1281</name>
    </wpt>
    <wpt lat="58.3388000" lon="14.6547200">
        <name>1282</name>
    </wpt>
    <wpt lat="58.3384800" lon="14.6546400">
        <name>1283</name>
    </wpt>
    <wpt lat="58.3383200" lon="14.6546000">
        <name>1284</name>
    </wpt>
    <wpt lat="58.3381900" lon="14.6546000">
        <name>1285</name>
    </wpt>
    <wpt lat="58.3380400" lon="14.6545900">
        <name>1286</name>
    </wpt>
    <wpt lat="58.3378700" lon="14.6546100">
        <name>1287</name>
    </wpt>
    <wpt lat="58.3376900" lon="14.6546600">
        <name>1288</name>
    </wpt>
    <wpt lat="58.3375300" lon="14.6546800">
        <name>1289</name>
    </wpt>
    <wpt lat="58.3373700" lon="14.6546800">
        <name>1290</name>
    </wpt>
    <wpt lat="58.3372500" lon="14.6547100">
        <name>1291</name>
    </wpt>
    <wpt lat="58.3371100" lon="14.6547200">
        <name>1292</name>
    </wpt>
    <wpt lat="58.3369200" lon="14.6547000">
        <name>1293</name>
    </wpt>
    <wpt lat="58.3367200" lon="14.6546900">
        <name>1294</name>
    </wpt>
    <wpt lat="58.3366200" lon="14.6547100">
        <name>1295</name>
    </wpt>
    <wpt lat="58.3365400" lon="14.6547400">
        <name>1296</name>
    </wpt>
    <wpt lat="58.3363800" lon="14.6548200">
        <name>1297</name>
    </wpt>
    <wpt lat="58.3362800" lon="14.6548600">
        <name>1298</name>
    </wpt>
    <wpt lat="58.3361600" lon="14.6548600">
        <name>1299</name>
    </wpt>
    <wpt lat="58.3360400" lon="14.6548300">
        <name>1300</name>
    </wpt>
    <wpt lat="58.3359300" lon="14.6547900">
        <name>1301</name>
    </wpt>
    <wpt lat="58.3358300" lon="14.6547600">
        <name>1302</name>
    </wpt>
    <wpt lat="58.3357500" lon="14.6547600">
        <name>1303</name>
    </wpt>
    <wpt lat="58.3356200" lon="14.6547800">
        <name>1304</name>
    </wpt>
    <wpt lat="58.3355300" lon="14.6548200">
        <name>1305</name>
    </wpt>
    <wpt lat="58.3354300" lon="14.6548800">
        <name>1306</name>
    </wpt>
    <wpt lat="58.3353600" lon="14.6549300">
        <name>1307</name>
    </wpt>
    <wpt lat="58.3352800" lon="14.6550100">
        <name>1308</name>
    </wpt>
    <wpt lat="58.3351900" lon="14.6550700">
        <name>1309</name>
    </wpt>
    <wpt lat="58.3350800" lon="14.6551100">
        <name>1310</name>
    </wpt>
    <wpt lat="58.3349700" lon="14.6551700">
        <name>1311</name>
    </wpt>
    <wpt lat="58.3349700" lon="14.6551690">
        <name>1312</name>
    </wpt>
    <wpt lat="58.3349700" lon="14.6551700">
        <name>1313</name>
    </wpt>
    <wpt lat="58.3348800" lon="14.6551000">
        <name>1314</name>
    </wpt>
    <wpt lat="58.3347600" lon="14.6551200">
        <name>1315</name>
    </wpt>
    <wpt lat="58.3346400" lon="14.6551500">
        <name>1316</name>
    </wpt>
    <wpt lat="58.3345300" lon="14.6551500">
        <name>1317</name>
    </wpt>
    <wpt lat="58.3344600" lon="14.6551200">
        <name>1318</name>
    </wpt>
    <wpt lat="58.3344100" lon="14.6550700">
        <name>1319</name>
    </wpt>
    <wpt lat="58.3343700" lon="14.6549500">
        <name>1320</name>
    </wpt>
    <wpt lat="58.3343500" lon="14.6547700">
        <name>1321</name>
    </wpt>
    <wpt lat="58.3343500" lon="14.6545900">
        <name>1322</name>
    </wpt>
    <wpt lat="58.3343400" lon="14.6544000">
        <name>1323</name>
    </wpt>
    <wpt lat="58.3342900" lon="14.6541900">
        <name>1324</name>
    </wpt>
    <wpt lat="58.3342300" lon="14.6538600">
        <name>1325</name>
    </wpt>
    <wpt lat="58.3342000" lon="14.6535800">
        <name>1326</name>
    </wpt>
    <wpt lat="58.3341700" lon="14.6532800">
        <name>1327</name>
    </wpt>
    <wpt lat="58.3341300" lon="14.6529000">
        <name>1328</name>
    </wpt>
    <wpt lat="58.3341100" lon="14.6527300">
        <name>1329</name>
    </wpt>
    <wpt lat="58.3340700" lon="14.6526100">
        <name>1330</name>
    </wpt>
    <wpt lat="58.3340000" lon="14.6525000">
        <name>1331</name>
    </wpt>
    <wpt lat="58.3339300" lon="14.6523500">
        <name>1332</name>
    </wpt>
    <wpt lat="58.3339000" lon="14.6522300">
        <name>1333</name>
    </wpt>
    <wpt lat="58.3338700" lon="14.6520100">
        <name>1334</name>
    </wpt>
    <wpt lat="58.3338200" lon="14.6518200">
        <name>1335</name>
    </wpt>
    <wpt lat="58.3337500" lon="14.6516500">
        <name>1336</name>
    </wpt>
    <wpt lat="58.3336700" lon="14.6515200">
        <name>1337</name>
    </wpt>
    <wpt lat="58.3335100" lon="14.6511800">
        <name>1338</name>
    </wpt>
    <wpt lat="58.3333800" lon="14.6508900">
        <name>1339</name>
    </wpt>
    <wpt lat="58.3333700" lon="14.6508300">
        <name>1340</name>
    </wpt>
    <wpt lat="58.3332600" lon="14.6505200">
        <name>1341</name>
    </wpt>
    <wpt lat="58.3331900" lon="14.6502800">
        <name>1342</name>
    </wpt>
    <wpt lat="58.3331200" lon="14.6500000">
        <name>1343</name>
    </wpt>
    <wpt lat="58.3331200" lon="14.6498500">
        <name>1344</name>
    </wpt>
    <wpt lat="58.3331800" lon="14.6493600">
        <name>1345</name>
    </wpt>
    <wpt lat="58.3332000" lon="14.6492000">
        <name>1346</name>
    </wpt>
    <wpt lat="58.3332100" lon="14.6490900">
        <name>1347</name>
    </wpt>
    <wpt lat="58.3331600" lon="14.6489700">
        <name>1348</name>
    </wpt>
    <wpt lat="58.3331100" lon="14.6488500">
        <name>1349</name>
    </wpt>
    <wpt lat="58.3330500" lon="14.6487000">
        <name>1350</name>
    </wpt>
    <wpt lat="58.3330200" lon="14.6485600">
        <name>1351</name>
    </wpt>
    <wpt lat="58.3330000" lon="14.6483700">
        <name>1352</name>
    </wpt>
    <wpt lat="58.3329800" lon="14.6480300">
        <name>1353</name>
    </wpt>
    <wpt lat="58.3329600" lon="14.6478300">
        <name>1354</name>
    </wpt>
    <wpt lat="58.3329100" lon="14.6475400">
        <name>1355</name>
    </wpt>
    <wpt lat="58.3328800" lon="14.6472900">
        <name>1356</name>
    </wpt>
    <wpt lat="58.3328400" lon="14.6471300">
        <name>1357</name>
    </wpt>
    <wpt lat="58.3327100" lon="14.6466800">
        <name>1358</name>
    </wpt>
    <wpt lat="58.3326800" lon="14.6465300">
        <name>1359</name>
    </wpt>
    <wpt lat="58.3326700" lon="14.6463600">
        <name>1360</name>
    </wpt>
    <wpt lat="58.3326700" lon="14.6462000">
        <name>1361</name>
    </wpt>
    <wpt lat="58.3326800" lon="14.6460000">
        <name>1362</name>
    </wpt>
    <wpt lat="58.3326800" lon="14.6458600">
        <name>1363</name>
    </wpt>
    <wpt lat="58.3326500" lon="14.6457100">
        <name>1364</name>
    </wpt>
    <wpt lat="58.3326000" lon="14.6454700">
        <name>1365</name>
    </wpt>
    <wpt lat="58.3325500" lon="14.6451700">
        <name>1366</name>
    </wpt>
    <wpt lat="58.3325100" lon="14.6449200">
        <name>1367</name>
    </wpt>
    <wpt lat="58.3324900" lon="14.6448100">
        <name>1368</name>
    </wpt>
    <wpt lat="58.3324400" lon="14.6446900">
        <name>1369</name>
    </wpt>
    <wpt lat="58.3323300" lon="14.6444600">
        <name>1370</name>
    </wpt>
    <wpt lat="58.3322200" lon="14.6442100">
        <name>1371</name>
    </wpt>
    <wpt lat="58.3321200" lon="14.6439900">
        <name>1372</name>
    </wpt>
    <wpt lat="58.3320200" lon="14.6438000">
        <name>1373</name>
    </wpt>
    <wpt lat="58.3319300" lon="14.6436500">
        <name>1374</name>
    </wpt>
    <wpt lat="58.3318100" lon="14.6435000">
        <name>1375</name>
    </wpt>
    <wpt lat="58.3311300" lon="14.6427100">
        <name>1376</name>
    </wpt>
    <wpt lat="58.3309600" lon="14.6424900">
        <name>1377</name>
    </wpt>
    <wpt lat="58.3306700" lon="14.6422000">
        <name>1378</name>
    </wpt>
    <wpt lat="58.3305600" lon="14.6420600">
        <name>1379</name>
    </wpt>
    <wpt lat="58.3304400" lon="14.6419100">
        <name>1380</name>
    </wpt>
    <wpt lat="58.3303300" lon="14.6417400">
        <name>1381</name>
    </wpt>
    <wpt lat="58.3301800" lon="14.6415200">
        <name>1382</name>
    </wpt>
    <wpt lat="58.3298900" lon="14.6411600">
        <name>1383</name>
    </wpt>
    <wpt lat="58.3297200" lon="14.6409600">
        <name>1384</name>
    </wpt>
    <wpt lat="58.3296000" lon="14.6408700">
        <name>1385</name>
    </wpt>
    <wpt lat="58.3295100" lon="14.6408100">
        <name>1386</name>
    </wpt>
    <wpt lat="58.3294000" lon="14.6407400">
        <name>1387</name>
    </wpt>
    <wpt lat="58.3292700" lon="14.6406700">
        <name>1388</name>
    </wpt>
    <wpt lat="58.3291500" lon="14.6406000">
        <name>1389</name>
    </wpt>
    <wpt lat="58.3290800" lon="14.6405100">
        <name>1390</name>
    </wpt>
    <wpt lat="58.3290100" lon="14.6404100">
        <name>1391</name>
    </wpt>
    <wpt lat="58.3289300" lon="14.6402800">
        <name>1392</name>
    </wpt>
    <wpt lat="58.3288700" lon="14.6401500">
        <name>1393</name>
    </wpt>
    <wpt lat="58.3288100" lon="14.6399700">
        <name>1394</name>
    </wpt>
    <wpt lat="58.3287600" lon="14.6396600">
        <name>1395</name>
    </wpt>
    <wpt lat="58.3287100" lon="14.6393600">
        <name>1396</name>
    </wpt>
    <wpt lat="58.3286700" lon="14.6391400">
        <name>1397</name>
    </wpt>
    <wpt lat="58.3286200" lon="14.6389000">
        <name>1398</name>
    </wpt>
    <wpt lat="58.3285200" lon="14.6386700">
        <name>1399</name>
    </wpt>
    <wpt lat="58.3284300" lon="14.6385600">
        <name>1400</name>
    </wpt>
    <wpt lat="58.3283000" lon="14.6384900">
        <name>1401</name>
    </wpt>
    <wpt lat="58.3281300" lon="14.6384100">
        <name>1402</name>
    </wpt>
    <wpt lat="58.3280200" lon="14.6383300">
        <name>1403</name>
    </wpt>
    <wpt lat="58.3279100" lon="14.6382300">
        <name>1404</name>
    </wpt>
    <wpt lat="58.3278200" lon="14.6381000">
        <name>1405</name>
    </wpt>
    <wpt lat="58.3276900" lon="14.6378900">
        <name>1406</name>
    </wpt>
    <wpt lat="58.3275800" lon="14.6376900">
        <name>1407</name>
    </wpt>
    <wpt lat="58.3274500" lon="14.6374300">
        <name>1408</name>
    </wpt>
    <wpt lat="58.3273500" lon="14.6371800">
        <name>1409</name>
    </wpt>
    <wpt lat="58.3272100" lon="14.6368500">
        <name>1410</name>
    </wpt>
    <wpt lat="58.3271100" lon="14.6366900">
        <name>1411</name>
    </wpt>
    <wpt lat="58.3270100" lon="14.6365600">
        <name>1412</name>
    </wpt>
    <wpt lat="58.3269200" lon="14.6364600">
        <name>1413</name>
    </wpt>
    <wpt lat="58.3268000" lon="14.6363700">
        <name>1414</name>
    </wpt>
    <wpt lat="58.3267000" lon="14.6363000">
        <name>1415</name>
    </wpt>
    <wpt lat="58.3266100" lon="14.6362500">
        <name>1416</name>
    </wpt>
    <wpt lat="58.3264600" lon="14.6362000">
        <name>1417</name>
    </wpt>
    <wpt lat="58.3263100" lon="14.6361300">
        <name>1418</name>
    </wpt>
    <wpt lat="58.3261600" lon="14.6360800">
        <name>1419</name>
    </wpt>
    <wpt lat="58.3260100" lon="14.6359900">
        <name>1420</name>
    </wpt>
    <wpt lat="58.3258700" lon="14.6358900">
        <name>1421</name>
    </wpt>
    <wpt lat="58.3256900" lon="14.6357700">
        <name>1422</name>
    </wpt>
    <wpt lat="58.3255100" lon="14.6357300">
        <name>1423</name>
    </wpt>
    <wpt lat="58.3254800" lon="14.6357200">
        <name>1424</name>
    </wpt>
    <wpt lat="58.3254800" lon="14.6357190">
        <name>1425</name>
    </wpt>
    <wpt lat="58.3254800" lon="14.6357200">
        <name>1426</name>
    </wpt>
    <wpt lat="58.3253200" lon="14.6356700">
        <name>1427</name>
    </wpt>
    <wpt lat="58.3251200" lon="14.6356200">
        <name>1428</name>
    </wpt>
    <wpt lat="58.3249200" lon="14.6355500">
        <name>1429</name>
    </wpt>
    <wpt lat="58.3248100" lon="14.6354900">
        <name>1430</name>
    </wpt>
    <wpt lat="58.3246500" lon="14.6353700">
        <name>1431</name>
    </wpt>
    <wpt lat="58.3245100" lon="14.6352600">
        <name>1432</name>
    </wpt>
    <wpt lat="58.3243400" lon="14.6351300">
        <name>1433</name>
    </wpt>
    <wpt lat="58.3241800" lon="14.6350100">
        <name>1434</name>
    </wpt>
    <wpt lat="58.3240100" lon="14.6349000">
        <name>1435</name>
    </wpt>
    <wpt lat="58.3238800" lon="14.6348200">
        <name>1436</name>
    </wpt>
    <wpt lat="58.3237400" lon="14.6347700">
        <name>1437</name>
    </wpt>
    <wpt lat="58.3234600" lon="14.6346600">
        <name>1438</name>
    </wpt>
    <wpt lat="58.3231900" lon="14.6345400">
        <name>1439</name>
    </wpt>
    <wpt lat="58.3227400" lon="14.6343400">
        <name>1440</name>
    </wpt>
    <wpt lat="58.3225400" lon="14.6342300">
        <name>1441</name>
    </wpt>
    <wpt lat="58.3224400" lon="14.6341800">
        <name>1442</name>
    </wpt>
    <wpt lat="58.3223300" lon="14.6341400">
        <name>1443</name>
    </wpt>
    <wpt lat="58.3222100" lon="14.6341200">
        <name>1444</name>
    </wpt>
    <wpt lat="58.3221100" lon="14.6341000">
        <name>1445</name>
    </wpt>
    <wpt lat="58.3219600" lon="14.6340300">
        <name>1446</name>
    </wpt>
    <wpt lat="58.3218400" lon="14.6339800">
        <name>1447</name>
    </wpt>
    <wpt lat="58.3216900" lon="14.6339500">
        <name>1448</name>
    </wpt>
    <wpt lat="58.3216000" lon="14.6338900">
        <name>1449</name>
    </wpt>
    <wpt lat="58.3214700" lon="14.6336800">
        <name>1450</name>
    </wpt>
    <wpt lat="58.3213600" lon="14.6335500">
        <name>1451</name>
    </wpt>
    <wpt lat="58.3212200" lon="14.6333900">
        <name>1452</name>
    </wpt>
    <wpt lat="58.3211200" lon="14.6332900">
        <name>1453</name>
    </wpt>
    <wpt lat="58.3209600" lon="14.6331600">
        <name>1454</name>
    </wpt>
    <wpt lat="58.3208500" lon="14.6330800">
        <name>1455</name>
    </wpt>
    <wpt lat="58.3206700" lon="14.6329700">
        <name>1456</name>
    </wpt>
    <wpt lat="58.3205500" lon="14.6328700">
        <name>1457</name>
    </wpt>
    <wpt lat="58.3204900" lon="14.6327700">
        <name>1458</name>
    </wpt>
    <wpt lat="58.3204200" lon="14.6326200">
        <name>1459</name>
    </wpt>
    <wpt lat="58.3203300" lon="14.6324500">
        <name>1460</name>
    </wpt>
    <wpt lat="58.3202500" lon="14.6323400">
        <name>1461</name>
    </wpt>
    <wpt lat="58.3201700" lon="14.6322200">
        <name>1462</name>
    </wpt>
    <wpt lat="58.3200800" lon="14.6321200">
        <name>1463</name>
    </wpt>
    <wpt lat="58.3199200" lon="14.6319600">
        <name>1464</name>
    </wpt>
    <wpt lat="58.3198200" lon="14.6318500">
        <name>1465</name>
    </wpt>
    <wpt lat="58.3197500" lon="14.6317400">
        <name>1466</name>
    </wpt>
    <wpt lat="58.3196100" lon="14.6315000">
        <name>1467</name>
    </wpt>
    <wpt lat="58.3195300" lon="14.6314200">
        <name>1468</name>
    </wpt>
    <wpt lat="58.3194700" lon="14.6313900">
        <name>1469</name>
    </wpt>
    <wpt lat="58.3194500" lon="14.6313700">
        <name>1470</name>
    </wpt>
    <wpt lat="58.3193700" lon="14.6313600">
        <name>1471</name>
    </wpt>
    <wpt lat="58.3193000" lon="14.6313800">
        <name>1472</name>
    </wpt>
    <wpt lat="58.3192400" lon="14.6314200">
        <name>1473</name>
    </wpt>
    <wpt lat="58.3191700" lon="14.6315000">
        <name>1474</name>
    </wpt>
    <wpt lat="58.3191000" lon="14.6315100">
        <name>1475</name>
    </wpt>
    <wpt lat="58.3190400" lon="14.6314800">
        <name>1476</name>
    </wpt>
    <wpt lat="58.3189900" lon="14.6314100">
        <name>1477</name>
    </wpt>
    <wpt lat="58.3189400" lon="14.6313100">
        <name>1478</name>
    </wpt>
    <wpt lat="58.3188900" lon="14.6311900">
        <name>1479</name>
    </wpt>
    <wpt lat="58.3188300" lon="14.6310100">
        <name>1480</name>
    </wpt>
    <wpt lat="58.3187800" lon="14.6309100">
        <name>1481</name>
    </wpt>
    <wpt lat="58.3187100" lon="14.6307800">
        <name>1482</name>
    </wpt>
    <wpt lat="58.3186300" lon="14.6306900">
        <name>1483</name>
    </wpt>
    <wpt lat="58.3185300" lon="14.6305700">
        <name>1484</name>
    </wpt>
    <wpt lat="58.3184200" lon="14.6304600">
        <name>1485</name>
    </wpt>
    <wpt lat="58.3182500" lon="14.6303400">
        <name>1486</name>
    </wpt>
    <wpt lat="58.3181300" lon="14.6302500">
        <name>1487</name>
    </wpt>
    <wpt lat="58.3180100" lon="14.6301000">
        <name>1488</name>
    </wpt>
    <wpt lat="58.3179000" lon="14.6299400">
        <name>1489</name>
    </wpt>
    <wpt lat="58.3178300" lon="14.6298200">
        <name>1490</name>
    </wpt>
    <wpt lat="58.3177400" lon="14.6297300">
        <name>1491</name>
    </wpt>
    <wpt lat="58.3176400" lon="14.6296500">
        <name>1492</name>
    </wpt>
    <wpt lat="58.3174400" lon="14.6295100">
        <name>1493</name>
    </wpt>
    <wpt lat="58.3171200" lon="14.6292900">
        <name>1494</name>
    </wpt>
    <wpt lat="58.3167900" lon="14.6290700">
        <name>1495</name>
    </wpt>
    <wpt lat="58.3165300" lon="14.6288800">
        <name>1496</name>
    </wpt>
    <wpt lat="58.3163900" lon="14.6287700">
        <name>1497</name>
    </wpt>
    <wpt lat="58.3162600" lon="14.6286700">
        <name>1498</name>
    </wpt>
    <wpt lat="58.3161700" lon="14.6286100">
        <name>1499</name>
    </wpt>
    <wpt lat="58.3161000" lon="14.6286000">
        <name>1500</name>
    </wpt>
    <wpt lat="58.3160100" lon="14.6286300">
        <name>1501</name>
    </wpt>
    <wpt lat="58.3159100" lon="14.6286800">
        <name>1502</name>
    </wpt>
    <wpt lat="58.3158300" lon="14.6287200">
        <name>1503</name>
    </wpt>
    <wpt lat="58.3157000" lon="14.6287600">
        <name>1504</name>
    </wpt>
    <wpt lat="58.3156100" lon="14.6288200">
        <name>1505</name>
    </wpt>
    <wpt lat="58.3155000" lon="14.6288700">
        <name>1506</name>
    </wpt>
    <wpt lat="58.3153900" lon="14.6289500">
        <name>1507</name>
    </wpt>
    <wpt lat="58.3152400" lon="14.6290800">
        <name>1508</name>
    </wpt>
    <wpt lat="58.3150700" lon="14.6292200">
        <name>1509</name>
    </wpt>
    <wpt lat="58.3149000" lon="14.6293300">
        <name>1510</name>
    </wpt>
    <wpt lat="58.3145400" lon="14.6295300">
        <name>1511</name>
    </wpt>
    <wpt lat="58.3144300" lon="14.6295900">
        <name>1512</name>
    </wpt>
    <wpt lat="58.3143100" lon="14.6296400">
        <name>1513</name>
    </wpt>
    <wpt lat="58.3142000" lon="14.6296500">
        <name>1514</name>
    </wpt>
    <wpt lat="58.3141100" lon="14.6296300">
        <name>1515</name>
    </wpt>
    <wpt lat="58.3140000" lon="14.6295800">
        <name>1516</name>
    </wpt>
    <wpt lat="58.3139200" lon="14.6295100">
        <name>1517</name>
    </wpt>
    <wpt lat="58.3138300" lon="14.6294300">
        <name>1518</name>
    </wpt>
    <wpt lat="58.3137600" lon="14.6293200">
        <name>1519</name>
    </wpt>
    <wpt lat="58.3136800" lon="14.6291900">
        <name>1520</name>
    </wpt>
    <wpt lat="58.3136000" lon="14.6290400">
        <name>1521</name>
    </wpt>
    <wpt lat="58.3135400" lon="14.6288800">
        <name>1522</name>
    </wpt>
    <wpt lat="58.3134800" lon="14.6287500">
        <name>1523</name>
    </wpt>
    <wpt lat="58.3134200" lon="14.6286500">
        <name>1524</name>
    </wpt>
    <wpt lat="58.3133400" lon="14.6285800">
        <name>1525</name>
    </wpt>
    <wpt lat="58.3132700" lon="14.6285300">
        <name>1526</name>
    </wpt>
    <wpt lat="58.3131800" lon="14.6285100">
        <name>1527</name>
    </wpt>
    <wpt lat="58.3130800" lon="14.6285200">
        <name>1528</name>
    </wpt>
    <wpt lat="58.3130000" lon="14.6285500">
        <name>1529</name>
    </wpt>
    <wpt lat="58.3129200" lon="14.6286000">
        <name>1530</name>
    </wpt>
    <wpt lat="58.3128300" lon="14.6287200">
        <name>1531</name>
    </wpt>
    <wpt lat="58.3127400" lon="14.6288400">
        <name>1532</name>
    </wpt>
    <wpt lat="58.3126400" lon="14.6290300">
        <name>1533</name>
    </wpt>
    <wpt lat="58.3125500" lon="14.6292000">
        <name>1534</name>
    </wpt>
    <wpt lat="58.3124800" lon="14.6293100">
        <name>1535</name>
    </wpt>
    <wpt lat="58.3124000" lon="14.6294100">
        <name>1536</name>
    </wpt>
    <wpt lat="58.3123000" lon="14.6295000">
        <name>1537</name>
    </wpt>
    <wpt lat="58.3122300" lon="14.6295400">
        <name>1538</name>
    </wpt>
    <wpt lat="58.3121500" lon="14.6295600">
        <name>1539</name>
    </wpt>
    <wpt lat="58.3120500" lon="14.6295500">
        <name>1540</name>
    </wpt>
    <wpt lat="58.3119300" lon="14.6295100">
        <name>1541</name>
    </wpt>
    <wpt lat="58.3117600" lon="14.6294800">
        <name>1542</name>
    </wpt>
    <wpt lat="58.3117200" lon="14.6294800">
        <name>1543</name>
    </wpt>
    <wpt lat="58.3114600" lon="14.6294500">
        <name>1544</name>
    </wpt>
    <wpt lat="58.3113500" lon="14.6294500">
        <name>1545</name>
    </wpt>
    <wpt lat="58.3112300" lon="14.6294600">
        <name>1546</name>
    </wpt>
    <wpt lat="58.3111200" lon="14.6295000">
        <name>1547</name>
    </wpt>
    <wpt lat="58.3110200" lon="14.6295500">
        <name>1548</name>
    </wpt>
    <wpt lat="58.3109400" lon="14.6296000">
        <name>1549</name>
    </wpt>
    <wpt lat="58.3108400" lon="14.6296800">
        <name>1550</name>
    </wpt>
    <wpt lat="58.3107600" lon="14.6297800">
        <name>1551</name>
    </wpt>
    <wpt lat="58.3106900" lon="14.6298900">
        <name>1552</name>
    </wpt>
    <wpt lat="58.3106200" lon="14.6300300">
        <name>1553</name>
    </wpt>
    <wpt lat="58.3105600" lon="14.6302000">
        <name>1554</name>
    </wpt>
    <wpt lat="58.3105300" lon="14.6304300">
        <name>1555</name>
    </wpt>
    <wpt lat="58.3104900" lon="14.6306800">
        <name>1556</name>
    </wpt>
    <wpt lat="58.3104800" lon="14.6310300">
        <name>1557</name>
    </wpt>
    <wpt lat="58.3104800" lon="14.6310800">
        <name>1558</name>
    </wpt>
    <wpt lat="58.3104600" lon="14.6315600">
        <name>1559</name>
    </wpt>
    <wpt lat="58.3104300" lon="14.6319700">
        <name>1560</name>
    </wpt>
    <wpt lat="58.3104200" lon="14.6322400">
        <name>1561</name>
    </wpt>
    <wpt lat="58.3104100" lon="14.6328300">
        <name>1562</name>
    </wpt>
    <wpt lat="58.3104100" lon="14.6331300">
        <name>1563</name>
    </wpt>
    <wpt lat="58.3104200" lon="14.6333600">
        <name>1564</name>
    </wpt>
    <wpt lat="58.3104300" lon="14.6335600">
        <name>1565</name>
    </wpt>
    <wpt lat="58.3104700" lon="14.6337400">
        <name>1566</name>
    </wpt>
    <wpt lat="58.3105200" lon="14.6338900">
        <name>1567</name>
    </wpt>
    <wpt lat="58.3105700" lon="14.6340100">
        <name>1568</name>
    </wpt>
    <wpt lat="58.3106100" lon="14.6341100">
        <name>1569</name>
    </wpt>
    <wpt lat="58.3106500" lon="14.6342600">
        <name>1570</name>
    </wpt>
    <wpt lat="58.3106700" lon="14.6343600">
        <name>1571</name>
    </wpt>
    <wpt lat="58.3106700" lon="14.6345000">
        <name>1572</name>
    </wpt>
    <wpt lat="58.3106500" lon="14.6346400">
        <name>1573</name>
    </wpt>
    <wpt lat="58.3106200" lon="14.6347900">
        <name>1574</name>
    </wpt>
    <wpt lat="58.3105600" lon="14.6349100">
        <name>1575</name>
    </wpt>
    <wpt lat="58.3105100" lon="14.6350000">
        <name>1576</name>
    </wpt>
    <wpt lat="58.3104300" lon="14.6350800">
        <name>1577</name>
    </wpt>
    <wpt lat="58.3103700" lon="14.6351400">
        <name>1578</name>
    </wpt>
    <wpt lat="58.3103200" lon="14.6351900">
        <name>1579</name>
    </wpt>
    <wpt lat="58.3102300" lon="14.6352600">
        <name>1580</name>
    </wpt>
    <wpt lat="58.3101300" lon="14.6353300">
        <name>1581</name>
    </wpt>
    <wpt lat="58.3100100" lon="14.6353600">
        <name>1582</name>
    </wpt>
    <wpt lat="58.3098900" lon="14.6353800">
        <name>1583</name>
    </wpt>
    <wpt lat="58.3096600" lon="14.6354500">
        <name>1584</name>
    </wpt>
    <wpt lat="58.3094900" lon="14.6354900">
        <name>1585</name>
    </wpt>
    <wpt lat="58.3087900" lon="14.6356700">
        <name>1586</name>
    </wpt>
    <wpt lat="58.3081300" lon="14.6358300">
        <name>1587</name>
    </wpt>
    <wpt lat="58.3078900" lon="14.6358900">
        <name>1588</name>
    </wpt>
    <wpt lat="58.3078100" lon="14.6358400">
        <name>1589</name>
    </wpt>
    <wpt lat="58.3077500" lon="14.6357800">
        <name>1590</name>
    </wpt>
    <wpt lat="58.3076000" lon="14.6357000">
        <name>1591</name>
    </wpt>
    <wpt lat="58.3074700" lon="14.6356200">
        <name>1592</name>
    </wpt>
    <wpt lat="58.3074100" lon="14.6355500">
        <name>1593</name>
    </wpt>
    <wpt lat="58.3073100" lon="14.6354400">
        <name>1594</name>
    </wpt>
    <wpt lat="58.3072300" lon="14.6353500">
        <name>1595</name>
    </wpt>
    <wpt lat="58.3071200" lon="14.6351900">
        <name>1596</name>
    </wpt>
    <wpt lat="58.3069800" lon="14.6349900">
        <name>1597</name>
    </wpt>
    <wpt lat="58.3069100" lon="14.6348900">
        <name>1598</name>
    </wpt>
    <wpt lat="58.3068300" lon="14.6348300">
        <name>1599</name>
    </wpt>
    <wpt lat="58.3067300" lon="14.6347700">
        <name>1600</name>
    </wpt>
    <wpt lat="58.3066500" lon="14.6347500">
        <name>1601</name>
    </wpt>
    <wpt lat="58.3064500" lon="14.6347300">
        <name>1602</name>
    </wpt>
    <wpt lat="58.3062300" lon="14.6347300">
        <name>1603</name>
    </wpt>
    <wpt lat="58.3061300" lon="14.6347200">
        <name>1604</name>
    </wpt>
    <wpt lat="58.3060500" lon="14.6346900">
        <name>1605</name>
    </wpt>
    <wpt lat="58.3059700" lon="14.6346600">
        <name>1606</name>
    </wpt>
    <wpt lat="58.3059000" lon="14.6346200">
        <name>1607</name>
    </wpt>
    <wpt lat="58.3057900" lon="14.6345400">
        <name>1608</name>
    </wpt>
    <wpt lat="58.3053700" lon="14.6342100">
        <name>1609</name>
    </wpt>
    <wpt lat="58.3051600" lon="14.6340400">
        <name>1610</name>
    </wpt>
    <wpt lat="58.3048800" lon="14.6338100">
        <name>1611</name>
    </wpt>
    <wpt lat="58.3047900" lon="14.6337200">
        <name>1612</name>
    </wpt>
    <wpt lat="58.3046900" lon="14.6335000">
        <name>1613</name>
    </wpt>
    <wpt lat="58.3045600" lon="14.6331900">
        <name>1614</name>
    </wpt>
    <wpt lat="58.3044100" lon="14.6328000">
        <name>1615</name>
    </wpt>
    <wpt lat="58.3043200" lon="14.6325600">
        <name>1616</name>
    </wpt>
    <wpt lat="58.3042100" lon="14.6322600">
        <name>1617</name>
    </wpt>
    <wpt lat="58.3041100" lon="14.6320400">
        <name>1618</name>
    </wpt>
    <wpt lat="58.3040200" lon="14.6318800">
        <name>1619</name>
    </wpt>
    <wpt lat="58.3039600" lon="14.6318200">
        <name>1620</name>
    </wpt>
    <wpt lat="58.3038900" lon="14.6317800">
        <name>1621</name>
    </wpt>
    <wpt lat="58.3037900" lon="14.6317800">
        <name>1622</name>
    </wpt>
    <wpt lat="58.3037100" lon="14.6318400">
        <name>1623</name>
    </wpt>
    <wpt lat="58.3036300" lon="14.6319500">
        <name>1624</name>
    </wpt>
    <wpt lat="58.3035400" lon="14.6321600">
        <name>1625</name>
    </wpt>
    <wpt lat="58.3034200" lon="14.6323700">
        <name>1626</name>
    </wpt>
    <wpt lat="58.3033300" lon="14.6324600">
        <name>1627</name>
    </wpt>
    <wpt lat="58.3032100" lon="14.6325200">
        <name>1628</name>
    </wpt>
    <wpt lat="58.3031200" lon="14.6325300">
        <name>1629</name>
    </wpt>
    <wpt lat="58.3030200" lon="14.6325000">
        <name>1630</name>
    </wpt>
    <wpt lat="58.3030100" lon="14.6324900">
        <name>1631</name>
    </wpt>
    <wpt lat="58.3029100" lon="14.6324400">
        <name>1632</name>
    </wpt>
    <wpt lat="58.3026500" lon="14.6322300">
        <name>1633</name>
    </wpt>
    <wpt lat="58.3024900" lon="14.6321400">
        <name>1634</name>
    </wpt>
    <wpt lat="58.3023300" lon="14.6320900">
        <name>1635</name>
    </wpt>
    <wpt lat="58.3021500" lon="14.6321100">
        <name>1636</name>
    </wpt>
    <wpt lat="58.3019700" lon="14.6322000">
        <name>1637</name>
    </wpt>
    <wpt lat="58.3017300" lon="14.6323000">
        <name>1638</name>
    </wpt>
    <wpt lat="58.3015600" lon="14.6324200">
        <name>1639</name>
    </wpt>
    <wpt lat="58.3013000" lon="14.6325900">
        <name>1640</name>
    </wpt>
    <wpt lat="58.3011900" lon="14.6326600">
        <name>1641</name>
    </wpt>
    <wpt lat="58.3011100" lon="14.6328100">
        <name>1642</name>
    </wpt>
    <wpt lat="58.3010200" lon="14.6329900">
        <name>1643</name>
    </wpt>
    <wpt lat="58.3009100" lon="14.6332200">
        <name>1644</name>
    </wpt>
    <wpt lat="58.3008500" lon="14.6334300">
        <name>1645</name>
    </wpt>
    <wpt lat="58.3007500" lon="14.6335900">
        <name>1646</name>
    </wpt>
    <wpt lat="58.3006400" lon="14.6337000">
        <name>1647</name>
    </wpt>
    <wpt lat="58.3004200" lon="14.6338600">
        <name>1648</name>
    </wpt>
    <wpt lat="58.3002800" lon="14.6340000">
        <name>1649</name>
    </wpt>
    <wpt lat="58.3001300" lon="14.6341500">
        <name>1650</name>
    </wpt>
    <wpt lat="58.2996700" lon="14.6347500">
        <name>1651</name>
    </wpt>
    <wpt lat="58.2991100" lon="14.6355500">
        <name>1652</name>
    </wpt>
    <wpt lat="58.2986400" lon="14.6362400">
        <name>1653</name>
    </wpt>
    <wpt lat="58.2984200" lon="14.6367100">
        <name>1654</name>
    </wpt>
    <wpt lat="58.2981700" lon="14.6368700">
        <name>1655</name>
    </wpt>
    <wpt lat="58.2979500" lon="14.6370700">
        <name>1656</name>
    </wpt>
    <wpt lat="58.2976800" lon="14.6373800">
        <name>1657</name>
    </wpt>
    <wpt lat="58.2975100" lon="14.6376000">
        <name>1658</name>
    </wpt>
    <wpt lat="58.2973200" lon="14.6378500">
        <name>1659</name>
    </wpt>
    <wpt lat="58.2971300" lon="14.6381100">
        <name>1660</name>
    </wpt>
    <wpt lat="58.2968700" lon="14.6384900">
        <name>1661</name>
    </wpt>
    <wpt lat="58.2968000" lon="14.6386100">
        <name>1662</name>
    </wpt>
    <wpt lat="58.2966200" lon="14.6389400">
        <name>1663</name>
    </wpt>
    <wpt lat="58.2964500" lon="14.6392500">
        <name>1664</name>
    </wpt>
    <wpt lat="58.2963300" lon="14.6394300">
        <name>1665</name>
    </wpt>
    <wpt lat="58.2961500" lon="14.6396800">
        <name>1666</name>
    </wpt>
    <wpt lat="58.2960400" lon="14.6398200">
        <name>1667</name>
    </wpt>
    <wpt lat="58.2958900" lon="14.6401000">
        <name>1668</name>
    </wpt>
    <wpt lat="58.2958200" lon="14.6403700">
        <name>1669</name>
    </wpt>
    <wpt lat="58.2957800" lon="14.6406100">
        <name>1670</name>
    </wpt>
    <wpt lat="58.2957100" lon="14.6408900">
        <name>1671</name>
    </wpt>
    <wpt lat="58.2956400" lon="14.6411700">
        <name>1672</name>
    </wpt>
    <wpt lat="58.2955400" lon="14.6416300">
        <name>1673</name>
    </wpt>
    <wpt lat="58.2954800" lon="14.6420300">
        <name>1674</name>
    </wpt>
    <wpt lat="58.2954500" lon="14.6423500">
        <name>1675</name>
    </wpt>
    <wpt lat="58.2954600" lon="14.6425900">
        <name>1676</name>
    </wpt>
    <wpt lat="58.2954600" lon="14.6427000">
        <name>1677</name>
    </wpt>
    <wpt lat="58.2954800" lon="14.6428400">
        <name>1678</name>
    </wpt>
    <wpt lat="58.2955400" lon="14.6432000">
        <name>1679</name>
    </wpt>
    <wpt lat="58.2956100" lon="14.6435400">
        <name>1680</name>
    </wpt>
    <wpt lat="58.2957200" lon="14.6441000">
        <name>1681</name>
    </wpt>
    <wpt lat="58.2958000" lon="14.6445300">
        <name>1682</name>
    </wpt>
    <wpt lat="58.2958800" lon="14.6450900">
        <name>1683</name>
    </wpt>
    <wpt lat="58.2960000" lon="14.6458600">
        <name>1684</name>
    </wpt>
    <wpt lat="58.2960400" lon="14.6461600">
        <name>1685</name>
    </wpt>
    <wpt lat="58.2960600" lon="14.6463700">
        <name>1686</name>
    </wpt>
    <wpt lat="58.2960700" lon="14.6466000">
        <name>1687</name>
    </wpt>
    <wpt lat="58.2960600" lon="14.6469000">
        <name>1688</name>
    </wpt>
    <wpt lat="58.2960400" lon="14.6472200">
        <name>1689</name>
    </wpt>
    <wpt lat="58.2960200" lon="14.6475000">
        <name>1690</name>
    </wpt>
    <wpt lat="58.2960000" lon="14.6477600">
        <name>1691</name>
    </wpt>
    <wpt lat="58.2960000" lon="14.6479300">
        <name>1692</name>
    </wpt>
    <wpt lat="58.2959900" lon="14.6481500">
        <name>1693</name>
    </wpt>
    <wpt lat="58.2960200" lon="14.6486000">
        <name>1694</name>
    </wpt>
    <wpt lat="58.2960800" lon="14.6492600">
        <name>1695</name>
    </wpt>
    <wpt lat="58.2961300" lon="14.6497600">
        <name>1696</name>
    </wpt>
    <wpt lat="58.2961800" lon="14.6501300">
        <name>1697</name>
    </wpt>
    <wpt lat="58.2962400" lon="14.6504700">
        <name>1698</name>
    </wpt>
    <wpt lat="58.2963200" lon="14.6508200">
        <name>1699</name>
    </wpt>
    <wpt lat="58.2963800" lon="14.6512400">
        <name>1700</name>
    </wpt>
    <wpt lat="58.2964000" lon="14.6516100">
        <name>1701</name>
    </wpt>
    <wpt lat="58.2963800" lon="14.6518900">
        <name>1702</name>
    </wpt>
    <wpt lat="58.2963200" lon="14.6524000">
        <name>1703</name>
    </wpt>
    <wpt lat="58.2962400" lon="14.6527100">
        <name>1704</name>
    </wpt>
    <wpt lat="58.2960700" lon="14.6523900">
        <name>1705</name>
    </wpt>
    <wpt lat="58.2957800" lon="14.6519000">
        <name>1706</name>
    </wpt>
    <wpt lat="58.2955000" lon="14.6513700">
        <name>1707</name>
    </wpt>
    <wpt lat="58.2952000" lon="14.6508000">
        <name>1708</name>
    </wpt>
    <wpt lat="58.2949400" lon="14.6503000">
        <name>1709</name>
    </wpt>
    <wpt lat="58.2947700" lon="14.6500100">
        <name>1710</name>
    </wpt>
    <wpt lat="58.2946500" lon="14.6498300">
        <name>1711</name>
    </wpt>
    <wpt lat="58.2945200" lon="14.6496900">
        <name>1712</name>
    </wpt>
    <wpt lat="58.2944000" lon="14.6496000">
        <name>1713</name>
    </wpt>
    <wpt lat="58.2942300" lon="14.6495300">
        <name>1714</name>
    </wpt>
    <wpt lat="58.2940700" lon="14.6495000">
        <name>1715</name>
    </wpt>
    <wpt lat="58.2937600" lon="14.6494600">
        <name>1716</name>
    </wpt>
    <wpt lat="58.2932200" lon="14.6493800">
        <name>1717</name>
    </wpt>
    <wpt lat="58.2926500" lon="14.6492800">
        <name>1718</name>
    </wpt>
    <wpt lat="58.2920200" lon="14.6491700">
        <name>1719</name>
    </wpt>
    <wpt lat="58.2917600" lon="14.6491300">
        <name>1720</name>
    </wpt>
    <wpt lat="58.2908100" lon="14.6489800">
        <name>1721</name>
    </wpt>
    <wpt lat="58.2904700" lon="14.6489300">
        <name>1722</name>
    </wpt>
    <wpt lat="58.2899800" lon="14.6488800">
        <name>1723</name>
    </wpt>
    <wpt lat="58.2893700" lon="14.6488000">
        <name>1724</name>
    </wpt>
    <wpt lat="58.2886000" lon="14.6486900">
        <name>1725</name>
    </wpt>
    <wpt lat="58.2883600" lon="14.6486500">
        <name>1726</name>
    </wpt>
    <wpt lat="58.2882400" lon="14.6486400">
        <name>1727</name>
    </wpt>
    <wpt lat="58.2881500" lon="14.6486500">
        <name>1728</name>
    </wpt>
    <wpt lat="58.2880600" lon="14.6486900">
        <name>1729</name>
    </wpt>
    <wpt lat="58.2879800" lon="14.6487700">
        <name>1730</name>
    </wpt>
    <wpt lat="58.2878900" lon="14.6489000">
        <name>1731</name>
    </wpt>
    <wpt lat="58.2875700" lon="14.6494500">
        <name>1732</name>
    </wpt>
    <wpt lat="58.2873500" lon="14.6498200">
        <name>1733</name>
    </wpt>
    <wpt lat="58.2873500" lon="14.6498190">
        <name>1734</name>
    </wpt>
    <wpt lat="58.2873500" lon="14.6498200">
        <name>1735</name>
    </wpt>
    <wpt lat="58.2872900" lon="14.6497100">
        <name>1736</name>
    </wpt>
    <wpt lat="58.2872300" lon="14.6496100">
        <name>1737</name>
    </wpt>
    <wpt lat="58.2871600" lon="14.6495400">
        <name>1738</name>
    </wpt>
    <wpt lat="58.2870700" lon="14.6495100">
        <name>1739</name>
    </wpt>
    <wpt lat="58.2867000" lon="14.6494100">
        <name>1740</name>
    </wpt>
    <wpt lat="58.2864000" lon="14.6493500">
        <name>1741</name>
    </wpt>
    <wpt lat="58.2861100" lon="14.6493100">
        <name>1742</name>
    </wpt>
    <wpt lat="58.2860600" lon="14.6493000">
        <name>1743</name>
    </wpt>
    <wpt lat="58.2857200" lon="14.6492200">
        <name>1744</name>
    </wpt>
    <wpt lat="58.2855700" lon="14.6491600">
        <name>1745</name>
    </wpt>
    <wpt lat="58.2854300" lon="14.6491300">
        <name>1746</name>
    </wpt>
    <wpt lat="58.2852200" lon="14.6490400">
        <name>1747</name>
    </wpt>
    <wpt lat="58.2847100" lon="14.6488500">
        <name>1748</name>
    </wpt>
    <wpt lat="58.2845400" lon="14.6487800">
        <name>1749</name>
    </wpt>
    <wpt lat="58.2840300" lon="14.6486100">
        <name>1750</name>
    </wpt>
    <wpt lat="58.2835600" lon="14.6484600">
        <name>1751</name>
    </wpt>
    <wpt lat="58.2830900" lon="14.6483400">
        <name>1752</name>
    </wpt>
    <wpt lat="58.2830900" lon="14.6483390">
        <name>1753</name>
    </wpt>
    <wpt lat="58.2830900" lon="14.6483400">
        <name>1754</name>
    </wpt>
    <wpt lat="58.2828300" lon="14.6483000">
        <name>1755</name>
    </wpt>
    <wpt lat="58.2827400" lon="14.6482800">
        <name>1756</name>
    </wpt>
    <wpt lat="58.2824600" lon="14.6482300">
        <name>1757</name>
    </wpt>
    <wpt lat="58.2823200" lon="14.6482100">
        <name>1758</name>
    </wpt>
    <wpt lat="58.2821200" lon="14.6481700">
        <name>1759</name>
    </wpt>
    <wpt lat="58.2817700" lon="14.6481100">
        <name>1760</name>
    </wpt>
    <wpt lat="58.2813700" lon="14.6481000">
        <name>1761</name>
    </wpt>
    <wpt lat="58.2810100" lon="14.6481400">
        <name>1762</name>
    </wpt>
    <wpt lat="58.2806600" lon="14.6482100">
        <name>1763</name>
    </wpt>
    <wpt lat="58.2800300" lon="14.6484000">
        <name>1764</name>
    </wpt>
    <wpt lat="58.2795300" lon="14.6486300">
        <name>1765</name>
    </wpt>
    <wpt lat="58.2792200" lon="14.6487700">
        <name>1766</name>
    </wpt>
    <wpt lat="58.2791400" lon="14.6488100">
        <name>1767</name>
    </wpt>
    <wpt lat="58.2789200" lon="14.6488500">
        <name>1768</name>
    </wpt>
    <wpt lat="58.2788800" lon="14.6488500">
        <name>1769</name>
    </wpt>
    <wpt lat="58.2786000" lon="14.6489000">
        <name>1770</name>
    </wpt>
    <wpt lat="58.2784400" lon="14.6489100">
        <name>1771</name>
    </wpt>
    <wpt lat="58.2783000" lon="14.6489500">
        <name>1772</name>
    </wpt>
    <wpt lat="58.2782100" lon="14.6490000">
        <name>1773</name>
    </wpt>
    <wpt lat="58.2782000" lon="14.6490100">
        <name>1774</name>
    </wpt>
    <wpt lat="58.2782000" lon="14.6490090">
        <name>1775</name>
    </wpt>
    <wpt lat="58.2782000" lon="14.6490100">
        <name>1776</name>
    </wpt>
    <wpt lat="58.2782200" lon="14.6492600">
        <name>1777</name>
    </wpt>
    <wpt lat="58.2776700" lon="14.6492900">
        <name>1778</name>
    </wpt>
    <wpt lat="58.2774200" lon="14.6493000">
        <name>1779</name>
    </wpt>
    <wpt lat="58.2770900" lon="14.6493300">
        <name>1780</name>
    </wpt>
    <wpt lat="58.2765300" lon="14.6493500">
        <name>1781</name>
    </wpt>
    <wpt lat="58.2763600" lon="14.6493600">
        <name>1782</name>
    </wpt>
    <wpt lat="58.2759800" lon="14.6493500">
        <name>1783</name>
    </wpt>
    <wpt lat="58.2758800" lon="14.6494000">
        <name>1784</name>
    </wpt>
    <wpt lat="58.2756400" lon="14.6494000">
        <name>1785</name>
    </wpt>
    <wpt lat="58.2750100" lon="14.6493700">
        <name>1786</name>
    </wpt>
    <wpt lat="58.2744800" lon="14.6493400">
        <name>1787</name>
    </wpt>
    <wpt lat="58.2740500" lon="14.6493000">
        <name>1788</name>
    </wpt>
    <wpt lat="58.2736400" lon="14.6492500">
        <name>1789</name>
    </wpt>
    <wpt lat="58.2736400" lon="14.6492490">
        <name>1790</name>
    </wpt>
    <wpt lat="58.2736400" lon="14.6492500">
        <name>1791</name>
    </wpt>
    <wpt lat="58.2733500" lon="14.6492200">
        <name>1792</name>
    </wpt>
    <wpt lat="58.2727700" lon="14.6491300">
        <name>1793</name>
    </wpt>
    <wpt lat="58.2723400" lon="14.6490500">
        <name>1794</name>
    </wpt>
    <wpt lat="58.2719100" lon="14.6489600">
        <name>1795</name>
    </wpt>
    <wpt lat="58.2712900" lon="14.6488300">
        <name>1796</name>
    </wpt>
    <wpt lat="58.2704300" lon="14.6486400">
        <name>1797</name>
    </wpt>
    <wpt lat="58.2697000" lon="14.6484700">
        <name>1798</name>
    </wpt>
    <wpt lat="58.2689400" lon="14.6483300">
        <name>1799</name>
    </wpt>
    <wpt lat="58.2683900" lon="14.6482400">
        <name>1800</name>
    </wpt>
    <wpt lat="58.2678800" lon="14.6481700">
        <name>1801</name>
    </wpt>
    <wpt lat="58.2671300" lon="14.6481000">
        <name>1802</name>
    </wpt>
    <wpt lat="58.2665200" lon="14.6480600">
        <name>1803</name>
    </wpt>
    <wpt lat="58.2659500" lon="14.6480400">
        <name>1804</name>
    </wpt>
    <wpt lat="58.2657200" lon="14.6480400">
        <name>1805</name>
    </wpt>
    <wpt lat="58.2652100" lon="14.6480500">
        <name>1806</name>
    </wpt>
    <wpt lat="58.2649300" lon="14.6480600">
        <name>1807</name>
    </wpt>
    <wpt lat="58.2648800" lon="14.6480600">
        <name>1808</name>
    </wpt>
    <wpt lat="58.2648800" lon="14.6480590">
        <name>1809</name>
    </wpt>
    <wpt lat="58.2648800" lon="14.6480600">
        <name>1810</name>
    </wpt>
    <wpt lat="58.2648500" lon="14.6480400">
        <name>1811</name>
    </wpt>
    <wpt lat="58.2648000" lon="14.6480300">
        <name>1812</name>
    </wpt>
    <wpt lat="58.2647200" lon="14.6480300">
        <name>1813</name>
    </wpt>
    <wpt lat="58.2645700" lon="14.6480400">
        <name>1814</name>
    </wpt>
    <wpt lat="58.2642500" lon="14.6480700">
        <name>1815</name>
    </wpt>
    <wpt lat="58.2637300" lon="14.6480900">
        <name>1816</name>
    </wpt>
    <wpt lat="58.2630800" lon="14.6481800">
        <name>1817</name>
    </wpt>
    <wpt lat="58.2626000" lon="14.6482600">
        <name>1818</name>
    </wpt>
    <wpt lat="58.2621700" lon="14.6483400">
        <name>1819</name>
    </wpt>
    <wpt lat="58.2618700" lon="14.6483800">
        <name>1820</name>
    </wpt>
    <wpt lat="58.2613500" lon="14.6485000">
        <name>1821</name>
    </wpt>
    <wpt lat="58.2606300" lon="14.6486900">
        <name>1822</name>
    </wpt>
    <wpt lat="58.2600900" lon="14.6488300">
        <name>1823</name>
    </wpt>
    <wpt lat="58.2596600" lon="14.6489600">
        <name>1824</name>
    </wpt>
    <wpt lat="58.2587200" lon="14.6492700">
        <name>1825</name>
    </wpt>
    <wpt lat="58.2582900" lon="14.6494300">
        <name>1826</name>
    </wpt>
    <wpt lat="58.2580300" lon="14.6495300">
        <name>1827</name>
    </wpt>
    <wpt lat="58.2575900" lon="14.6496900">
        <name>1828</name>
    </wpt>
    <wpt lat="58.2574900" lon="14.6497200">
        <name>1829</name>
    </wpt>
    <wpt lat="58.2569300" lon="14.6499400">
        <name>1830</name>
    </wpt>
    <wpt lat="58.2560900" lon="14.6502500">
        <name>1831</name>
    </wpt>
    <wpt lat="58.2552500" lon="14.6505600">
        <name>1832</name>
    </wpt>
    <wpt lat="58.2547300" lon="14.6507500">
        <name>1833</name>
    </wpt>
    <wpt lat="58.2543100" lon="14.6508900">
        <name>1834</name>
    </wpt>
    <wpt lat="58.2542100" lon="14.6509300">
        <name>1835</name>
    </wpt>
    <wpt lat="58.2538600" lon="14.6510400">
        <name>1836</name>
    </wpt>
    <wpt lat="58.2537600" lon="14.6510700">
        <name>1837</name>
    </wpt>
    <wpt lat="58.2529500" lon="14.6514100">
        <name>1838</name>
    </wpt>
    <wpt lat="58.2524500" lon="14.6516700">
        <name>1839</name>
    </wpt>
    <wpt lat="58.2519400" lon="14.6520200">
        <name>1840</name>
    </wpt>
    <wpt lat="58.2514500" lon="14.6523900">
        <name>1841</name>
    </wpt>
    <wpt lat="58.2510700" lon="14.6527300">
        <name>1842</name>
    </wpt>
    <wpt lat="58.2506800" lon="14.6531200">
        <name>1843</name>
    </wpt>
    <wpt lat="58.2500500" lon="14.6538600">
        <name>1844</name>
    </wpt>
    <wpt lat="58.2493100" lon="14.6547100">
        <name>1845</name>
    </wpt>
    <wpt lat="58.2485800" lon="14.6555900">
        <name>1846</name>
    </wpt>
    <wpt lat="58.2481300" lon="14.6561300">
        <name>1847</name>
    </wpt>
    <wpt lat="58.2478200" lon="14.6564700">
        <name>1848</name>
    </wpt>
    <wpt lat="58.2475700" lon="14.6567600">
        <name>1849</name>
    </wpt>
    <wpt lat="58.2467400" lon="14.6576200">
        <name>1850</name>
    </wpt>
    <wpt lat="58.2466600" lon="14.6577000">
        <name>1851</name>
    </wpt>
    <wpt lat="58.2456000" lon="14.6587600">
        <name>1852</name>
    </wpt>
    <wpt lat="58.2452900" lon="14.6590600">
        <name>1853</name>
    </wpt>
    <wpt lat="58.2450100" lon="14.6593100">
        <name>1854</name>
    </wpt>
    <wpt lat="58.2446500" lon="14.6596400">
        <name>1855</name>
    </wpt>
    <wpt lat="58.2445700" lon="14.6597000">
        <name>1856</name>
    </wpt>
    <wpt lat="58.2445300" lon="14.6597400">
        <name>1857</name>
    </wpt>
    <wpt lat="58.2437600" lon="14.6604100">
        <name>1858</name>
    </wpt>
    <wpt lat="58.2433600" lon="14.6607700">
        <name>1859</name>
    </wpt>
    <wpt lat="58.2428900" lon="14.6611800">
        <name>1860</name>
    </wpt>
    <wpt lat="58.2428000" lon="14.6612600">
        <name>1861</name>
    </wpt>
    <wpt lat="58.2421000" lon="14.6618300">
        <name>1862</name>
    </wpt>
    <wpt lat="58.2417800" lon="14.6621100">
        <name>1863</name>
    </wpt>
    <wpt lat="58.2414400" lon="14.6624500">
        <name>1864</name>
    </wpt>
    <wpt lat="58.2413900" lon="14.6625000">
        <name>1865</name>
    </wpt>
    <wpt lat="58.2409900" lon="14.6628900">
        <name>1866</name>
    </wpt>
    <wpt lat="58.2409600" lon="14.6629200">
        <name>1867</name>
    </wpt>
    <wpt lat="58.2408800" lon="14.6630100">
        <name>1868</name>
    </wpt>
    <wpt lat="58.2404900" lon="14.6634500">
        <name>1869</name>
    </wpt>
    <wpt lat="58.2400400" lon="14.6639500">
        <name>1870</name>
    </wpt>
    <wpt lat="58.2397600" lon="14.6642800">
        <name>1871</name>
    </wpt>
    <wpt lat="58.2393900" lon="14.6647200">
        <name>1872</name>
    </wpt>
    <wpt lat="58.2391300" lon="14.6650500">
        <name>1873</name>
    </wpt>
    <wpt lat="58.2389300" lon="14.6653100">
        <name>1874</name>
    </wpt>
    <wpt lat="58.2387800" lon="14.6655300">
        <name>1875</name>
    </wpt>
    <wpt lat="58.2387800" lon="14.6655290">
        <name>1876</name>
    </wpt>
    <wpt lat="58.2387800" lon="14.6655300">
        <name>1877</name>
    </wpt>
    <wpt lat="58.2385500" lon="14.6649400">
        <name>1878</name>
    </wpt>
    <wpt lat="58.2384500" lon="14.6646800">
        <name>1879</name>
    </wpt>
    <wpt lat="58.2383900" lon="14.6645000">
        <name>1880</name>
    </wpt>
    <wpt lat="58.2382600" lon="14.6641400">
        <name>1881</name>
    </wpt>
    <wpt lat="58.2381700" lon="14.6638400">
        <name>1882</name>
    </wpt>
    <wpt lat="58.2380200" lon="14.6632900">
        <name>1883</name>
    </wpt>
    <wpt lat="58.2380200" lon="14.6632890">
        <name>1884</name>
    </wpt>
    <wpt lat="58.2380200" lon="14.6632900">
        <name>1885</name>
    </wpt>
    <wpt lat="58.2379300" lon="14.6629300">
        <name>1886</name>
    </wpt>
    <wpt lat="58.2376300" lon="14.6617100">
        <name>1887</name>
    </wpt>
    <wpt lat="58.2374100" lon="14.6607600">
        <name>1888</name>
    </wpt>
    <wpt lat="58.2372700" lon="14.6602400">
        <name>1889</name>
    </wpt>
    <wpt lat="58.2369700" lon="14.6592400">
        <name>1890</name>
    </wpt>
    <wpt lat="58.2366800" lon="14.6582800">
        <name>1891</name>
    </wpt>
    <wpt lat="58.2364300" lon="14.6575200">
        <name>1892</name>
    </wpt>
    <wpt lat="58.2362400" lon="14.6570300">
        <name>1893</name>
    </wpt>
    <wpt lat="58.2359700" lon="14.6564000">
        <name>1894</name>
    </wpt>
    <wpt lat="58.2357400" lon="14.6558800">
        <name>1895</name>
    </wpt>
    <wpt lat="58.2351700" lon="14.6545600">
        <name>1896</name>
    </wpt>
    <wpt lat="58.2349800" lon="14.6540900">
        <name>1897</name>
    </wpt>
    <wpt lat="58.2348800" lon="14.6538200">
        <name>1898</name>
    </wpt>
    <wpt lat="58.2348100" lon="14.6536100">
        <name>1899</name>
    </wpt>
    <wpt lat="58.2345900" lon="14.6529100">
        <name>1900</name>
    </wpt>
    <wpt lat="58.2345900" lon="14.6528900">
        <name>1901</name>
    </wpt>
    <wpt lat="58.2342000" lon="14.6516500">
        <name>1902</name>
    </wpt>
    <wpt lat="58.2340400" lon="14.6511100">
        <name>1903</name>
    </wpt>
    <wpt lat="58.2339600" lon="14.6508500">
        <name>1904</name>
    </wpt>
    <wpt lat="58.2338500" lon="14.6504700">
        <name>1905</name>
    </wpt>
    <wpt lat="58.2337100" lon="14.6500000">
        <name>1906</name>
    </wpt>
    <wpt lat="58.2334800" lon="14.6493900">
        <name>1907</name>
    </wpt>
    <wpt lat="58.2332900" lon="14.6489000">
        <name>1908</name>
    </wpt>
    <wpt lat="58.2332200" lon="14.6486700">
        <name>1909</name>
    </wpt>
    <wpt lat="58.2331600" lon="14.6483300">
        <name>1910</name>
    </wpt>
    <wpt lat="58.2331400" lon="14.6480100">
        <name>1911</name>
    </wpt>
    <wpt lat="58.2331300" lon="14.6479200">
        <name>1912</name>
    </wpt>
    <wpt lat="58.2331300" lon="14.6473000">
        <name>1913</name>
    </wpt>
    <wpt lat="58.2331300" lon="14.6467000">
        <name>1914</name>
    </wpt>
    <wpt lat="58.2331300" lon="14.6462900">
        <name>1915</name>
    </wpt>
    <wpt lat="58.2331100" lon="14.6460100">
        <name>1916</name>
    </wpt>
    <wpt lat="58.2330900" lon="14.6457900">
        <name>1917</name>
    </wpt>
    <wpt lat="58.2330200" lon="14.6454100">
        <name>1918</name>
    </wpt>
    <wpt lat="58.2328900" lon="14.6449700">
        <name>1919</name>
    </wpt>
    <wpt lat="58.2326300" lon="14.6443600">
        <name>1920</name>
    </wpt>
    <wpt lat="58.2322700" lon="14.6435400">
        <name>1921</name>
    </wpt>
    <wpt lat="58.2317800" lon="14.6423900">
        <name>1922</name>
    </wpt>
    <wpt lat="58.2309700" lon="14.6404900">
        <name>1923</name>
    </wpt>
    <wpt lat="58.2302200" lon="14.6388800">
        <name>1924</name>
    </wpt>
    <wpt lat="58.2296700" lon="14.6377000">
        <name>1925</name>
    </wpt>
    <wpt lat="58.2293900" lon="14.6370700">
        <name>1926</name>
    </wpt>
    <wpt lat="58.2293100" lon="14.6369200">
        <name>1927</name>
    </wpt>
    <wpt lat="58.2291200" lon="14.6371900">
        <name>1928</name>
    </wpt>
    <wpt lat="58.2288400" lon="14.6376300">
        <name>1929</name>
    </wpt>
    <wpt lat="58.2283400" lon="14.6382700">
        <name>1930</name>
    </wpt>
    <wpt lat="58.2279600" lon="14.6387400">
        <name>1931</name>
    </wpt>
    <wpt lat="58.2272300" lon="14.6395500">
        <name>1932</name>
    </wpt>
    <wpt lat="58.2272300" lon="14.6395490">
        <name>1933</name>
    </wpt>
    <wpt lat="58.2272300" lon="14.6395500">
        <name>1934</name>
    </wpt>
    <wpt lat="58.2270500" lon="14.6389100">
        <name>1935</name>
    </wpt>
    <wpt lat="58.2268200" lon="14.6380800">
        <name>1936</name>
    </wpt>
    <wpt lat="58.2264500" lon="14.6367800">
        <name>1937</name>
    </wpt>
    <wpt lat="58.2261000" lon="14.6354900">
        <name>1938</name>
    </wpt>
    <wpt lat="58.2260500" lon="14.6353300">
        <name>1939</name>
    </wpt>
    <wpt lat="58.2259900" lon="14.6351400">
        <name>1940</name>
    </wpt>
    <wpt lat="58.2258500" lon="14.6346700">
        <name>1941</name>
    </wpt>
    <wpt lat="58.2257100" lon="14.6341900">
        <name>1942</name>
    </wpt>
    <wpt lat="58.2256000" lon="14.6338500">
        <name>1943</name>
    </wpt>
    <wpt lat="58.2254900" lon="14.6335600">
        <name>1944</name>
    </wpt>
    <wpt lat="58.2253800" lon="14.6333400">
        <name>1945</name>
    </wpt>
    <wpt lat="58.2252400" lon="14.6330700">
        <name>1946</name>
    </wpt>
    <wpt lat="58.2250700" lon="14.6327700">
        <name>1947</name>
    </wpt>
    <wpt lat="58.2248300" lon="14.6324400">
        <name>1948</name>
    </wpt>
    <wpt lat="58.2245900" lon="14.6321800">
        <name>1949</name>
    </wpt>
    <wpt lat="58.2244500" lon="14.6320300">
        <name>1950</name>
    </wpt>
    <wpt lat="58.2243100" lon="14.6318800">
        <name>1951</name>
    </wpt>
    <wpt lat="58.2241800" lon="14.6317500">
        <name>1952</name>
    </wpt>
    <wpt lat="58.2238700" lon="14.6314400">
        <name>1953</name>
    </wpt>
    <wpt lat="58.2233600" lon="14.6309300">
        <name>1954</name>
    </wpt>
    <wpt lat="58.2230500" lon="14.6306000">
        <name>1955</name>
    </wpt>
    <wpt lat="58.2229500" lon="14.6305000">
        <name>1956</name>
    </wpt>
    <wpt lat="58.2224700" lon="14.6300000">
        <name>1957</name>
    </wpt>
    <wpt lat="58.2222300" lon="14.6297400">
        <name>1958</name>
    </wpt>
    <wpt lat="58.2220200" lon="14.6295200">
        <name>1959</name>
    </wpt>
    <wpt lat="58.2215600" lon="14.6290500">
        <name>1960</name>
    </wpt>
    <wpt lat="58.2211100" lon="14.6286000">
        <name>1961</name>
    </wpt>
    <wpt lat="58.2207600" lon="14.6282800">
        <name>1962</name>
    </wpt>
    <wpt lat="58.2205100" lon="14.6280800">
        <name>1963</name>
    </wpt>
    <wpt lat="58.2202500" lon="14.6279100">
        <name>1964</name>
    </wpt>
    <wpt lat="58.2198700" lon="14.6277100">
        <name>1965</name>
    </wpt>
    <wpt lat="58.2193000" lon="14.6274400">
        <name>1966</name>
    </wpt>
    <wpt lat="58.2190000" lon="14.6272800">
        <name>1967</name>
    </wpt>
    <wpt lat="58.2186700" lon="14.6271200">
        <name>1968</name>
    </wpt>
    <wpt lat="58.2183200" lon="14.6269300">
        <name>1969</name>
    </wpt>
    <wpt lat="58.2179400" lon="14.6266700">
        <name>1970</name>
    </wpt>
    <wpt lat="58.2175800" lon="14.6264100">
        <name>1971</name>
    </wpt>
    <wpt lat="58.2172200" lon="14.6261200">
        <name>1972</name>
    </wpt>
    <wpt lat="58.2168500" lon="14.6257600">
        <name>1973</name>
    </wpt>
    <wpt lat="58.2165700" lon="14.6254600">
        <name>1974</name>
    </wpt>
    <wpt lat="58.2163600" lon="14.6252500">
        <name>1975</name>
    </wpt>
    <wpt lat="58.2160500" lon="14.6248700">
        <name>1976</name>
    </wpt>
    <wpt lat="58.2158100" lon="14.6245500">
        <name>1977</name>
    </wpt>
    <wpt lat="58.2155300" lon="14.6241700">
        <name>1978</name>
    </wpt>
    <wpt lat="58.2152100" lon="14.6237300">
        <name>1979</name>
    </wpt>
    <wpt lat="58.2149800" lon="14.6234000">
        <name>1980</name>
    </wpt>
    <wpt lat="58.2148800" lon="14.6232700">
        <name>1981</name>
    </wpt>
    <wpt lat="58.2147000" lon="14.6230300">
        <name>1982</name>
    </wpt>
    <wpt lat="58.2145000" lon="14.6227400">
        <name>1983</name>
    </wpt>
    <wpt lat="58.2142200" lon="14.6223800">
        <name>1984</name>
    </wpt>
    <wpt lat="58.2140400" lon="14.6221600">
        <name>1985</name>
    </wpt>
    <wpt lat="58.2138400" lon="14.6219400">
        <name>1986</name>
    </wpt>
    <wpt lat="58.2135900" lon="14.6217000">
        <name>1987</name>
    </wpt>
    <wpt lat="58.2132800" lon="14.6214400">
        <name>1988</name>
    </wpt>
    <wpt lat="58.2131100" lon="14.6213100">
        <name>1989</name>
    </wpt>
    <wpt lat="58.2130500" lon="14.6212600">
        <name>1990</name>
    </wpt>
    <wpt lat="58.2128100" lon="14.6210800">
        <name>1991</name>
    </wpt>
    <wpt lat="58.2126100" lon="14.6209200">
        <name>1992</name>
    </wpt>
    <wpt lat="58.2124000" lon="14.6207600">
        <name>1993</name>
    </wpt>
    <wpt lat="58.2121600" lon="14.6205800">
        <name>1994</name>
    </wpt>
    <wpt lat="58.2118400" lon="14.6203400">
        <name>1995</name>
    </wpt>
    <wpt lat="58.2116000" lon="14.6201500">
        <name>1996</name>
    </wpt>
    <wpt lat="58.2113700" lon="14.6199700">
        <name>1997</name>
    </wpt>
    <wpt lat="58.2110600" lon="14.6197400">
        <name>1998</name>
    </wpt>
    <wpt lat="58.2107600" lon="14.6195100">
        <name>1999</name>
    </wpt>
    <wpt lat="58.2104500" lon="14.6192800">
        <name>2000</name>
    </wpt>
    <wpt lat="58.2101700" lon="14.6190500">
        <name>2001</name>
    </wpt>
    <wpt lat="58.2099500" lon="14.6188900">
        <name>2002</name>
    </wpt>
    <wpt lat="58.2097500" lon="14.6187300">
        <name>2003</name>
    </wpt>
    <wpt lat="58.2094700" lon="14.6185200">
        <name>2004</name>
    </wpt>
    <wpt lat="58.2092500" lon="14.6183500">
        <name>2005</name>
    </wpt>
    <wpt lat="58.2087600" lon="14.6179700">
        <name>2006</name>
    </wpt>
    <wpt lat="58.2083500" lon="14.6176600">
        <name>2007</name>
    </wpt>
    <wpt lat="58.2079500" lon="14.6173500">
        <name>2008</name>
    </wpt>
    <wpt lat="58.2077000" lon="14.6171600">
        <name>2009</name>
    </wpt>
    <wpt lat="58.2074500" lon="14.6169700">
        <name>2010</name>
    </wpt>
    <wpt lat="58.2069600" lon="14.6165900">
        <name>2011</name>
    </wpt>
    <wpt lat="58.2067700" lon="14.6164400">
        <name>2012</name>
    </wpt>
    <wpt lat="58.2065600" lon="14.6162800">
        <name>2013</name>
    </wpt>
    <wpt lat="58.2063500" lon="14.6161300">
        <name>2014</name>
    </wpt>
    <wpt lat="58.2061400" lon="14.6159600">
        <name>2015</name>
    </wpt>
    <wpt lat="58.2060400" lon="14.6158900">
        <name>2016</name>
    </wpt>
    <wpt lat="58.2058000" lon="14.6157000">
        <name>2017</name>
    </wpt>
    <wpt lat="58.2055700" lon="14.6155200">
        <name>2018</name>
    </wpt>
    <wpt lat="58.2052400" lon="14.6152700">
        <name>2019</name>
    </wpt>
    <wpt lat="58.2050400" lon="14.6151200">
        <name>2020</name>
    </wpt>
    <wpt lat="58.2046400" lon="14.6148100">
        <name>2021</name>
    </wpt>
    <wpt lat="58.2043500" lon="14.6145900">
        <name>2022</name>
    </wpt>
    <wpt lat="58.2040600" lon="14.6143700">
        <name>2023</name>
    </wpt>
    <wpt lat="58.2038400" lon="14.6142100">
        <name>2024</name>
    </wpt>
    <wpt lat="58.2035000" lon="14.6139800">
        <name>2025</name>
    </wpt>
    <wpt lat="58.2032700" lon="14.6138400">
        <name>2026</name>
    </wpt>
    <wpt lat="58.2029900" lon="14.6136900">
        <name>2027</name>
    </wpt>
    <wpt lat="58.2027600" lon="14.6135800">
        <name>2028</name>
    </wpt>
    <wpt lat="58.2024400" lon="14.6134500">
        <name>2029</name>
    </wpt>
    <wpt lat="58.2021700" lon="14.6133600">
        <name>2030</name>
    </wpt>
    <wpt lat="58.2019700" lon="14.6133100">
        <name>2031</name>
    </wpt>
    <wpt lat="58.2016500" lon="14.6132400">
        <name>2032</name>
    </wpt>
    <wpt lat="58.2009800" lon="14.6131100">
        <name>2033</name>
    </wpt>
    <wpt lat="58.2003500" lon="14.6130100">
        <name>2034</name>
    </wpt>
    <wpt lat="58.2000600" lon="14.6129500">
        <name>2035</name>
    </wpt>
    <wpt lat="58.1998500" lon="14.6128900">
        <name>2036</name>
    </wpt>
    <wpt lat="58.1995500" lon="14.6127600">
        <name>2037</name>
    </wpt>
    <wpt lat="58.1992900" lon="14.6126100">
        <name>2038</name>
    </wpt>
    <wpt lat="58.1991200" lon="14.6124900">
        <name>2039</name>
    </wpt>
    <wpt lat="58.1987900" lon="14.6122200">
        <name>2040</name>
    </wpt>
    <wpt lat="58.1985000" lon="14.6119500">
        <name>2041</name>
    </wpt>
    <wpt lat="58.1982800" lon="14.6117300">
        <name>2042</name>
    </wpt>
    <wpt lat="58.1980400" lon="14.6114300">
        <name>2043</name>
    </wpt>
    <wpt lat="58.1978400" lon="14.6111300">
        <name>2044</name>
    </wpt>
    <wpt lat="58.1978100" lon="14.6111000">
        <name>2045</name>
    </wpt>
    <wpt lat="58.1976700" lon="14.6108500">
        <name>2046</name>
    </wpt>
    <wpt lat="58.1975500" lon="14.6106300">
        <name>2047</name>
    </wpt>
    <wpt lat="58.1974400" lon="14.6104200">
        <name>2048</name>
    </wpt>
    <wpt lat="58.1973500" lon="14.6102200">
        <name>2049</name>
    </wpt>
    <wpt lat="58.1972200" lon="14.6099400">
        <name>2050</name>
    </wpt>
    <wpt lat="58.1969500" lon="14.6093400">
        <name>2051</name>
    </wpt>
    <wpt lat="58.1968500" lon="14.6091000">
        <name>2052</name>
    </wpt>
    <wpt lat="58.1966500" lon="14.6086700">
        <name>2053</name>
    </wpt>
    <wpt lat="58.1962800" lon="14.6078300">
        <name>2054</name>
    </wpt>
    <wpt lat="58.1962600" lon="14.6078000">
        <name>2055</name>
    </wpt>
    <wpt lat="58.1961800" lon="14.6076200">
        <name>2056</name>
    </wpt>
    <wpt lat="58.1960300" lon="14.6073200">
        <name>2057</name>
    </wpt>
    <wpt lat="58.1958900" lon="14.6070500">
        <name>2058</name>
    </wpt>
    <wpt lat="58.1957600" lon="14.6068300">
        <name>2059</name>
    </wpt>
    <wpt lat="58.1956400" lon="14.6066500">
        <name>2060</name>
    </wpt>
    <wpt lat="58.1955000" lon="14.6064600">
        <name>2061</name>
    </wpt>
    <wpt lat="58.1953600" lon="14.6062700">
        <name>2062</name>
    </wpt>
    <wpt lat="58.1952300" lon="14.6061100">
        <name>2063</name>
    </wpt>
    <wpt lat="58.1950800" lon="14.6059500">
        <name>2064</name>
    </wpt>
    <wpt lat="58.1949400" lon="14.6058000">
        <name>2065</name>
    </wpt>
    <wpt lat="58.1948100" lon="14.6056800">
        <name>2066</name>
    </wpt>
    <wpt lat="58.1946500" lon="14.6055200">
        <name>2067</name>
    </wpt>
    <wpt lat="58.1942000" lon="14.6051000">
        <name>2068</name>
    </wpt>
    <wpt lat="58.1940700" lon="14.6049900">
        <name>2069</name>
    </wpt>
    <wpt lat="58.1938800" lon="14.6047900">
        <name>2070</name>
    </wpt>
    <wpt lat="58.1937100" lon="14.6046000">
        <name>2071</name>
    </wpt>
    <wpt lat="58.1935200" lon="14.6043700">
        <name>2072</name>
    </wpt>
    <wpt lat="58.1933500" lon="14.6041400">
        <name>2073</name>
    </wpt>
    <wpt lat="58.1932100" lon="14.6039400">
        <name>2074</name>
    </wpt>
    <wpt lat="58.1930800" lon="14.6037400">
        <name>2075</name>
    </wpt>
    <wpt lat="58.1930100" lon="14.6036100">
        <name>2076</name>
    </wpt>
    <wpt lat="58.1928600" lon="14.6033400">
        <name>2077</name>
    </wpt>
    <wpt lat="58.1927300" lon="14.6030900">
        <name>2078</name>
    </wpt>
    <wpt lat="58.1925300" lon="14.6026900">
        <name>2079</name>
    </wpt>
    <wpt lat="58.1922800" lon="14.6021700">
        <name>2080</name>
    </wpt>
    <wpt lat="58.1920600" lon="14.6016900">
        <name>2081</name>
    </wpt>
    <wpt lat="58.1917500" lon="14.6010600">
        <name>2082</name>
    </wpt>
    <wpt lat="58.1915500" lon="14.6006400">
        <name>2083</name>
    </wpt>
    <wpt lat="58.1915200" lon="14.6005700">
        <name>2084</name>
    </wpt>
    <wpt lat="58.1913000" lon="14.6001100">
        <name>2085</name>
    </wpt>
    <wpt lat="58.1910700" lon="14.5996300">
        <name>2086</name>
    </wpt>
    <wpt lat="58.1908000" lon="14.5990600">
        <name>2087</name>
    </wpt>
    <wpt lat="58.1905200" lon="14.5984800">
        <name>2088</name>
    </wpt>
    <wpt lat="58.1904400" lon="14.5983000">
        <name>2089</name>
    </wpt>
    <wpt lat="58.1900800" lon="14.5975600">
        <name>2090</name>
    </wpt>
    <wpt lat="58.1897200" lon="14.5968000">
        <name>2091</name>
    </wpt>
    <wpt lat="58.1895700" lon="14.5964800">
        <name>2092</name>
    </wpt>
    <wpt lat="58.1893600" lon="14.5960500">
        <name>2093</name>
    </wpt>
    <wpt lat="58.1891600" lon="14.5956200">
        <name>2094</name>
    </wpt>
    <wpt lat="58.1888500" lon="14.5949600">
        <name>2095</name>
    </wpt>
    <wpt lat="58.1886100" lon="14.5944900">
        <name>2096</name>
    </wpt>
    <wpt lat="58.1884900" lon="14.5942600">
        <name>2097</name>
    </wpt>
    <wpt lat="58.1883700" lon="14.5940600">
        <name>2098</name>
    </wpt>
    <wpt lat="58.1881900" lon="14.5937900">
        <name>2099</name>
    </wpt>
    <wpt lat="58.1880800" lon="14.5936200">
        <name>2100</name>
    </wpt>
    <wpt lat="58.1879100" lon="14.5934100">
        <name>2101</name>
    </wpt>
    <wpt lat="58.1877700" lon="14.5932500">
        <name>2102</name>
    </wpt>
    <wpt lat="58.1877300" lon="14.5932000">
        <name>2103</name>
    </wpt>
    <wpt lat="58.1877100" lon="14.5931700">
        <name>2104</name>
    </wpt>
    <wpt lat="58.1877000" lon="14.5931600">
        <name>2105</name>
    </wpt>
    <wpt lat="58.1876300" lon="14.5930800">
        <name>2106</name>
    </wpt>
    <wpt lat="58.1873800" lon="14.5928200">
        <name>2107</name>
    </wpt>
    <wpt lat="58.1871800" lon="14.5926500">
        <name>2108</name>
    </wpt>
    <wpt lat="58.1869900" lon="14.5925000">
        <name>2109</name>
    </wpt>
    <wpt lat="58.1868500" lon="14.5924000">
        <name>2110</name>
    </wpt>
    <wpt lat="58.1866900" lon="14.5923100">
        <name>2111</name>
    </wpt>
    <wpt lat="58.1865500" lon="14.5922400">
        <name>2112</name>
    </wpt>
    <wpt lat="58.1862800" lon="14.5921200">
        <name>2113</name>
    </wpt>
    <wpt lat="58.1861200" lon="14.5920500">
        <name>2114</name>
    </wpt>
    <wpt lat="58.1859200" lon="14.5919600">
        <name>2115</name>
    </wpt>
    <wpt lat="58.1856300" lon="14.5918400">
        <name>2116</name>
    </wpt>
    <wpt lat="58.1853100" lon="14.5917000">
        <name>2117</name>
    </wpt>
    <wpt lat="58.1850100" lon="14.5915700">
        <name>2118</name>
    </wpt>
    <wpt lat="58.1846900" lon="14.5914300">
        <name>2119</name>
    </wpt>
    <wpt lat="58.1843700" lon="14.5913000">
        <name>2120</name>
    </wpt>
    <wpt lat="58.1839500" lon="14.5911200">
        <name>2121</name>
    </wpt>
    <wpt lat="58.1836400" lon="14.5909800">
        <name>2122</name>
    </wpt>
    <wpt lat="58.1835900" lon="14.5909600">
        <name>2123</name>
    </wpt>
    <wpt lat="58.1831900" lon="14.5907900">
        <name>2124</name>
    </wpt>
    <wpt lat="58.1829800" lon="14.5907000">
        <name>2125</name>
    </wpt>
    <wpt lat="58.1824800" lon="14.5904900">
        <name>2126</name>
    </wpt>
    <wpt lat="58.1821900" lon="14.5903700">
        <name>2127</name>
    </wpt>
    <wpt lat="58.1820000" lon="14.5902700">
        <name>2128</name>
    </wpt>
    <wpt lat="58.1818500" lon="14.5901700">
        <name>2129</name>
    </wpt>
    <wpt lat="58.1816900" lon="14.5900500">
        <name>2130</name>
    </wpt>
    <wpt lat="58.1815100" lon="14.5898900">
        <name>2131</name>
    </wpt>
    <wpt lat="58.1813200" lon="14.5897000">
        <name>2132</name>
    </wpt>
    <wpt lat="58.1811700" lon="14.5895500">
        <name>2133</name>
    </wpt>
    <wpt lat="58.1810200" lon="14.5893900">
        <name>2134</name>
    </wpt>
    <wpt lat="58.1808600" lon="14.5891800">
        <name>2135</name>
    </wpt>
    <wpt lat="58.1807100" lon="14.5889900">
        <name>2136</name>
    </wpt>
    <wpt lat="58.1805800" lon="14.5888000">
        <name>2137</name>
    </wpt>
    <wpt lat="58.1804500" lon="14.5885900">
        <name>2138</name>
    </wpt>
    <wpt lat="58.1803600" lon="14.5884400">
        <name>2139</name>
    </wpt>
    <wpt lat="58.1802000" lon="14.5881600">
        <name>2140</name>
    </wpt>
    <wpt lat="58.1801400" lon="14.5880700">
        <name>2141</name>
    </wpt>
    <wpt lat="58.1800300" lon="14.5878600">
        <name>2142</name>
    </wpt>
    <wpt lat="58.1798500" lon="14.5875600">
        <name>2143</name>
    </wpt>
    <wpt lat="58.1797800" lon="14.5874300">
        <name>2144</name>
    </wpt>
    <wpt lat="58.1797500" lon="14.5873800">
        <name>2145</name>
    </wpt>
    <wpt lat="58.1796400" lon="14.5872100">
        <name>2146</name>
    </wpt>
    <wpt lat="58.1795600" lon="14.5870700">
        <name>2147</name>
    </wpt>
    <wpt lat="58.1794600" lon="14.5869300">
        <name>2148</name>
    </wpt>
    <wpt lat="58.1793600" lon="14.5867900">
        <name>2149</name>
    </wpt>
    <wpt lat="58.1792700" lon="14.5866700">
        <name>2150</name>
    </wpt>
    <wpt lat="58.1791700" lon="14.5865500">
        <name>2151</name>
    </wpt>
    <wpt lat="58.1790900" lon="14.5864500">
        <name>2152</name>
    </wpt>
    <wpt lat="58.1789000" lon="14.5862500">
        <name>2153</name>
    </wpt>
    <wpt lat="58.1786000" lon="14.5859400">
        <name>2154</name>
    </wpt>
    <wpt lat="58.1780700" lon="14.5853800">
        <name>2155</name>
    </wpt>
    <wpt lat="58.1779600" lon="14.5852700">
        <name>2156</name>
    </wpt>
    <wpt lat="58.1778200" lon="14.5851100">
        <name>2157</name>
    </wpt>
    <wpt lat="58.1774800" lon="14.5847600">
        <name>2158</name>
    </wpt>
    <wpt lat="58.1769600" lon="14.5842200">
        <name>2159</name>
    </wpt>
    <wpt lat="58.1766800" lon="14.5839200">
        <name>2160</name>
    </wpt>
    <wpt lat="58.1762900" lon="14.5835100">
        <name>2161</name>
    </wpt>
    <wpt lat="58.1757200" lon="14.5829200">
        <name>2162</name>
    </wpt>
    <wpt lat="58.1753500" lon="14.5825300">
        <name>2163</name>
    </wpt>
    <wpt lat="58.1748500" lon="14.5820000">
        <name>2164</name>
    </wpt>
    <wpt lat="58.1747800" lon="14.5819300">
        <name>2165</name>
    </wpt>
    <wpt lat="58.1740100" lon="14.5810700">
        <name>2166</name>
    </wpt>
    <wpt lat="58.1733000" lon="14.5803100">
        <name>2167</name>
    </wpt>
    <wpt lat="58.1730200" lon="14.5799900">
        <name>2168</name>
    </wpt>
    <wpt lat="58.1730100" lon="14.5799800">
        <name>2169</name>
    </wpt>
    <wpt lat="58.1727300" lon="14.5796600">
        <name>2170</name>
    </wpt>
    <wpt lat="58.1725400" lon="14.5794400">
        <name>2171</name>
    </wpt>
    <wpt lat="58.1723600" lon="14.5792400">
        <name>2172</name>
    </wpt>
    <wpt lat="58.1721700" lon="14.5790300">
        <name>2173</name>
    </wpt>
    <wpt lat="58.1719800" lon="14.5788300">
        <name>2174</name>
    </wpt>
    <wpt lat="58.1717900" lon="14.5786600">
        <name>2175</name>
    </wpt>
    <wpt lat="58.1715900" lon="14.5784800">
        <name>2176</name>
    </wpt>
    <wpt lat="58.1714000" lon="14.5783300">
        <name>2177</name>
    </wpt>
    <wpt lat="58.1710500" lon="14.5780600">
        <name>2178</name>
    </wpt>
    <wpt lat="58.1703700" lon="14.5775200">
        <name>2179</name>
    </wpt>
    <wpt lat="58.1696700" lon="14.5769700">
        <name>2180</name>
    </wpt>
    <wpt lat="58.1693500" lon="14.5767200">
        <name>2181</name>
    </wpt>
    <wpt lat="58.1689100" lon="14.5763800">
        <name>2182</name>
    </wpt>
    <wpt lat="58.1688600" lon="14.5763400">
        <name>2183</name>
    </wpt>
    <wpt lat="58.1683600" lon="14.5759700">
        <name>2184</name>
    </wpt>
    <wpt lat="58.1681500" lon="14.5758200">
        <name>2185</name>
    </wpt>
    <wpt lat="58.1680700" lon="14.5757700">
        <name>2186</name>
    </wpt>
    <wpt lat="58.1678500" lon="14.5756000">
        <name>2187</name>
    </wpt>
    <wpt lat="58.1677800" lon="14.5755600">
        <name>2188</name>
    </wpt>
    <wpt lat="58.1672500" lon="14.5751800">
        <name>2189</name>
    </wpt>
    <wpt lat="58.1670700" lon="14.5750500">
        <name>2190</name>
    </wpt>
    <wpt lat="58.1668500" lon="14.5748900">
        <name>2191</name>
    </wpt>
    <wpt lat="58.1666400" lon="14.5747600">
        <name>2192</name>
    </wpt>
    <wpt lat="58.1664300" lon="14.5746400">
        <name>2193</name>
    </wpt>
    <wpt lat="58.1662200" lon="14.5745400">
        <name>2194</name>
    </wpt>
    <wpt lat="58.1659900" lon="14.5744700">
        <name>2195</name>
    </wpt>
    <wpt lat="58.1656000" lon="14.5743300">
        <name>2196</name>
    </wpt>
    <wpt lat="58.1651000" lon="14.5741600">
        <name>2197</name>
    </wpt>
    <wpt lat="58.1646300" lon="14.5739900">
        <name>2198</name>
    </wpt>
    <wpt lat="58.1642000" lon="14.5738000">
        <name>2199</name>
    </wpt>
    <wpt lat="58.1638300" lon="14.5735900">
        <name>2200</name>
    </wpt>
    <wpt lat="58.1635900" lon="14.5734500">
        <name>2201</name>
    </wpt>
    <wpt lat="58.1633500" lon="14.5732700">
        <name>2202</name>
    </wpt>
    <wpt lat="58.1630600" lon="14.5730500">
        <name>2203</name>
    </wpt>
    <wpt lat="58.1627900" lon="14.5728200">
        <name>2204</name>
    </wpt>
    <wpt lat="58.1624400" lon="14.5725100">
        <name>2205</name>
    </wpt>
    <wpt lat="58.1622300" lon="14.5723300">
        <name>2206</name>
    </wpt>
    <wpt lat="58.1620100" lon="14.5721600">
        <name>2207</name>
    </wpt>
    <wpt lat="58.1616900" lon="14.5719300">
        <name>2208</name>
    </wpt>
    <wpt lat="58.1614200" lon="14.5717600">
        <name>2209</name>
    </wpt>
    <wpt lat="58.1610700" lon="14.5715700">
        <name>2210</name>
    </wpt>
    <wpt lat="58.1610300" lon="14.5715500">
        <name>2211</name>
    </wpt>
    <wpt lat="58.1607600" lon="14.5714200">
        <name>2212</name>
    </wpt>
    <wpt lat="58.1604800" lon="14.5713000">
        <name>2213</name>
    </wpt>
    <wpt lat="58.1602300" lon="14.5712100">
        <name>2214</name>
    </wpt>
    <wpt lat="58.1599200" lon="14.5711100">
        <name>2215</name>
    </wpt>
    <wpt lat="58.1595600" lon="14.5709900">
        <name>2216</name>
    </wpt>
    <wpt lat="58.1590200" lon="14.5708200">
        <name>2217</name>
    </wpt>
    <wpt lat="58.1584500" lon="14.5706300">
        <name>2218</name>
    </wpt>
    <wpt lat="58.1577000" lon="14.5703800">
        <name>2219</name>
    </wpt>
    <wpt lat="58.1572700" lon="14.5702300">
        <name>2220</name>
    </wpt>
    <wpt lat="58.1567900" lon="14.5700600">
        <name>2221</name>
    </wpt>
    <wpt lat="58.1561200" lon="14.5698400">
        <name>2222</name>
    </wpt>
    <wpt lat="58.1552400" lon="14.5695400">
        <name>2223</name>
    </wpt>
    <wpt lat="58.1547100" lon="14.5693600">
        <name>2224</name>
    </wpt>
    <wpt lat="58.1546000" lon="14.5693200">
        <name>2225</name>
    </wpt>
    <wpt lat="58.1541600" lon="14.5691700">
        <name>2226</name>
    </wpt>
    <wpt lat="58.1537400" lon="14.5690300">
        <name>2227</name>
    </wpt>
    <wpt lat="58.1533600" lon="14.5689100">
        <name>2228</name>
    </wpt>
    <wpt lat="58.1529500" lon="14.5687700">
        <name>2229</name>
    </wpt>
    <wpt lat="58.1526400" lon="14.5686800">
        <name>2230</name>
    </wpt>
    <wpt lat="58.1524400" lon="14.5686400">
        <name>2231</name>
    </wpt>
    <wpt lat="58.1517700" lon="14.5685300">
        <name>2232</name>
    </wpt>
    <wpt lat="58.1515500" lon="14.5685100">
        <name>2233</name>
    </wpt>
    <wpt lat="58.1512400" lon="14.5685000">
        <name>2234</name>
    </wpt>
    <wpt lat="58.1510200" lon="14.5685100">
        <name>2235</name>
    </wpt>
    <wpt lat="58.1507900" lon="14.5685300">
        <name>2236</name>
    </wpt>
    <wpt lat="58.1499200" lon="14.5685800">
        <name>2237</name>
    </wpt>
    <wpt lat="58.1482600" lon="14.5688000">
        <name>2238</name>
    </wpt>
    <wpt lat="58.1482400" lon="14.5688000">
        <name>2239</name>
    </wpt>
    <wpt lat="58.1481000" lon="14.5688100">
        <name>2240</name>
    </wpt>
    <wpt lat="58.1473900" lon="14.5689200">
        <name>2241</name>
    </wpt>
    <wpt lat="58.1473200" lon="14.5689300">
        <name>2242</name>
    </wpt>
    <wpt lat="58.1469500" lon="14.5689600">
        <name>2243</name>
    </wpt>
    <wpt lat="58.1465900" lon="14.5689900">
        <name>2244</name>
    </wpt>
    <wpt lat="58.1462600" lon="14.5690000">
        <name>2245</name>
    </wpt>
    <wpt lat="58.1459800" lon="14.5689900">
        <name>2246</name>
    </wpt>
    <wpt lat="58.1457500" lon="14.5689700">
        <name>2247</name>
    </wpt>
    <wpt lat="58.1454500" lon="14.5689400">
        <name>2248</name>
    </wpt>
    <wpt lat="58.1451500" lon="14.5689100">
        <name>2249</name>
    </wpt>
    <wpt lat="58.1451500" lon="14.5689090">
        <name>2250</name>
    </wpt>
    <wpt lat="58.1451500" lon="14.5689100">
        <name>2251</name>
    </wpt>
    <wpt lat="58.1451300" lon="14.5691300">
        <name>2252</name>
    </wpt>
    <wpt lat="58.1451000" lon="14.5692800">
        <name>2253</name>
    </wpt>
    <wpt lat="58.1450600" lon="14.5693700">
        <name>2254</name>
    </wpt>
    <wpt lat="58.1450000" lon="14.5694300">
        <name>2255</name>
    </wpt>
    <wpt lat="58.1449200" lon="14.5694800">
        <name>2256</name>
    </wpt>
    <wpt lat="58.1448200" lon="14.5694900">
        <name>2257</name>
    </wpt>
    <wpt lat="58.1446800" lon="14.5694900">
        <name>2258</name>
    </wpt>
    <wpt lat="58.1445000" lon="14.5694800">
        <name>2259</name>
    </wpt>
    <wpt lat="58.1441500" lon="14.5694300">
        <name>2260</name>
    </wpt>
    <wpt lat="58.1438700" lon="14.5693900">
        <name>2261</name>
    </wpt>
    <wpt lat="58.1436400" lon="14.5693600">
        <name>2262</name>
    </wpt>
    <wpt lat="58.1435500" lon="14.5693400">
        <name>2263</name>
    </wpt>
    <wpt lat="58.1433600" lon="14.5693100">
        <name>2264</name>
    </wpt>
    <wpt lat="58.1432100" lon="14.5692800">
        <name>2265</name>
    </wpt>
    <wpt lat="58.1432100" lon="14.5692790">
        <name>2266</name>
    </wpt>
    <wpt lat="58.1432100" lon="14.5692800">
        <name>2267</name>
    </wpt>
    <wpt lat="58.1431800" lon="14.5700200">
        <name>2268</name>
    </wpt>
    <wpt lat="58.1431700" lon="14.5701400">
        <name>2269</name>
    </wpt>
    <wpt lat="58.1430800" lon="14.5701300">
        <name>2270</name>
    </wpt>
    <wpt lat="58.1430800" lon="14.5702100">
        <name>2271</name>
    </wpt>
    <wpt lat="58.1431100" lon="14.5703200">
        <name>2272</name>
    </wpt>
    <wpt lat="58.1430600" lon="14.5711400">
        <name>2273</name>
    </wpt>
    <wpt lat="58.1430600" lon="14.5711600">
        <name>2274</name>
    </wpt>
    <wpt lat="58.1430500" lon="14.5713600">
        <name>2275</name>
    </wpt>
    <wpt lat="58.1430500" lon="14.5713800">
        <name>2276</name>
    </wpt>
    <wpt lat="58.1430500" lon="14.5714800">
        <name>2277</name>
    </wpt>
    <wpt lat="58.1430400" lon="14.5715700">
        <name>2278</name>
    </wpt>
    <wpt lat="58.1430300" lon="14.5719500">
        <name>2279</name>
    </wpt>
    <wpt lat="58.1430200" lon="14.5721400">
        <name>2280</name>
    </wpt>
    <wpt lat="58.1430300" lon="14.5723400">
        <name>2281</name>
    </wpt>
    <wpt lat="58.1430500" lon="14.5725400">
        <name>2282</name>
    </wpt>
    <wpt lat="58.1430800" lon="14.5727400">
        <name>2283</name>
    </wpt>
    <wpt lat="58.1431800" lon="14.5731500">
        <name>2284</name>
    </wpt>
    <wpt lat="58.1431800" lon="14.5731490">
        <name>2285</name>
    </wpt>
    <wpt lat="58.1431800" lon="14.5731500">
        <name>2286</name>
    </wpt>
    <wpt lat="58.1431600" lon="14.5732600">
        <name>2287</name>
    </wpt>
    <wpt lat="58.1432100" lon="14.5733600">
        <name>2288</name>
    </wpt>
    <wpt lat="58.1432100" lon="14.5733590">
        <name>2289</name>
    </wpt>
    <wpt lat="58.1432100" lon="14.5733600">
        <name>2290</name>
    </wpt>
    <wpt lat="58.1429900" lon="14.5736900">
        <name>2291</name>
    </wpt>
    <wpt lat="58.1428400" lon="14.5739200">
        <name>2292</name>
    </wpt>
    <wpt lat="58.1427100" lon="14.5741200">
        <name>2293</name>
    </wpt>
    <wpt lat="58.1425800" lon="14.5742800">
        <name>2294</name>
    </wpt>
    <wpt lat="58.1424300" lon="14.5744300">
        <name>2295</name>
    </wpt>
    <wpt lat="58.1422700" lon="14.5745700">
        <name>2296</name>
    </wpt>
    <wpt lat="58.1420900" lon="14.5746600">
        <name>2297</name>
    </wpt>
    <wpt lat="58.1419200" lon="14.5747200">
        <name>2298</name>
    </wpt>
    <wpt lat="58.1417400" lon="14.5747600">
        <name>2299</name>
    </wpt>
    <wpt lat="58.1413800" lon="14.5747600">
        <name>2300</name>
    </wpt>
    <wpt lat="58.1410000" lon="14.5747700">
        <name>2301</name>
    </wpt>
    <wpt lat="58.1406900" lon="14.5747800">
        <name>2302</name>
    </wpt>
    <wpt lat="58.1405100" lon="14.5747900">
        <name>2303</name>
    </wpt>
    <wpt lat="58.1403000" lon="14.5748200">
        <name>2304</name>
    </wpt>
    <wpt lat="58.1401000" lon="14.5748700">
        <name>2305</name>
    </wpt>
    <wpt lat="58.1398800" lon="14.5749300">
        <name>2306</name>
    </wpt>
    <wpt lat="58.1395900" lon="14.5750400">
        <name>2307</name>
    </wpt>
    <wpt lat="58.1392900" lon="14.5751900">
        <name>2308</name>
    </wpt>
    <wpt lat="58.1390900" lon="14.5753100">
        <name>2309</name>
    </wpt>
    <wpt lat="58.1389100" lon="14.5754300">
        <name>2310</name>
    </wpt>
    <wpt lat="58.1387300" lon="14.5755600">
        <name>2311</name>
    </wpt>
    <wpt lat="58.1385400" lon="14.5757200">
        <name>2312</name>
    </wpt>
    <wpt lat="58.1383000" lon="14.5759400">
        <name>2313</name>
    </wpt>
    <wpt lat="58.1381000" lon="14.5761600">
        <name>2314</name>
    </wpt>
    <wpt lat="58.1379600" lon="14.5763200">
        <name>2315</name>
    </wpt>
    <wpt lat="58.1378400" lon="14.5764700">
        <name>2316</name>
    </wpt>
    <wpt lat="58.1377300" lon="14.5766200">
        <name>2317</name>
    </wpt>
    <wpt lat="58.1375400" lon="14.5768700">
        <name>2318</name>
    </wpt>
    <wpt lat="58.1373600" lon="14.5771600">
        <name>2319</name>
    </wpt>
    <wpt lat="58.1370800" lon="14.5776300">
        <name>2320</name>
    </wpt>
    <wpt lat="58.1366900" lon="14.5783000">
        <name>2321</name>
    </wpt>
    <wpt lat="58.1365200" lon="14.5786100">
        <name>2322</name>
    </wpt>
    <wpt lat="58.1363700" lon="14.5788900">
        <name>2323</name>
    </wpt>
    <wpt lat="58.1362700" lon="14.5791000">
        <name>2324</name>
    </wpt>
    <wpt lat="58.1361700" lon="14.5793300">
        <name>2325</name>
    </wpt>
    <wpt lat="58.1360400" lon="14.5796400">
        <name>2326</name>
    </wpt>
    <wpt lat="58.1359100" lon="14.5799700">
        <name>2327</name>
    </wpt>
    <wpt lat="58.1358100" lon="14.5802800">
        <name>2328</name>
    </wpt>
    <wpt lat="58.1357100" lon="14.5805600">
        <name>2329</name>
    </wpt>
    <wpt lat="58.1356400" lon="14.5808200">
        <name>2330</name>
    </wpt>
    <wpt lat="58.1355400" lon="14.5811400">
        <name>2331</name>
    </wpt>
    <wpt lat="58.1354600" lon="14.5814500">
        <name>2332</name>
    </wpt>
    <wpt lat="58.1353800" lon="14.5817700">
        <name>2333</name>
    </wpt>
    <wpt lat="58.1353000" lon="14.5821600">
        <name>2334</name>
    </wpt>
    <wpt lat="58.1353000" lon="14.5821700">
        <name>2335</name>
    </wpt>
    <wpt lat="58.1352500" lon="14.5823900">
        <name>2336</name>
    </wpt>
    <wpt lat="58.1352000" lon="14.5826800">
        <name>2337</name>
    </wpt>
    <wpt lat="58.1351600" lon="14.5829900">
        <name>2338</name>
    </wpt>
    <wpt lat="58.1351200" lon="14.5833000">
        <name>2339</name>
    </wpt>
    <wpt lat="58.1350600" lon="14.5838700">
        <name>2340</name>
    </wpt>
    <wpt lat="58.1350100" lon="14.5845900">
        <name>2341</name>
    </wpt>
    <wpt lat="58.1349600" lon="14.5853400">
        <name>2342</name>
    </wpt>
    <wpt lat="58.1349400" lon="14.5856600">
        <name>2343</name>
    </wpt>
    <wpt lat="58.1349300" lon="14.5860300">
        <name>2344</name>
    </wpt>
    <wpt lat="58.1349400" lon="14.5864000">
        <name>2345</name>
    </wpt>
    <wpt lat="58.1349500" lon="14.5866600">
        <name>2346</name>
    </wpt>
    <wpt lat="58.1349600" lon="14.5869700">
        <name>2347</name>
    </wpt>
    <wpt lat="58.1349700" lon="14.5871000">
        <name>2348</name>
    </wpt>
    <wpt lat="58.1349700" lon="14.5872000">
        <name>2349</name>
    </wpt>
    <wpt lat="58.1349600" lon="14.5873100">
        <name>2350</name>
    </wpt>
    <wpt lat="58.1349400" lon="14.5874300">
        <name>2351</name>
    </wpt>
    <wpt lat="58.1349100" lon="14.5876100">
        <name>2352</name>
    </wpt>
    <wpt lat="58.1348800" lon="14.5877700">
        <name>2353</name>
    </wpt>
    <wpt lat="58.1348600" lon="14.5879200">
        <name>2354</name>
    </wpt>
    <wpt lat="58.1348400" lon="14.5880900">
        <name>2355</name>
    </wpt>
    <wpt lat="58.1348300" lon="14.5882600">
        <name>2356</name>
    </wpt>
    <wpt lat="58.1348200" lon="14.5883900">
        <name>2357</name>
    </wpt>
    <wpt lat="58.1347900" lon="14.5885000">
        <name>2358</name>
    </wpt>
    <wpt lat="58.1347600" lon="14.5886300">
        <name>2359</name>
    </wpt>
    <wpt lat="58.1347000" lon="14.5887600">
        <name>2360</name>
    </wpt>
    <wpt lat="58.1346400" lon="14.5888600">
        <name>2361</name>
    </wpt>
    <wpt lat="58.1345600" lon="14.5889700">
        <name>2362</name>
    </wpt>
    <wpt lat="58.1345000" lon="14.5890600">
        <name>2363</name>
    </wpt>
    <wpt lat="58.1344500" lon="14.5891500">
        <name>2364</name>
    </wpt>
    <wpt lat="58.1344000" lon="14.5892500">
        <name>2365</name>
    </wpt>
    <wpt lat="58.1343800" lon="14.5893900">
        <name>2366</name>
    </wpt>
    <wpt lat="58.1343700" lon="14.5895600">
        <name>2367</name>
    </wpt>
    <wpt lat="58.1343800" lon="14.5897900">
        <name>2368</name>
    </wpt>
    <wpt lat="58.1344000" lon="14.5899900">
        <name>2369</name>
    </wpt>
    <wpt lat="58.1344500" lon="14.5902300">
        <name>2370</name>
    </wpt>
    <wpt lat="58.1344800" lon="14.5904000">
        <name>2371</name>
    </wpt>
    <wpt lat="58.1345100" lon="14.5905300">
        <name>2372</name>
    </wpt>
    <wpt lat="58.1345200" lon="14.5906700">
        <name>2373</name>
    </wpt>
    <wpt lat="58.1345200" lon="14.5908100">
        <name>2374</name>
    </wpt>
    <wpt lat="58.1344800" lon="14.5910600">
        <name>2375</name>
    </wpt>
    <wpt lat="58.1344500" lon="14.5913100">
        <name>2376</name>
    </wpt>
    <wpt lat="58.1344000" lon="14.5917300">
        <name>2377</name>
    </wpt>
    <wpt lat="58.1343500" lon="14.5920500">
        <name>2378</name>
    </wpt>
    <wpt lat="58.1343200" lon="14.5922700">
        <name>2379</name>
    </wpt>
    <wpt lat="58.1343000" lon="14.5923800">
        <name>2380</name>
    </wpt>
    <wpt lat="58.1343000" lon="14.5924900">
        <name>2381</name>
    </wpt>
    <wpt lat="58.1343100" lon="14.5926500">
        <name>2382</name>
    </wpt>
    <wpt lat="58.1343700" lon="14.5931100">
        <name>2383</name>
    </wpt>
    <wpt lat="58.1343900" lon="14.5932700">
        <name>2384</name>
    </wpt>
    <wpt lat="58.1343900" lon="14.5934100">
        <name>2385</name>
    </wpt>
    <wpt lat="58.1343700" lon="14.5935400">
        <name>2386</name>
    </wpt>
    <wpt lat="58.1343200" lon="14.5936500">
        <name>2387</name>
    </wpt>
    <wpt lat="58.1342400" lon="14.5937200">
        <name>2388</name>
    </wpt>
    <wpt lat="58.1341500" lon="14.5937600">
        <name>2389</name>
    </wpt>
    <wpt lat="58.1339600" lon="14.5938200">
        <name>2390</name>
    </wpt>
    <wpt lat="58.1338400" lon="14.5938700">
        <name>2391</name>
    </wpt>
    <wpt lat="58.1337800" lon="14.5939200">
        <name>2392</name>
    </wpt>
    <wpt lat="58.1337100" lon="14.5939800">
        <name>2393</name>
    </wpt>
    <wpt lat="58.1336600" lon="14.5940600">
        <name>2394</name>
    </wpt>
    <wpt lat="58.1336100" lon="14.5941600">
        <name>2395</name>
    </wpt>
    <wpt lat="58.1335500" lon="14.5943500">
        <name>2396</name>
    </wpt>
    <wpt lat="58.1335000" lon="14.5945300">
        <name>2397</name>
    </wpt>
    <wpt lat="58.1334300" lon="14.5946800">
        <name>2398</name>
    </wpt>
    <wpt lat="58.1333600" lon="14.5948100">
        <name>2399</name>
    </wpt>
    <wpt lat="58.1332600" lon="14.5949400">
        <name>2400</name>
    </wpt>
    <wpt lat="58.1331000" lon="14.5951000">
        <name>2401</name>
    </wpt>
    <wpt lat="58.1330400" lon="14.5951700">
        <name>2402</name>
    </wpt>
    <wpt lat="58.1329800" lon="14.5952600">
        <name>2403</name>
    </wpt>
    <wpt lat="58.1329500" lon="14.5953700">
        <name>2404</name>
    </wpt>
    <wpt lat="58.1329300" lon="14.5955100">
        <name>2405</name>
    </wpt>
    <wpt lat="58.1329100" lon="14.5960600">
        <name>2406</name>
    </wpt>
    <wpt lat="58.1329000" lon="14.5963000">
        <name>2407</name>
    </wpt>
    <wpt lat="58.1329100" lon="14.5964300">
        <name>2408</name>
    </wpt>
    <wpt lat="58.1329200" lon="14.5965500">
        <name>2409</name>
    </wpt>
    <wpt lat="58.1329600" lon="14.5967100">
        <name>2410</name>
    </wpt>
    <wpt lat="58.1330200" lon="14.5969100">
        <name>2411</name>
    </wpt>
    <wpt lat="58.1330400" lon="14.5970300">
        <name>2412</name>
    </wpt>
    <wpt lat="58.1330500" lon="14.5972000">
        <name>2413</name>
    </wpt>
    <wpt lat="58.1330400" lon="14.5974700">
        <name>2414</name>
    </wpt>
    <wpt lat="58.1330400" lon="14.5976400">
        <name>2415</name>
    </wpt>
    <wpt lat="58.1330400" lon="14.5977700">
        <name>2416</name>
    </wpt>
    <wpt lat="58.1330500" lon="14.5979300">
        <name>2417</name>
    </wpt>
    <wpt lat="58.1330900" lon="14.5980400">
        <name>2418</name>
    </wpt>
    <wpt lat="58.1331400" lon="14.5981400">
        <name>2419</name>
    </wpt>
    <wpt lat="58.1332100" lon="14.5982300">
        <name>2420</name>
    </wpt>
    <wpt lat="58.1332900" lon="14.5983200">
        <name>2421</name>
    </wpt>
    <wpt lat="58.1333700" lon="14.5983700">
        <name>2422</name>
    </wpt>
    <wpt lat="58.1334400" lon="14.5984100">
        <name>2423</name>
    </wpt>
    <wpt lat="58.1335900" lon="14.5984700">
        <name>2424</name>
    </wpt>
    <wpt lat="58.1336700" lon="14.5985100">
        <name>2425</name>
    </wpt>
    <wpt lat="58.1337500" lon="14.5985900">
        <name>2426</name>
    </wpt>
    <wpt lat="58.1338100" lon="14.5986800">
        <name>2427</name>
    </wpt>
    <wpt lat="58.1338600" lon="14.5987900">
        <name>2428</name>
    </wpt>
    <wpt lat="58.1339000" lon="14.5989400">
        <name>2429</name>
    </wpt>
    <wpt lat="58.1339200" lon="14.5991000">
        <name>2430</name>
    </wpt>
    <wpt lat="58.1339400" lon="14.5993000">
        <name>2431</name>
    </wpt>
    <wpt lat="58.1339400" lon="14.5994300">
        <name>2432</name>
    </wpt>
    <wpt lat="58.1339200" lon="14.5995800">
        <name>2433</name>
    </wpt>
    <wpt lat="58.1339000" lon="14.5997200">
        <name>2434</name>
    </wpt>
    <wpt lat="58.1338500" lon="14.5998900">
        <name>2435</name>
    </wpt>
    <wpt lat="58.1337900" lon="14.6001400">
        <name>2436</name>
    </wpt>
    <wpt lat="58.1337600" lon="14.6002700">
        <name>2437</name>
    </wpt>
    <wpt lat="58.1337400" lon="14.6004100">
        <name>2438</name>
    </wpt>
    <wpt lat="58.1337500" lon="14.6005600">
        <name>2439</name>
    </wpt>
    <wpt lat="58.1337800" lon="14.6007700">
        <name>2440</name>
    </wpt>
    <wpt lat="58.1338100" lon="14.6009200">
        <name>2441</name>
    </wpt>
    <wpt lat="58.1338400" lon="14.6010700">
        <name>2442</name>
    </wpt>
    <wpt lat="58.1338600" lon="14.6012200">
        <name>2443</name>
    </wpt>
    <wpt lat="58.1338600" lon="14.6013800">
        <name>2444</name>
    </wpt>
    <wpt lat="58.1338400" lon="14.6015800">
        <name>2445</name>
    </wpt>
    <wpt lat="58.1338100" lon="14.6018600">
        <name>2446</name>
    </wpt>
    <wpt lat="58.1338100" lon="14.6020300">
        <name>2447</name>
    </wpt>
    <wpt lat="58.1338100" lon="14.6021800">
        <name>2448</name>
    </wpt>
    <wpt lat="58.1338300" lon="14.6023400">
        <name>2449</name>
    </wpt>
    <wpt lat="58.1338600" lon="14.6025000">
        <name>2450</name>
    </wpt>
    <wpt lat="58.1339000" lon="14.6027000">
        <name>2451</name>
    </wpt>
    <wpt lat="58.1339300" lon="14.6028400">
        <name>2452</name>
    </wpt>
    <wpt lat="58.1340000" lon="14.6032500">
        <name>2453</name>
    </wpt>
    <wpt lat="58.1340400" lon="14.6034100">
        <name>2454</name>
    </wpt>
    <wpt lat="58.1340800" lon="14.6035100">
        <name>2455</name>
    </wpt>
    <wpt lat="58.1341300" lon="14.6035800">
        <name>2456</name>
    </wpt>
    <wpt lat="58.1342300" lon="14.6036500">
        <name>2457</name>
    </wpt>
    <wpt lat="58.1343800" lon="14.6037200">
        <name>2458</name>
    </wpt>
    <wpt lat="58.1344500" lon="14.6037900">
        <name>2459</name>
    </wpt>
    <wpt lat="58.1345300" lon="14.6039300">
        <name>2460</name>
    </wpt>
    <wpt lat="58.1346800" lon="14.6041800">
        <name>2461</name>
    </wpt>
    <wpt lat="58.1348300" lon="14.6044200">
        <name>2462</name>
    </wpt>
    <wpt lat="58.1350300" lon="14.6047000">
        <name>2463</name>
    </wpt>
    <wpt lat="58.1351400" lon="14.6048400">
        <name>2464</name>
    </wpt>
    <wpt lat="58.1352300" lon="14.6049200">
        <name>2465</name>
    </wpt>
    <wpt lat="58.1353100" lon="14.6049800">
        <name>2466</name>
    </wpt>
    <wpt lat="58.1353400" lon="14.6049800">
        <name>2467</name>
    </wpt>
    <wpt lat="58.1354100" lon="14.6049900">
        <name>2468</name>
    </wpt>
    <wpt lat="58.1357400" lon="14.6049700">
        <name>2469</name>
    </wpt>
    <wpt lat="58.1360100" lon="14.6049600">
        <name>2470</name>
    </wpt>
    <wpt lat="58.1361100" lon="14.6049700">
        <name>2471</name>
    </wpt>
    <wpt lat="58.1362000" lon="14.6050100">
        <name>2472</name>
    </wpt>
    <wpt lat="58.1363100" lon="14.6050900">
        <name>2473</name>
    </wpt>
    <wpt lat="58.1364100" lon="14.6052200">
        <name>2474</name>
    </wpt>
    <wpt lat="58.1365100" lon="14.6054300">
        <name>2475</name>
    </wpt>
    <wpt lat="58.1365800" lon="14.6056100">
        <name>2476</name>
    </wpt>
    <wpt lat="58.1366900" lon="14.6060000">
        <name>2477</name>
    </wpt>
    <wpt lat="58.1368200" lon="14.6064100">
        <name>2478</name>
    </wpt>
    <wpt lat="58.1368900" lon="14.6066300">
        <name>2479</name>
    </wpt>
    <wpt lat="58.1369800" lon="14.6068400">
        <name>2480</name>
    </wpt>
    <wpt lat="58.1370400" lon="14.6069900">
        <name>2481</name>
    </wpt>
    <wpt lat="58.1371200" lon="14.6071900">
        <name>2482</name>
    </wpt>
    <wpt lat="58.1372100" lon="14.6074000">
        <name>2483</name>
    </wpt>
    <wpt lat="58.1372600" lon="14.6074800">
        <name>2484</name>
    </wpt>
    <wpt lat="58.1373200" lon="14.6075500">
        <name>2485</name>
    </wpt>
    <wpt lat="58.1374700" lon="14.6076600">
        <name>2486</name>
    </wpt>
    <wpt lat="58.1377400" lon="14.6078400">
        <name>2487</name>
    </wpt>
    <wpt lat="58.1379100" lon="14.6079500">
        <name>2488</name>
    </wpt>
    <wpt lat="58.1380300" lon="14.6080100">
        <name>2489</name>
    </wpt>
    <wpt lat="58.1381300" lon="14.6080500">
        <name>2490</name>
    </wpt>
    <wpt lat="58.1382600" lon="14.6080800">
        <name>2491</name>
    </wpt>
    <wpt lat="58.1383700" lon="14.6080800">
        <name>2492</name>
    </wpt>
    <wpt lat="58.1385400" lon="14.6080400">
        <name>2493</name>
    </wpt>
    <wpt lat="58.1387200" lon="14.6079800">
        <name>2494</name>
    </wpt>
    <wpt lat="58.1389500" lon="14.6078300">
        <name>2495</name>
    </wpt>
    <wpt lat="58.1390600" lon="14.6077400">
        <name>2496</name>
    </wpt>
    <wpt lat="58.1391700" lon="14.6076700">
        <name>2497</name>
    </wpt>
    <wpt lat="58.1392500" lon="14.6076300">
        <name>2498</name>
    </wpt>
    <wpt lat="58.1393400" lon="14.6076000">
        <name>2499</name>
    </wpt>
    <wpt lat="58.1394600" lon="14.6075500">
        <name>2500</name>
    </wpt>
    <wpt lat="58.1395800" lon="14.6075200">
        <name>2501</name>
    </wpt>
    <wpt lat="58.1397500" lon="14.6074900">
        <name>2502</name>
    </wpt>
    <wpt lat="58.1400600" lon="14.6074700">
        <name>2503</name>
    </wpt>
    <wpt lat="58.1401500" lon="14.6074500">
        <name>2504</name>
    </wpt>
    <wpt lat="58.1402400" lon="14.6074800">
        <name>2505</name>
    </wpt>
    <wpt lat="58.1403200" lon="14.6075400">
        <name>2506</name>
    </wpt>
    <wpt lat="58.1404400" lon="14.6076600">
        <name>2507</name>
    </wpt>
    <wpt lat="58.1406000" lon="14.6078500">
        <name>2508</name>
    </wpt>
    <wpt lat="58.1406700" lon="14.6079700">
        <name>2509</name>
    </wpt>
    <wpt lat="58.1407500" lon="14.6080900">
        <name>2510</name>
    </wpt>
    <wpt lat="58.1408200" lon="14.6081700">
        <name>2511</name>
    </wpt>
    <wpt lat="58.1409300" lon="14.6082900">
        <name>2512</name>
    </wpt>
    <wpt lat="58.1410100" lon="14.6083900">
        <name>2513</name>
    </wpt>
    <wpt lat="58.1410800" lon="14.6085100">
        <name>2514</name>
    </wpt>
    <wpt lat="58.1411400" lon="14.6086500">
        <name>2515</name>
    </wpt>
    <wpt lat="58.1412100" lon="14.6088600">
        <name>2516</name>
    </wpt>
    <wpt lat="58.1412800" lon="14.6090500">
        <name>2517</name>
    </wpt>
    <wpt lat="58.1413400" lon="14.6091900">
        <name>2518</name>
    </wpt>
    <wpt lat="58.1413800" lon="14.6092900">
        <name>2519</name>
    </wpt>
    <wpt lat="58.1414300" lon="14.6093800">
        <name>2520</name>
    </wpt>
    <wpt lat="58.1415400" lon="14.6095500">
        <name>2521</name>
    </wpt>
    <wpt lat="58.1416500" lon="14.6097600">
        <name>2522</name>
    </wpt>
    <wpt lat="58.1417200" lon="14.6099400">
        <name>2523</name>
    </wpt>
    <wpt lat="58.1418100" lon="14.6102200">
        <name>2524</name>
    </wpt>
    <wpt lat="58.1419400" lon="14.6106500">
        <name>2525</name>
    </wpt>
    <wpt lat="58.1419700" lon="14.6108300">
        <name>2526</name>
    </wpt>
    <wpt lat="58.1420000" lon="14.6109800">
        <name>2527</name>
    </wpt>
    <wpt lat="58.1420100" lon="14.6111500">
        <name>2528</name>
    </wpt>
    <wpt lat="58.1419900" lon="14.6113400">
        <name>2529</name>
    </wpt>
    <wpt lat="58.1419600" lon="14.6115600">
        <name>2530</name>
    </wpt>
    <wpt lat="58.1418400" lon="14.6123100">
        <name>2531</name>
    </wpt>
    <wpt lat="58.1417800" lon="14.6126800">
        <name>2532</name>
    </wpt>
    <wpt lat="58.1417600" lon="14.6128700">
        <name>2533</name>
    </wpt>
    <wpt lat="58.1417500" lon="14.6130100">
        <name>2534</name>
    </wpt>
    <wpt lat="58.1417400" lon="14.6131500">
        <name>2535</name>
    </wpt>
    <wpt lat="58.1417500" lon="14.6133700">
        <name>2536</name>
    </wpt>
    <wpt lat="58.1417800" lon="14.6136200">
        <name>2537</name>
    </wpt>
    <wpt lat="58.1418100" lon="14.6139200">
        <name>2538</name>
    </wpt>
    <wpt lat="58.1418300" lon="14.6141400">
        <name>2539</name>
    </wpt>
    <wpt lat="58.1418400" lon="14.6144800">
        <name>2540</name>
    </wpt>
    <wpt lat="58.1418500" lon="14.6148700">
        <name>2541</name>
    </wpt>
    <wpt lat="58.1418600" lon="14.6150900">
        <name>2542</name>
    </wpt>
    <wpt lat="58.1418800" lon="14.6152400">
        <name>2543</name>
    </wpt>
    <wpt lat="58.1419200" lon="14.6153800">
        <name>2544</name>
    </wpt>
    <wpt lat="58.1419900" lon="14.6155400">
        <name>2545</name>
    </wpt>
    <wpt lat="58.1420500" lon="14.6157200">
        <name>2546</name>
    </wpt>
    <wpt lat="58.1420800" lon="14.6158800">
        <name>2547</name>
    </wpt>
    <wpt lat="58.1421000" lon="14.6160600">
        <name>2548</name>
    </wpt>
    <wpt lat="58.1421000" lon="14.6162600">
        <name>2549</name>
    </wpt>
    <wpt lat="58.1420900" lon="14.6165100">
        <name>2550</name>
    </wpt>
    <wpt lat="58.1420600" lon="14.6166900">
        <name>2551</name>
    </wpt>
    <wpt lat="58.1420100" lon="14.6169400">
        <name>2552</name>
    </wpt>
    <wpt lat="58.1419600" lon="14.6171800">
        <name>2553</name>
    </wpt>
    <wpt lat="58.1419100" lon="14.6173800">
        <name>2554</name>
    </wpt>
    <wpt lat="58.1418400" lon="14.6176700">
        <name>2555</name>
    </wpt>
    <wpt lat="58.1417700" lon="14.6179800">
        <name>2556</name>
    </wpt>
    <wpt lat="58.1416500" lon="14.6185700">
        <name>2557</name>
    </wpt>
    <wpt lat="58.1415000" lon="14.6189700">
        <name>2558</name>
    </wpt>
    <wpt lat="58.1413800" lon="14.6192300">
        <name>2559</name>
    </wpt>
    <wpt lat="58.1412900" lon="14.6194400">
        <name>2560</name>
    </wpt>
    <wpt lat="58.1412300" lon="14.6196800">
        <name>2561</name>
    </wpt>
    <wpt lat="58.1411900" lon="14.6199600">
        <name>2562</name>
    </wpt>
    <wpt lat="58.1411700" lon="14.6203300">
        <name>2563</name>
    </wpt>
    <wpt lat="58.1411600" lon="14.6208800">
        <name>2564</name>
    </wpt>
    <wpt lat="58.1411200" lon="14.6213000">
        <name>2565</name>
    </wpt>
    <wpt lat="58.1410600" lon="14.6216800">
        <name>2566</name>
    </wpt>
    <wpt lat="58.1409600" lon="14.6220500">
        <name>2567</name>
    </wpt>
    <wpt lat="58.1408600" lon="14.6222500">
        <name>2568</name>
    </wpt>
    <wpt lat="58.1407400" lon="14.6224500">
        <name>2569</name>
    </wpt>
    <wpt lat="58.1406500" lon="14.6226400">
        <name>2570</name>
    </wpt>
    <wpt lat="58.1405600" lon="14.6228700">
        <name>2571</name>
    </wpt>
    <wpt lat="58.1405200" lon="14.6231000">
        <name>2572</name>
    </wpt>
    <wpt lat="58.1405000" lon="14.6234000">
        <name>2573</name>
    </wpt>
    <wpt lat="58.1405300" lon="14.6238300">
        <name>2574</name>
    </wpt>
    <wpt lat="58.1405500" lon="14.6242700">
        <name>2575</name>
    </wpt>
    <wpt lat="58.1405600" lon="14.6245500">
        <name>2576</name>
    </wpt>
    <wpt lat="58.1406900" lon="14.6245900">
        <name>2577</name>
    </wpt>
    <wpt lat="58.1408500" lon="14.6246900">
        <name>2578</name>
    </wpt>
    <wpt lat="58.1409800" lon="14.6248300">
        <name>2579</name>
    </wpt>
    <wpt lat="58.1411700" lon="14.6250200">
        <name>2580</name>
    </wpt>
    <wpt lat="58.1413600" lon="14.6251900">
        <name>2581</name>
    </wpt>
    <wpt lat="58.1414600" lon="14.6252700">
        <name>2582</name>
    </wpt>
    <wpt lat="58.1416300" lon="14.6252900">
        <name>2583</name>
    </wpt>
    <wpt lat="58.1418300" lon="14.6252600">
        <name>2584</name>
    </wpt>
    <wpt lat="58.1419600" lon="14.6251900">
        <name>2585</name>
    </wpt>
    <wpt lat="58.1421200" lon="14.6250800">
        <name>2586</name>
    </wpt>
    <wpt lat="58.1422800" lon="14.6249600">
        <name>2587</name>
    </wpt>
    <wpt lat="58.1424000" lon="14.6248900">
        <name>2588</name>
    </wpt>
    <wpt lat="58.1425300" lon="14.6248600">
        <name>2589</name>
    </wpt>
    <wpt lat="58.1426600" lon="14.6248600">
        <name>2590</name>
    </wpt>
    <wpt lat="58.1428000" lon="14.6249000">
        <name>2591</name>
    </wpt>
    <wpt lat="58.1429700" lon="14.6250200">
        <name>2592</name>
    </wpt>
    <wpt lat="58.1435900" lon="14.6253500">
        <name>2593</name>
    </wpt>
    <wpt lat="58.1437400" lon="14.6254300">
        <name>2594</name>
    </wpt>
    <wpt lat="58.1441600" lon="14.6256700">
        <name>2595</name>
    </wpt>
    <wpt lat="58.1442600" lon="14.6257200">
        <name>2596</name>
    </wpt>
    <wpt lat="58.1444000" lon="14.6258000">
        <name>2597</name>
    </wpt>
    <wpt lat="58.1444700" lon="14.6258500">
        <name>2598</name>
    </wpt>
    <wpt lat="58.1445900" lon="14.6259300">
        <name>2599</name>
    </wpt>
    <wpt lat="58.1447000" lon="14.6260100">
        <name>2600</name>
    </wpt>
    <wpt lat="58.1448300" lon="14.6261400">
        <name>2601</name>
    </wpt>
    <wpt lat="58.1449200" lon="14.6262800">
        <name>2602</name>
    </wpt>
    <wpt lat="58.1449900" lon="14.6264900">
        <name>2603</name>
    </wpt>
    <wpt lat="58.1450400" lon="14.6267100">
        <name>2604</name>
    </wpt>
    <wpt lat="58.1451400" lon="14.6271500">
        <name>2605</name>
    </wpt>
    <wpt lat="58.1452100" lon="14.6274400">
        <name>2606</name>
    </wpt>
    <wpt lat="58.1452700" lon="14.6275700">
        <name>2607</name>
    </wpt>
    <wpt lat="58.1453400" lon="14.6277000">
        <name>2608</name>
    </wpt>
    <wpt lat="58.1454300" lon="14.6278000">
        <name>2609</name>
    </wpt>
    <wpt lat="58.1455700" lon="14.6278700">
        <name>2610</name>
    </wpt>
    <wpt lat="58.1458300" lon="14.6279700">
        <name>2611</name>
    </wpt>
    <wpt lat="58.1459700" lon="14.6280300">
        <name>2612</name>
    </wpt>
    <wpt lat="58.1461000" lon="14.6280500">
        <name>2613</name>
    </wpt>
    <wpt lat="58.1462200" lon="14.6280700">
        <name>2614</name>
    </wpt>
    <wpt lat="58.1465600" lon="14.6280500">
        <name>2615</name>
    </wpt>
    <wpt lat="58.1468300" lon="14.6280100">
        <name>2616</name>
    </wpt>
    <wpt lat="58.1470600" lon="14.6279900">
        <name>2617</name>
    </wpt>
    <wpt lat="58.1471600" lon="14.6279600">
        <name>2618</name>
    </wpt>
    <wpt lat="58.1474800" lon="14.6276700">
        <name>2619</name>
    </wpt>
    <wpt lat="58.1476600" lon="14.6275600">
        <name>2620</name>
    </wpt>
    <wpt lat="58.1479300" lon="14.6274200">
        <name>2621</name>
    </wpt>
    <wpt lat="58.1482500" lon="14.6272800">
        <name>2622</name>
    </wpt>
    <wpt lat="58.1483100" lon="14.6272700">
        <name>2623</name>
    </wpt>
    <wpt lat="58.1483600" lon="14.6272600">
        <name>2624</name>
    </wpt>
    <wpt lat="58.1485700" lon="14.6272900">
        <name>2625</name>
    </wpt>
    <wpt lat="58.1487300" lon="14.6272500">
        <name>2626</name>
    </wpt>
    <wpt lat="58.1488700" lon="14.6271800">
        <name>2627</name>
    </wpt>
    <wpt lat="58.1490600" lon="14.6270200">
        <name>2628</name>
    </wpt>
    <wpt lat="58.1492000" lon="14.6269200">
        <name>2629</name>
    </wpt>
    <wpt lat="58.1493200" lon="14.6268200">
        <name>2630</name>
    </wpt>
    <wpt lat="58.1494500" lon="14.6267300">
        <name>2631</name>
    </wpt>
    <wpt lat="58.1496500" lon="14.6266700">
        <name>2632</name>
    </wpt>
    <wpt lat="58.1497300" lon="14.6266600">
        <name>2633</name>
    </wpt>
    <wpt lat="58.1498000" lon="14.6266600">
        <name>2634</name>
    </wpt>
    <wpt lat="58.1499500" lon="14.6267100">
        <name>2635</name>
    </wpt>
    <wpt lat="58.1501600" lon="14.6268500">
        <name>2636</name>
    </wpt>
    <wpt lat="58.1504100" lon="14.6270800">
        <name>2637</name>
    </wpt>
    <wpt lat="58.1505300" lon="14.6271600">
        <name>2638</name>
    </wpt>
    <wpt lat="58.1506500" lon="14.6271900">
        <name>2639</name>
    </wpt>
    <wpt lat="58.1507800" lon="14.6271900">
        <name>2640</name>
    </wpt>
    <wpt lat="58.1510000" lon="14.6271800">
        <name>2641</name>
    </wpt>
    <wpt lat="58.1511200" lon="14.6271700">
        <name>2642</name>
    </wpt>
    <wpt lat="58.1514000" lon="14.6271500">
        <name>2643</name>
    </wpt>
    <wpt lat="58.1516200" lon="14.6271600">
        <name>2644</name>
    </wpt>
    <wpt lat="58.1516700" lon="14.6271700">
        <name>2645</name>
    </wpt>
    <wpt lat="58.1517400" lon="14.6271900">
        <name>2646</name>
    </wpt>
    <wpt lat="58.1518000" lon="14.6272100">
        <name>2647</name>
    </wpt>
    <wpt lat="58.1519200" lon="14.6272600">
        <name>2648</name>
    </wpt>
    <wpt lat="58.1519800" lon="14.6272900">
        <name>2649</name>
    </wpt>
    <wpt lat="58.1520800" lon="14.6273300">
        <name>2650</name>
    </wpt>
    <wpt lat="58.1522000" lon="14.6273700">
        <name>2651</name>
    </wpt>
    <wpt lat="58.1523200" lon="14.6273700">
        <name>2652</name>
    </wpt>
    <wpt lat="58.1524300" lon="14.6273500">
        <name>2653</name>
    </wpt>
    <wpt lat="58.1525000" lon="14.6273400">
        <name>2654</name>
    </wpt>
    <wpt lat="58.1525700" lon="14.6273200">
        <name>2655</name>
    </wpt>
    <wpt lat="58.1526600" lon="14.6273200">
        <name>2656</name>
    </wpt>
    <wpt lat="58.1527600" lon="14.6273600">
        <name>2657</name>
    </wpt>
    <wpt lat="58.1528500" lon="14.6274000">
        <name>2658</name>
    </wpt>
    <wpt lat="58.1529400" lon="14.6274400">
        <name>2659</name>
    </wpt>
    <wpt lat="58.1530500" lon="14.6275100">
        <name>2660</name>
    </wpt>
    <wpt lat="58.1531600" lon="14.6275700">
        <name>2661</name>
    </wpt>
    <wpt lat="58.1532400" lon="14.6276100">
        <name>2662</name>
    </wpt>
    <wpt lat="58.1535000" lon="14.6276900">
        <name>2663</name>
    </wpt>
    <wpt lat="58.1537400" lon="14.6277400">
        <name>2664</name>
    </wpt>
    <wpt lat="58.1540100" lon="14.6278200">
        <name>2665</name>
    </wpt>
    <wpt lat="58.1542200" lon="14.6278600">
        <name>2666</name>
    </wpt>
    <wpt lat="58.1544400" lon="14.6279200">
        <name>2667</name>
    </wpt>
    <wpt lat="58.1545500" lon="14.6279900">
        <name>2668</name>
    </wpt>
    <wpt lat="58.1546600" lon="14.6280400">
        <name>2669</name>
    </wpt>
    <wpt lat="58.1547600" lon="14.6281400">
        <name>2670</name>
    </wpt>
    <wpt lat="58.1548400" lon="14.6282600">
        <name>2671</name>
    </wpt>
    <wpt lat="58.1548500" lon="14.6282900">
        <name>2672</name>
    </wpt>
    <wpt lat="58.1549100" lon="14.6283800">
        <name>2673</name>
    </wpt>
    <wpt lat="58.1550100" lon="14.6285100">
        <name>2674</name>
    </wpt>
    <wpt lat="58.1551500" lon="14.6286800">
        <name>2675</name>
    </wpt>
    <wpt lat="58.1552400" lon="14.6287600">
        <name>2676</name>
    </wpt>
    <wpt lat="58.1553600" lon="14.6288800">
        <name>2677</name>
    </wpt>
    <wpt lat="58.1554500" lon="14.6289900">
        <name>2678</name>
    </wpt>
    <wpt lat="58.1556900" lon="14.6292900">
        <name>2679</name>
    </wpt>
    <wpt lat="58.1558000" lon="14.6294400">
        <name>2680</name>
    </wpt>
    <wpt lat="58.1558800" lon="14.6295000">
        <name>2681</name>
    </wpt>
    <wpt lat="58.1559900" lon="14.6295300">
        <name>2682</name>
    </wpt>
    <wpt lat="58.1560700" lon="14.6295000">
        <name>2683</name>
    </wpt>
    <wpt lat="58.1562300" lon="14.6294400">
        <name>2684</name>
    </wpt>
    <wpt lat="58.1563700" lon="14.6293600">
        <name>2685</name>
    </wpt>
    <wpt lat="58.1564800" lon="14.6292800">
        <name>2686</name>
    </wpt>
    <wpt lat="58.1565900" lon="14.6292100">
        <name>2687</name>
    </wpt>
    <wpt lat="58.1566900" lon="14.6291600">
        <name>2688</name>
    </wpt>
    <wpt lat="58.1568600" lon="14.6291400">
        <name>2689</name>
    </wpt>
    <wpt lat="58.1569500" lon="14.6291600">
        <name>2690</name>
    </wpt>
    <wpt lat="58.1570400" lon="14.6291800">
        <name>2691</name>
    </wpt>
    <wpt lat="58.1572000" lon="14.6291900">
        <name>2692</name>
    </wpt>
    <wpt lat="58.1572800" lon="14.6291800">
        <name>2693</name>
    </wpt>
    <wpt lat="58.1573800" lon="14.6291500">
        <name>2694</name>
    </wpt>
    <wpt lat="58.1574700" lon="14.6291200">
        <name>2695</name>
    </wpt>
    <wpt lat="58.1576400" lon="14.6290500">
        <name>2696</name>
    </wpt>
    <wpt lat="58.1578100" lon="14.6289500">
        <name>2697</name>
    </wpt>
    <wpt lat="58.1579000" lon="14.6289100">
        <name>2698</name>
    </wpt>
    <wpt lat="58.1580200" lon="14.6288600">
        <name>2699</name>
    </wpt>
    <wpt lat="58.1582800" lon="14.6287400">
        <name>2700</name>
    </wpt>
    <wpt lat="58.1584900" lon="14.6286400">
        <name>2701</name>
    </wpt>
    <wpt lat="58.1587300" lon="14.6285000">
        <name>2702</name>
    </wpt>
    <wpt lat="58.1588400" lon="14.6284100">
        <name>2703</name>
    </wpt>
    <wpt lat="58.1589200" lon="14.6284100">
        <name>2704</name>
    </wpt>
    <wpt lat="58.1589900" lon="14.6284400">
        <name>2705</name>
    </wpt>
    <wpt lat="58.1590800" lon="14.6285100">
        <name>2706</name>
    </wpt>
    <wpt lat="58.1591700" lon="14.6286100">
        <name>2707</name>
    </wpt>
    <wpt lat="58.1593200" lon="14.6287900">
        <name>2708</name>
    </wpt>
    <wpt lat="58.1594900" lon="14.6290100">
        <name>2709</name>
    </wpt>
    <wpt lat="58.1595600" lon="14.6291000">
        <name>2710</name>
    </wpt>
    <wpt lat="58.1598000" lon="14.6293400">
        <name>2711</name>
    </wpt>
    <wpt lat="58.1599100" lon="14.6294200">
        <name>2712</name>
    </wpt>
    <wpt lat="58.1600200" lon="14.6294800">
        <name>2713</name>
    </wpt>
    <wpt lat="58.1601500" lon="14.6295000">
        <name>2714</name>
    </wpt>
    <wpt lat="58.1602800" lon="14.6294500">
        <name>2715</name>
    </wpt>
    <wpt lat="58.1604000" lon="14.6293500">
        <name>2716</name>
    </wpt>
    <wpt lat="58.1604800" lon="14.6292400">
        <name>2717</name>
    </wpt>
    <wpt lat="58.1605600" lon="14.6291100">
        <name>2718</name>
    </wpt>
    <wpt lat="58.1606600" lon="14.6289700">
        <name>2719</name>
    </wpt>
    <wpt lat="58.1607000" lon="14.6289200">
        <name>2720</name>
    </wpt>
    <wpt lat="58.1607900" lon="14.6288300">
        <name>2721</name>
    </wpt>
    <wpt lat="58.1608900" lon="14.6287500">
        <name>2722</name>
    </wpt>
    <wpt lat="58.1610300" lon="14.6286800">
        <name>2723</name>
    </wpt>
    <wpt lat="58.1611700" lon="14.6286200">
        <name>2724</name>
    </wpt>
    <wpt lat="58.1613000" lon="14.6285400">
        <name>2725</name>
    </wpt>
    <wpt lat="58.1614200" lon="14.6284600">
        <name>2726</name>
    </wpt>
    <wpt lat="58.1615400" lon="14.6284100">
        <name>2727</name>
    </wpt>
    <wpt lat="58.1616800" lon="14.6283700">
        <name>2728</name>
    </wpt>
    <wpt lat="58.1619600" lon="14.6283200">
        <name>2729</name>
    </wpt>
    <wpt lat="58.1621000" lon="14.6282600">
        <name>2730</name>
    </wpt>
    <wpt lat="58.1622500" lon="14.6282200">
        <name>2731</name>
    </wpt>
    <wpt lat="58.1623400" lon="14.6281800">
        <name>2732</name>
    </wpt>
    <wpt lat="58.1624100" lon="14.6281300">
        <name>2733</name>
    </wpt>
    <wpt lat="58.1625000" lon="14.6280000">
        <name>2734</name>
    </wpt>
    <wpt lat="58.1625600" lon="14.6278900">
        <name>2735</name>
    </wpt>
    <wpt lat="58.1626800" lon="14.6276700">
        <name>2736</name>
    </wpt>
    <wpt lat="58.1627700" lon="14.6275000">
        <name>2737</name>
    </wpt>
    <wpt lat="58.1629200" lon="14.6272200">
        <name>2738</name>
    </wpt>
    <wpt lat="58.1630500" lon="14.6270300">
        <name>2739</name>
    </wpt>
    <wpt lat="58.1631300" lon="14.6269400">
        <name>2740</name>
    </wpt>
    <wpt lat="58.1632600" lon="14.6267900">
        <name>2741</name>
    </wpt>
    <wpt lat="58.1633500" lon="14.6267200">
        <name>2742</name>
    </wpt>
    <wpt lat="58.1634200" lon="14.6266700">
        <name>2743</name>
    </wpt>
    <wpt lat="58.1634900" lon="14.6266500">
        <name>2744</name>
    </wpt>
    <wpt lat="58.1635600" lon="14.6266600">
        <name>2745</name>
    </wpt>
    <wpt lat="58.1636300" lon="14.6267000">
        <name>2746</name>
    </wpt>
    <wpt lat="58.1637100" lon="14.6267400">
        <name>2747</name>
    </wpt>
    <wpt lat="58.1638200" lon="14.6268100">
        <name>2748</name>
    </wpt>
    <wpt lat="58.1639200" lon="14.6268700">
        <name>2749</name>
    </wpt>
    <wpt lat="58.1641000" lon="14.6270100">
        <name>2750</name>
    </wpt>
    <wpt lat="58.1642800" lon="14.6270900">
        <name>2751</name>
    </wpt>
    <wpt lat="58.1644700" lon="14.6271400">
        <name>2752</name>
    </wpt>
    <wpt lat="58.1646200" lon="14.6271700">
        <name>2753</name>
    </wpt>
    <wpt lat="58.1647300" lon="14.6272000">
        <name>2754</name>
    </wpt>
    <wpt lat="58.1648900" lon="14.6272300">
        <name>2755</name>
    </wpt>
    <wpt lat="58.1650900" lon="14.6272600">
        <name>2756</name>
    </wpt>
    <wpt lat="58.1652200" lon="14.6272900">
        <name>2757</name>
    </wpt>
    <wpt lat="58.1653000" lon="14.6273200">
        <name>2758</name>
    </wpt>
    <wpt lat="58.1653500" lon="14.6273400">
        <name>2759</name>
    </wpt>
    <wpt lat="58.1654300" lon="14.6274100">
        <name>2760</name>
    </wpt>
    <wpt lat="58.1655100" lon="14.6275200">
        <name>2761</name>
    </wpt>
    <wpt lat="58.1655900" lon="14.6276700">
        <name>2762</name>
    </wpt>
    <wpt lat="58.1656900" lon="14.6278100">
        <name>2763</name>
    </wpt>
    <wpt lat="58.1657600" lon="14.6279200">
        <name>2764</name>
    </wpt>
    <wpt lat="58.1658700" lon="14.6280400">
        <name>2765</name>
    </wpt>
    <wpt lat="58.1660200" lon="14.6282500">
        <name>2766</name>
    </wpt>
    <wpt lat="58.1661700" lon="14.6284600">
        <name>2767</name>
    </wpt>
    <wpt lat="58.1663500" lon="14.6286800">
        <name>2768</name>
    </wpt>
    <wpt lat="58.1664900" lon="14.6288200">
        <name>2769</name>
    </wpt>
    <wpt lat="58.1666300" lon="14.6289100">
        <name>2770</name>
    </wpt>
    <wpt lat="58.1667400" lon="14.6289600">
        <name>2771</name>
    </wpt>
    <wpt lat="58.1669400" lon="14.6290500">
        <name>2772</name>
    </wpt>
    <wpt lat="58.1670700" lon="14.6290800">
        <name>2773</name>
    </wpt>
    <wpt lat="58.1671700" lon="14.6290800">
        <name>2774</name>
    </wpt>
    <wpt lat="58.1673000" lon="14.6290100">
        <name>2775</name>
    </wpt>
    <wpt lat="58.1673900" lon="14.6289400">
        <name>2776</name>
    </wpt>
    <wpt lat="58.1674700" lon="14.6288900">
        <name>2777</name>
    </wpt>
    <wpt lat="58.1675700" lon="14.6288900">
        <name>2778</name>
    </wpt>
    <wpt lat="58.1676300" lon="14.6289100">
        <name>2779</name>
    </wpt>
    <wpt lat="58.1677500" lon="14.6289800">
        <name>2780</name>
    </wpt>
    <wpt lat="58.1679000" lon="14.6291000">
        <name>2781</name>
    </wpt>
    <wpt lat="58.1680900" lon="14.6292200">
        <name>2782</name>
    </wpt>
    <wpt lat="58.1682200" lon="14.6292600">
        <name>2783</name>
    </wpt>
    <wpt lat="58.1682900" lon="14.6292500">
        <name>2784</name>
    </wpt>
    <wpt lat="58.1684600" lon="14.6291900">
        <name>2785</name>
    </wpt>
    <wpt lat="58.1686400" lon="14.6290800">
        <name>2786</name>
    </wpt>
    <wpt lat="58.1688200" lon="14.6290300">
        <name>2787</name>
    </wpt>
    <wpt lat="58.1689200" lon="14.6290700">
        <name>2788</name>
    </wpt>
    <wpt lat="58.1689900" lon="14.6291400">
        <name>2789</name>
    </wpt>
    <wpt lat="58.1690400" lon="14.6291900">
        <name>2790</name>
    </wpt>
    <wpt lat="58.1691500" lon="14.6293500">
        <name>2791</name>
    </wpt>
    <wpt lat="58.1692500" lon="14.6295100">
        <name>2792</name>
    </wpt>
    <wpt lat="58.1693800" lon="14.6296200">
        <name>2793</name>
    </wpt>
    <wpt lat="58.1695800" lon="14.6297300">
        <name>2794</name>
    </wpt>
    <wpt lat="58.1698300" lon="14.6298700">
        <name>2795</name>
    </wpt>
    <wpt lat="58.1699600" lon="14.6299600">
        <name>2796</name>
    </wpt>
    <wpt lat="58.1700400" lon="14.6300400">
        <name>2797</name>
    </wpt>
    <wpt lat="58.1701300" lon="14.6301500">
        <name>2798</name>
    </wpt>
    <wpt lat="58.1702200" lon="14.6302600">
        <name>2799</name>
    </wpt>
    <wpt lat="58.1703300" lon="14.6303300">
        <name>2800</name>
    </wpt>
    <wpt lat="58.1703700" lon="14.6303400">
        <name>2801</name>
    </wpt>
    <wpt lat="58.1704000" lon="14.6303500">
        <name>2802</name>
    </wpt>
    <wpt lat="58.1704500" lon="14.6303700">
        <name>2803</name>
    </wpt>
    <wpt lat="58.1705500" lon="14.6304000">
        <name>2804</name>
    </wpt>
    <wpt lat="58.1706400" lon="14.6304200">
        <name>2805</name>
    </wpt>
    <wpt lat="58.1706900" lon="14.6304300">
        <name>2806</name>
    </wpt>
    <wpt lat="58.1708700" lon="14.6304300">
        <name>2807</name>
    </wpt>
    <wpt lat="58.1711100" lon="14.6304400">
        <name>2808</name>
    </wpt>
    <wpt lat="58.1711900" lon="14.6304300">
        <name>2809</name>
    </wpt>
    <wpt lat="58.1713100" lon="14.6303900">
        <name>2810</name>
    </wpt>
    <wpt lat="58.1714400" lon="14.6303100">
        <name>2811</name>
    </wpt>
    <wpt lat="58.1715600" lon="14.6302600">
        <name>2812</name>
    </wpt>
    <wpt lat="58.1716700" lon="14.6302300">
        <name>2813</name>
    </wpt>
    <wpt lat="58.1717900" lon="14.6302200">
        <name>2814</name>
    </wpt>
    <wpt lat="58.1718900" lon="14.6302400">
        <name>2815</name>
    </wpt>
    <wpt lat="58.1720200" lon="14.6302800">
        <name>2816</name>
    </wpt>
    <wpt lat="58.1721500" lon="14.6303700">
        <name>2817</name>
    </wpt>
    <wpt lat="58.1722700" lon="14.6304500">
        <name>2818</name>
    </wpt>
    <wpt lat="58.1723500" lon="14.6305100">
        <name>2819</name>
    </wpt>
    <wpt lat="58.1724300" lon="14.6305500">
        <name>2820</name>
    </wpt>
    <wpt lat="58.1725000" lon="14.6305600">
        <name>2821</name>
    </wpt>
    <wpt lat="58.1725600" lon="14.6305800">
        <name>2822</name>
    </wpt>
    <wpt lat="58.1727000" lon="14.6305700">
        <name>2823</name>
    </wpt>
    <wpt lat="58.1729900" lon="14.6305400">
        <name>2824</name>
    </wpt>
    <wpt lat="58.1731200" lon="14.6305300">
        <name>2825</name>
    </wpt>
    <wpt lat="58.1732000" lon="14.6305400">
        <name>2826</name>
    </wpt>
    <wpt lat="58.1733200" lon="14.6305700">
        <name>2827</name>
    </wpt>
    <wpt lat="58.1734100" lon="14.6306000">
        <name>2828</name>
    </wpt>
    <wpt lat="58.1735100" lon="14.6306400">
        <name>2829</name>
    </wpt>
    <wpt lat="58.1736200" lon="14.6306700">
        <name>2830</name>
    </wpt>
    <wpt lat="58.1737500" lon="14.6306900">
        <name>2831</name>
    </wpt>
    <wpt lat="58.1738900" lon="14.6306800">
        <name>2832</name>
    </wpt>
    <wpt lat="58.1740500" lon="14.6306400">
        <name>2833</name>
    </wpt>
    <wpt lat="58.1742000" lon="14.6305900">
        <name>2834</name>
    </wpt>
    <wpt lat="58.1743600" lon="14.6305200">
        <name>2835</name>
    </wpt>
    <wpt lat="58.1744400" lon="14.6304600">
        <name>2836</name>
    </wpt>
    <wpt lat="58.1745600" lon="14.6303800">
        <name>2837</name>
    </wpt>
    <wpt lat="58.1746700" lon="14.6302700">
        <name>2838</name>
    </wpt>
    <wpt lat="58.1748100" lon="14.6301200">
        <name>2839</name>
    </wpt>
    <wpt lat="58.1749200" lon="14.6300300">
        <name>2840</name>
    </wpt>
    <wpt lat="58.1750200" lon="14.6299600">
        <name>2841</name>
    </wpt>
    <wpt lat="58.1751100" lon="14.6299300">
        <name>2842</name>
    </wpt>
    <wpt lat="58.1751900" lon="14.6299200">
        <name>2843</name>
    </wpt>
    <wpt lat="58.1753100" lon="14.6299200">
        <name>2844</name>
    </wpt>
    <wpt lat="58.1754600" lon="14.6299200">
        <name>2845</name>
    </wpt>
    <wpt lat="58.1758200" lon="14.6299500">
        <name>2846</name>
    </wpt>
    <wpt lat="58.1761300" lon="14.6299700">
        <name>2847</name>
    </wpt>
    <wpt lat="58.1765000" lon="14.6300000">
        <name>2848</name>
    </wpt>
    <wpt lat="58.1766700" lon="14.6300300">
        <name>2849</name>
    </wpt>
    <wpt lat="58.1769100" lon="14.6300700">
        <name>2850</name>
    </wpt>
    <wpt lat="58.1771200" lon="14.6301000">
        <name>2851</name>
    </wpt>
    <wpt lat="58.1772400" lon="14.6301200">
        <name>2852</name>
    </wpt>
    <wpt lat="58.1779000" lon="14.6302200">
        <name>2853</name>
    </wpt>
    <wpt lat="58.1784800" lon="14.6303100">
        <name>2854</name>
    </wpt>
    <wpt lat="58.1789500" lon="14.6303800">
        <name>2855</name>
    </wpt>
    <wpt lat="58.1794600" lon="14.6304600">
        <name>2856</name>
    </wpt>
    <wpt lat="58.1795100" lon="14.6304700">
        <name>2857</name>
    </wpt>
    <wpt lat="58.1795900" lon="14.6304900">
        <name>2858</name>
    </wpt>
    <wpt lat="58.1796800" lon="14.6305100">
        <name>2859</name>
    </wpt>
    <wpt lat="58.1799000" lon="14.6305600">
        <name>2860</name>
    </wpt>
    <wpt lat="58.1801500" lon="14.6306500">
        <name>2861</name>
    </wpt>
    <wpt lat="58.1803700" lon="14.6307300">
        <name>2862</name>
    </wpt>
    <wpt lat="58.1806200" lon="14.6308400">
        <name>2863</name>
    </wpt>
    <wpt lat="58.1808500" lon="14.6309500">
        <name>2864</name>
    </wpt>
    <wpt lat="58.1810000" lon="14.6310300">
        <name>2865</name>
    </wpt>
    <wpt lat="58.1812200" lon="14.6311500">
        <name>2866</name>
    </wpt>
    <wpt lat="58.1814200" lon="14.6312800">
        <name>2867</name>
    </wpt>
    <wpt lat="58.1816000" lon="14.6314000">
        <name>2868</name>
    </wpt>
    <wpt lat="58.1818000" lon="14.6315400">
        <name>2869</name>
    </wpt>
    <wpt lat="58.1819900" lon="14.6316900">
        <name>2870</name>
    </wpt>
    <wpt lat="58.1821000" lon="14.6317800">
        <name>2871</name>
    </wpt>
    <wpt lat="58.1822600" lon="14.6319200">
        <name>2872</name>
    </wpt>
    <wpt lat="58.1824900" lon="14.6321200">
        <name>2873</name>
    </wpt>
    <wpt lat="58.1827100" lon="14.6323300">
        <name>2874</name>
    </wpt>
    <wpt lat="58.1828900" lon="14.6325200">
        <name>2875</name>
    </wpt>
    <wpt lat="58.1830700" lon="14.6327100">
        <name>2876</name>
    </wpt>
    <wpt lat="58.1833200" lon="14.6329900">
        <name>2877</name>
    </wpt>
    <wpt lat="58.1834800" lon="14.6331800">
        <name>2878</name>
    </wpt>
    <wpt lat="58.1836400" lon="14.6333900">
        <name>2879</name>
    </wpt>
    <wpt lat="58.1838300" lon="14.6336500">
        <name>2880</name>
    </wpt>
    <wpt lat="58.1840000" lon="14.6339000">
        <name>2881</name>
    </wpt>
    <wpt lat="58.1841500" lon="14.6341300">
        <name>2882</name>
    </wpt>
    <wpt lat="58.1843200" lon="14.6343800">
        <name>2883</name>
    </wpt>
    <wpt lat="58.1845200" lon="14.6347100">
        <name>2884</name>
    </wpt>
    <wpt lat="58.1847100" lon="14.6350500">
        <name>2885</name>
    </wpt>
    <wpt lat="58.1847700" lon="14.6352000">
        <name>2886</name>
    </wpt>
    <wpt lat="58.1847700" lon="14.6351990">
        <name>2887</name>
    </wpt>
    <wpt lat="58.1847700" lon="14.6352000">
        <name>2888</name>
    </wpt>
    <wpt lat="58.1846700" lon="14.6352800">
        <name>2889</name>
    </wpt>
    <wpt lat="58.1845400" lon="14.6353800">
        <name>2890</name>
    </wpt>
    <wpt lat="58.1843700" lon="14.6355300">
        <name>2891</name>
    </wpt>
    <wpt lat="58.1841800" lon="14.6356900">
        <name>2892</name>
    </wpt>
    <wpt lat="58.1840100" lon="14.6358600">
        <name>2893</name>
    </wpt>
    <wpt lat="58.1838600" lon="14.6360200">
        <name>2894</name>
    </wpt>
    <wpt lat="58.1837300" lon="14.6361800">
        <name>2895</name>
    </wpt>
    <wpt lat="58.1836000" lon="14.6363300">
        <name>2896</name>
    </wpt>
    <wpt lat="58.1835800" lon="14.6363600">
        <name>2897</name>
    </wpt>
    <wpt lat="58.1833400" lon="14.6366500">
        <name>2898</name>
    </wpt>
    <wpt lat="58.1829800" lon="14.6370800">
        <name>2899</name>
    </wpt>
    <wpt lat="58.1827200" lon="14.6374000">
        <name>2900</name>
    </wpt>
    <wpt lat="58.1822100" lon="14.6380100">
        <name>2901</name>
    </wpt>
    <wpt lat="58.1818300" lon="14.6384700">
        <name>2902</name>
    </wpt>
    <wpt lat="58.1812500" lon="14.6391500">
        <name>2903</name>
    </wpt>
    <wpt lat="58.1807300" lon="14.6397700">
        <name>2904</name>
    </wpt>
    <wpt lat="58.1801700" lon="14.6404400">
        <name>2905</name>
    </wpt>
    <wpt lat="58.1793100" lon="14.6414700">
        <name>2906</name>
    </wpt>
    <wpt lat="58.1790000" lon="14.6418300">
        <name>2907</name>
    </wpt>
    <wpt lat="58.1789700" lon="14.6418700">
        <name>2908</name>
    </wpt>
    <wpt lat="58.1789200" lon="14.6419300">
        <name>2909</name>
    </wpt>
    <wpt lat="58.1785900" lon="14.6423300">
        <name>2910</name>
    </wpt>
    <wpt lat="58.1781700" lon="14.6428300">
        <name>2911</name>
    </wpt>
    <wpt lat="58.1778900" lon="14.6431600">
        <name>2912</name>
    </wpt>
    <wpt lat="58.1776300" lon="14.6434800">
        <name>2913</name>
    </wpt>
    <wpt lat="58.1774200" lon="14.6437400">
        <name>2914</name>
    </wpt>
    <wpt lat="58.1772700" lon="14.6439200">
        <name>2915</name>
    </wpt>
    <wpt lat="58.1771200" lon="14.6441100">
        <name>2916</name>
    </wpt>
    <wpt lat="58.1768100" lon="14.6445400">
        <name>2917</name>
    </wpt>
    <wpt lat="58.1759700" lon="14.6457000">
        <name>2918</name>
    </wpt>
    <wpt lat="58.1759400" lon="14.6457500">
        <name>2919</name>
    </wpt>
    <wpt lat="58.1749400" lon="14.6471400">
        <name>2920</name>
    </wpt>
    <wpt lat="58.1745300" lon="14.6477200">
        <name>2921</name>
    </wpt>
    <wpt lat="58.1740100" lon="14.6484500">
        <name>2922</name>
    </wpt>
    <wpt lat="58.1738000" lon="14.6487300">
        <name>2923</name>
    </wpt>
    <wpt lat="58.1736200" lon="14.6489800">
        <name>2924</name>
    </wpt>
    <wpt lat="58.1736200" lon="14.6489790">
        <name>2925</name>
    </wpt>
    <wpt lat="58.1736200" lon="14.6489800">
        <name>2926</name>
    </wpt>
    <wpt lat="58.1732300" lon="14.6495000">
        <name>2927</name>
    </wpt>
    <wpt lat="58.1726100" lon="14.6503500">
        <name>2928</name>
    </wpt>
    <wpt lat="58.1723100" lon="14.6507600">
        <name>2929</name>
    </wpt>
    <wpt lat="58.1721900" lon="14.6509200">
        <name>2930</name>
    </wpt>
    <wpt lat="58.1720300" lon="14.6511400">
        <name>2931</name>
    </wpt>
    <wpt lat="58.1718700" lon="14.6513900">
        <name>2932</name>
    </wpt>
    <wpt lat="58.1717200" lon="14.6516300">
        <name>2933</name>
    </wpt>
    <wpt lat="58.1715700" lon="14.6518800">
        <name>2934</name>
    </wpt>
    <wpt lat="58.1714300" lon="14.6521300">
        <name>2935</name>
    </wpt>
    <wpt lat="58.1712900" lon="14.6524000">
        <name>2936</name>
    </wpt>
    <wpt lat="58.1711600" lon="14.6526800">
        <name>2937</name>
    </wpt>
    <wpt lat="58.1710600" lon="14.6529000">
        <name>2938</name>
    </wpt>
    <wpt lat="58.1709900" lon="14.6530900">
        <name>2939</name>
    </wpt>
    <wpt lat="58.1708700" lon="14.6534000">
        <name>2940</name>
    </wpt>
    <wpt lat="58.1707500" lon="14.6537400">
        <name>2941</name>
    </wpt>
    <wpt lat="58.1704700" lon="14.6545300">
        <name>2942</name>
    </wpt>
    <wpt lat="58.1702000" lon="14.6553400">
        <name>2943</name>
    </wpt>
    <wpt lat="58.1698800" lon="14.6562200">
        <name>2944</name>
    </wpt>
    <wpt lat="58.1697200" lon="14.6566800">
        <name>2945</name>
    </wpt>
    <wpt lat="58.1695800" lon="14.6570700">
        <name>2946</name>
    </wpt>
    <wpt lat="58.1694800" lon="14.6573600">
        <name>2947</name>
    </wpt>
    <wpt lat="58.1693700" lon="14.6576900">
        <name>2948</name>
    </wpt>
    <wpt lat="58.1693000" lon="14.6578700">
        <name>2949</name>
    </wpt>
    <wpt lat="58.1691300" lon="14.6583400">
        <name>2950</name>
    </wpt>
    <wpt lat="58.1688000" lon="14.6593000">
        <name>2951</name>
    </wpt>
    <wpt lat="58.1685600" lon="14.6599800">
        <name>2952</name>
    </wpt>
    <wpt lat="58.1684900" lon="14.6601900">
        <name>2953</name>
    </wpt>
    <wpt lat="58.1682200" lon="14.6609300">
        <name>2954</name>
    </wpt>
    <wpt lat="58.1680800" lon="14.6613400">
        <name>2955</name>
    </wpt>
    <wpt lat="58.1679000" lon="14.6618600">
        <name>2956</name>
    </wpt>
    <wpt lat="58.1676900" lon="14.6624500">
        <name>2957</name>
    </wpt>
    <wpt lat="58.1675400" lon="14.6628800">
        <name>2958</name>
    </wpt>
    <wpt lat="58.1674300" lon="14.6631900">
        <name>2959</name>
    </wpt>
    <wpt lat="58.1673300" lon="14.6634800">
        <name>2960</name>
    </wpt>
    <wpt lat="58.1671500" lon="14.6639700">
        <name>2961</name>
    </wpt>
    <wpt lat="58.1669900" lon="14.6644300">
        <name>2962</name>
    </wpt>
    <wpt lat="58.1667700" lon="14.6650800">
        <name>2963</name>
    </wpt>
    <wpt lat="58.1665600" lon="14.6656600">
        <name>2964</name>
    </wpt>
    <wpt lat="58.1663200" lon="14.6662800">
        <name>2965</name>
    </wpt>
    <wpt lat="58.1661100" lon="14.6667600">
        <name>2966</name>
    </wpt>
    <wpt lat="58.1659600" lon="14.6671400">
        <name>2967</name>
    </wpt>
    <wpt lat="58.1658200" lon="14.6674300">
        <name>2968</name>
    </wpt>
    <wpt lat="58.1656500" lon="14.6677600">
        <name>2969</name>
    </wpt>
    <wpt lat="58.1654900" lon="14.6680900">
        <name>2970</name>
    </wpt>
    <wpt lat="58.1652800" lon="14.6685400">
        <name>2971</name>
    </wpt>
    <wpt lat="58.1651000" lon="14.6689100">
        <name>2972</name>
    </wpt>
    <wpt lat="58.1648600" lon="14.6693500">
        <name>2973</name>
    </wpt>
    <wpt lat="58.1646100" lon="14.6698400">
        <name>2974</name>
    </wpt>
    <wpt lat="58.1643600" lon="14.6703400">
        <name>2975</name>
    </wpt>
    <wpt lat="58.1640900" lon="14.6708800">
        <name>2976</name>
    </wpt>
    <wpt lat="58.1638000" lon="14.6714400">
        <name>2977</name>
    </wpt>
    <wpt lat="58.1633900" lon="14.6722300">
        <name>2978</name>
    </wpt>
    <wpt lat="58.1631800" lon="14.6726500">
        <name>2979</name>
    </wpt>
    <wpt lat="58.1630100" lon="14.6729900">
        <name>2980</name>
    </wpt>
    <wpt lat="58.1628100" lon="14.6734300">
        <name>2981</name>
    </wpt>
    <wpt lat="58.1627600" lon="14.6735300">
        <name>2982</name>
    </wpt>
    <wpt lat="58.1626000" lon="14.6739500">
        <name>2983</name>
    </wpt>
    <wpt lat="58.1623700" lon="14.6745400">
        <name>2984</name>
    </wpt>
    <wpt lat="58.1622100" lon="14.6750000">
        <name>2985</name>
    </wpt>
    <wpt lat="58.1620200" lon="14.6755900">
        <name>2986</name>
    </wpt>
    <wpt lat="58.1618600" lon="14.6760700">
        <name>2987</name>
    </wpt>
    <wpt lat="58.1617100" lon="14.6766500">
        <name>2988</name>
    </wpt>
    <wpt lat="58.1615800" lon="14.6772100">
        <name>2989</name>
    </wpt>
    <wpt lat="58.1614900" lon="14.6775400">
        <name>2990</name>
    </wpt>
    <wpt lat="58.1614100" lon="14.6778900">
        <name>2991</name>
    </wpt>
    <wpt lat="58.1613600" lon="14.6781700">
        <name>2992</name>
    </wpt>
    <wpt lat="58.1612700" lon="14.6786500">
        <name>2993</name>
    </wpt>
    <wpt lat="58.1612000" lon="14.6790400">
        <name>2994</name>
    </wpt>
    <wpt lat="58.1611100" lon="14.6795600">
        <name>2995</name>
    </wpt>
    <wpt lat="58.1610800" lon="14.6797900">
        <name>2996</name>
    </wpt>
    <wpt lat="58.1609900" lon="14.6802900">
        <name>2997</name>
    </wpt>
    <wpt lat="58.1608900" lon="14.6809300">
        <name>2998</name>
    </wpt>
    <wpt lat="58.1607900" lon="14.6815300">
        <name>2999</name>
    </wpt>
    <wpt lat="58.1607000" lon="14.6820700">
        <name>3000</name>
    </wpt>
    <wpt lat="58.1606100" lon="14.6826800">
        <name>3001</name>
    </wpt>
    <wpt lat="58.1605200" lon="14.6832400">
        <name>3002</name>
    </wpt>
    <wpt lat="58.1604400" lon="14.6837100">
        <name>3003</name>
    </wpt>
    <wpt lat="58.1603600" lon="14.6842200">
        <name>3004</name>
    </wpt>
    <wpt lat="58.1602800" lon="14.6847200">
        <name>3005</name>
    </wpt>
    <wpt lat="58.1601900" lon="14.6852400">
        <name>3006</name>
    </wpt>
    <wpt lat="58.1601700" lon="14.6853700">
        <name>3007</name>
    </wpt>
    <wpt lat="58.1601300" lon="14.6856500">
        <name>3008</name>
    </wpt>
    <wpt lat="58.1600600" lon="14.6860900">
        <name>3009</name>
    </wpt>
    <wpt lat="58.1599900" lon="14.6864300">
        <name>3010</name>
    </wpt>
    <wpt lat="58.1599200" lon="14.6867800">
        <name>3011</name>
    </wpt>
    <wpt lat="58.1598300" lon="14.6872000">
        <name>3012</name>
    </wpt>
    <wpt lat="58.1597500" lon="14.6875700">
        <name>3013</name>
    </wpt>
    <wpt lat="58.1596700" lon="14.6879200">
        <name>3014</name>
    </wpt>
    <wpt lat="58.1595800" lon="14.6882800">
        <name>3015</name>
    </wpt>
    <wpt lat="58.1594800" lon="14.6886800">
        <name>3016</name>
    </wpt>
    <wpt lat="58.1593700" lon="14.6890500">
        <name>3017</name>
    </wpt>
    <wpt lat="58.1593100" lon="14.6893200">
        <name>3018</name>
    </wpt>
    <wpt lat="58.1592100" lon="14.6896500">
        <name>3019</name>
    </wpt>
    <wpt lat="58.1591400" lon="14.6898500">
        <name>3020</name>
    </wpt>
    <wpt lat="58.1589800" lon="14.6903100">
        <name>3021</name>
    </wpt>
    <wpt lat="58.1587600" lon="14.6909500">
        <name>3022</name>
    </wpt>
    <wpt lat="58.1585600" lon="14.6915000">
        <name>3023</name>
    </wpt>
    <wpt lat="58.1583500" lon="14.6920100">
        <name>3024</name>
    </wpt>
    <wpt lat="58.1581900" lon="14.6924000">
        <name>3025</name>
    </wpt>
    <wpt lat="58.1579800" lon="14.6929300">
        <name>3026</name>
    </wpt>
    <wpt lat="58.1577400" lon="14.6934800">
        <name>3027</name>
    </wpt>
    <wpt lat="58.1575200" lon="14.6940300">
        <name>3028</name>
    </wpt>
    <wpt lat="58.1573000" lon="14.6945900">
        <name>3029</name>
    </wpt>
    <wpt lat="58.1570500" lon="14.6952100">
        <name>3030</name>
    </wpt>
    <wpt lat="58.1569000" lon="14.6955900">
        <name>3031</name>
    </wpt>
    <wpt lat="58.1567400" lon="14.6960000">
        <name>3032</name>
    </wpt>
    <wpt lat="58.1566100" lon="14.6963100">
        <name>3033</name>
    </wpt>
    <wpt lat="58.1564800" lon="14.6966400">
        <name>3034</name>
    </wpt>
    <wpt lat="58.1562500" lon="14.6972000">
        <name>3035</name>
    </wpt>
    <wpt lat="58.1560400" lon="14.6977300">
        <name>3036</name>
    </wpt>
    <wpt lat="58.1558000" lon="14.6983300">
        <name>3037</name>
    </wpt>
    <wpt lat="58.1555500" lon="14.6989000">
        <name>3038</name>
    </wpt>
    <wpt lat="58.1553100" lon="14.6995200">
        <name>3039</name>
    </wpt>
    <wpt lat="58.1550900" lon="14.7000700">
        <name>3040</name>
    </wpt>
    <wpt lat="58.1549000" lon="14.7005300">
        <name>3041</name>
    </wpt>
    <wpt lat="58.1547500" lon="14.7009000">
        <name>3042</name>
    </wpt>
    <wpt lat="58.1546400" lon="14.7011900">
        <name>3043</name>
    </wpt>
    <wpt lat="58.1544900" lon="14.7015500">
        <name>3044</name>
    </wpt>
    <wpt lat="58.1543100" lon="14.7020300">
        <name>3045</name>
    </wpt>
    <wpt lat="58.1541200" lon="14.7025100">
        <name>3046</name>
    </wpt>
    <wpt lat="58.1539400" lon="14.7030200">
        <name>3047</name>
    </wpt>
    <wpt lat="58.1537800" lon="14.7034500">
        <name>3048</name>
    </wpt>
    <wpt lat="58.1535700" lon="14.7040300">
        <name>3049</name>
    </wpt>
    <wpt lat="58.1534200" lon="14.7045100">
        <name>3050</name>
    </wpt>
    <wpt lat="58.1531900" lon="14.7051900">
        <name>3051</name>
    </wpt>
    <wpt lat="58.1529400" lon="14.7059700">
        <name>3052</name>
    </wpt>
    <wpt lat="58.1527800" lon="14.7064200">
        <name>3053</name>
    </wpt>
    <wpt lat="58.1527000" lon="14.7067100">
        <name>3054</name>
    </wpt>
    <wpt lat="58.1525400" lon="14.7071700">
        <name>3055</name>
    </wpt>
    <wpt lat="58.1523500" lon="14.7077600">
        <name>3056</name>
    </wpt>
    <wpt lat="58.1522300" lon="14.7081400">
        <name>3057</name>
    </wpt>
    <wpt lat="58.1521200" lon="14.7084600">
        <name>3058</name>
    </wpt>
    <wpt lat="58.1520200" lon="14.7087500">
        <name>3059</name>
    </wpt>
    <wpt lat="58.1519100" lon="14.7090900">
        <name>3060</name>
    </wpt>
    <wpt lat="58.1517400" lon="14.7096200">
        <name>3061</name>
    </wpt>
    <wpt lat="58.1515700" lon="14.7101400">
        <name>3062</name>
    </wpt>
    <wpt lat="58.1513400" lon="14.7108600">
        <name>3063</name>
    </wpt>
    <wpt lat="58.1511600" lon="14.7114300">
        <name>3064</name>
    </wpt>
    <wpt lat="58.1511500" lon="14.7114400">
        <name>3065</name>
    </wpt>
    <wpt lat="58.1510500" lon="14.7117400">
        <name>3066</name>
    </wpt>
    <wpt lat="58.1508800" lon="14.7122700">
        <name>3067</name>
    </wpt>
    <wpt lat="58.1506100" lon="14.7130000">
        <name>3068</name>
    </wpt>
    <wpt lat="58.1505000" lon="14.7133300">
        <name>3069</name>
    </wpt>
    <wpt lat="58.1505800" lon="14.7133700">
        <name>3070</name>
    </wpt>
    <wpt lat="58.1506300" lon="14.7133800">
        <name>3071</name>
    </wpt>
    <wpt lat="58.1506800" lon="14.7133800">
        <name>3072</name>
    </wpt>
    <wpt lat="58.1507600" lon="14.7133900">
        <name>3073</name>
    </wpt>
    <wpt lat="58.1508600" lon="14.7134000">
        <name>3074</name>
    </wpt>
    <wpt lat="58.1509600" lon="14.7134000">
        <name>3075</name>
    </wpt>
    <wpt lat="58.1510700" lon="14.7134000">
        <name>3076</name>
    </wpt>
    <wpt lat="58.1512000" lon="14.7133900">
        <name>3077</name>
    </wpt>
    <wpt lat="58.1513200" lon="14.7133900">
        <name>3078</name>
    </wpt>
    <wpt lat="58.1514000" lon="14.7133500">
        <name>3079</name>
    </wpt>
    <wpt lat="58.1514200" lon="14.7133400">
        <name>3080</name>
    </wpt>
    <wpt lat="58.1514900" lon="14.7132900">
        <name>3081</name>
    </wpt>
    <wpt lat="58.1515800" lon="14.7132400">
        <name>3082</name>
    </wpt>
    <wpt lat="58.1517500" lon="14.7131400">
        <name>3083</name>
    </wpt>
    <wpt lat="58.1519500" lon="14.7130400">
        <name>3084</name>
    </wpt>
    <wpt lat="58.1520900" lon="14.7129900">
        <name>3085</name>
    </wpt>
    <wpt lat="58.1522000" lon="14.7129500">
        <name>3086</name>
    </wpt>
    <wpt lat="58.1524100" lon="14.7128800">
        <name>3087</name>
    </wpt>
    <wpt lat="58.1526600" lon="14.7128100">
        <name>3088</name>
    </wpt>
    <wpt lat="58.1528400" lon="14.7127700">
        <name>3089</name>
    </wpt>
    <wpt lat="58.1529400" lon="14.7127500">
        <name>3090</name>
    </wpt>
    <wpt lat="58.1529600" lon="14.7127500">
        <name>3091</name>
    </wpt>
    <wpt lat="58.1530300" lon="14.7127600">
        <name>3092</name>
    </wpt>
    <wpt lat="58.1531100" lon="14.7127600">
        <name>3093</name>
    </wpt>
    <wpt lat="58.1532000" lon="14.7127800">
        <name>3094</name>
    </wpt>
    <wpt lat="58.1533300" lon="14.7127900">
        <name>3095</name>
    </wpt>
    <wpt lat="58.1534300" lon="14.7127800">
        <name>3096</name>
    </wpt>
    <wpt lat="58.1535300" lon="14.7127600">
        <name>3097</name>
    </wpt>
    <wpt lat="58.1536100" lon="14.7127300">
        <name>3098</name>
    </wpt>
    <wpt lat="58.1537500" lon="14.7126800">
        <name>3099</name>
    </wpt>
    <wpt lat="58.1538000" lon="14.7126600">
        <name>3100</name>
    </wpt>
    <wpt lat="58.1538300" lon="14.7126500">
        <name>3101</name>
    </wpt>
    <wpt lat="58.1539800" lon="14.7125800">
        <name>3102</name>
    </wpt>
    <wpt lat="58.1540500" lon="14.7125500">
        <name>3103</name>
    </wpt>
    <wpt lat="58.1540800" lon="14.7125400">
        <name>3104</name>
    </wpt>
    <wpt lat="58.1541500" lon="14.7125300">
        <name>3105</name>
    </wpt>
    <wpt lat="58.1542900" lon="14.7125100">
        <name>3106</name>
    </wpt>
    <wpt lat="58.1544200" lon="14.7124800">
        <name>3107</name>
    </wpt>
    <wpt lat="58.1545100" lon="14.7124600">
        <name>3108</name>
    </wpt>
    <wpt lat="58.1546600" lon="14.7124200">
        <name>3109</name>
    </wpt>
    <wpt lat="58.1547200" lon="14.7124100">
        <name>3110</name>
    </wpt>
    <wpt lat="58.1548400" lon="14.7123900">
        <name>3111</name>
    </wpt>
    <wpt lat="58.1549300" lon="14.7123600">
        <name>3112</name>
    </wpt>
    <wpt lat="58.1551000" lon="14.7122900">
        <name>3113</name>
    </wpt>
    <wpt lat="58.1552700" lon="14.7121500">
        <name>3114</name>
    </wpt>
    <wpt lat="58.1554300" lon="14.7119800">
        <name>3115</name>
    </wpt>
    <wpt lat="58.1556200" lon="14.7117600">
        <name>3116</name>
    </wpt>
    <wpt lat="58.1559600" lon="14.7113900">
        <name>3117</name>
    </wpt>
    <wpt lat="58.1561900" lon="14.7111700">
        <name>3118</name>
    </wpt>
    <wpt lat="58.1564800" lon="14.7108700">
        <name>3119</name>
    </wpt>
    <wpt lat="58.1566300" lon="14.7107200">
        <name>3120</name>
    </wpt>
    <wpt lat="58.1568500" lon="14.7105500">
        <name>3121</name>
    </wpt>
    <wpt lat="58.1570200" lon="14.7104400">
        <name>3122</name>
    </wpt>
    <wpt lat="58.1573700" lon="14.7102800">
        <name>3123</name>
    </wpt>
    <wpt lat="58.1576900" lon="14.7101300">
        <name>3124</name>
    </wpt>
    <wpt lat="58.1579400" lon="14.7100300">
        <name>3125</name>
    </wpt>
    <wpt lat="58.1581000" lon="14.7099800">
        <name>3126</name>
    </wpt>
    <wpt lat="58.1582200" lon="14.7099600">
        <name>3127</name>
    </wpt>
    <wpt lat="58.1584300" lon="14.7099800">
        <name>3128</name>
    </wpt>
    <wpt lat="58.1586200" lon="14.7100100">
        <name>3129</name>
    </wpt>
    <wpt lat="58.1589500" lon="14.7100500">
        <name>3130</name>
    </wpt>
    <wpt lat="58.1592500" lon="14.7100900">
        <name>3131</name>
    </wpt>
    <wpt lat="58.1596100" lon="14.7101500">
        <name>3132</name>
    </wpt>
    <wpt lat="58.1598700" lon="14.7102000">
        <name>3133</name>
    </wpt>
    <wpt lat="58.1600200" lon="14.7102400">
        <name>3134</name>
    </wpt>
    <wpt lat="58.1601700" lon="14.7102500">
        <name>3135</name>
    </wpt>
    <wpt lat="58.1604100" lon="14.7102800">
        <name>3136</name>
    </wpt>
    <wpt lat="58.1605600" lon="14.7102800">
        <name>3137</name>
    </wpt>
    <wpt lat="58.1606900" lon="14.7102700">
        <name>3138</name>
    </wpt>
    <wpt lat="58.1609200" lon="14.7102200">
        <name>3139</name>
    </wpt>
    <wpt lat="58.1611000" lon="14.7101800">
        <name>3140</name>
    </wpt>
    <wpt lat="58.1613500" lon="14.7100900">
        <name>3141</name>
    </wpt>
    <wpt lat="58.1615900" lon="14.7100100">
        <name>3142</name>
    </wpt>
    <wpt lat="58.1618500" lon="14.7099700">
        <name>3143</name>
    </wpt>
    <wpt lat="58.1621900" lon="14.7099300">
        <name>3144</name>
    </wpt>
    <wpt lat="58.1623800" lon="14.7098900">
        <name>3145</name>
    </wpt>
    <wpt lat="58.1626200" lon="14.7098600">
        <name>3146</name>
    </wpt>
    <wpt lat="58.1628000" lon="14.7098400">
        <name>3147</name>
    </wpt>
    <wpt lat="58.1629700" lon="14.7098100">
        <name>3148</name>
    </wpt>
    <wpt lat="58.1631200" lon="14.7098200">
        <name>3149</name>
    </wpt>
    <wpt lat="58.1632300" lon="14.7098200">
        <name>3150</name>
    </wpt>
    <wpt lat="58.1633600" lon="14.7098600">
        <name>3151</name>
    </wpt>
    <wpt lat="58.1635500" lon="14.7099200">
        <name>3152</name>
    </wpt>
    <wpt lat="58.1638100" lon="14.7100000">
        <name>3153</name>
    </wpt>
    <wpt lat="58.1640700" lon="14.7100600">
        <name>3154</name>
    </wpt>
    <wpt lat="58.1643100" lon="14.7101000">
        <name>3155</name>
    </wpt>
    <wpt lat="58.1645100" lon="14.7101700">
        <name>3156</name>
    </wpt>
    <wpt lat="58.1646600" lon="14.7102500">
        <name>3157</name>
    </wpt>
    <wpt lat="58.1647300" lon="14.7102900">
        <name>3158</name>
    </wpt>
    <wpt lat="58.1648200" lon="14.7103700">
        <name>3159</name>
    </wpt>
    <wpt lat="58.1649100" lon="14.7104900">
        <name>3160</name>
    </wpt>
    <wpt lat="58.1650500" lon="14.7106700">
        <name>3161</name>
    </wpt>
    <wpt lat="58.1651900" lon="14.7108400">
        <name>3162</name>
    </wpt>
    <wpt lat="58.1652700" lon="14.7109400">
        <name>3163</name>
    </wpt>
    <wpt lat="58.1653600" lon="14.7110600">
        <name>3164</name>
    </wpt>
    <wpt lat="58.1655700" lon="14.7113300">
        <name>3165</name>
    </wpt>
    <wpt lat="58.1656900" lon="14.7115100">
        <name>3166</name>
    </wpt>
    <wpt lat="58.1657800" lon="14.7116300">
        <name>3167</name>
    </wpt>
    <wpt lat="58.1659100" lon="14.7117200">
        <name>3168</name>
    </wpt>
    <wpt lat="58.1660500" lon="14.7117700">
        <name>3169</name>
    </wpt>
    <wpt lat="58.1662200" lon="14.7118300">
        <name>3170</name>
    </wpt>
    <wpt lat="58.1663800" lon="14.7118600">
        <name>3171</name>
    </wpt>
    <wpt lat="58.1665600" lon="14.7119100">
        <name>3172</name>
    </wpt>
    <wpt lat="58.1667700" lon="14.7119500">
        <name>3173</name>
    </wpt>
    <wpt lat="58.1669200" lon="14.7119300">
        <name>3174</name>
    </wpt>
    <wpt lat="58.1670600" lon="14.7118900">
        <name>3175</name>
    </wpt>
    <wpt lat="58.1671900" lon="14.7118500">
        <name>3176</name>
    </wpt>
    <wpt lat="58.1673400" lon="14.7118300">
        <name>3177</name>
    </wpt>
    <wpt lat="58.1674900" lon="14.7118400">
        <name>3178</name>
    </wpt>
    <wpt lat="58.1676900" lon="14.7119100">
        <name>3179</name>
    </wpt>
    <wpt lat="58.1678800" lon="14.7119900">
        <name>3180</name>
    </wpt>
    <wpt lat="58.1680300" lon="14.7120500">
        <name>3181</name>
    </wpt>
    <wpt lat="58.1682100" lon="14.7121000">
        <name>3182</name>
    </wpt>
    <wpt lat="58.1683400" lon="14.7121200">
        <name>3183</name>
    </wpt>
    <wpt lat="58.1685100" lon="14.7121200">
        <name>3184</name>
    </wpt>
    <wpt lat="58.1687100" lon="14.7121500">
        <name>3185</name>
    </wpt>
    <wpt lat="58.1688200" lon="14.7121800">
        <name>3186</name>
    </wpt>
    <wpt lat="58.1689000" lon="14.7122300">
        <name>3187</name>
    </wpt>
    <wpt lat="58.1689900" lon="14.7123000">
        <name>3188</name>
    </wpt>
    <wpt lat="58.1690300" lon="14.7123400">
        <name>3189</name>
    </wpt>
    <wpt lat="58.1690600" lon="14.7123700">
        <name>3190</name>
    </wpt>
    <wpt lat="58.1692300" lon="14.7125300">
        <name>3191</name>
    </wpt>
    <wpt lat="58.1695800" lon="14.7129300">
        <name>3192</name>
    </wpt>
    <wpt lat="58.1697000" lon="14.7130700">
        <name>3193</name>
    </wpt>
    <wpt lat="58.1698700" lon="14.7132000">
        <name>3194</name>
    </wpt>
    <wpt lat="58.1699900" lon="14.7132700">
        <name>3195</name>
    </wpt>
    <wpt lat="58.1701800" lon="14.7133400">
        <name>3196</name>
    </wpt>
    <wpt lat="58.1704600" lon="14.7133600">
        <name>3197</name>
    </wpt>
    <wpt lat="58.1706700" lon="14.7133600">
        <name>3198</name>
    </wpt>
    <wpt lat="58.1707800" lon="14.7133700">
        <name>3199</name>
    </wpt>
    <wpt lat="58.1708400" lon="14.7133800">
        <name>3200</name>
    </wpt>
    <wpt lat="58.1709900" lon="14.7134400">
        <name>3201</name>
    </wpt>
    <wpt lat="58.1711700" lon="14.7135600">
        <name>3202</name>
    </wpt>
    <wpt lat="58.1714200" lon="14.7137900">
        <name>3203</name>
    </wpt>
    <wpt lat="58.1716400" lon="14.7139900">
        <name>3204</name>
    </wpt>
    <wpt lat="58.1718600" lon="14.7141800">
        <name>3205</name>
    </wpt>
    <wpt lat="58.1721300" lon="14.7143900">
        <name>3206</name>
    </wpt>
    <wpt lat="58.1723800" lon="14.7145300">
        <name>3207</name>
    </wpt>
    <wpt lat="58.1727900" lon="14.7147500">
        <name>3208</name>
    </wpt>
    <wpt lat="58.1729100" lon="14.7147900">
        <name>3209</name>
    </wpt>
    <wpt lat="58.1730200" lon="14.7148300">
        <name>3210</name>
    </wpt>
    <wpt lat="58.1731700" lon="14.7148800">
        <name>3211</name>
    </wpt>
    <wpt lat="58.1732600" lon="14.7149300">
        <name>3212</name>
    </wpt>
    <wpt lat="58.1733600" lon="14.7150000">
        <name>3213</name>
    </wpt>
    <wpt lat="58.1734700" lon="14.7151100">
        <name>3214</name>
    </wpt>
    <wpt lat="58.1736800" lon="14.7153700">
        <name>3215</name>
    </wpt>
    <wpt lat="58.1738900" lon="14.7156700">
        <name>3216</name>
    </wpt>
    <wpt lat="58.1739100" lon="14.7157000">
        <name>3217</name>
    </wpt>
    <wpt lat="58.1740700" lon="14.7159300">
        <name>3218</name>
    </wpt>
    <wpt lat="58.1742300" lon="14.7161400">
        <name>3219</name>
    </wpt>
    <wpt lat="58.1743400" lon="14.7163200">
        <name>3220</name>
    </wpt>
    <wpt lat="58.1745100" lon="14.7166200">
        <name>3221</name>
    </wpt>
    <wpt lat="58.1747000" lon="14.7169700">
        <name>3222</name>
    </wpt>
    <wpt lat="58.1748100" lon="14.7171600">
        <name>3223</name>
    </wpt>
    <wpt lat="58.1748800" lon="14.7172600">
        <name>3224</name>
    </wpt>
    <wpt lat="58.1749300" lon="14.7173100">
        <name>3225</name>
    </wpt>
    <wpt lat="58.1750100" lon="14.7174000">
        <name>3226</name>
    </wpt>
    <wpt lat="58.1752000" lon="14.7175100">
        <name>3227</name>
    </wpt>
    <wpt lat="58.1755600" lon="14.7176800">
        <name>3228</name>
    </wpt>
    <wpt lat="58.1757800" lon="14.7177700">
        <name>3229</name>
    </wpt>
    <wpt lat="58.1758700" lon="14.7177900">
        <name>3230</name>
    </wpt>
    <wpt lat="58.1759100" lon="14.7177900">
        <name>3231</name>
    </wpt>
    <wpt lat="58.1760000" lon="14.7177800">
        <name>3232</name>
    </wpt>
    <wpt lat="58.1762100" lon="14.7176900">
        <name>3233</name>
    </wpt>
    <wpt lat="58.1763300" lon="14.7176700">
        <name>3234</name>
    </wpt>
    <wpt lat="58.1764300" lon="14.7176600">
        <name>3235</name>
    </wpt>
    <wpt lat="58.1765700" lon="14.7176800">
        <name>3236</name>
    </wpt>
    <wpt lat="58.1766900" lon="14.7177500">
        <name>3237</name>
    </wpt>
    <wpt lat="58.1768300" lon="14.7178700">
        <name>3238</name>
    </wpt>
    <wpt lat="58.1769400" lon="14.7179800">
        <name>3239</name>
    </wpt>
    <wpt lat="58.1771800" lon="14.7183000">
        <name>3240</name>
    </wpt>
    <wpt lat="58.1774600" lon="14.7187300">
        <name>3241</name>
    </wpt>
    <wpt lat="58.1776900" lon="14.7191300">
        <name>3242</name>
    </wpt>
    <wpt lat="58.1779600" lon="14.7195700">
        <name>3243</name>
    </wpt>
    <wpt lat="58.1781400" lon="14.7198700">
        <name>3244</name>
    </wpt>
    <wpt lat="58.1782800" lon="14.7200600">
        <name>3245</name>
    </wpt>
    <wpt lat="58.1784200" lon="14.7202200">
        <name>3246</name>
    </wpt>
    <wpt lat="58.1785300" lon="14.7203400">
        <name>3247</name>
    </wpt>
    <wpt lat="58.1786600" lon="14.7204500">
        <name>3248</name>
    </wpt>
    <wpt lat="58.1788600" lon="14.7206500">
        <name>3249</name>
    </wpt>
    <wpt lat="58.1791500" lon="14.7209200">
        <name>3250</name>
    </wpt>
    <wpt lat="58.1793200" lon="14.7210800">
        <name>3251</name>
    </wpt>
    <wpt lat="58.1795400" lon="14.7212800">
        <name>3252</name>
    </wpt>
    <wpt lat="58.1797400" lon="14.7214000">
        <name>3253</name>
    </wpt>
    <wpt lat="58.1799500" lon="14.7215200">
        <name>3254</name>
    </wpt>
    <wpt lat="58.1800400" lon="14.7215700">
        <name>3255</name>
    </wpt>
    <wpt lat="58.1801800" lon="14.7216500">
        <name>3256</name>
    </wpt>
    <wpt lat="58.1804700" lon="14.7218100">
        <name>3257</name>
    </wpt>
    <wpt lat="58.1806700" lon="14.7219200">
        <name>3258</name>
    </wpt>
    <wpt lat="58.1808200" lon="14.7219800">
        <name>3259</name>
    </wpt>
    <wpt lat="58.1809900" lon="14.7220100">
        <name>3260</name>
    </wpt>
    <wpt lat="58.1812700" lon="14.7220300">
        <name>3261</name>
    </wpt>
    <wpt lat="58.1814000" lon="14.7220600">
        <name>3262</name>
    </wpt>
    <wpt lat="58.1815200" lon="14.7221100">
        <name>3263</name>
    </wpt>
    <wpt lat="58.1816700" lon="14.7221900">
        <name>3264</name>
    </wpt>
    <wpt lat="58.1818200" lon="14.7223200">
        <name>3265</name>
    </wpt>
    <wpt lat="58.1820200" lon="14.7225200">
        <name>3266</name>
    </wpt>
    <wpt lat="58.1821500" lon="14.7226400">
        <name>3267</name>
    </wpt>
    <wpt lat="58.1822400" lon="14.7227000">
        <name>3268</name>
    </wpt>
    <wpt lat="58.1823900" lon="14.7227500">
        <name>3269</name>
    </wpt>
    <wpt lat="58.1825300" lon="14.7227500">
        <name>3270</name>
    </wpt>
    <wpt lat="58.1826600" lon="14.7227100">
        <name>3271</name>
    </wpt>
    <wpt lat="58.1827900" lon="14.7226200">
        <name>3272</name>
    </wpt>
    <wpt lat="58.1828100" lon="14.7226000">
        <name>3273</name>
    </wpt>
    <wpt lat="58.1829800" lon="14.7224600">
        <name>3274</name>
    </wpt>
    <wpt lat="58.1831100" lon="14.7223700">
        <name>3275</name>
    </wpt>
    <wpt lat="58.1832200" lon="14.7223400">
        <name>3276</name>
    </wpt>
    <wpt lat="58.1833300" lon="14.7223500">
        <name>3277</name>
    </wpt>
    <wpt lat="58.1834300" lon="14.7223900">
        <name>3278</name>
    </wpt>
    <wpt lat="58.1836200" lon="14.7225400">
        <name>3279</name>
    </wpt>
    <wpt lat="58.1838100" lon="14.7226700">
        <name>3280</name>
    </wpt>
    <wpt lat="58.1840800" lon="14.7228600">
        <name>3281</name>
    </wpt>
    <wpt lat="58.1842000" lon="14.7229500">
        <name>3282</name>
    </wpt>
    <wpt lat="58.1843000" lon="14.7230600">
        <name>3283</name>
    </wpt>
    <wpt lat="58.1844400" lon="14.7232500">
        <name>3284</name>
    </wpt>
    <wpt lat="58.1846000" lon="14.7234900">
        <name>3285</name>
    </wpt>
    <wpt lat="58.1847100" lon="14.7236600">
        <name>3286</name>
    </wpt>
    <wpt lat="58.1848400" lon="14.7238500">
        <name>3287</name>
    </wpt>
    <wpt lat="58.1850300" lon="14.7241100">
        <name>3288</name>
    </wpt>
    <wpt lat="58.1851500" lon="14.7242700">
        <name>3289</name>
    </wpt>
    <wpt lat="58.1852900" lon="14.7244400">
        <name>3290</name>
    </wpt>
    <wpt lat="58.1854500" lon="14.7246200">
        <name>3291</name>
    </wpt>
    <wpt lat="58.1856400" lon="14.7247400">
        <name>3292</name>
    </wpt>
    <wpt lat="58.1858300" lon="14.7248500">
        <name>3293</name>
    </wpt>
    <wpt lat="58.1860100" lon="14.7249300">
        <name>3294</name>
    </wpt>
    <wpt lat="58.1862500" lon="14.7249500">
        <name>3295</name>
    </wpt>
    <wpt lat="58.1865700" lon="14.7248600">
        <name>3296</name>
    </wpt>
    <wpt lat="58.1869000" lon="14.7246800">
        <name>3297</name>
    </wpt>
    <wpt lat="58.1872700" lon="14.7243700">
        <name>3298</name>
    </wpt>
    <wpt lat="58.1874900" lon="14.7241700">
        <name>3299</name>
    </wpt>
    <wpt lat="58.1876500" lon="14.7240400">
        <name>3300</name>
    </wpt>
    <wpt lat="58.1877500" lon="14.7239800">
        <name>3301</name>
    </wpt>
    <wpt lat="58.1878400" lon="14.7239600">
        <name>3302</name>
    </wpt>
    <wpt lat="58.1879300" lon="14.7239600">
        <name>3303</name>
    </wpt>
    <wpt lat="58.1880800" lon="14.7239800">
        <name>3304</name>
    </wpt>
    <wpt lat="58.1884500" lon="14.7241300">
        <name>3305</name>
    </wpt>
    <wpt lat="58.1885800" lon="14.7241800">
        <name>3306</name>
    </wpt>
    <wpt lat="58.1889900" lon="14.7243500">
        <name>3307</name>
    </wpt>
    <wpt lat="58.1892500" lon="14.7244100">
        <name>3308</name>
    </wpt>
    <wpt lat="58.1895000" lon="14.7244500">
        <name>3309</name>
    </wpt>
    <wpt lat="58.1896400" lon="14.7244800">
        <name>3310</name>
    </wpt>
    <wpt lat="58.1897300" lon="14.7245100">
        <name>3311</name>
    </wpt>
    <wpt lat="58.1898900" lon="14.7245900">
        <name>3312</name>
    </wpt>
    <wpt lat="58.1901700" lon="14.7247400">
        <name>3313</name>
    </wpt>
    <wpt lat="58.1904000" lon="14.7248900">
        <name>3314</name>
    </wpt>
    <wpt lat="58.1905800" lon="14.7250800">
        <name>3315</name>
    </wpt>
    <wpt lat="58.1908000" lon="14.7253600">
        <name>3316</name>
    </wpt>
    <wpt lat="58.1909500" lon="14.7256200">
        <name>3317</name>
    </wpt>
    <wpt lat="58.1910700" lon="14.7258800">
        <name>3318</name>
    </wpt>
    <wpt lat="58.1911800" lon="14.7261000">
        <name>3319</name>
    </wpt>
    <wpt lat="58.1912600" lon="14.7262600">
        <name>3320</name>
    </wpt>
    <wpt lat="58.1913700" lon="14.7264100">
        <name>3321</name>
    </wpt>
    <wpt lat="58.1915100" lon="14.7265800">
        <name>3322</name>
    </wpt>
    <wpt lat="58.1916800" lon="14.7267500">
        <name>3323</name>
    </wpt>
    <wpt lat="58.1918900" lon="14.7269300">
        <name>3324</name>
    </wpt>
    <wpt lat="58.1922200" lon="14.7272200">
        <name>3325</name>
    </wpt>
    <wpt lat="58.1924600" lon="14.7274300">
        <name>3326</name>
    </wpt>
    <wpt lat="58.1926300" lon="14.7275600">
        <name>3327</name>
    </wpt>
    <wpt lat="58.1927800" lon="14.7276600">
        <name>3328</name>
    </wpt>
    <wpt lat="58.1930500" lon="14.7278000">
        <name>3329</name>
    </wpt>
    <wpt lat="58.1932400" lon="14.7279100">
        <name>3330</name>
    </wpt>
    <wpt lat="58.1933400" lon="14.7279700">
        <name>3331</name>
    </wpt>
    <wpt lat="58.1936700" lon="14.7281600">
        <name>3332</name>
    </wpt>
    <wpt lat="58.1938500" lon="14.7282900">
        <name>3333</name>
    </wpt>
    <wpt lat="58.1939700" lon="14.7283900">
        <name>3334</name>
    </wpt>
    <wpt lat="58.1940800" lon="14.7285100">
        <name>3335</name>
    </wpt>
    <wpt lat="58.1941600" lon="14.7286200">
        <name>3336</name>
    </wpt>
    <wpt lat="58.1943400" lon="14.7288700">
        <name>3337</name>
    </wpt>
    <wpt lat="58.1944900" lon="14.7290800">
        <name>3338</name>
    </wpt>
    <wpt lat="58.1946700" lon="14.7292700">
        <name>3339</name>
    </wpt>
    <wpt lat="58.1947900" lon="14.7293900">
        <name>3340</name>
    </wpt>
    <wpt lat="58.1950000" lon="14.7295200">
        <name>3341</name>
    </wpt>
    <wpt lat="58.1952400" lon="14.7296200">
        <name>3342</name>
    </wpt>
    <wpt lat="58.1954700" lon="14.7296800">
        <name>3343</name>
    </wpt>
    <wpt lat="58.1957600" lon="14.7297100">
        <name>3344</name>
    </wpt>
    <wpt lat="58.1960300" lon="14.7297100">
        <name>3345</name>
    </wpt>
    <wpt lat="58.1963300" lon="14.7296400">
        <name>3346</name>
    </wpt>
    <wpt lat="58.1965500" lon="14.7295600">
        <name>3347</name>
    </wpt>
    <wpt lat="58.1968200" lon="14.7294100">
        <name>3348</name>
    </wpt>
    <wpt lat="58.1970200" lon="14.7292500">
        <name>3349</name>
    </wpt>
    <wpt lat="58.1971400" lon="14.7291700">
        <name>3350</name>
    </wpt>
    <wpt lat="58.1972300" lon="14.7291500">
        <name>3351</name>
    </wpt>
    <wpt lat="58.1973300" lon="14.7291700">
        <name>3352</name>
    </wpt>
    <wpt lat="58.1973600" lon="14.7291700">
        <name>3353</name>
    </wpt>
    <wpt lat="58.1974800" lon="14.7292200">
        <name>3354</name>
    </wpt>
    <wpt lat="58.1979800" lon="14.7295200">
        <name>3355</name>
    </wpt>
    <wpt lat="58.1981400" lon="14.7296400">
        <name>3356</name>
    </wpt>
    <wpt lat="58.1983000" lon="14.7298100">
        <name>3357</name>
    </wpt>
    <wpt lat="58.1984300" lon="14.7300600">
        <name>3358</name>
    </wpt>
    <wpt lat="58.1986800" lon="14.7305400">
        <name>3359</name>
    </wpt>
    <wpt lat="58.1986900" lon="14.7305500">
        <name>3360</name>
    </wpt>
    <wpt lat="58.1988000" lon="14.7307000">
        <name>3361</name>
    </wpt>
    <wpt lat="58.1989600" lon="14.7309400">
        <name>3362</name>
    </wpt>
    <wpt lat="58.1990800" lon="14.7310700">
        <name>3363</name>
    </wpt>
    <wpt lat="58.1991800" lon="14.7311400">
        <name>3364</name>
    </wpt>
    <wpt lat="58.1993200" lon="14.7312100">
        <name>3365</name>
    </wpt>
    <wpt lat="58.1994500" lon="14.7313100">
        <name>3366</name>
    </wpt>
    <wpt lat="58.1995500" lon="14.7314600">
        <name>3367</name>
    </wpt>
    <wpt lat="58.1996500" lon="14.7317000">
        <name>3368</name>
    </wpt>
    <wpt lat="58.1998600" lon="14.7322300">
        <name>3369</name>
    </wpt>
    <wpt lat="58.2000200" lon="14.7325200">
        <name>3370</name>
    </wpt>
    <wpt lat="58.2002800" lon="14.7327900">
        <name>3371</name>
    </wpt>
    <wpt lat="58.2004800" lon="14.7329200">
        <name>3372</name>
    </wpt>
    <wpt lat="58.2007200" lon="14.7330000">
        <name>3373</name>
    </wpt>
    <wpt lat="58.2008300" lon="14.7330100">
        <name>3374</name>
    </wpt>
    <wpt lat="58.2009800" lon="14.7330200">
        <name>3375</name>
    </wpt>
    <wpt lat="58.2012200" lon="14.7329700">
        <name>3376</name>
    </wpt>
    <wpt lat="58.2014300" lon="14.7328600">
        <name>3377</name>
    </wpt>
    <wpt lat="58.2018300" lon="14.7326200">
        <name>3378</name>
    </wpt>
    <wpt lat="58.2025200" lon="14.7322200">
        <name>3379</name>
    </wpt>
    <wpt lat="58.2030500" lon="14.7319000">
        <name>3380</name>
    </wpt>
    <wpt lat="58.2035600" lon="14.7315900">
        <name>3381</name>
    </wpt>
    <wpt lat="58.2037500" lon="14.7314500">
        <name>3382</name>
    </wpt>
    <wpt lat="58.2039100" lon="14.7313100">
        <name>3383</name>
    </wpt>
    <wpt lat="58.2040300" lon="14.7311900">
        <name>3384</name>
    </wpt>
    <wpt lat="58.2041500" lon="14.7310000">
        <name>3385</name>
    </wpt>
    <wpt lat="58.2042400" lon="14.7308200">
        <name>3386</name>
    </wpt>
    <wpt lat="58.2043600" lon="14.7304700">
        <name>3387</name>
    </wpt>
    <wpt lat="58.2045100" lon="14.7301200">
        <name>3388</name>
    </wpt>
    <wpt lat="58.2046600" lon="14.7298600">
        <name>3389</name>
    </wpt>
    <wpt lat="58.2048300" lon="14.7296100">
        <name>3390</name>
    </wpt>
    <wpt lat="58.2050100" lon="14.7293700">
        <name>3391</name>
    </wpt>
    <wpt lat="58.2051400" lon="14.7291700">
        <name>3392</name>
    </wpt>
    <wpt lat="58.2052700" lon="14.7289500">
        <name>3393</name>
    </wpt>
    <wpt lat="58.2053600" lon="14.7287400">
        <name>3394</name>
    </wpt>
    <wpt lat="58.2054900" lon="14.7284000">
        <name>3395</name>
    </wpt>
    <wpt lat="58.2056000" lon="14.7280200">
        <name>3396</name>
    </wpt>
    <wpt lat="58.2057100" lon="14.7276300">
        <name>3397</name>
    </wpt>
    <wpt lat="58.2058100" lon="14.7272400">
        <name>3398</name>
    </wpt>
    <wpt lat="58.2058900" lon="14.7268900">
        <name>3399</name>
    </wpt>
    <wpt lat="58.2060000" lon="14.7263000">
        <name>3400</name>
    </wpt>
    <wpt lat="58.2060600" lon="14.7260800">
        <name>3401</name>
    </wpt>
    <wpt lat="58.2061100" lon="14.7259100">
        <name>3402</name>
    </wpt>
    <wpt lat="58.2061800" lon="14.7256800">
        <name>3403</name>
    </wpt>
    <wpt lat="58.2063100" lon="14.7252800">
        <name>3404</name>
    </wpt>
    <wpt lat="58.2064900" lon="14.7247100">
        <name>3405</name>
    </wpt>
    <wpt lat="58.2066000" lon="14.7243900">
        <name>3406</name>
    </wpt>
    <wpt lat="58.2066800" lon="14.7241700">
        <name>3407</name>
    </wpt>
    <wpt lat="58.2067900" lon="14.7239700">
        <name>3408</name>
    </wpt>
    <wpt lat="58.2069100" lon="14.7238100">
        <name>3409</name>
    </wpt>
    <wpt lat="58.2070400" lon="14.7236600">
        <name>3410</name>
    </wpt>
    <wpt lat="58.2073300" lon="14.7234100">
        <name>3411</name>
    </wpt>
    <wpt lat="58.2076600" lon="14.7232000">
        <name>3412</name>
    </wpt>
    <wpt lat="58.2078500" lon="14.7231000">
        <name>3413</name>
    </wpt>
    <wpt lat="58.2080000" lon="14.7230600">
        <name>3414</name>
    </wpt>
    <wpt lat="58.2081500" lon="14.7230500">
        <name>3415</name>
    </wpt>
    <wpt lat="58.2083000" lon="14.7230500">
        <name>3416</name>
    </wpt>
    <wpt lat="58.2084400" lon="14.7230200">
        <name>3417</name>
    </wpt>
    <wpt lat="58.2085800" lon="14.7229300">
        <name>3418</name>
    </wpt>
    <wpt lat="58.2087000" lon="14.7228100">
        <name>3419</name>
    </wpt>
    <wpt lat="58.2088000" lon="14.7226800">
        <name>3420</name>
    </wpt>
    <wpt lat="58.2090100" lon="14.7223300">
        <name>3421</name>
    </wpt>
    <wpt lat="58.2091900" lon="14.7219700">
        <name>3422</name>
    </wpt>
    <wpt lat="58.2092700" lon="14.7217200">
        <name>3423</name>
    </wpt>
    <wpt lat="58.2093100" lon="14.7215700">
        <name>3424</name>
    </wpt>
    <wpt lat="58.2093500" lon="14.7213900">
        <name>3425</name>
    </wpt>
    <wpt lat="58.2093900" lon="14.7210800">
        <name>3426</name>
    </wpt>
    <wpt lat="58.2094400" lon="14.7206700">
        <name>3427</name>
    </wpt>
    <wpt lat="58.2094900" lon="14.7203500">
        <name>3428</name>
    </wpt>
    <wpt lat="58.2095400" lon="14.7201000">
        <name>3429</name>
    </wpt>
    <wpt lat="58.2096500" lon="14.7196300">
        <name>3430</name>
    </wpt>
    <wpt lat="58.2098000" lon="14.7190900">
        <name>3431</name>
    </wpt>
    <wpt lat="58.2098900" lon="14.7188300">
        <name>3432</name>
    </wpt>
    <wpt lat="58.2099200" lon="14.7187600">
        <name>3433</name>
    </wpt>
    <wpt lat="58.2099600" lon="14.7186700">
        <name>3434</name>
    </wpt>
    <wpt lat="58.2100400" lon="14.7185200">
        <name>3435</name>
    </wpt>
    <wpt lat="58.2101700" lon="14.7183600">
        <name>3436</name>
    </wpt>
    <wpt lat="58.2104000" lon="14.7181300">
        <name>3437</name>
    </wpt>
    <wpt lat="58.2107200" lon="14.7178700">
        <name>3438</name>
    </wpt>
    <wpt lat="58.2115400" lon="14.7172100">
        <name>3439</name>
    </wpt>
    <wpt lat="58.2122200" lon="14.7166500">
        <name>3440</name>
    </wpt>
    <wpt lat="58.2124800" lon="14.7163900">
        <name>3441</name>
    </wpt>
    <wpt lat="58.2125800" lon="14.7162600">
        <name>3442</name>
    </wpt>
    <wpt lat="58.2126900" lon="14.7161100">
        <name>3443</name>
    </wpt>
    <wpt lat="58.2127700" lon="14.7159600">
        <name>3444</name>
    </wpt>
    <wpt lat="58.2128300" lon="14.7157700">
        <name>3445</name>
    </wpt>
    <wpt lat="58.2129200" lon="14.7154900">
        <name>3446</name>
    </wpt>
    <wpt lat="58.2130800" lon="14.7149500">
        <name>3447</name>
    </wpt>
    <wpt lat="58.2132200" lon="14.7144500">
        <name>3448</name>
    </wpt>
    <wpt lat="58.2133300" lon="14.7139700">
        <name>3449</name>
    </wpt>
    <wpt lat="58.2133900" lon="14.7138200">
        <name>3450</name>
    </wpt>
    <wpt lat="58.2134500" lon="14.7136600">
        <name>3451</name>
    </wpt>
    <wpt lat="58.2135400" lon="14.7134400">
        <name>3452</name>
    </wpt>
    <wpt lat="58.2137700" lon="14.7130000">
        <name>3453</name>
    </wpt>
    <wpt lat="58.2139300" lon="14.7127000">
        <name>3454</name>
    </wpt>
    <wpt lat="58.2140100" lon="14.7125400">
        <name>3455</name>
    </wpt>
    <wpt lat="58.2140800" lon="14.7124300">
        <name>3456</name>
    </wpt>
    <wpt lat="58.2141100" lon="14.7123800">
        <name>3457</name>
    </wpt>
    <wpt lat="58.2141400" lon="14.7123300">
        <name>3458</name>
    </wpt>
    <wpt lat="58.2142200" lon="14.7122300">
        <name>3459</name>
    </wpt>
    <wpt lat="58.2143100" lon="14.7121500">
        <name>3460</name>
    </wpt>
    <wpt lat="58.2144200" lon="14.7120700">
        <name>3461</name>
    </wpt>
    <wpt lat="58.2145400" lon="14.7120500">
        <name>3462</name>
    </wpt>
    <wpt lat="58.2146900" lon="14.7120500">
        <name>3463</name>
    </wpt>
    <wpt lat="58.2148800" lon="14.7120700">
        <name>3464</name>
    </wpt>
    <wpt lat="58.2149000" lon="14.7120700">
        <name>3465</name>
    </wpt>
    <wpt lat="58.2151900" lon="14.7121300">
        <name>3466</name>
    </wpt>
    <wpt lat="58.2155600" lon="14.7122500">
        <name>3467</name>
    </wpt>
    <wpt lat="58.2156700" lon="14.7122800">
        <name>3468</name>
    </wpt>
    <wpt lat="58.2157700" lon="14.7122900">
        <name>3469</name>
    </wpt>
    <wpt lat="58.2158700" lon="14.7122500">
        <name>3470</name>
    </wpt>
    <wpt lat="58.2160000" lon="14.7121700">
        <name>3471</name>
    </wpt>
    <wpt lat="58.2161300" lon="14.7121100">
        <name>3472</name>
    </wpt>
    <wpt lat="58.2162300" lon="14.7120700">
        <name>3473</name>
    </wpt>
    <wpt lat="58.2163300" lon="14.7120600">
        <name>3474</name>
    </wpt>
    <wpt lat="58.2164700" lon="14.7120900">
        <name>3475</name>
    </wpt>
    <wpt lat="58.2166700" lon="14.7121400">
        <name>3476</name>
    </wpt>
    <wpt lat="58.2167700" lon="14.7121500">
        <name>3477</name>
    </wpt>
    <wpt lat="58.2168600" lon="14.7121400">
        <name>3478</name>
    </wpt>
    <wpt lat="58.2170000" lon="14.7120900">
        <name>3479</name>
    </wpt>
    <wpt lat="58.2176300" lon="14.7118600">
        <name>3480</name>
    </wpt>
    <wpt lat="58.2180300" lon="14.7117200">
        <name>3481</name>
    </wpt>
    <wpt lat="58.2181400" lon="14.7116800">
        <name>3482</name>
    </wpt>
    <wpt lat="58.2183400" lon="14.7116100">
        <name>3483</name>
    </wpt>
    <wpt lat="58.2184600" lon="14.7115800">
        <name>3484</name>
    </wpt>
    <wpt lat="58.2185700" lon="14.7115700">
        <name>3485</name>
    </wpt>
    <wpt lat="58.2186400" lon="14.7115800">
        <name>3486</name>
    </wpt>
    <wpt lat="58.2187200" lon="14.7116100">
        <name>3487</name>
    </wpt>
    <wpt lat="58.2188200" lon="14.7116700">
        <name>3488</name>
    </wpt>
    <wpt lat="58.2190000" lon="14.7118200">
        <name>3489</name>
    </wpt>
    <wpt lat="58.2192700" lon="14.7120700">
        <name>3490</name>
    </wpt>
    <wpt lat="58.2194500" lon="14.7121800">
        <name>3491</name>
    </wpt>
    <wpt lat="58.2195700" lon="14.7122500">
        <name>3492</name>
    </wpt>
    <wpt lat="58.2197300" lon="14.7123300">
        <name>3493</name>
    </wpt>
    <wpt lat="58.2198700" lon="14.7123800">
        <name>3494</name>
    </wpt>
    <wpt lat="58.2201300" lon="14.7124000">
        <name>3495</name>
    </wpt>
    <wpt lat="58.2203400" lon="14.7123900">
        <name>3496</name>
    </wpt>
    <wpt lat="58.2205100" lon="14.7123400">
        <name>3497</name>
    </wpt>
    <wpt lat="58.2206500" lon="14.7122800">
        <name>3498</name>
    </wpt>
    <wpt lat="58.2207800" lon="14.7121600">
        <name>3499</name>
    </wpt>
    <wpt lat="58.2209100" lon="14.7120300">
        <name>3500</name>
    </wpt>
    <wpt lat="58.2210700" lon="14.7118600">
        <name>3501</name>
    </wpt>
    <wpt lat="58.2211900" lon="14.7117500">
        <name>3502</name>
    </wpt>
    <wpt lat="58.2213200" lon="14.7116500">
        <name>3503</name>
    </wpt>
    <wpt lat="58.2214700" lon="14.7115400">
        <name>3504</name>
    </wpt>
    <wpt lat="58.2215300" lon="14.7115100">
        <name>3505</name>
    </wpt>
    <wpt lat="58.2216700" lon="14.7114200">
        <name>3506</name>
    </wpt>
    <wpt lat="58.2218100" lon="14.7113100">
        <name>3507</name>
    </wpt>
    <wpt lat="58.2219300" lon="14.7112000">
        <name>3508</name>
    </wpt>
    <wpt lat="58.2220400" lon="14.7110900">
        <name>3509</name>
    </wpt>
    <wpt lat="58.2221700" lon="14.7109300">
        <name>3510</name>
    </wpt>
    <wpt lat="58.2223000" lon="14.7107700">
        <name>3511</name>
    </wpt>
    <wpt lat="58.2224100" lon="14.7106800">
        <name>3512</name>
    </wpt>
    <wpt lat="58.2225200" lon="14.7106200">
        <name>3513</name>
    </wpt>
    <wpt lat="58.2226400" lon="14.7106000">
        <name>3514</name>
    </wpt>
    <wpt lat="58.2228100" lon="14.7106000">
        <name>3515</name>
    </wpt>
    <wpt lat="58.2231000" lon="14.7105900">
        <name>3516</name>
    </wpt>
    <wpt lat="58.2233600" lon="14.7105900">
        <name>3517</name>
    </wpt>
    <wpt lat="58.2234800" lon="14.7106000">
        <name>3518</name>
    </wpt>
    <wpt lat="58.2236900" lon="14.7106500">
        <name>3519</name>
    </wpt>
    <wpt lat="58.2239100" lon="14.7107300">
        <name>3520</name>
    </wpt>
    <wpt lat="58.2241100" lon="14.7108200">
        <name>3521</name>
    </wpt>
    <wpt lat="58.2243400" lon="14.7109700">
        <name>3522</name>
    </wpt>
    <wpt lat="58.2245400" lon="14.7110600">
        <name>3523</name>
    </wpt>
    <wpt lat="58.2246500" lon="14.7110700">
        <name>3524</name>
    </wpt>
    <wpt lat="58.2247500" lon="14.7110400">
        <name>3525</name>
    </wpt>
    <wpt lat="58.2248400" lon="14.7109500">
        <name>3526</name>
    </wpt>
    <wpt lat="58.2249400" lon="14.7108500">
        <name>3527</name>
    </wpt>
    <wpt lat="58.2250900" lon="14.7106700">
        <name>3528</name>
    </wpt>
    <wpt lat="58.2252000" lon="14.7106100">
        <name>3529</name>
    </wpt>
    <wpt lat="58.2252800" lon="14.7105700">
        <name>3530</name>
    </wpt>
    <wpt lat="58.2254100" lon="14.7105400">
        <name>3531</name>
    </wpt>
    <wpt lat="58.2255500" lon="14.7105500">
        <name>3532</name>
    </wpt>
    <wpt lat="58.2256800" lon="14.7106000">
        <name>3533</name>
    </wpt>
    <wpt lat="58.2258900" lon="14.7107000">
        <name>3534</name>
    </wpt>
    <wpt lat="58.2261500" lon="14.7108100">
        <name>3535</name>
    </wpt>
    <wpt lat="58.2263300" lon="14.7108700">
        <name>3536</name>
    </wpt>
    <wpt lat="58.2264700" lon="14.7108800">
        <name>3537</name>
    </wpt>
    <wpt lat="58.2266400" lon="14.7108300">
        <name>3538</name>
    </wpt>
    <wpt lat="58.2268000" lon="14.7107100">
        <name>3539</name>
    </wpt>
    <wpt lat="58.2269700" lon="14.7105400">
        <name>3540</name>
    </wpt>
    <wpt lat="58.2271100" lon="14.7103800">
        <name>3541</name>
    </wpt>
    <wpt lat="58.2272700" lon="14.7101400">
        <name>3542</name>
    </wpt>
    <wpt lat="58.2274200" lon="14.7099500">
        <name>3543</name>
    </wpt>
    <wpt lat="58.2275300" lon="14.7098600">
        <name>3544</name>
    </wpt>
    <wpt lat="58.2276200" lon="14.7098300">
        <name>3545</name>
    </wpt>
    <wpt lat="58.2277200" lon="14.7098400">
        <name>3546</name>
    </wpt>
    <wpt lat="58.2278500" lon="14.7098900">
        <name>3547</name>
    </wpt>
    <wpt lat="58.2279900" lon="14.7099900">
        <name>3548</name>
    </wpt>
    <wpt lat="58.2282500" lon="14.7101500">
        <name>3549</name>
    </wpt>
    <wpt lat="58.2283800" lon="14.7102100">
        <name>3550</name>
    </wpt>
    <wpt lat="58.2284800" lon="14.7102500">
        <name>3551</name>
    </wpt>
    <wpt lat="58.2285800" lon="14.7102600">
        <name>3552</name>
    </wpt>
    <wpt lat="58.2286700" lon="14.7102600">
        <name>3553</name>
    </wpt>
    <wpt lat="58.2287400" lon="14.7102200">
        <name>3554</name>
    </wpt>
    <wpt lat="58.2288400" lon="14.7101800">
        <name>3555</name>
    </wpt>
    <wpt lat="58.2291000" lon="14.7100600">
        <name>3556</name>
    </wpt>
    <wpt lat="58.2295400" lon="14.7099000">
        <name>3557</name>
    </wpt>
    <wpt lat="58.2301100" lon="14.7096900">
        <name>3558</name>
    </wpt>
    <wpt lat="58.2306100" lon="14.7094800">
        <name>3559</name>
    </wpt>
    <wpt lat="58.2310000" lon="14.7093500">
        <name>3560</name>
    </wpt>
    <wpt lat="58.2311400" lon="14.7092900">
        <name>3561</name>
    </wpt>
    <wpt lat="58.2312900" lon="14.7092600">
        <name>3562</name>
    </wpt>
    <wpt lat="58.2314600" lon="14.7092400">
        <name>3563</name>
    </wpt>
    <wpt lat="58.2314800" lon="14.7092400">
        <name>3564</name>
    </wpt>
    <wpt lat="58.2319000" lon="14.7092300">
        <name>3565</name>
    </wpt>
    <wpt lat="58.2320500" lon="14.7092200">
        <name>3566</name>
    </wpt>
    <wpt lat="58.2320500" lon="14.7092190">
        <name>3567</name>
    </wpt>
    <wpt lat="58.2320500" lon="14.7092200">
        <name>3568</name>
    </wpt>
    <wpt lat="58.2326300" lon="14.7092000">
        <name>3569</name>
    </wpt>
    <wpt lat="58.2329300" lon="14.7091800">
        <name>3570</name>
    </wpt>
    <wpt lat="58.2334600" lon="14.7091600">
        <name>3571</name>
    </wpt>
    <wpt lat="58.2343200" lon="14.7090200">
        <name>3572</name>
    </wpt>
    <wpt lat="58.2346000" lon="14.7089800">
        <name>3573</name>
    </wpt>
    <wpt lat="58.2347000" lon="14.7089600">
        <name>3574</name>
    </wpt>
    <wpt lat="58.2349400" lon="14.7088900">
        <name>3575</name>
    </wpt>
    <wpt lat="58.2350300" lon="14.7088700">
        <name>3576</name>
    </wpt>
    <wpt lat="58.2352200" lon="14.7088200">
        <name>3577</name>
    </wpt>
    <wpt lat="58.2352700" lon="14.7088100">
        <name>3578</name>
    </wpt>
    <wpt lat="58.2353700" lon="14.7088000">
        <name>3579</name>
    </wpt>
    <wpt lat="58.2354000" lon="14.7088000">
        <name>3580</name>
    </wpt>
    <wpt lat="58.2356400" lon="14.7087900">
        <name>3581</name>
    </wpt>
    <wpt lat="58.2357700" lon="14.7087800">
        <name>3582</name>
    </wpt>
    <wpt lat="58.2362400" lon="14.7088900">
        <name>3583</name>
    </wpt>
    <wpt lat="58.2364900" lon="14.7089700">
        <name>3584</name>
    </wpt>
    <wpt lat="58.2367200" lon="14.7090600">
        <name>3585</name>
    </wpt>
    <wpt lat="58.2369500" lon="14.7091100">
        <name>3586</name>
    </wpt>
    <wpt lat="58.2369900" lon="14.7091200">
        <name>3587</name>
    </wpt>
    <wpt lat="58.2372900" lon="14.7092100">
        <name>3588</name>
    </wpt>
    <wpt lat="58.2376400" lon="14.7093100">
        <name>3589</name>
    </wpt>
    <wpt lat="58.2378400" lon="14.7093700">
        <name>3590</name>
    </wpt>
    <wpt lat="58.2383700" lon="14.7095200">
        <name>3591</name>
    </wpt>
    <wpt lat="58.2388100" lon="14.7096100">
        <name>3592</name>
    </wpt>
    <wpt lat="58.2391000" lon="14.7096700">
        <name>3593</name>
    </wpt>
    <wpt lat="58.2393000" lon="14.7096700">
        <name>3594</name>
    </wpt>
    <wpt lat="58.2395100" lon="14.7096300">
        <name>3595</name>
    </wpt>
    <wpt lat="58.2396800" lon="14.7096200">
        <name>3596</name>
    </wpt>
    <wpt lat="58.2398100" lon="14.7096100">
        <name>3597</name>
    </wpt>
    <wpt lat="58.2399500" lon="14.7096200">
        <name>3598</name>
    </wpt>
    <wpt lat="58.2401800" lon="14.7096700">
        <name>3599</name>
    </wpt>
    <wpt lat="58.2403500" lon="14.7097100">
        <name>3600</name>
    </wpt>
    <wpt lat="58.2405100" lon="14.7097000">
        <name>3601</name>
    </wpt>
    <wpt lat="58.2405100" lon="14.7096990">
        <name>3602</name>
    </wpt>
    <wpt lat="58.2405100" lon="14.7097000">
        <name>3603</name>
    </wpt>
    <wpt lat="58.2404400" lon="14.7090800">
        <name>3604</name>
    </wpt>
    <wpt lat="58.2403300" lon="14.7081500">
        <name>3605</name>
    </wpt>
    <wpt lat="58.2402500" lon="14.7074200">
        <name>3606</name>
    </wpt>
    <wpt lat="58.2401900" lon="14.7069100">
        <name>3607</name>
    </wpt>
    <wpt lat="58.2401700" lon="14.7068000">
        <name>3608</name>
    </wpt>
    <wpt lat="58.2401100" lon="14.7064500">
        <name>3609</name>
    </wpt>
    <wpt lat="58.2400100" lon="14.7060600">
        <name>3610</name>
    </wpt>
    <wpt lat="58.2398900" lon="14.7057100">
        <name>3611</name>
    </wpt>
    <wpt lat="58.2397700" lon="14.7054200">
        <name>3612</name>
    </wpt>
    <wpt lat="58.2395500" lon="14.7049500">
        <name>3613</name>
    </wpt>
    <wpt lat="58.2393500" lon="14.7045300">
        <name>3614</name>
    </wpt>
    <wpt lat="58.2391900" lon="14.7042200">
        <name>3615</name>
    </wpt>
    <wpt lat="58.2389600" lon="14.7038300">
        <name>3616</name>
    </wpt>
    <wpt lat="58.2385300" lon="14.7031000">
        <name>3617</name>
    </wpt>
    <wpt lat="58.2384700" lon="14.7030000">
        <name>3618</name>
    </wpt>
    <wpt lat="58.2382500" lon="14.7026400">
        <name>3619</name>
    </wpt>
    <wpt lat="58.2382000" lon="14.7025400">
        <name>3620</name>
    </wpt>
    <wpt lat="58.2380100" lon="14.7021600">
        <name>3621</name>
    </wpt>
    <wpt lat="58.2378600" lon="14.7017800">
        <name>3622</name>
    </wpt>
    <wpt lat="58.2377200" lon="14.7013600">
        <name>3623</name>
    </wpt>
    <wpt lat="58.2376500" lon="14.7010500">
        <name>3624</name>
    </wpt>
    <wpt lat="58.2375800" lon="14.7006100">
        <name>3625</name>
    </wpt>
    <wpt lat="58.2375800" lon="14.7005000">
        <name>3626</name>
    </wpt>
    <wpt lat="58.2375700" lon="14.7002600">
        <name>3627</name>
    </wpt>
    <wpt lat="58.2375900" lon="14.6999500">
        <name>3628</name>
    </wpt>
    <wpt lat="58.2376100" lon="14.6997100">
        <name>3629</name>
    </wpt>
    <wpt lat="58.2376700" lon="14.6992900">
        <name>3630</name>
    </wpt>
    <wpt lat="58.2377600" lon="14.6987700">
        <name>3631</name>
    </wpt>
    <wpt lat="58.2377900" lon="14.6986000">
        <name>3632</name>
    </wpt>
    <wpt lat="58.2379300" lon="14.6978700">
        <name>3633</name>
    </wpt>
    <wpt lat="58.2380500" lon="14.6972100">
        <name>3634</name>
    </wpt>
    <wpt lat="58.2381500" lon="14.6966400">
        <name>3635</name>
    </wpt>
    <wpt lat="58.2383000" lon="14.6957600">
        <name>3636</name>
    </wpt>
    <wpt lat="58.2383500" lon="14.6952700">
        <name>3637</name>
    </wpt>
    <wpt lat="58.2383800" lon="14.6947200">
        <name>3638</name>
    </wpt>
    <wpt lat="58.2383800" lon="14.6945200">
        <name>3639</name>
    </wpt>
    <wpt lat="58.2383500" lon="14.6942200">
        <name>3640</name>
    </wpt>
    <wpt lat="58.2383200" lon="14.6938900">
        <name>3641</name>
    </wpt>
    <wpt lat="58.2382400" lon="14.6934300">
        <name>3642</name>
    </wpt>
    <wpt lat="58.2381200" lon="14.6930100">
        <name>3643</name>
    </wpt>
    <wpt lat="58.2379700" lon="14.6926100">
        <name>3644</name>
    </wpt>
    <wpt lat="58.2378500" lon="14.6923100">
        <name>3645</name>
    </wpt>
    <wpt lat="58.2379600" lon="14.6922800">
        <name>3646</name>
    </wpt>
    <wpt lat="58.2382000" lon="14.6922900">
        <name>3647</name>
    </wpt>
    <wpt lat="58.2385400" lon="14.6923600">
        <name>3648</name>
    </wpt>
    <wpt lat="58.2389300" lon="14.6924700">
        <name>3649</name>
    </wpt>
    <wpt lat="58.2392900" lon="14.6925900">
        <name>3650</name>
    </wpt>
    <wpt lat="58.2397200" lon="14.6927600">
        <name>3651</name>
    </wpt>
    <wpt lat="58.2405100" lon="14.6930800">
        <name>3652</name>
    </wpt>
    <wpt lat="58.2417400" lon="14.6935800">
        <name>3653</name>
    </wpt>
    <wpt lat="58.2427500" lon="14.6939900">
        <name>3654</name>
    </wpt>
    <wpt lat="58.2439700" lon="14.6944900">
        <name>3655</name>
    </wpt>
    <wpt lat="58.2447000" lon="14.6947600">
        <name>3656</name>
    </wpt>
    <wpt lat="58.2451000" lon="14.6949000">
        <name>3657</name>
    </wpt>
    <wpt lat="58.2458100" lon="14.6951400">
        <name>3658</name>
    </wpt>
    <wpt lat="58.2464500" lon="14.6953700">
        <name>3659</name>
    </wpt>
    <wpt lat="58.2468400" lon="14.6955300">
        <name>3660</name>
    </wpt>
    <wpt lat="58.2471600" lon="14.6956800">
        <name>3661</name>
    </wpt>
    <wpt lat="58.2474700" lon="14.6958500">
        <name>3662</name>
    </wpt>
    <wpt lat="58.2477800" lon="14.6960900">
        <name>3663</name>
    </wpt>
    <wpt lat="58.2479500" lon="14.6962400">
        <name>3664</name>
    </wpt>
    <wpt lat="58.2481500" lon="14.6963500">
        <name>3665</name>
    </wpt>
    <wpt lat="58.2484600" lon="14.6964600">
        <name>3666</name>
    </wpt>
    <wpt lat="58.2490700" lon="14.6965800">
        <name>3667</name>
    </wpt>
    <wpt lat="58.2494500" lon="14.6966400">
        <name>3668</name>
    </wpt>
    <wpt lat="58.2498400" lon="14.6966500">
        <name>3669</name>
    </wpt>
    <wpt lat="58.2501400" lon="14.6966600">
        <name>3670</name>
    </wpt>
    <wpt lat="58.2504000" lon="14.6967100">
        <name>3671</name>
    </wpt>
    <wpt lat="58.2505600" lon="14.6967700">
        <name>3672</name>
    </wpt>
    <wpt lat="58.2508500" lon="14.6969500">
        <name>3673</name>
    </wpt>
    <wpt lat="58.2509600" lon="14.6970200">
        <name>3674</name>
    </wpt>
    <wpt lat="58.2511000" lon="14.6971000">
        <name>3675</name>
    </wpt>
    <wpt lat="58.2513400" lon="14.6971600">
        <name>3676</name>
    </wpt>
    <wpt lat="58.2515000" lon="14.6971600">
        <name>3677</name>
    </wpt>
    <wpt lat="58.2517500" lon="14.6971300">
        <name>3678</name>
    </wpt>
    <wpt lat="58.2522600" lon="14.6970100">
        <name>3679</name>
    </wpt>
    <wpt lat="58.2524700" lon="14.6969200">
        <name>3680</name>
    </wpt>
    <wpt lat="58.2525400" lon="14.6968500">
        <name>3681</name>
    </wpt>
    <wpt lat="58.2526900" lon="14.6967200">
        <name>3682</name>
    </wpt>
    <wpt lat="58.2529900" lon="14.6964100">
        <name>3683</name>
    </wpt>
    <wpt lat="58.2532100" lon="14.6962000">
        <name>3684</name>
    </wpt>
    <wpt lat="58.2533500" lon="14.6961200">
        <name>3685</name>
    </wpt>
    <wpt lat="58.2535100" lon="14.6961000">
        <name>3686</name>
    </wpt>
    <wpt lat="58.2538400" lon="14.6961700">
        <name>3687</name>
    </wpt>
    <wpt lat="58.2541300" lon="14.6962800">
        <name>3688</name>
    </wpt>
    <wpt lat="58.2546100" lon="14.6964600">
        <name>3689</name>
    </wpt>
    <wpt lat="58.2557900" lon="14.6969200">
        <name>3690</name>
    </wpt>
    <wpt lat="58.2564000" lon="14.6971400">
        <name>3691</name>
    </wpt>
    <wpt lat="58.2567100" lon="14.6972100">
        <name>3692</name>
    </wpt>
    <wpt lat="58.2568300" lon="14.6972100">
        <name>3693</name>
    </wpt>
    <wpt lat="58.2569400" lon="14.6971500">
        <name>3694</name>
    </wpt>
    <wpt lat="58.2570600" lon="14.6970800">
        <name>3695</name>
    </wpt>
    <wpt lat="58.2573200" lon="14.6968600">
        <name>3696</name>
    </wpt>
    <wpt lat="58.2575200" lon="14.6966900">
        <name>3697</name>
    </wpt>
    <wpt lat="58.2578300" lon="14.6964200">
        <name>3698</name>
    </wpt>
    <wpt lat="58.2581200" lon="14.6961800">
        <name>3699</name>
    </wpt>
    <wpt lat="58.2582700" lon="14.6960600">
        <name>3700</name>
    </wpt>
    <wpt lat="58.2584200" lon="14.6959300">
        <name>3701</name>
    </wpt>
    <wpt lat="58.2585100" lon="14.6958700">
        <name>3702</name>
    </wpt>
    <wpt lat="58.2586000" lon="14.6958100">
        <name>3703</name>
    </wpt>
    <wpt lat="58.2586800" lon="14.6957800">
        <name>3704</name>
    </wpt>
    <wpt lat="58.2587100" lon="14.6957600">
        <name>3705</name>
    </wpt>
    <wpt lat="58.2588200" lon="14.6957300">
        <name>3706</name>
    </wpt>
    <wpt lat="58.2590200" lon="14.6956600">
        <name>3707</name>
    </wpt>
    <wpt lat="58.2592200" lon="14.6956400">
        <name>3708</name>
    </wpt>
    <wpt lat="58.2593500" lon="14.6956200">
        <name>3709</name>
    </wpt>
    <wpt lat="58.2595000" lon="14.6956100">
        <name>3710</name>
    </wpt>
    <wpt lat="58.2596300" lon="14.6956300">
        <name>3711</name>
    </wpt>
    <wpt lat="58.2598200" lon="14.6956900">
        <name>3712</name>
    </wpt>
    <wpt lat="58.2599700" lon="14.6957700">
        <name>3713</name>
    </wpt>
    <wpt lat="58.2602000" lon="14.6958800">
        <name>3714</name>
    </wpt>
    <wpt lat="58.2603300" lon="14.6959200">
        <name>3715</name>
    </wpt>
    <wpt lat="58.2604700" lon="14.6959100">
        <name>3716</name>
    </wpt>
    <wpt lat="58.2606300" lon="14.6958700">
        <name>3717</name>
    </wpt>
    <wpt lat="58.2607500" lon="14.6958100">
        <name>3718</name>
    </wpt>
    <wpt lat="58.2608700" lon="14.6957700">
        <name>3719</name>
    </wpt>
    <wpt lat="58.2610000" lon="14.6957300">
        <name>3720</name>
    </wpt>
    <wpt lat="58.2610800" lon="14.6957300">
        <name>3721</name>
    </wpt>
    <wpt lat="58.2612600" lon="14.6957500">
        <name>3722</name>
    </wpt>
    <wpt lat="58.2613700" lon="14.6957600">
        <name>3723</name>
    </wpt>
    <wpt lat="58.2614900" lon="14.6957800">
        <name>3724</name>
    </wpt>
    <wpt lat="58.2616700" lon="14.6958300">
        <name>3725</name>
    </wpt>
    <wpt lat="58.2619400" lon="14.6959300">
        <name>3726</name>
    </wpt>
    <wpt lat="58.2620100" lon="14.6959400">
        <name>3727</name>
    </wpt>
    <wpt lat="58.2621000" lon="14.6959100">
        <name>3728</name>
    </wpt>
    <wpt lat="58.2621500" lon="14.6958700">
        <name>3729</name>
    </wpt>
    <wpt lat="58.2622100" lon="14.6957800">
        <name>3730</name>
    </wpt>
    <wpt lat="58.2622900" lon="14.6955400">
        <name>3731</name>
    </wpt>
    <wpt lat="58.2624000" lon="14.6952300">
        <name>3732</name>
    </wpt>
    <wpt lat="58.2625200" lon="14.6949200">
        <name>3733</name>
    </wpt>
    <wpt lat="58.2627900" lon="14.6941900">
        <name>3734</name>
    </wpt>
    <wpt lat="58.2630200" lon="14.6935000">
        <name>3735</name>
    </wpt>
    <wpt lat="58.2631500" lon="14.6931700">
        <name>3736</name>
    </wpt>
    <wpt lat="58.2632400" lon="14.6929400">
        <name>3737</name>
    </wpt>
    <wpt lat="58.2633400" lon="14.6927300">
        <name>3738</name>
    </wpt>
    <wpt lat="58.2634400" lon="14.6926100">
        <name>3739</name>
    </wpt>
    <wpt lat="58.2635400" lon="14.6924800">
        <name>3740</name>
    </wpt>
    <wpt lat="58.2638100" lon="14.6923000">
        <name>3741</name>
    </wpt>
    <wpt lat="58.2641700" lon="14.6920800">
        <name>3742</name>
    </wpt>
    <wpt lat="58.2645000" lon="14.6918800">
        <name>3743</name>
    </wpt>
    <wpt lat="58.2646900" lon="14.6917700">
        <name>3744</name>
    </wpt>
    <wpt lat="58.2647800" lon="14.6917100">
        <name>3745</name>
    </wpt>
    <wpt lat="58.2648300" lon="14.6916900">
        <name>3746</name>
    </wpt>
    <wpt lat="58.2650100" lon="14.6916400">
        <name>3747</name>
    </wpt>
    <wpt lat="58.2652800" lon="14.6916100">
        <name>3748</name>
    </wpt>
    <wpt lat="58.2656000" lon="14.6915400">
        <name>3749</name>
    </wpt>
    <wpt lat="58.2657700" lon="14.6914700">
        <name>3750</name>
    </wpt>
    <wpt lat="58.2659500" lon="14.6913700">
        <name>3751</name>
    </wpt>
    <wpt lat="58.2661900" lon="14.6912300">
        <name>3752</name>
    </wpt>
    <wpt lat="58.2664400" lon="14.6910700">
        <name>3753</name>
    </wpt>
    <wpt lat="58.2665800" lon="14.6909900">
        <name>3754</name>
    </wpt>
    <wpt lat="58.2667200" lon="14.6909200">
        <name>3755</name>
    </wpt>
    <wpt lat="58.2668600" lon="14.6908700">
        <name>3756</name>
    </wpt>
    <wpt lat="58.2669900" lon="14.6908500">
        <name>3757</name>
    </wpt>
    <wpt lat="58.2671000" lon="14.6908200">
        <name>3758</name>
    </wpt>
    <wpt lat="58.2672300" lon="14.6908000">
        <name>3759</name>
    </wpt>
    <wpt lat="58.2675800" lon="14.6907800">
        <name>3760</name>
    </wpt>
    <wpt lat="58.2678300" lon="14.6907700">
        <name>3761</name>
    </wpt>
    <wpt lat="58.2679300" lon="14.6907900">
        <name>3762</name>
    </wpt>
    <wpt lat="58.2680200" lon="14.6908200">
        <name>3763</name>
    </wpt>
    <wpt lat="58.2681500" lon="14.6909400">
        <name>3764</name>
    </wpt>
    <wpt lat="58.2682500" lon="14.6911200">
        <name>3765</name>
    </wpt>
    <wpt lat="58.2683400" lon="14.6913200">
        <name>3766</name>
    </wpt>
    <wpt lat="58.2684200" lon="14.6915100">
        <name>3767</name>
    </wpt>
    <wpt lat="58.2684800" lon="14.6916300">
        <name>3768</name>
    </wpt>
    <wpt lat="58.2685500" lon="14.6917500">
        <name>3769</name>
    </wpt>
    <wpt lat="58.2686000" lon="14.6918200">
        <name>3770</name>
    </wpt>
    <wpt lat="58.2687000" lon="14.6918900">
        <name>3771</name>
    </wpt>
    <wpt lat="58.2688300" lon="14.6919600">
        <name>3772</name>
    </wpt>
    <wpt lat="58.2690800" lon="14.6920100">
        <name>3773</name>
    </wpt>
    <wpt lat="58.2698700" lon="14.6921800">
        <name>3774</name>
    </wpt>
    <wpt lat="58.2704400" lon="14.6922900">
        <name>3775</name>
    </wpt>
    <wpt lat="58.2706000" lon="14.6923300">
        <name>3776</name>
    </wpt>
    <wpt lat="58.2707900" lon="14.6923800">
        <name>3777</name>
    </wpt>
    <wpt lat="58.2709200" lon="14.6924200">
        <name>3778</name>
    </wpt>
    <wpt lat="58.2711800" lon="14.6925300">
        <name>3779</name>
    </wpt>
    <wpt lat="58.2712500" lon="14.6925600">
        <name>3780</name>
    </wpt>
    <wpt lat="58.2713900" lon="14.6926400">
        <name>3781</name>
    </wpt>
    <wpt lat="58.2716100" lon="14.6927400">
        <name>3782</name>
    </wpt>
    <wpt lat="58.2718200" lon="14.6928400">
        <name>3783</name>
    </wpt>
    <wpt lat="58.2721100" lon="14.6930200">
        <name>3784</name>
    </wpt>
    <wpt lat="58.2725100" lon="14.6932900">
        <name>3785</name>
    </wpt>
    <wpt lat="58.2728600" lon="14.6935300">
        <name>3786</name>
    </wpt>
    <wpt lat="58.2732700" lon="14.6938300">
        <name>3787</name>
    </wpt>
    <wpt lat="58.2737700" lon="14.6941800">
        <name>3788</name>
    </wpt>
    <wpt lat="58.2738400" lon="14.6942200">
        <name>3789</name>
    </wpt>
    <wpt lat="58.2738600" lon="14.6942300">
        <name>3790</name>
    </wpt>
    <wpt lat="58.2743700" lon="14.6945600">
        <name>3791</name>
    </wpt>
    <wpt lat="58.2746900" lon="14.6947500">
        <name>3792</name>
    </wpt>
    <wpt lat="58.2749400" lon="14.6948400">
        <name>3793</name>
    </wpt>
    <wpt lat="58.2751300" lon="14.6949100">
        <name>3794</name>
    </wpt>
    <wpt lat="58.2752400" lon="14.6949800">
        <name>3795</name>
    </wpt>
    <wpt lat="58.2757100" lon="14.6952600">
        <name>3796</name>
    </wpt>
    <wpt lat="58.2760000" lon="14.6954600">
        <name>3797</name>
    </wpt>
    <wpt lat="58.2762700" lon="14.6956400">
        <name>3798</name>
    </wpt>
    <wpt lat="58.2764200" lon="14.6957500">
        <name>3799</name>
    </wpt>
    <wpt lat="58.2766100" lon="14.6959100">
        <name>3800</name>
    </wpt>
    <wpt lat="58.2768500" lon="14.6961400">
        <name>3801</name>
    </wpt>
    <wpt lat="58.2772000" lon="14.6965300">
        <name>3802</name>
    </wpt>
    <wpt lat="58.2775300" lon="14.6968900">
        <name>3803</name>
    </wpt>
    <wpt lat="58.2779600" lon="14.6973500">
        <name>3804</name>
    </wpt>
    <wpt lat="58.2780600" lon="14.6974500">
        <name>3805</name>
    </wpt>
    <wpt lat="58.2785000" lon="14.6978900">
        <name>3806</name>
    </wpt>
    <wpt lat="58.2789600" lon="14.6983300">
        <name>3807</name>
    </wpt>
    <wpt lat="58.2792300" lon="14.6985700">
        <name>3808</name>
    </wpt>
    <wpt lat="58.2793900" lon="14.6987100">
        <name>3809</name>
    </wpt>
    <wpt lat="58.2795600" lon="14.6988200">
        <name>3810</name>
    </wpt>
    <wpt lat="58.2799100" lon="14.6990400">
        <name>3811</name>
    </wpt>
    <wpt lat="58.2801600" lon="14.6992000">
        <name>3812</name>
    </wpt>
    <wpt lat="58.2805800" lon="14.6994800">
        <name>3813</name>
    </wpt>
    <wpt lat="58.2810100" lon="14.6997900">
        <name>3814</name>
    </wpt>
    <wpt lat="58.2815300" lon="14.7000900">
        <name>3815</name>
    </wpt>
    <wpt lat="58.2820100" lon="14.7003500">
        <name>3816</name>
    </wpt>
    <wpt lat="58.2821100" lon="14.7004100">
        <name>3817</name>
    </wpt>
    <wpt lat="58.2822400" lon="14.7004900">
        <name>3818</name>
    </wpt>
    <wpt lat="58.2822700" lon="14.7005100">
        <name>3819</name>
    </wpt>
    <wpt lat="58.2824600" lon="14.7006100">
        <name>3820</name>
    </wpt>
    <wpt lat="58.2824900" lon="14.7006300">
        <name>3821</name>
    </wpt>
    <wpt lat="58.2829500" lon="14.7008700">
        <name>3822</name>
    </wpt>
    <wpt lat="58.2834800" lon="14.7011700">
        <name>3823</name>
    </wpt>
    <wpt lat="58.2839000" lon="14.7014000">
        <name>3824</name>
    </wpt>
    <wpt lat="58.2841200" lon="14.7015200">
        <name>3825</name>
    </wpt>
    <wpt lat="58.2842800" lon="14.7016000">
        <name>3826</name>
    </wpt>
    <wpt lat="58.2844000" lon="14.7016200">
        <name>3827</name>
    </wpt>
    <wpt lat="58.2844900" lon="14.7016100">
        <name>3828</name>
    </wpt>
    <wpt lat="58.2845800" lon="14.7015900">
        <name>3829</name>
    </wpt>
    <wpt lat="58.2847700" lon="14.7015100">
        <name>3830</name>
    </wpt>
    <wpt lat="58.2849800" lon="14.7014300">
        <name>3831</name>
    </wpt>
    <wpt lat="58.2850400" lon="14.7014200">
        <name>3832</name>
    </wpt>
    <wpt lat="58.2850900" lon="14.7014100">
        <name>3833</name>
    </wpt>
    <wpt lat="58.2851300" lon="14.7014000">
        <name>3834</name>
    </wpt>
    <wpt lat="58.2852500" lon="14.7013800">
        <name>3835</name>
    </wpt>
    <wpt lat="58.2854000" lon="14.7014000">
        <name>3836</name>
    </wpt>
    <wpt lat="58.2856100" lon="14.7014600">
        <name>3837</name>
    </wpt>
    <wpt lat="58.2858100" lon="14.7015300">
        <name>3838</name>
    </wpt>
    <wpt lat="58.2859700" lon="14.7016000">
        <name>3839</name>
    </wpt>
    <wpt lat="58.2861600" lon="14.7016900">
        <name>3840</name>
    </wpt>
    <wpt lat="58.2864000" lon="14.7018300">
        <name>3841</name>
    </wpt>
    <wpt lat="58.2866300" lon="14.7019500">
        <name>3842</name>
    </wpt>
    <wpt lat="58.2867400" lon="14.7019900">
        <name>3843</name>
    </wpt>
    <wpt lat="58.2868800" lon="14.7020400">
        <name>3844</name>
    </wpt>
    <wpt lat="58.2868600" lon="14.7022500">
        <name>3845</name>
    </wpt>
    <wpt lat="58.2868500" lon="14.7023200">
        <name>3846</name>
    </wpt>
    <wpt lat="58.2868500" lon="14.7024600">
        <name>3847</name>
    </wpt>
    <wpt lat="58.2868600" lon="14.7027000">
        <name>3848</name>
    </wpt>
    <wpt lat="58.2868800" lon="14.7033000">
        <name>3849</name>
    </wpt>
    <wpt lat="58.2869000" lon="14.7036600">
        <name>3850</name>
    </wpt>
    <wpt lat="58.2869400" lon="14.7040100">
        <name>3851</name>
    </wpt>
    <wpt lat="58.2870000" lon="14.7043400">
        <name>3852</name>
    </wpt>
    <wpt lat="58.2870700" lon="14.7046900">
        <name>3853</name>
    </wpt>
    <wpt lat="58.2871100" lon="14.7048900">
        <name>3854</name>
    </wpt>
    <wpt lat="58.2871600" lon="14.7051400">
        <name>3855</name>
    </wpt>
    <wpt lat="58.2872400" lon="14.7055800">
        <name>3856</name>
    </wpt>
    <wpt lat="58.2872900" lon="14.7059500">
        <name>3857</name>
    </wpt>
    <wpt lat="58.2873300" lon="14.7063700">
        <name>3858</name>
    </wpt>
    <wpt lat="58.2874600" lon="14.7076900">
        <name>3859</name>
    </wpt>
    <wpt lat="58.2875500" lon="14.7087100">
        <name>3860</name>
    </wpt>
    <wpt lat="58.2876000" lon="14.7093500">
        <name>3861</name>
    </wpt>
    <wpt lat="58.2876100" lon="14.7093900">
        <name>3862</name>
    </wpt>
    <wpt lat="58.2876400" lon="14.7096500">
        <name>3863</name>
    </wpt>
    <wpt lat="58.2876900" lon="14.7099500">
        <name>3864</name>
    </wpt>
    <wpt lat="58.2877400" lon="14.7102300">
        <name>3865</name>
    </wpt>
    <wpt lat="58.2878500" lon="14.7106800">
        <name>3866</name>
    </wpt>
    <wpt lat="58.2879800" lon="14.7112700">
        <name>3867</name>
    </wpt>
    <wpt lat="58.2882400" lon="14.7124100">
        <name>3868</name>
    </wpt>
    <wpt lat="58.2884600" lon="14.7134700">
        <name>3869</name>
    </wpt>
    <wpt lat="58.2886600" lon="14.7143400">
        <name>3870</name>
    </wpt>
    <wpt lat="58.2887400" lon="14.7146800">
        <name>3871</name>
    </wpt>
    <wpt lat="58.2888300" lon="14.7150700">
        <name>3872</name>
    </wpt>
    <wpt lat="58.2888900" lon="14.7153500">
        <name>3873</name>
    </wpt>
    <wpt lat="58.2889300" lon="14.7155700">
        <name>3874</name>
    </wpt>
    <wpt lat="58.2889500" lon="14.7158000">
        <name>3875</name>
    </wpt>
    <wpt lat="58.2889700" lon="14.7160900">
        <name>3876</name>
    </wpt>
    <wpt lat="58.2890100" lon="14.7168000">
        <name>3877</name>
    </wpt>
    <wpt lat="58.2890400" lon="14.7175500">
        <name>3878</name>
    </wpt>
    <wpt lat="58.2890400" lon="14.7178300">
        <name>3879</name>
    </wpt>
    <wpt lat="58.2890300" lon="14.7180600">
        <name>3880</name>
    </wpt>
    <wpt lat="58.2890100" lon="14.7182700">
        <name>3881</name>
    </wpt>
    <wpt lat="58.2889300" lon="14.7188600">
        <name>3882</name>
    </wpt>
    <wpt lat="58.2889100" lon="14.7190900">
        <name>3883</name>
    </wpt>
    <wpt lat="58.2888900" lon="14.7192200">
        <name>3884</name>
    </wpt>
    <wpt lat="58.2889000" lon="14.7193500">
        <name>3885</name>
    </wpt>
    <wpt lat="58.2889300" lon="14.7196300">
        <name>3886</name>
    </wpt>
    <wpt lat="58.2889700" lon="14.7198300">
        <name>3887</name>
    </wpt>
    <wpt lat="58.2890200" lon="14.7200200">
        <name>3888</name>
    </wpt>
    <wpt lat="58.2891200" lon="14.7203000">
        <name>3889</name>
    </wpt>
    <wpt lat="58.2894000" lon="14.7210300">
        <name>3890</name>
    </wpt>
    <wpt lat="58.2895300" lon="14.7213400">
        <name>3891</name>
    </wpt>
    <wpt lat="58.2896700" lon="14.7216700">
        <name>3892</name>
    </wpt>
    <wpt lat="58.2898700" lon="14.7221500">
        <name>3893</name>
    </wpt>
    <wpt lat="58.2901400" lon="14.7228900">
        <name>3894</name>
    </wpt>
    <wpt lat="58.2903300" lon="14.7234200">
        <name>3895</name>
    </wpt>
    <wpt lat="58.2904500" lon="14.7237300">
        <name>3896</name>
    </wpt>
    <wpt lat="58.2905900" lon="14.7240400">
        <name>3897</name>
    </wpt>
    <wpt lat="58.2906600" lon="14.7242000">
        <name>3898</name>
    </wpt>
    <wpt lat="58.2907400" lon="14.7244400">
        <name>3899</name>
    </wpt>
    <wpt lat="58.2908800" lon="14.7248200">
        <name>3900</name>
    </wpt>
    <wpt lat="58.2910300" lon="14.7252800">
        <name>3901</name>
    </wpt>
    <wpt lat="58.2911300" lon="14.7255400">
        <name>3902</name>
    </wpt>
    <wpt lat="58.2911800" lon="14.7256600">
        <name>3903</name>
    </wpt>
    <wpt lat="58.2912700" lon="14.7258000">
        <name>3904</name>
    </wpt>
    <wpt lat="58.2913700" lon="14.7259400">
        <name>3905</name>
    </wpt>
    <wpt lat="58.2914200" lon="14.7260000">
        <name>3906</name>
    </wpt>
    <wpt lat="58.2914600" lon="14.7260600">
        <name>3907</name>
    </wpt>
    <wpt lat="58.2914900" lon="14.7261000">
        <name>3908</name>
    </wpt>
    <wpt lat="58.2915200" lon="14.7261600">
        <name>3909</name>
    </wpt>
    <wpt lat="58.2915400" lon="14.7262100">
        <name>3910</name>
    </wpt>
    <wpt lat="58.2915500" lon="14.7262800">
        <name>3911</name>
    </wpt>
    <wpt lat="58.2915600" lon="14.7263500">
        <name>3912</name>
    </wpt>
    <wpt lat="58.2915800" lon="14.7264500">
        <name>3913</name>
    </wpt>
    <wpt lat="58.2915800" lon="14.7265600">
        <name>3914</name>
    </wpt>
    <wpt lat="58.2916000" lon="14.7269700">
        <name>3915</name>
    </wpt>
    <wpt lat="58.2916000" lon="14.7275700">
        <name>3916</name>
    </wpt>
    <wpt lat="58.2916100" lon="14.7283200">
        <name>3917</name>
    </wpt>
    <wpt lat="58.2916200" lon="14.7289900">
        <name>3918</name>
    </wpt>
    <wpt lat="58.2916300" lon="14.7294100">
        <name>3919</name>
    </wpt>
    <wpt lat="58.2916300" lon="14.7296300">
        <name>3920</name>
    </wpt>
    <wpt lat="58.2916300" lon="14.7297100">
        <name>3921</name>
    </wpt>
    <wpt lat="58.2916500" lon="14.7299800">
        <name>3922</name>
    </wpt>
    <wpt lat="58.2917200" lon="14.7310600">
        <name>3923</name>
    </wpt>
    <wpt lat="58.2917200" lon="14.7311800">
        <name>3924</name>
    </wpt>
    <wpt lat="58.2917600" lon="14.7320300">
        <name>3925</name>
    </wpt>
    <wpt lat="58.2917900" lon="14.7323200">
        <name>3926</name>
    </wpt>
    <wpt lat="58.2918100" lon="14.7325100">
        <name>3927</name>
    </wpt>
    <wpt lat="58.2918300" lon="14.7326300">
        <name>3928</name>
    </wpt>
    <wpt lat="58.2918300" lon="14.7326600">
        <name>3929</name>
    </wpt>
    <wpt lat="58.2918800" lon="14.7328100">
        <name>3930</name>
    </wpt>
    <wpt lat="58.2919400" lon="14.7330100">
        <name>3931</name>
    </wpt>
    <wpt lat="58.2920700" lon="14.7333900">
        <name>3932</name>
    </wpt>
    <wpt lat="58.2923000" lon="14.7340800">
        <name>3933</name>
    </wpt>
    <wpt lat="58.2925300" lon="14.7347700">
        <name>3934</name>
    </wpt>
    <wpt lat="58.2926000" lon="14.7350300">
        <name>3935</name>
    </wpt>
    <wpt lat="58.2926700" lon="14.7352600">
        <name>3936</name>
    </wpt>
    <wpt lat="58.2927100" lon="14.7354600">
        <name>3937</name>
    </wpt>
    <wpt lat="58.2927500" lon="14.7357000">
        <name>3938</name>
    </wpt>
    <wpt lat="58.2928000" lon="14.7361500">
        <name>3939</name>
    </wpt>
    <wpt lat="58.2928600" lon="14.7366800">
        <name>3940</name>
    </wpt>
    <wpt lat="58.2929200" lon="14.7372700">
        <name>3941</name>
    </wpt>
    <wpt lat="58.2929800" lon="14.7381500">
        <name>3942</name>
    </wpt>
    <wpt lat="58.2929900" lon="14.7382900">
        <name>3943</name>
    </wpt>
    <wpt lat="58.2930400" lon="14.7391200">
        <name>3944</name>
    </wpt>
    <wpt lat="58.2930700" lon="14.7397700">
        <name>3945</name>
    </wpt>
    <wpt lat="58.2930800" lon="14.7401300">
        <name>3946</name>
    </wpt>
    <wpt lat="58.2930800" lon="14.7402800">
        <name>3947</name>
    </wpt>
    <wpt lat="58.2930800" lon="14.7404800">
        <name>3948</name>
    </wpt>
    <wpt lat="58.2930800" lon="14.7409100">
        <name>3949</name>
    </wpt>
    <wpt lat="58.2930600" lon="14.7415500">
        <name>3950</name>
    </wpt>
    <wpt lat="58.2930500" lon="14.7421500">
        <name>3951</name>
    </wpt>
    <wpt lat="58.2930500" lon="14.7425800">
        <name>3952</name>
    </wpt>
    <wpt lat="58.2930700" lon="14.7430900">
        <name>3953</name>
    </wpt>
    <wpt lat="58.2931100" lon="14.7436700">
        <name>3954</name>
    </wpt>
    <wpt lat="58.2931600" lon="14.7441900">
        <name>3955</name>
    </wpt>
    <wpt lat="58.2932300" lon="14.7447200">
        <name>3956</name>
    </wpt>
    <wpt lat="58.2932700" lon="14.7449600">
        <name>3957</name>
    </wpt>
    <wpt lat="58.2933100" lon="14.7451800">
        <name>3958</name>
    </wpt>
    <wpt lat="58.2933600" lon="14.7454100">
        <name>3959</name>
    </wpt>
    <wpt lat="58.2934300" lon="14.7456900">
        <name>3960</name>
    </wpt>
    <wpt lat="58.2934900" lon="14.7459200">
        <name>3961</name>
    </wpt>
    <wpt lat="58.2935000" lon="14.7460200">
        <name>3962</name>
    </wpt>
    <wpt lat="58.2935100" lon="14.7461000">
        <name>3963</name>
    </wpt>
    <wpt lat="58.2935200" lon="14.7462400">
        <name>3964</name>
    </wpt>
    <wpt lat="58.2935200" lon="14.7463700">
        <name>3965</name>
    </wpt>
    <wpt lat="58.2935100" lon="14.7464900">
        <name>3966</name>
    </wpt>
    <wpt lat="58.2935000" lon="14.7466100">
        <name>3967</name>
    </wpt>
    <wpt lat="58.2934800" lon="14.7467200">
        <name>3968</name>
    </wpt>
    <wpt lat="58.2934600" lon="14.7468400">
        <name>3969</name>
    </wpt>
    <wpt lat="58.2934200" lon="14.7471000">
        <name>3970</name>
    </wpt>
    <wpt lat="58.2934100" lon="14.7472400">
        <name>3971</name>
    </wpt>
    <wpt lat="58.2934000" lon="14.7473000">
        <name>3972</name>
    </wpt>
    <wpt lat="58.2934000" lon="14.7473600">
        <name>3973</name>
    </wpt>
    <wpt lat="58.2933900" lon="14.7476200">
        <name>3974</name>
    </wpt>
    <wpt lat="58.2933800" lon="14.7480900">
        <name>3975</name>
    </wpt>
    <wpt lat="58.2933700" lon="14.7490400">
        <name>3976</name>
    </wpt>
    <wpt lat="58.2933600" lon="14.7496200">
        <name>3977</name>
    </wpt>
    <wpt lat="58.2933700" lon="14.7501200">
        <name>3978</name>
    </wpt>
    <wpt lat="58.2933700" lon="14.7503800">
        <name>3979</name>
    </wpt>
    <wpt lat="58.2933900" lon="14.7506300">
        <name>3980</name>
    </wpt>
    <wpt lat="58.2934200" lon="14.7511000">
        <name>3981</name>
    </wpt>
    <wpt lat="58.2934600" lon="14.7515800">
        <name>3982</name>
    </wpt>
    <wpt lat="58.2934800" lon="14.7520200">
        <name>3983</name>
    </wpt>
    <wpt lat="58.2934900" lon="14.7521500">
        <name>3984</name>
    </wpt>
    <wpt lat="58.2934900" lon="14.7522600">
        <name>3985</name>
    </wpt>
    <wpt lat="58.2934900" lon="14.7524600">
        <name>3986</name>
    </wpt>
    <wpt lat="58.2934800" lon="14.7526200">
        <name>3987</name>
    </wpt>
    <wpt lat="58.2934800" lon="14.7527800">
        <name>3988</name>
    </wpt>
    <wpt lat="58.2934700" lon="14.7530700">
        <name>3989</name>
    </wpt>
    <wpt lat="58.2934400" lon="14.7536400">
        <name>3990</name>
    </wpt>
    <wpt lat="58.2934300" lon="14.7539100">
        <name>3991</name>
    </wpt>
    <wpt lat="58.2934100" lon="14.7542500">
        <name>3992</name>
    </wpt>
    <wpt lat="58.2934000" lon="14.7545100">
        <name>3993</name>
    </wpt>
    <wpt lat="58.2933900" lon="14.7547800">
        <name>3994</name>
    </wpt>
    <wpt lat="58.2934000" lon="14.7561000">
        <name>3995</name>
    </wpt>
    <wpt lat="58.2934000" lon="14.7569300">
        <name>3996</name>
    </wpt>
    <wpt lat="58.2933800" lon="14.7572500">
        <name>3997</name>
    </wpt>
    <wpt lat="58.2933600" lon="14.7574500">
        <name>3998</name>
    </wpt>
    <wpt lat="58.2933300" lon="14.7576000">
        <name>3999</name>
    </wpt>
    <wpt lat="58.2932600" lon="14.7579100">
        <name>4000</name>
    </wpt>
    <wpt lat="58.2932100" lon="14.7581500">
        <name>4001</name>
    </wpt>
    <wpt lat="58.2932000" lon="14.7582200">
        <name>4002</name>
    </wpt>
    <wpt lat="58.2932000" lon="14.7582800">
        <name>4003</name>
    </wpt>
    <wpt lat="58.2931900" lon="14.7583400">
        <name>4004</name>
    </wpt>
    <wpt lat="58.2931900" lon="14.7584000">
        <name>4005</name>
    </wpt>
    <wpt lat="58.2931900" lon="14.7584500">
        <name>4006</name>
    </wpt>
    <wpt lat="58.2932000" lon="14.7585100">
        <name>4007</name>
    </wpt>
    <wpt lat="58.2932400" lon="14.7590400">
        <name>4008</name>
    </wpt>
    <wpt lat="58.2932800" lon="14.7594300">
        <name>4009</name>
    </wpt>
    <wpt lat="58.2933100" lon="14.7597300">
        <name>4010</name>
    </wpt>
    <wpt lat="58.2933300" lon="14.7601800">
        <name>4011</name>
    </wpt>
    <wpt lat="58.2933800" lon="14.7614700">
        <name>4012</name>
    </wpt>
    <wpt lat="58.2934100" lon="14.7621000">
        <name>4013</name>
    </wpt>
    <wpt lat="58.2934200" lon="14.7625100">
        <name>4014</name>
    </wpt>
    <wpt lat="58.2934200" lon="14.7628300">
        <name>4015</name>
    </wpt>
    <wpt lat="58.2934200" lon="14.7635900">
        <name>4016</name>
    </wpt>
    <wpt lat="58.2934200" lon="14.7638900">
        <name>4017</name>
    </wpt>
    <wpt lat="58.2934200" lon="14.7642700">
        <name>4018</name>
    </wpt>
    <wpt lat="58.2934400" lon="14.7646200">
        <name>4019</name>
    </wpt>
    <wpt lat="58.2934900" lon="14.7650300">
        <name>4020</name>
    </wpt>
    <wpt lat="58.2935300" lon="14.7653500">
        <name>4021</name>
    </wpt>
    <wpt lat="58.2936000" lon="14.7658500">
        <name>4022</name>
    </wpt>
    <wpt lat="58.2936400" lon="14.7661400">
        <name>4023</name>
    </wpt>
    <wpt lat="58.2936700" lon="14.7663300">
        <name>4024</name>
    </wpt>
    <wpt lat="58.2936800" lon="14.7665100">
        <name>4025</name>
    </wpt>
    <wpt lat="58.2936900" lon="14.7668300">
        <name>4026</name>
    </wpt>
    <wpt lat="58.2936900" lon="14.7672400">
        <name>4027</name>
    </wpt>
    <wpt lat="58.2937000" lon="14.7674000">
        <name>4028</name>
    </wpt>
    <wpt lat="58.2937000" lon="14.7678200">
        <name>4029</name>
    </wpt>
    <wpt lat="58.2937100" lon="14.7684000">
        <name>4030</name>
    </wpt>
    <wpt lat="58.2937500" lon="14.7692500">
        <name>4031</name>
    </wpt>
    <wpt lat="58.2937800" lon="14.7702400">
        <name>4032</name>
    </wpt>
    <wpt lat="58.2937900" lon="14.7709900">
        <name>4033</name>
    </wpt>
    <wpt lat="58.2938000" lon="14.7715700">
        <name>4034</name>
    </wpt>
    <wpt lat="58.2938100" lon="14.7718400">
        <name>4035</name>
    </wpt>
    <wpt lat="58.2938300" lon="14.7721000">
        <name>4036</name>
    </wpt>
    <wpt lat="58.2938500" lon="14.7722500">
        <name>4037</name>
    </wpt>
    <wpt lat="58.2938600" lon="14.7723200">
        <name>4038</name>
    </wpt>
    <wpt lat="58.2938800" lon="14.7724800">
        <name>4039</name>
    </wpt>
    <wpt lat="58.2941000" lon="14.7739400">
        <name>4040</name>
    </wpt>
    <wpt lat="58.2942200" lon="14.7747900">
        <name>4041</name>
    </wpt>
    <wpt lat="58.2943000" lon="14.7753000">
        <name>4042</name>
    </wpt>
    <wpt lat="58.2943400" lon="14.7755900">
        <name>4043</name>
    </wpt>
    <wpt lat="58.2943700" lon="14.7757800">
        <name>4044</name>
    </wpt>
    <wpt lat="58.2944100" lon="14.7761100">
        <name>4045</name>
    </wpt>
    <wpt lat="58.2944500" lon="14.7765000">
        <name>4046</name>
    </wpt>
    <wpt lat="58.2944500" lon="14.7765800">
        <name>4047</name>
    </wpt>
    <wpt lat="58.2944800" lon="14.7769100">
        <name>4048</name>
    </wpt>
    <wpt lat="58.2945300" lon="14.7776700">
        <name>4049</name>
    </wpt>
    <wpt lat="58.2945400" lon="14.7778800">
        <name>4050</name>
    </wpt>
    <wpt lat="58.2945300" lon="14.7781000">
        <name>4051</name>
    </wpt>
    <wpt lat="58.2945100" lon="14.7782900">
        <name>4052</name>
    </wpt>
    <wpt lat="58.2944500" lon="14.7784900">
        <name>4053</name>
    </wpt>
    <wpt lat="58.2942400" lon="14.7790100">
        <name>4054</name>
    </wpt>
    <wpt lat="58.2940600" lon="14.7794800">
        <name>4055</name>
    </wpt>
    <wpt lat="58.2939700" lon="14.7797600">
        <name>4056</name>
    </wpt>
    <wpt lat="58.2939100" lon="14.7799800">
        <name>4057</name>
    </wpt>
    <wpt lat="58.2939000" lon="14.7800100">
        <name>4058</name>
    </wpt>
    <wpt lat="58.2938500" lon="14.7802100">
        <name>4059</name>
    </wpt>
    <wpt lat="58.2938400" lon="14.7803200">
        <name>4060</name>
    </wpt>
    <wpt lat="58.2938300" lon="14.7805500">
        <name>4061</name>
    </wpt>
    <wpt lat="58.2938000" lon="14.7813400">
        <name>4062</name>
    </wpt>
    <wpt lat="58.2937600" lon="14.7821200">
        <name>4063</name>
    </wpt>
    <wpt lat="58.2937200" lon="14.7829400">
        <name>4064</name>
    </wpt>
    <wpt lat="58.2936800" lon="14.7833800">
        <name>4065</name>
    </wpt>
    <wpt lat="58.2936200" lon="14.7839000">
        <name>4066</name>
    </wpt>
    <wpt lat="58.2935800" lon="14.7841700">
        <name>4067</name>
    </wpt>
    <wpt lat="58.2935000" lon="14.7845100">
        <name>4068</name>
    </wpt>
    <wpt lat="58.2934200" lon="14.7847700">
        <name>4069</name>
    </wpt>
    <wpt lat="58.2934000" lon="14.7848400">
        <name>4070</name>
    </wpt>
    <wpt lat="58.2933800" lon="14.7849000">
        <name>4071</name>
    </wpt>
    <wpt lat="58.2933200" lon="14.7851100">
        <name>4072</name>
    </wpt>
    <wpt lat="58.2932200" lon="14.7855600">
        <name>4073</name>
    </wpt>
    <wpt lat="58.2931600" lon="14.7858600">
        <name>4074</name>
    </wpt>
    <wpt lat="58.2931400" lon="14.7860800">
        <name>4075</name>
    </wpt>
    <wpt lat="58.2931300" lon="14.7861700">
        <name>4076</name>
    </wpt>
    <wpt lat="58.2931400" lon="14.7862500">
        <name>4077</name>
    </wpt>
    <wpt lat="58.2931500" lon="14.7863800">
        <name>4078</name>
    </wpt>
    <wpt lat="58.2931600" lon="14.7864600">
        <name>4079</name>
    </wpt>
    <wpt lat="58.2932400" lon="14.7868200">
        <name>4080</name>
    </wpt>
    <wpt lat="58.2933700" lon="14.7871700">
        <name>4081</name>
    </wpt>
    <wpt lat="58.2933700" lon="14.7871900">
        <name>4082</name>
    </wpt>
    <wpt lat="58.2934900" lon="14.7874800">
        <name>4083</name>
    </wpt>
    <wpt lat="58.2936100" lon="14.7878000">
        <name>4084</name>
    </wpt>
    <wpt lat="58.2936300" lon="14.7878500">
        <name>4085</name>
    </wpt>
    <wpt lat="58.2936300" lon="14.7878490">
        <name>4086</name>
    </wpt>
    <wpt lat="58.2936300" lon="14.7878500">
        <name>4087</name>
    </wpt>
    <wpt lat="58.2933300" lon="14.7881900">
        <name>4088</name>
    </wpt>
    <wpt lat="58.2933300" lon="14.7881890">
        <name>4089</name>
    </wpt>
    <wpt lat="58.2933300" lon="14.7881900">
        <name>4090</name>
    </wpt>
    <wpt lat="58.2933500" lon="14.7882500">
        <name>4091</name>
    </wpt>
    <wpt lat="58.2936500" lon="14.7890100">
        <name>4092</name>
    </wpt>
    <wpt lat="58.2940700" lon="14.7902200">
        <name>4093</name>
    </wpt>
    <wpt lat="58.2945600" lon="14.7917300">
        <name>4094</name>
    </wpt>
    <wpt lat="58.2951000" lon="14.7934900">
        <name>4095</name>
    </wpt>
    <wpt lat="58.2957000" lon="14.7954400">
        <name>4096</name>
    </wpt>
    <wpt lat="58.2959100" lon="14.7961200">
        <name>4097</name>
    </wpt>
    <wpt lat="58.2961900" lon="14.7970500">
        <name>4098</name>
    </wpt>
    <wpt lat="58.2967400" lon="14.7988100">
        <name>4099</name>
    </wpt>
    <wpt lat="58.2970100" lon="14.7996900">
        <name>4100</name>
    </wpt>
    <wpt lat="58.2971700" lon="14.8002200">
        <name>4101</name>
    </wpt>
    <wpt lat="58.2975000" lon="14.8013000">
        <name>4102</name>
    </wpt>
    <wpt lat="58.2977500" lon="14.8021800">
        <name>4103</name>
    </wpt>
    <wpt lat="58.2980000" lon="14.8030900">
        <name>4104</name>
    </wpt>
    <wpt lat="58.2981800" lon="14.8038300">
        <name>4105</name>
    </wpt>
    <wpt lat="58.2983100" lon="14.8043900">
        <name>4106</name>
    </wpt>
    <wpt lat="58.2984800" lon="14.8051700">
        <name>4107</name>
    </wpt>
    <wpt lat="58.2986500" lon="14.8060000">
        <name>4108</name>
    </wpt>
    <wpt lat="58.2989800" lon="14.8076500">
        <name>4109</name>
    </wpt>
    <wpt lat="58.2992900" lon="14.8091800">
        <name>4110</name>
    </wpt>
    <wpt lat="58.2993800" lon="14.8095800">
        <name>4111</name>
    </wpt>
    <wpt lat="58.2999100" lon="14.8122200">
        <name>4112</name>
    </wpt>
    <wpt lat="58.3003700" lon="14.8144900">
        <name>4113</name>
    </wpt>
    <wpt lat="58.3007900" lon="14.8166000">
        <name>4114</name>
    </wpt>
    <wpt lat="58.3011500" lon="14.8183400">
        <name>4115</name>
    </wpt>
    <wpt lat="58.3014600" lon="14.8198700">
        <name>4116</name>
    </wpt>
    <wpt lat="58.3018400" lon="14.8218100">
        <name>4117</name>
    </wpt>
    <wpt lat="58.3019800" lon="14.8226000">
        <name>4118</name>
    </wpt>
    <wpt lat="58.3020000" lon="14.8227000">
        <name>4119</name>
    </wpt>
    <wpt lat="58.3021400" lon="14.8235200">
        <name>4120</name>
    </wpt>
    <wpt lat="58.3021800" lon="14.8237600">
        <name>4121</name>
    </wpt>
    <wpt lat="58.3026300" lon="14.8263200">
        <name>4122</name>
    </wpt>
    <wpt lat="58.3028300" lon="14.8274400">
        <name>4123</name>
    </wpt>
    <wpt lat="58.3030300" lon="14.8286100">
        <name>4124</name>
    </wpt>
    <wpt lat="58.3033600" lon="14.8305200">
        <name>4125</name>
    </wpt>
    <wpt lat="58.3034000" lon="14.8307400">
        <name>4126</name>
    </wpt>
    <wpt lat="58.3036200" lon="14.8320500">
        <name>4127</name>
    </wpt>
    <wpt lat="58.3036200" lon="14.8320700">
        <name>4128</name>
    </wpt>
    <wpt lat="58.3036600" lon="14.8323100">
        <name>4129</name>
    </wpt>
    <wpt lat="58.3038800" lon="14.8336100">
        <name>4130</name>
    </wpt>
    <wpt lat="58.3039500" lon="14.8340500">
        <name>4131</name>
    </wpt>
    <wpt lat="58.3040500" lon="14.8346400">
        <name>4132</name>
    </wpt>
    <wpt lat="58.3041900" lon="14.8356300">
        <name>4133</name>
    </wpt>
    <wpt lat="58.3045100" lon="14.8379400">
        <name>4134</name>
    </wpt>
    <wpt lat="58.3047000" lon="14.8392600">
        <name>4135</name>
    </wpt>
    <wpt lat="58.3047500" lon="14.8396500">
        <name>4136</name>
    </wpt>
    <wpt lat="58.3047600" lon="14.8397200">
        <name>4137</name>
    </wpt>
    <wpt lat="58.3047700" lon="14.8398100">
        <name>4138</name>
    </wpt>
    <wpt lat="58.3048200" lon="14.8401900">
        <name>4139</name>
    </wpt>
    <wpt lat="58.3049800" lon="14.8413900">
        <name>4140</name>
    </wpt>
    <wpt lat="58.3051800" lon="14.8429800">
        <name>4141</name>
    </wpt>
    <wpt lat="58.3053200" lon="14.8440100">
        <name>4142</name>
    </wpt>
    <wpt lat="58.3054900" lon="14.8453800">
        <name>4143</name>
    </wpt>
    <wpt lat="58.3056900" lon="14.8469400">
        <name>4144</name>
    </wpt>
    <wpt lat="58.3058200" lon="14.8480100">
        <name>4145</name>
    </wpt>
    <wpt lat="58.3059600" lon="14.8491700">
        <name>4146</name>
    </wpt>
    <wpt lat="58.3061400" lon="14.8506500">
        <name>4147</name>
    </wpt>
    <wpt lat="58.3063300" lon="14.8521400">
        <name>4148</name>
    </wpt>
    <wpt lat="58.3064800" lon="14.8533000">
        <name>4149</name>
    </wpt>
    <wpt lat="58.3066600" lon="14.8546300">
        <name>4150</name>
    </wpt>
    <wpt lat="58.3066700" lon="14.8547000">
        <name>4151</name>
    </wpt>
    <wpt lat="58.3068600" lon="14.8561400">
        <name>4152</name>
    </wpt>
    <wpt lat="58.3070400" lon="14.8574400">
        <name>4153</name>
    </wpt>
    <wpt lat="58.3072000" lon="14.8586300">
        <name>4154</name>
    </wpt>
    <wpt lat="58.3073100" lon="14.8594200">
        <name>4155</name>
    </wpt>
    <wpt lat="58.3073600" lon="14.8598300">
        <name>4156</name>
    </wpt>
    <wpt lat="58.3074600" lon="14.8605600">
        <name>4157</name>
    </wpt>
    <wpt lat="58.3074600" lon="14.8605800">
        <name>4158</name>
    </wpt>
    <wpt lat="58.3074600" lon="14.8606000">
        <name>4159</name>
    </wpt>
    <wpt lat="58.3074900" lon="14.8608200">
        <name>4160</name>
    </wpt>
    <wpt lat="58.3076500" lon="14.8620100">
        <name>4161</name>
    </wpt>
    <wpt lat="58.3077300" lon="14.8626500">
        <name>4162</name>
    </wpt>
    <wpt lat="58.3078100" lon="14.8632500">
        <name>4163</name>
    </wpt>
    <wpt lat="58.3079100" lon="14.8639700">
        <name>4164</name>
    </wpt>
    <wpt lat="58.3079700" lon="14.8644700">
        <name>4165</name>
    </wpt>
    <wpt lat="58.3080700" lon="14.8651900">
        <name>4166</name>
    </wpt>
    <wpt lat="58.3082600" lon="14.8666800">
        <name>4167</name>
    </wpt>
    <wpt lat="58.3083000" lon="14.8669900">
        <name>4168</name>
    </wpt>
    <wpt lat="58.3084000" lon="14.8678300">
        <name>4169</name>
    </wpt>
    <wpt lat="58.3085800" lon="14.8693300">
        <name>4170</name>
    </wpt>
    <wpt lat="58.3087100" lon="14.8703500">
        <name>4171</name>
    </wpt>
    <wpt lat="58.3088700" lon="14.8716600">
        <name>4172</name>
    </wpt>
    <wpt lat="58.3091000" lon="14.8735600">
        <name>4173</name>
    </wpt>
    <wpt lat="58.3093200" lon="14.8753300">
        <name>4174</name>
    </wpt>
    <wpt lat="58.3094400" lon="14.8763700">
        <name>4175</name>
    </wpt>
    <wpt lat="58.3095700" lon="14.8774600">
        <name>4176</name>
    </wpt>
    <wpt lat="58.3096900" lon="14.8784000">
        <name>4177</name>
    </wpt>
    <wpt lat="58.3097400" lon="14.8789000">
        <name>4178</name>
    </wpt>
    <wpt lat="58.3097600" lon="14.8791200">
        <name>4179</name>
    </wpt>
    <wpt lat="58.3097800" lon="14.8793300">
        <name>4180</name>
    </wpt>
    <wpt lat="58.3098300" lon="14.8797500">
        <name>4181</name>
    </wpt>
    <wpt lat="58.3098700" lon="14.8803000">
        <name>4182</name>
    </wpt>
    <wpt lat="58.3099100" lon="14.8809700">
        <name>4183</name>
    </wpt>
    <wpt lat="58.3099500" lon="14.8815000">
        <name>4184</name>
    </wpt>
    <wpt lat="58.3099800" lon="14.8819700">
        <name>4185</name>
    </wpt>
    <wpt lat="58.3099900" lon="14.8821100">
        <name>4186</name>
    </wpt>
    <wpt lat="58.3100200" lon="14.8824500">
        <name>4187</name>
    </wpt>
    <wpt lat="58.3100500" lon="14.8830200">
        <name>4188</name>
    </wpt>
    <wpt lat="58.3101000" lon="14.8836900">
        <name>4189</name>
    </wpt>
    <wpt lat="58.3101500" lon="14.8845800">
        <name>4190</name>
    </wpt>
    <wpt lat="58.3102200" lon="14.8855800">
        <name>4191</name>
    </wpt>
    <wpt lat="58.3102900" lon="14.8865900">
        <name>4192</name>
    </wpt>
    <wpt lat="58.3103500" lon="14.8876300">
        <name>4193</name>
    </wpt>
    <wpt lat="58.3104100" lon="14.8885800">
        <name>4194</name>
    </wpt>
    <wpt lat="58.3104600" lon="14.8892800">
        <name>4195</name>
    </wpt>
    <wpt lat="58.3104900" lon="14.8897600">
        <name>4196</name>
    </wpt>
    <wpt lat="58.3105300" lon="14.8903000">
        <name>4197</name>
    </wpt>
    <wpt lat="58.3105700" lon="14.8907400">
        <name>4198</name>
    </wpt>
    <wpt lat="58.3106200" lon="14.8912500">
        <name>4199</name>
    </wpt>
    <wpt lat="58.3106600" lon="14.8916600">
        <name>4200</name>
    </wpt>
    <wpt lat="58.3107000" lon="14.8920200">
        <name>4201</name>
    </wpt>
    <wpt lat="58.3107600" lon="14.8924800">
        <name>4202</name>
    </wpt>
    <wpt lat="58.3108100" lon="14.8929400">
        <name>4203</name>
    </wpt>
    <wpt lat="58.3108500" lon="14.8933500">
        <name>4204</name>
    </wpt>
    <wpt lat="58.3108900" lon="14.8938100">
        <name>4205</name>
    </wpt>
    <wpt lat="58.3109200" lon="14.8941400">
        <name>4206</name>
    </wpt>
    <wpt lat="58.3109500" lon="14.8945300">
        <name>4207</name>
    </wpt>
    <wpt lat="58.3109600" lon="14.8947000">
        <name>4208</name>
    </wpt>
    <wpt lat="58.3109800" lon="14.8949700">
        <name>4209</name>
    </wpt>
    <wpt lat="58.3110000" lon="14.8954500">
        <name>4210</name>
    </wpt>
    <wpt lat="58.3110200" lon="14.8958200">
        <name>4211</name>
    </wpt>
    <wpt lat="58.3110400" lon="14.8962500">
        <name>4212</name>
    </wpt>
    <wpt lat="58.3110600" lon="14.8966900">
        <name>4213</name>
    </wpt>
    <wpt lat="58.3110800" lon="14.8975300">
        <name>4214</name>
    </wpt>
    <wpt lat="58.3111200" lon="14.8984200">
        <name>4215</name>
    </wpt>
    <wpt lat="58.3111300" lon="14.8989700">
        <name>4216</name>
    </wpt>
    <wpt lat="58.3111500" lon="14.8997100">
        <name>4217</name>
    </wpt>
    <wpt lat="58.3111600" lon="14.9004600">
        <name>4218</name>
    </wpt>
    <wpt lat="58.3111500" lon="14.9011800">
        <name>4219</name>
    </wpt>
    <wpt lat="58.3111400" lon="14.9015100">
        <name>4220</name>
    </wpt>
    <wpt lat="58.3111300" lon="14.9017900">
        <name>4221</name>
    </wpt>
    <wpt lat="58.3110900" lon="14.9025500">
        <name>4222</name>
    </wpt>
    <wpt lat="58.3110400" lon="14.9031000">
        <name>4223</name>
    </wpt>
    <wpt lat="58.3110100" lon="14.9033600">
        <name>4224</name>
    </wpt>
    <wpt lat="58.3112600" lon="14.9034800">
        <name>4225</name>
    </wpt>
    <wpt lat="58.3113300" lon="14.9035600">
        <name>4226</name>
    </wpt>
    <wpt lat="58.3113800" lon="14.9036400">
        <name>4227</name>
    </wpt>
    <wpt lat="58.3114300" lon="14.9037300">
        <name>4228</name>
    </wpt>
    <wpt lat="58.3114600" lon="14.9038400">
        <name>4229</name>
    </wpt>
    <wpt lat="58.3114700" lon="14.9039800">
        <name>4230</name>
    </wpt>
    <wpt lat="58.3114900" lon="14.9043000">
        <name>4231</name>
    </wpt>
    <wpt lat="58.3115600" lon="14.9052400">
        <name>4232</name>
    </wpt>
    <wpt lat="58.3116500" lon="14.9064300">
        <name>4233</name>
    </wpt>
    <wpt lat="58.3117300" lon="14.9073900">
        <name>4234</name>
    </wpt>
    <wpt lat="58.3118200" lon="14.9085000">
        <name>4235</name>
    </wpt>
    <wpt lat="58.3119200" lon="14.9096000">
        <name>4236</name>
    </wpt>
    <wpt lat="58.3120000" lon="14.9106500">
        <name>4237</name>
    </wpt>
    <wpt lat="58.3120900" lon="14.9116300">
        <name>4238</name>
    </wpt>
    <wpt lat="58.3121600" lon="14.9124000">
        <name>4239</name>
    </wpt>
    <wpt lat="58.3122000" lon="14.9129500">
        <name>4240</name>
    </wpt>
    <wpt lat="58.3122300" lon="14.9133600">
        <name>4241</name>
    </wpt>
    <wpt lat="58.3123000" lon="14.9141600">
        <name>4242</name>
    </wpt>
    <wpt lat="58.3123900" lon="14.9151900">
        <name>4243</name>
    </wpt>
    <wpt lat="58.3124000" lon="14.9153700">
        <name>4244</name>
    </wpt>
    <wpt lat="58.3124200" lon="14.9156100">
        <name>4245</name>
    </wpt>
    <wpt lat="58.3124600" lon="14.9160500">
        <name>4246</name>
    </wpt>
    <wpt lat="58.3125000" lon="14.9166000">
        <name>4247</name>
    </wpt>
    <wpt lat="58.3125600" lon="14.9174500">
        <name>4248</name>
    </wpt>
    <wpt lat="58.3126100" lon="14.9181200">
        <name>4249</name>
    </wpt>
    <wpt lat="58.3126700" lon="14.9188200">
        <name>4250</name>
    </wpt>
    <wpt lat="58.3127200" lon="14.9194800">
        <name>4251</name>
    </wpt>
    <wpt lat="58.3127700" lon="14.9200500">
        <name>4252</name>
    </wpt>
    <wpt lat="58.3128100" lon="14.9204300">
        <name>4253</name>
    </wpt>
    <wpt lat="58.3128300" lon="14.9206500">
        <name>4254</name>
    </wpt>
    <wpt lat="58.3128800" lon="14.9212800">
        <name>4255</name>
    </wpt>
    <wpt lat="58.3129400" lon="14.9219000">
        <name>4256</name>
    </wpt>
    <wpt lat="58.3129600" lon="14.9220900">
        <name>4257</name>
    </wpt>
    <wpt lat="58.3129700" lon="14.9222500">
        <name>4258</name>
    </wpt>
    <wpt lat="58.3129900" lon="14.9224200">
        <name>4259</name>
    </wpt>
    <wpt lat="58.3130100" lon="14.9225500">
        <name>4260</name>
    </wpt>
    <wpt lat="58.3130700" lon="14.9231600">
        <name>4261</name>
    </wpt>
    <wpt lat="58.3131100" lon="14.9236100">
        <name>4262</name>
    </wpt>
    <wpt lat="58.3134500" lon="14.9236100">
        <name>4263</name>
    </wpt>
    <wpt lat="58.3134700" lon="14.9236100">
        <name>4264</name>
    </wpt>
    <wpt lat="58.3135800" lon="14.9236400">
        <name>4265</name>
    </wpt>
    <wpt lat="58.3138100" lon="14.9237000">
        <name>4266</name>
    </wpt>
    <wpt lat="58.3138900" lon="14.9237100">
        <name>4267</name>
    </wpt>
    <wpt lat="58.3141800" lon="14.9237900">
        <name>4268</name>
    </wpt>
    <wpt lat="58.3144800" lon="14.9238300">
        <name>4269</name>
    </wpt>
    <wpt lat="58.3146100" lon="14.9238600">
        <name>4270</name>
    </wpt>
    <wpt lat="58.3150100" lon="14.9239300">
        <name>4271</name>
    </wpt>
    <wpt lat="58.3151200" lon="14.9239400">
        <name>4272</name>
    </wpt>
    <wpt lat="58.3156100" lon="14.9240200">
        <name>4273</name>
    </wpt>
    <wpt lat="58.3157100" lon="14.9240400">
        <name>4274</name>
    </wpt>
    <wpt lat="58.3162300" lon="14.9241300">
        <name>4275</name>
    </wpt>
    <wpt lat="58.3169700" lon="14.9242600">
        <name>4276</name>
    </wpt>
    <wpt lat="58.3174600" lon="14.9243400">
        <name>4277</name>
    </wpt>
    <wpt lat="58.3176800" lon="14.9243400">
        <name>4278</name>
    </wpt>
    <wpt lat="58.3177400" lon="14.9243500">
        <name>4279</name>
    </wpt>
    <wpt lat="58.3179500" lon="14.9243200">
        <name>4280</name>
    </wpt>
    <wpt lat="58.3181400" lon="14.9242800">
        <name>4281</name>
    </wpt>
    <wpt lat="58.3183300" lon="14.9242100">
        <name>4282</name>
    </wpt>
    <wpt lat="58.3184700" lon="14.9241600">
        <name>4283</name>
    </wpt>
    <wpt lat="58.3186300" lon="14.9240700">
        <name>4284</name>
    </wpt>
    <wpt lat="58.3187500" lon="14.9239900">
        <name>4285</name>
    </wpt>
    <wpt lat="58.3189400" lon="14.9238400">
        <name>4286</name>
    </wpt>
    <wpt lat="58.3191200" lon="14.9236600">
        <name>4287</name>
    </wpt>
    <wpt lat="58.3192900" lon="14.9234700">
        <name>4288</name>
    </wpt>
    <wpt lat="58.3194600" lon="14.9232700">
        <name>4289</name>
    </wpt>
    <wpt lat="58.3196700" lon="14.9230000">
        <name>4290</name>
    </wpt>
    <wpt lat="58.3199900" lon="14.9225900">
        <name>4291</name>
    </wpt>
    <wpt lat="58.3202100" lon="14.9223100">
        <name>4292</name>
    </wpt>
    <wpt lat="58.3204500" lon="14.9220100">
        <name>4293</name>
    </wpt>
    <wpt lat="58.3208100" lon="14.9215800">
        <name>4294</name>
    </wpt>
    <wpt lat="58.3211000" lon="14.9212100">
        <name>4295</name>
    </wpt>
    <wpt lat="58.3214600" lon="14.9207500">
        <name>4296</name>
    </wpt>
    <wpt lat="58.3216300" lon="14.9205200">
        <name>4297</name>
    </wpt>
    <wpt lat="58.3217600" lon="14.9203500">
        <name>4298</name>
    </wpt>
    <wpt lat="58.3219200" lon="14.9201300">
        <name>4299</name>
    </wpt>
    <wpt lat="58.3221300" lon="14.9198300">
        <name>4300</name>
    </wpt>
    <wpt lat="58.3222200" lon="14.9197100">
        <name>4301</name>
    </wpt>
    <wpt lat="58.3223900" lon="14.9194700">
        <name>4302</name>
    </wpt>
    <wpt lat="58.3226100" lon="14.9191700">
        <name>4303</name>
    </wpt>
    <wpt lat="58.3226200" lon="14.9191600">
        <name>4304</name>
    </wpt>
    <wpt lat="58.3227600" lon="14.9189500">
        <name>4305</name>
    </wpt>
    <wpt lat="58.3229000" lon="14.9187700">
        <name>4306</name>
    </wpt>
    <wpt lat="58.3230200" lon="14.9186400">
        <name>4307</name>
    </wpt>
    <wpt lat="58.3231500" lon="14.9185200">
        <name>4308</name>
    </wpt>
    <wpt lat="58.3232900" lon="14.9184100">
        <name>4309</name>
    </wpt>
    <wpt lat="58.3234800" lon="14.9182700">
        <name>4310</name>
    </wpt>
    <wpt lat="58.3238600" lon="14.9180400">
        <name>4311</name>
    </wpt>
    <wpt lat="58.3242200" lon="14.9178400">
        <name>4312</name>
    </wpt>
    <wpt lat="58.3245800" lon="14.9176100">
        <name>4313</name>
    </wpt>
    <wpt lat="58.3245800" lon="14.9176090">
        <name>4314</name>
    </wpt>
    <wpt lat="58.3245800" lon="14.9176100">
        <name>4315</name>
    </wpt>
    <wpt lat="58.3247600" lon="14.9179100">
        <name>4316</name>
    </wpt>
    <wpt lat="58.3249300" lon="14.9181600">
        <name>4317</name>
    </wpt>
    <wpt lat="58.3251200" lon="14.9184500">
        <name>4318</name>
    </wpt>
    <wpt lat="58.3253000" lon="14.9187400">
        <name>4319</name>
    </wpt>
    <wpt lat="58.3255300" lon="14.9191200">
        <name>4320</name>
    </wpt>
    <wpt lat="58.3259000" lon="14.9197300">
        <name>4321</name>
    </wpt>
    <wpt lat="58.3262900" lon="14.9203700">
        <name>4322</name>
    </wpt>
    <wpt lat="58.3266600" lon="14.9209800">
        <name>4323</name>
    </wpt>
    <wpt lat="58.3269400" lon="14.9214300">
        <name>4324</name>
    </wpt>
    <wpt lat="58.3271600" lon="14.9218100">
        <name>4325</name>
    </wpt>
    <wpt lat="58.3273200" lon="14.9220800">
        <name>4326</name>
    </wpt>
    <wpt lat="58.3274500" lon="14.9223000">
        <name>4327</name>
    </wpt>
    <wpt lat="58.3275500" lon="14.9224800">
        <name>4328</name>
    </wpt>
    <wpt lat="58.3276700" lon="14.9227300">
        <name>4329</name>
    </wpt>
    <wpt lat="58.3277700" lon="14.9229800">
        <name>4330</name>
    </wpt>
    <wpt lat="58.3279900" lon="14.9235300">
        <name>4331</name>
    </wpt>
    <wpt lat="58.3283200" lon="14.9243400">
        <name>4332</name>
    </wpt>
    <wpt lat="58.3286000" lon="14.9250500">
        <name>4333</name>
    </wpt>
    <wpt lat="58.3290400" lon="14.9261400">
        <name>4334</name>
    </wpt>
    <wpt lat="58.3292000" lon="14.9265300">
        <name>4335</name>
    </wpt>
    <wpt lat="58.3292000" lon="14.9265290">
        <name>4336</name>
    </wpt>
    <wpt lat="58.3292000" lon="14.9265300">
        <name>4337</name>
    </wpt>
    <wpt lat="58.3295500" lon="14.9274100">
        <name>4338</name>
    </wpt>
    <wpt lat="58.3298500" lon="14.9281700">
        <name>4339</name>
    </wpt>
    <wpt lat="58.3302300" lon="14.9291500">
        <name>4340</name>
    </wpt>
    <wpt lat="58.3305300" lon="14.9299000">
        <name>4341</name>
    </wpt>
    <wpt lat="58.3309700" lon="14.9310500">
        <name>4342</name>
    </wpt>
    <wpt lat="58.3312600" lon="14.9317700">
        <name>4343</name>
    </wpt>
    <wpt lat="58.3315800" lon="14.9326100">
        <name>4344</name>
    </wpt>
    <wpt lat="58.3318800" lon="14.9334000">
        <name>4345</name>
    </wpt>
    <wpt lat="58.3323600" lon="14.9346500">
        <name>4346</name>
    </wpt>
    <wpt lat="58.3327400" lon="14.9356600">
        <name>4347</name>
    </wpt>
    <wpt lat="58.3333200" lon="14.9371200">
        <name>4348</name>
    </wpt>
    <wpt lat="58.3337300" lon="14.9382200">
        <name>4349</name>
    </wpt>
    <wpt lat="58.3341300" lon="14.9392600">
        <name>4350</name>
    </wpt>
    <wpt lat="58.3344200" lon="14.9400100">
        <name>4351</name>
    </wpt>
    <wpt lat="58.3344800" lon="14.9401600">
        <name>4352</name>
    </wpt>
    <wpt lat="58.3345100" lon="14.9402500">
        <name>4353</name>
    </wpt>
    <wpt lat="58.3345600" lon="14.9403900">
        <name>4354</name>
    </wpt>
    <wpt lat="58.3347300" lon="14.9408300">
        <name>4355</name>
    </wpt>
    <wpt lat="58.3348700" lon="14.9411900">
        <name>4356</name>
    </wpt>
    <wpt lat="58.3352700" lon="14.9422200">
        <name>4357</name>
    </wpt>
    <wpt lat="58.3355800" lon="14.9430500">
        <name>4358</name>
    </wpt>
    <wpt lat="58.3359500" lon="14.9440000">
        <name>4359</name>
    </wpt>
    <wpt lat="58.3362300" lon="14.9447500">
        <name>4360</name>
    </wpt>
    <wpt lat="58.3365700" lon="14.9456100">
        <name>4361</name>
    </wpt>
    <wpt lat="58.3369400" lon="14.9465600">
        <name>4362</name>
    </wpt>
    <wpt lat="58.3372700" lon="14.9474000">
        <name>4363</name>
    </wpt>
    <wpt lat="58.3374600" lon="14.9479100">
        <name>4364</name>
    </wpt>
    <wpt lat="58.3376100" lon="14.9483200">
        <name>4365</name>
    </wpt>
    <wpt lat="58.3379600" lon="14.9492400">
        <name>4366</name>
    </wpt>
    <wpt lat="58.3382700" lon="14.9500900">
        <name>4367</name>
    </wpt>
    <wpt lat="58.3383000" lon="14.9501500">
        <name>4368</name>
    </wpt>
    <wpt lat="58.3383800" lon="14.9503700">
        <name>4369</name>
    </wpt>
    <wpt lat="58.3384700" lon="14.9506100">
        <name>4370</name>
    </wpt>
    <wpt lat="58.3385500" lon="14.9508300">
        <name>4371</name>
    </wpt>
    <wpt lat="58.3386300" lon="14.9510400">
        <name>4372</name>
    </wpt>
    <wpt lat="58.3386900" lon="14.9512100">
        <name>4373</name>
    </wpt>
    <wpt lat="58.3387700" lon="14.9514300">
        <name>4374</name>
    </wpt>
    <wpt lat="58.3388100" lon="14.9515500">
        <name>4375</name>
    </wpt>
    <wpt lat="58.3390600" lon="14.9522300">
        <name>4376</name>
    </wpt>
    <wpt lat="58.3392100" lon="14.9526700">
        <name>4377</name>
    </wpt>
    <wpt lat="58.3394600" lon="14.9533900">
        <name>4378</name>
    </wpt>
    <wpt lat="58.3397100" lon="14.9541500">
        <name>4379</name>
    </wpt>
    <wpt lat="58.3398600" lon="14.9545800">
        <name>4380</name>
    </wpt>
    <wpt lat="58.3400600" lon="14.9551600">
        <name>4381</name>
    </wpt>
    <wpt lat="58.3402700" lon="14.9557900">
        <name>4382</name>
    </wpt>
    <wpt lat="58.3405300" lon="14.9566000">
        <name>4383</name>
    </wpt>
    <wpt lat="58.3408200" lon="14.9574400">
        <name>4384</name>
    </wpt>
    <wpt lat="58.3410100" lon="14.9580100">
        <name>4385</name>
    </wpt>
    <wpt lat="58.3411900" lon="14.9585300">
        <name>4386</name>
    </wpt>
    <wpt lat="58.3413200" lon="14.9589400">
        <name>4387</name>
    </wpt>
    <wpt lat="58.3415200" lon="14.9595200">
        <name>4388</name>
    </wpt>
    <wpt lat="58.3416500" lon="14.9599400">
        <name>4389</name>
    </wpt>
    <wpt lat="58.3418000" lon="14.9603800">
        <name>4390</name>
    </wpt>
    <wpt lat="58.3419800" lon="14.9609000">
        <name>4391</name>
    </wpt>
    <wpt lat="58.3420700" lon="14.9611400">
        <name>4392</name>
    </wpt>
    <wpt lat="58.3421100" lon="14.9612400">
        <name>4393</name>
    </wpt>
    <wpt lat="58.3422400" lon="14.9616600">
        <name>4394</name>
    </wpt>
    <wpt lat="58.3423700" lon="14.9620900">
        <name>4395</name>
    </wpt>
    <wpt lat="58.3425300" lon="14.9625600">
        <name>4396</name>
    </wpt>
    <wpt lat="58.3426300" lon="14.9628600">
        <name>4397</name>
    </wpt>
    <wpt lat="58.3428400" lon="14.9635000">
        <name>4398</name>
    </wpt>
    <wpt lat="58.3429800" lon="14.9640200">
        <name>4399</name>
    </wpt>
    <wpt lat="58.3431200" lon="14.9644700">
        <name>4400</name>
    </wpt>
    <wpt lat="58.3432100" lon="14.9647700">
        <name>4401</name>
    </wpt>
    <wpt lat="58.3433100" lon="14.9650800">
        <name>4402</name>
    </wpt>
    <wpt lat="58.3434000" lon="14.9654100">
        <name>4403</name>
    </wpt>
    <wpt lat="58.3434900" lon="14.9656900">
        <name>4404</name>
    </wpt>
    <wpt lat="58.3435600" lon="14.9659500">
        <name>4405</name>
    </wpt>
    <wpt lat="58.3436600" lon="14.9662600">
        <name>4406</name>
    </wpt>
    <wpt lat="58.3438000" lon="14.9667600">
        <name>4407</name>
    </wpt>
    <wpt lat="58.3439700" lon="14.9673300">
        <name>4408</name>
    </wpt>
    <wpt lat="58.3440700" lon="14.9676600">
        <name>4409</name>
    </wpt>
    <wpt lat="58.3441600" lon="14.9679500">
        <name>4410</name>
    </wpt>
    <wpt lat="58.3442500" lon="14.9682500">
        <name>4411</name>
    </wpt>
    <wpt lat="58.3443800" lon="14.9686400">
        <name>4412</name>
    </wpt>
    <wpt lat="58.3444200" lon="14.9687500">
        <name>4413</name>
    </wpt>
    <wpt lat="58.3445000" lon="14.9689900">
        <name>4414</name>
    </wpt>
    <wpt lat="58.3445900" lon="14.9691900">
        <name>4415</name>
    </wpt>
    <wpt lat="58.3447400" lon="14.9695000">
        <name>4416</name>
    </wpt>
    <wpt lat="58.3448900" lon="14.9698400">
        <name>4417</name>
    </wpt>
    <wpt lat="58.3451400" lon="14.9703100">
        <name>4418</name>
    </wpt>
    <wpt lat="58.3452600" lon="14.9705400">
        <name>4419</name>
    </wpt>
    <wpt lat="58.3454800" lon="14.9710000">
        <name>4420</name>
    </wpt>
    <wpt lat="58.3457400" lon="14.9715000">
        <name>4421</name>
    </wpt>
    <wpt lat="58.3460500" lon="14.9721100">
        <name>4422</name>
    </wpt>
    <wpt lat="58.3462200" lon="14.9724300">
        <name>4423</name>
    </wpt>
    <wpt lat="58.3465200" lon="14.9730000">
        <name>4424</name>
    </wpt>
    <wpt lat="58.3468300" lon="14.9736100">
        <name>4425</name>
    </wpt>
    <wpt lat="58.3470200" lon="14.9739700">
        <name>4426</name>
    </wpt>
    <wpt lat="58.3472100" lon="14.9743500">
        <name>4427</name>
    </wpt>
    <wpt lat="58.3475100" lon="14.9749100">
        <name>4428</name>
    </wpt>
    <wpt lat="58.3477100" lon="14.9753200">
        <name>4429</name>
    </wpt>
    <wpt lat="58.3479500" lon="14.9758000">
        <name>4430</name>
    </wpt>
    <wpt lat="58.3481200" lon="14.9761500">
        <name>4431</name>
    </wpt>
    <wpt lat="58.3482900" lon="14.9764700">
        <name>4432</name>
    </wpt>
    <wpt lat="58.3483800" lon="14.9766700">
        <name>4433</name>
    </wpt>
    <wpt lat="58.3485800" lon="14.9770600">
        <name>4434</name>
    </wpt>
    <wpt lat="58.3488300" lon="14.9775400">
        <name>4435</name>
    </wpt>
    <wpt lat="58.3491200" lon="14.9781100">
        <name>4436</name>
    </wpt>
    <wpt lat="58.3492800" lon="14.9784300">
        <name>4437</name>
    </wpt>
    <wpt lat="58.3496100" lon="14.9790600">
        <name>4438</name>
    </wpt>
    <wpt lat="58.3499000" lon="14.9796100">
        <name>4439</name>
    </wpt>
    <wpt lat="58.3501800" lon="14.9801700">
        <name>4440</name>
    </wpt>
    <wpt lat="58.3503400" lon="14.9804600">
        <name>4441</name>
    </wpt>
    <wpt lat="58.3504900" lon="14.9807500">
        <name>4442</name>
    </wpt>
    <wpt lat="58.3506200" lon="14.9809700">
        <name>4443</name>
    </wpt>
    <wpt lat="58.3506700" lon="14.9810500">
        <name>4444</name>
    </wpt>
    <wpt lat="58.3507100" lon="14.9811300">
        <name>4445</name>
    </wpt>
    <wpt lat="58.3508100" lon="14.9812800">
        <name>4446</name>
    </wpt>
    <wpt lat="58.3509800" lon="14.9815200">
        <name>4447</name>
    </wpt>
    <wpt lat="58.3512200" lon="14.9818100">
        <name>4448</name>
    </wpt>
    <wpt lat="58.3515700" lon="14.9822200">
        <name>4449</name>
    </wpt>
    <wpt lat="58.3518400" lon="14.9825300">
        <name>4450</name>
    </wpt>
    <wpt lat="58.3520800" lon="14.9828100">
        <name>4451</name>
    </wpt>
    <wpt lat="58.3523800" lon="14.9831700">
        <name>4452</name>
    </wpt>
    <wpt lat="58.3525300" lon="14.9833400">
        <name>4453</name>
    </wpt>
    <wpt lat="58.3527400" lon="14.9836000">
        <name>4454</name>
    </wpt>
    <wpt lat="58.3530700" lon="14.9840300">
        <name>4455</name>
    </wpt>
    <wpt lat="58.3533200" lon="14.9843400">
        <name>4456</name>
    </wpt>
    <wpt lat="58.3535700" lon="14.9846300">
        <name>4457</name>
    </wpt>
    <wpt lat="58.3538000" lon="14.9848800">
        <name>4458</name>
    </wpt>
    <wpt lat="58.3539500" lon="14.9850500">
        <name>4459</name>
    </wpt>
    <wpt lat="58.3541400" lon="14.9852500">
        <name>4460</name>
    </wpt>
    <wpt lat="58.3543200" lon="14.9854600">
        <name>4461</name>
    </wpt>
    <wpt lat="58.3545700" lon="14.9857400">
        <name>4462</name>
    </wpt>
    <wpt lat="58.3549100" lon="14.9861100">
        <name>4463</name>
    </wpt>
    <wpt lat="58.3553100" lon="14.9865700">
        <name>4464</name>
    </wpt>
    <wpt lat="58.3557100" lon="14.9870000">
        <name>4465</name>
    </wpt>
    <wpt lat="58.3561600" lon="14.9875100">
        <name>4466</name>
    </wpt>
    <wpt lat="58.3564900" lon="14.9878800">
        <name>4467</name>
    </wpt>
    <wpt lat="58.3568800" lon="14.9883200">
        <name>4468</name>
    </wpt>
    <wpt lat="58.3572200" lon="14.9887100">
        <name>4469</name>
    </wpt>
    <wpt lat="58.3578100" lon="14.9893600">
        <name>4470</name>
    </wpt>
    <wpt lat="58.3582900" lon="14.9898900">
        <name>4471</name>
    </wpt>
    <wpt lat="58.3586400" lon="14.9902900">
        <name>4472</name>
    </wpt>
    <wpt lat="58.3591000" lon="14.9907900">
        <name>4473</name>
    </wpt>
    <wpt lat="58.3595200" lon="14.9912700">
        <name>4474</name>
    </wpt>
    <wpt lat="58.3600000" lon="14.9918100">
        <name>4475</name>
    </wpt>
    <wpt lat="58.3605000" lon="14.9923700">
        <name>4476</name>
    </wpt>
    <wpt lat="58.3608100" lon="14.9927200">
        <name>4477</name>
    </wpt>
    <wpt lat="58.3612600" lon="14.9932200">
        <name>4478</name>
    </wpt>
    <wpt lat="58.3617200" lon="14.9937300">
        <name>4479</name>
    </wpt>
    <wpt lat="58.3620100" lon="14.9940100">
        <name>4480</name>
    </wpt>
    <wpt lat="58.3625000" lon="14.9944500">
        <name>4481</name>
    </wpt>
    <wpt lat="58.3630100" lon="14.9948900">
        <name>4482</name>
    </wpt>
    <wpt lat="58.3633300" lon="14.9951800">
        <name>4483</name>
    </wpt>
    <wpt lat="58.3635500" lon="14.9953700">
        <name>4484</name>
    </wpt>
    <wpt lat="58.3640100" lon="14.9957800">
        <name>4485</name>
    </wpt>
    <wpt lat="58.3644300" lon="14.9961600">
        <name>4486</name>
    </wpt>
    <wpt lat="58.3648400" lon="14.9965300">
        <name>4487</name>
    </wpt>
    <wpt lat="58.3650800" lon="14.9967700">
        <name>4488</name>
    </wpt>
    <wpt lat="58.3651800" lon="14.9969100">
        <name>4489</name>
    </wpt>
    <wpt lat="58.3652700" lon="14.9970700">
        <name>4490</name>
    </wpt>
    <wpt lat="58.3653400" lon="14.9972100">
        <name>4491</name>
    </wpt>
    <wpt lat="58.3655900" lon="14.9977700">
        <name>4492</name>
    </wpt>
    <wpt lat="58.3656900" lon="14.9980000">
        <name>4493</name>
    </wpt>
    <wpt lat="58.3659200" lon="14.9985100">
        <name>4494</name>
    </wpt>
    <wpt lat="58.3662000" lon="14.9991500">
        <name>4495</name>
    </wpt>
    <wpt lat="58.3665100" lon="14.9998300">
        <name>4496</name>
    </wpt>
    <wpt lat="58.3667800" lon="15.0004300">
        <name>4497</name>
    </wpt>
    <wpt lat="58.3669900" lon="15.0009100">
        <name>4498</name>
    </wpt>
    <wpt lat="58.3672600" lon="15.0015200">
        <name>4499</name>
    </wpt>
    <wpt lat="58.3675600" lon="15.0021900">
        <name>4500</name>
    </wpt>
    <wpt lat="58.3677400" lon="15.0026000">
        <name>4501</name>
    </wpt>
    <wpt lat="58.3679900" lon="15.0031700">
        <name>4502</name>
    </wpt>
    <wpt lat="58.3683300" lon="15.0039100">
        <name>4503</name>
    </wpt>
    <wpt lat="58.3686400" lon="15.0046000">
        <name>4504</name>
    </wpt>
    <wpt lat="58.3688400" lon="15.0050300">
        <name>4505</name>
    </wpt>
    <wpt lat="58.3689300" lon="15.0052400">
        <name>4506</name>
    </wpt>
    <wpt lat="58.3689900" lon="15.0053600">
        <name>4507</name>
    </wpt>
    <wpt lat="58.3690900" lon="15.0056000">
        <name>4508</name>
    </wpt>
    <wpt lat="58.3692400" lon="15.0059100">
        <name>4509</name>
    </wpt>
    <wpt lat="58.3695300" lon="15.0065600">
        <name>4510</name>
    </wpt>
    <wpt lat="58.3698300" lon="15.0072600">
        <name>4511</name>
    </wpt>
    <wpt lat="58.3700800" lon="15.0078200">
        <name>4512</name>
    </wpt>
    <wpt lat="58.3702900" lon="15.0082800">
        <name>4513</name>
    </wpt>
    <wpt lat="58.3704600" lon="15.0086900">
        <name>4514</name>
    </wpt>
    <wpt lat="58.3705700" lon="15.0089400">
        <name>4515</name>
    </wpt>
    <wpt lat="58.3707200" lon="15.0093000">
        <name>4516</name>
    </wpt>
    <wpt lat="58.3707800" lon="15.0095300">
        <name>4517</name>
    </wpt>
    <wpt lat="58.3708000" lon="15.0095800">
        <name>4518</name>
    </wpt>
    <wpt lat="58.3708600" lon="15.0098300">
        <name>4519</name>
    </wpt>
    <wpt lat="58.3709400" lon="15.0102700">
        <name>4520</name>
    </wpt>
    <wpt lat="58.3709600" lon="15.0103500">
        <name>4521</name>
    </wpt>
    <wpt lat="58.3710500" lon="15.0108200">
        <name>4522</name>
    </wpt>
    <wpt lat="58.3711600" lon="15.0114100">
        <name>4523</name>
    </wpt>
    <wpt lat="58.3712400" lon="15.0119100">
        <name>4524</name>
    </wpt>
    <wpt lat="58.3712500" lon="15.0119600">
        <name>4525</name>
    </wpt>
    <wpt lat="58.3713600" lon="15.0128300">
        <name>4526</name>
    </wpt>
    <wpt lat="58.3714400" lon="15.0135300">
        <name>4527</name>
    </wpt>
    <wpt lat="58.3714800" lon="15.0138000">
        <name>4528</name>
    </wpt>
    <wpt lat="58.3715300" lon="15.0142300">
        <name>4529</name>
    </wpt>
    <wpt lat="58.3715700" lon="15.0146100">
        <name>4530</name>
    </wpt>
    <wpt lat="58.3716300" lon="15.0150400">
        <name>4531</name>
    </wpt>
    <wpt lat="58.3716800" lon="15.0153000">
        <name>4532</name>
    </wpt>
    <wpt lat="58.3717600" lon="15.0155600">
        <name>4533</name>
    </wpt>
    <wpt lat="58.3718500" lon="15.0158100">
        <name>4534</name>
    </wpt>
    <wpt lat="58.3719700" lon="15.0161000">
        <name>4535</name>
    </wpt>
    <wpt lat="58.3721000" lon="15.0163900">
        <name>4536</name>
    </wpt>
    <wpt lat="58.3723000" lon="15.0168100">
        <name>4537</name>
    </wpt>
    <wpt lat="58.3725400" lon="15.0173400">
        <name>4538</name>
    </wpt>
    <wpt lat="58.3727600" lon="15.0178200">
        <name>4539</name>
    </wpt>
    <wpt lat="58.3728900" lon="15.0181100">
        <name>4540</name>
    </wpt>
    <wpt lat="58.3730900" lon="15.0185400">
        <name>4541</name>
    </wpt>
    <wpt lat="58.3732700" lon="15.0189400">
        <name>4542</name>
    </wpt>
    <wpt lat="58.3735800" lon="15.0196300">
        <name>4543</name>
    </wpt>
    <wpt lat="58.3738200" lon="15.0201500">
        <name>4544</name>
    </wpt>
    <wpt lat="58.3740900" lon="15.0207300">
        <name>4545</name>
    </wpt>
    <wpt lat="58.3743600" lon="15.0213200">
        <name>4546</name>
    </wpt>
    <wpt lat="58.3746200" lon="15.0218800">
        <name>4547</name>
    </wpt>
    <wpt lat="58.3747300" lon="15.0221200">
        <name>4548</name>
    </wpt>
    <wpt lat="58.3750200" lon="15.0227800">
        <name>4549</name>
    </wpt>
    <wpt lat="58.3752700" lon="15.0233300">
        <name>4550</name>
    </wpt>
    <wpt lat="58.3755700" lon="15.0239900">
        <name>4551</name>
    </wpt>
    <wpt lat="58.3759300" lon="15.0247400">
        <name>4552</name>
    </wpt>
    <wpt lat="58.3761700" lon="15.0252400">
        <name>4553</name>
    </wpt>
    <wpt lat="58.3764600" lon="15.0258600">
        <name>4554</name>
    </wpt>
    <wpt lat="58.3768700" lon="15.0267600">
        <name>4555</name>
    </wpt>
    <wpt lat="58.3772100" lon="15.0275100">
        <name>4556</name>
    </wpt>
    <wpt lat="58.3775000" lon="15.0281400">
        <name>4557</name>
    </wpt>
    <wpt lat="58.3777900" lon="15.0287800">
        <name>4558</name>
    </wpt>
    <wpt lat="58.3780800" lon="15.0294300">
        <name>4559</name>
    </wpt>
    <wpt lat="58.3783700" lon="15.0300700">
        <name>4560</name>
    </wpt>
    <wpt lat="58.3787400" lon="15.0308700">
        <name>4561</name>
    </wpt>
    <wpt lat="58.3790300" lon="15.0314800">
        <name>4562</name>
    </wpt>
    <wpt lat="58.3792800" lon="15.0320200">
        <name>4563</name>
    </wpt>
    <wpt lat="58.3793800" lon="15.0322400">
        <name>4564</name>
    </wpt>
    <wpt lat="58.3794500" lon="15.0324100">
        <name>4565</name>
    </wpt>
    <wpt lat="58.3795100" lon="15.0326200">
        <name>4566</name>
    </wpt>
    <wpt lat="58.3795700" lon="15.0328900">
        <name>4567</name>
    </wpt>
    <wpt lat="58.3796000" lon="15.0331400">
        <name>4568</name>
    </wpt>
    <wpt lat="58.3796300" lon="15.0335700">
        <name>4569</name>
    </wpt>
    <wpt lat="58.3796700" lon="15.0341300">
        <name>4570</name>
    </wpt>
    <wpt lat="58.3796900" lon="15.0344300">
        <name>4571</name>
    </wpt>
    <wpt lat="58.3797200" lon="15.0348500">
        <name>4572</name>
    </wpt>
    <wpt lat="58.3797400" lon="15.0352100">
        <name>4573</name>
    </wpt>
    <wpt lat="58.3797600" lon="15.0354600">
        <name>4574</name>
    </wpt>
    <wpt lat="58.3797700" lon="15.0355500">
        <name>4575</name>
    </wpt>
    <wpt lat="58.3797800" lon="15.0357700">
        <name>4576</name>
    </wpt>
    <wpt lat="58.3797800" lon="15.0360200">
        <name>4577</name>
    </wpt>
    <wpt lat="58.3797800" lon="15.0361300">
        <name>4578</name>
    </wpt>
    <wpt lat="58.3797800" lon="15.0364200">
        <name>4579</name>
    </wpt>
    <wpt lat="58.3797900" lon="15.0366800">
        <name>4580</name>
    </wpt>
    <wpt lat="58.3798000" lon="15.0368800">
        <name>4581</name>
    </wpt>
    <wpt lat="58.3798200" lon="15.0370900">
        <name>4582</name>
    </wpt>
    <wpt lat="58.3798400" lon="15.0372500">
        <name>4583</name>
    </wpt>
    <wpt lat="58.3798800" lon="15.0374700">
        <name>4584</name>
    </wpt>
    <wpt lat="58.3799700" lon="15.0379100">
        <name>4585</name>
    </wpt>
    <wpt lat="58.3800800" lon="15.0384200">
        <name>4586</name>
    </wpt>
    <wpt lat="58.3801600" lon="15.0388000">
        <name>4587</name>
    </wpt>
    <wpt lat="58.3802900" lon="15.0393400">
        <name>4588</name>
    </wpt>
    <wpt lat="58.3803700" lon="15.0396700">
        <name>4589</name>
    </wpt>
    <wpt lat="58.3805200" lon="15.0402300">
        <name>4590</name>
    </wpt>
    <wpt lat="58.3806300" lon="15.0406800">
        <name>4591</name>
    </wpt>
    <wpt lat="58.3807300" lon="15.0410600">
        <name>4592</name>
    </wpt>
    <wpt lat="58.3808300" lon="15.0414600">
        <name>4593</name>
    </wpt>
    <wpt lat="58.3809500" lon="15.0419000">
        <name>4594</name>
    </wpt>
    <wpt lat="58.3811000" lon="15.0424000">
        <name>4595</name>
    </wpt>
    <wpt lat="58.3812400" lon="15.0428900">
        <name>4596</name>
    </wpt>
    <wpt lat="58.3813800" lon="15.0433400">
        <name>4597</name>
    </wpt>
    <wpt lat="58.3815300" lon="15.0438100">
        <name>4598</name>
    </wpt>
    <wpt lat="58.3816400" lon="15.0442000">
        <name>4599</name>
    </wpt>
    <wpt lat="58.3817700" lon="15.0446200">
        <name>4600</name>
    </wpt>
    <wpt lat="58.3818700" lon="15.0449400">
        <name>4601</name>
    </wpt>
    <wpt lat="58.3820300" lon="15.0454600">
        <name>4602</name>
    </wpt>
    <wpt lat="58.3821700" lon="15.0459200">
        <name>4603</name>
    </wpt>
    <wpt lat="58.3822700" lon="15.0462500">
        <name>4604</name>
    </wpt>
    <wpt lat="58.3823600" lon="15.0465400">
        <name>4605</name>
    </wpt>
    <wpt lat="58.3824900" lon="15.0469600">
        <name>4606</name>
    </wpt>
    <wpt lat="58.3826400" lon="15.0474500">
        <name>4607</name>
    </wpt>
    <wpt lat="58.3827700" lon="15.0478900">
        <name>4608</name>
    </wpt>
    <wpt lat="58.3829600" lon="15.0485400">
        <name>4609</name>
    </wpt>
    <wpt lat="58.3830600" lon="15.0488800">
        <name>4610</name>
    </wpt>
    <wpt lat="58.3831600" lon="15.0492300">
        <name>4611</name>
    </wpt>
    <wpt lat="58.3832300" lon="15.0495200">
        <name>4612</name>
    </wpt>
    <wpt lat="58.3833300" lon="15.0499100">
        <name>4613</name>
    </wpt>
    <wpt lat="58.3834300" lon="15.0503400">
        <name>4614</name>
    </wpt>
    <wpt lat="58.3835200" lon="15.0507900">
        <name>4615</name>
    </wpt>
    <wpt lat="58.3836400" lon="15.0514000">
        <name>4616</name>
    </wpt>
    <wpt lat="58.3837200" lon="15.0517500">
        <name>4617</name>
    </wpt>
    <wpt lat="58.3838200" lon="15.0522700">
        <name>4618</name>
    </wpt>
    <wpt lat="58.3839300" lon="15.0528400">
        <name>4619</name>
    </wpt>
    <wpt lat="58.3840700" lon="15.0535200">
        <name>4620</name>
    </wpt>
    <wpt lat="58.3841700" lon="15.0540400">
        <name>4621</name>
    </wpt>
    <wpt lat="58.3842000" lon="15.0541600">
        <name>4622</name>
    </wpt>
    <wpt lat="58.3842400" lon="15.0543500">
        <name>4623</name>
    </wpt>
    <wpt lat="58.3843300" lon="15.0546900">
        <name>4624</name>
    </wpt>
    <wpt lat="58.3844400" lon="15.0551100">
        <name>4625</name>
    </wpt>
    <wpt lat="58.3845700" lon="15.0555700">
        <name>4626</name>
    </wpt>
    <wpt lat="58.3846900" lon="15.0559900">
        <name>4627</name>
    </wpt>
    <wpt lat="58.3848300" lon="15.0565000">
        <name>4628</name>
    </wpt>
    <wpt lat="58.3849600" lon="15.0569600">
        <name>4629</name>
    </wpt>
    <wpt lat="58.3851000" lon="15.0574300">
        <name>4630</name>
    </wpt>
    <wpt lat="58.3852300" lon="15.0578900">
        <name>4631</name>
    </wpt>
    <wpt lat="58.3853000" lon="15.0581400">
        <name>4632</name>
    </wpt>
    <wpt lat="58.3853700" lon="15.0583700">
        <name>4633</name>
    </wpt>
    <wpt lat="58.3854500" lon="15.0586600">
        <name>4634</name>
    </wpt>
    <wpt lat="58.3855400" lon="15.0589800">
        <name>4635</name>
    </wpt>
    <wpt lat="58.3856300" lon="15.0593200">
        <name>4636</name>
    </wpt>
    <wpt lat="58.3857700" lon="15.0597800">
        <name>4637</name>
    </wpt>
    <wpt lat="58.3858800" lon="15.0601500">
        <name>4638</name>
    </wpt>
    <wpt lat="58.3859900" lon="15.0605400">
        <name>4639</name>
    </wpt>
    <wpt lat="58.3861000" lon="15.0609100">
        <name>4640</name>
    </wpt>
    <wpt lat="58.3861200" lon="15.0609800">
        <name>4641</name>
    </wpt>
    <wpt lat="58.3862500" lon="15.0614600">
        <name>4642</name>
    </wpt>
    <wpt lat="58.3863800" lon="15.0619000">
        <name>4643</name>
    </wpt>
    <wpt lat="58.3865600" lon="15.0625000">
        <name>4644</name>
    </wpt>
    <wpt lat="58.3866800" lon="15.0629000">
        <name>4645</name>
    </wpt>
    <wpt lat="58.3867900" lon="15.0632900">
        <name>4646</name>
    </wpt>
    <wpt lat="58.3869100" lon="15.0636900">
        <name>4647</name>
    </wpt>
    <wpt lat="58.3870100" lon="15.0640300">
        <name>4648</name>
    </wpt>
    <wpt lat="58.3871500" lon="15.0644900">
        <name>4649</name>
    </wpt>
    <wpt lat="58.3872700" lon="15.0648900">
        <name>4650</name>
    </wpt>
    <wpt lat="58.3874000" lon="15.0653900">
        <name>4651</name>
    </wpt>
    <wpt lat="58.3875500" lon="15.0658800">
        <name>4652</name>
    </wpt>
    <wpt lat="58.3876900" lon="15.0663600">
        <name>4653</name>
    </wpt>
    <wpt lat="58.3878500" lon="15.0668800">
        <name>4654</name>
    </wpt>
    <wpt lat="58.3879900" lon="15.0673600">
        <name>4655</name>
    </wpt>
    <wpt lat="58.3881400" lon="15.0678700">
        <name>4656</name>
    </wpt>
    <wpt lat="58.3884000" lon="15.0687500">
        <name>4657</name>
    </wpt>
    <wpt lat="58.3885800" lon="15.0693700">
        <name>4658</name>
    </wpt>
    <wpt lat="58.3886700" lon="15.0696500">
        <name>4659</name>
    </wpt>
    <wpt lat="58.3888000" lon="15.0701600">
        <name>4660</name>
    </wpt>
    <wpt lat="58.3889700" lon="15.0707300">
        <name>4661</name>
    </wpt>
    <wpt lat="58.3891500" lon="15.0713600">
        <name>4662</name>
    </wpt>
    <wpt lat="58.3893200" lon="15.0719200">
        <name>4663</name>
    </wpt>
    <wpt lat="58.3894300" lon="15.0722900">
        <name>4664</name>
    </wpt>
    <wpt lat="58.3895100" lon="15.0725600">
        <name>4665</name>
    </wpt>
    <wpt lat="58.3896300" lon="15.0729600">
        <name>4666</name>
    </wpt>
    <wpt lat="58.3897100" lon="15.0732600">
        <name>4667</name>
    </wpt>
    <wpt lat="58.3897600" lon="15.0734600">
        <name>4668</name>
    </wpt>
    <wpt lat="58.3898200" lon="15.0736800">
        <name>4669</name>
    </wpt>
    <wpt lat="58.3898700" lon="15.0739400">
        <name>4670</name>
    </wpt>
    <wpt lat="58.3899300" lon="15.0743500">
        <name>4671</name>
    </wpt>
    <wpt lat="58.3900000" lon="15.0747500">
        <name>4672</name>
    </wpt>
    <wpt lat="58.3901100" lon="15.0754800">
        <name>4673</name>
    </wpt>
    <wpt lat="58.3901800" lon="15.0759100">
        <name>4674</name>
    </wpt>
    <wpt lat="58.3903700" lon="15.0771000">
        <name>4675</name>
    </wpt>
    <wpt lat="58.3904500" lon="15.0776000">
        <name>4676</name>
    </wpt>
    <wpt lat="58.3905100" lon="15.0780200">
        <name>4677</name>
    </wpt>
    <wpt lat="58.3906300" lon="15.0787400">
        <name>4678</name>
    </wpt>
    <wpt lat="58.3906900" lon="15.0791500">
        <name>4679</name>
    </wpt>
    <wpt lat="58.3907200" lon="15.0793100">
        <name>4680</name>
    </wpt>
    <wpt lat="58.3907800" lon="15.0797200">
        <name>4681</name>
    </wpt>
    <wpt lat="58.3909300" lon="15.0806500">
        <name>4682</name>
    </wpt>
    <wpt lat="58.3910500" lon="15.0813700">
        <name>4683</name>
    </wpt>
    <wpt lat="58.3910700" lon="15.0814800">
        <name>4684</name>
    </wpt>
    <wpt lat="58.3910900" lon="15.0816400">
        <name>4685</name>
    </wpt>
    <wpt lat="58.3911100" lon="15.0818700">
        <name>4686</name>
    </wpt>
    <wpt lat="58.3911100" lon="15.0820600">
        <name>4687</name>
    </wpt>
    <wpt lat="58.3910900" lon="15.0823200">
        <name>4688</name>
    </wpt>
    <wpt lat="58.3910900" lon="15.0823190">
        <name>4689</name>
    </wpt>
    <wpt lat="58.3910900" lon="15.0823200">
        <name>4690</name>
    </wpt>
    <wpt lat="58.3911900" lon="15.0823900">
        <name>4691</name>
    </wpt>
    <wpt lat="58.3913200" lon="15.0825100">
        <name>4692</name>
    </wpt>
    <wpt lat="58.3914400" lon="15.0826500">
        <name>4693</name>
    </wpt>
    <wpt lat="58.3915700" lon="15.0828700">
        <name>4694</name>
    </wpt>
    <wpt lat="58.3917500" lon="15.0831700">
        <name>4695</name>
    </wpt>
    <wpt lat="58.3918300" lon="15.0833500">
        <name>4696</name>
    </wpt>
    <wpt lat="58.3919500" lon="15.0836400">
        <name>4697</name>
    </wpt>
    <wpt lat="58.3920100" lon="15.0836200">
        <name>4698</name>
    </wpt>
    <wpt lat="58.3920600" lon="15.0836200">
        <name>4699</name>
    </wpt>
    <wpt lat="58.3921100" lon="15.0836300">
        <name>4700</name>
    </wpt>
    <wpt lat="58.3921600" lon="15.0836700">
        <name>4701</name>
    </wpt>
    <wpt lat="58.3923400" lon="15.0838500">
        <name>4702</name>
    </wpt>
    <wpt lat="58.3925200" lon="15.0840400">
        <name>4703</name>
    </wpt>
    <wpt lat="58.3926500" lon="15.0841700">
        <name>4704</name>
    </wpt>
    <wpt lat="58.3928500" lon="15.0843400">
        <name>4705</name>
    </wpt>
    <wpt lat="58.3931600" lon="15.0845700">
        <name>4706</name>
    </wpt>
    <wpt lat="58.3933700" lon="15.0847300">
        <name>4707</name>
    </wpt>
    <wpt lat="58.3934400" lon="15.0843800">
        <name>4708</name>
    </wpt>
    <wpt lat="58.3936100" lon="15.0836100">
        <name>4709</name>
    </wpt>
    <wpt lat="58.3936800" lon="15.0832700">
        <name>4710</name>
    </wpt>
    <wpt lat="58.3937400" lon="15.0829800">
        <name>4711</name>
    </wpt>
    <wpt lat="58.3937900" lon="15.0828200">
        <name>4712</name>
    </wpt>
    <wpt lat="58.3939400" lon="15.0824800">
        <name>4713</name>
    </wpt>
    <wpt lat="58.3940400" lon="15.0821800">
        <name>4714</name>
    </wpt>
    <wpt lat="58.3940400" lon="15.0821790">
        <name>4715</name>
    </wpt>
    <wpt lat="58.3940400" lon="15.0821800">
        <name>4716</name>
    </wpt>
    <wpt lat="58.3942500" lon="15.0824500">
        <name>4717</name>
    </wpt>
    <wpt lat="58.3943400" lon="15.0825400">
        <name>4718</name>
    </wpt>
    <wpt lat="58.3944400" lon="15.0825900">
        <name>4719</name>
    </wpt>
    <wpt lat="58.3945400" lon="15.0826100">
        <name>4720</name>
    </wpt>
    <wpt lat="58.3947000" lon="15.0826200">
        <name>4721</name>
    </wpt>
    <wpt lat="58.3948700" lon="15.0826300">
        <name>4722</name>
    </wpt>
    <wpt lat="58.3951100" lon="15.0826300">
        <name>4723</name>
    </wpt>
    <wpt lat="58.3954400" lon="15.0826200">
        <name>4724</name>
    </wpt>
    <wpt lat="58.3957400" lon="15.0826300">
        <name>4725</name>
    </wpt>
    <wpt lat="58.3958700" lon="15.0826900">
        <name>4726</name>
    </wpt>
    <wpt lat="58.3958700" lon="15.0826890">
        <name>4727</name>
    </wpt>
    <wpt lat="58.3958700" lon="15.0826900">
        <name>4728</name>
    </wpt>
    <wpt lat="58.3959700" lon="15.0819900">
        <name>4729</name>
    </wpt>
    <wpt lat="58.3960700" lon="15.0812600">
        <name>4730</name>
    </wpt>
    <wpt lat="58.3961000" lon="15.0810700">
        <name>4731</name>
    </wpt>
    <wpt lat="58.3961200" lon="15.0809600">
        <name>4732</name>
    </wpt>
    <wpt lat="58.3961800" lon="15.0805400">
        <name>4733</name>
    </wpt>
    <wpt lat="58.3963300" lon="15.0793800">
        <name>4734</name>
    </wpt>
    <wpt lat="58.3966300" lon="15.0771200">
        <name>4735</name>
    </wpt>
    <wpt lat="58.3969300" lon="15.0748400">
        <name>4736</name>
    </wpt>
    <wpt lat="58.3970200" lon="15.0740800">
        <name>4737</name>
    </wpt>
    <wpt lat="58.3970900" lon="15.0736500">
        <name>4738</name>
    </wpt>
    <wpt lat="58.3971300" lon="15.0734400">
        <name>4739</name>
    </wpt>
    <wpt lat="58.3971900" lon="15.0732000">
        <name>4740</name>
    </wpt>
    <wpt lat="58.3972700" lon="15.0729300">
        <name>4741</name>
    </wpt>
    <wpt lat="58.3973700" lon="15.0726500">
        <name>4742</name>
    </wpt>
    <wpt lat="58.3976100" lon="15.0720500">
        <name>4743</name>
    </wpt>
    <wpt lat="58.3980000" lon="15.0710800">
        <name>4744</name>
    </wpt>
    <wpt lat="58.3984500" lon="15.0700200">
        <name>4745</name>
    </wpt>
    <wpt lat="58.3986400" lon="15.0695500">
        <name>4746</name>
    </wpt>
    <wpt lat="58.3989200" lon="15.0688600">
        <name>4747</name>
    </wpt>
    <wpt lat="58.3991900" lon="15.0682000">
        <name>4748</name>
    </wpt>
    <wpt lat="58.3999500" lon="15.0663000">
        <name>4749</name>
    </wpt>
    <wpt lat="58.4004500" lon="15.0650700">
        <name>4750</name>
    </wpt>
    <wpt lat="58.4010600" lon="15.0635600">
        <name>4751</name>
    </wpt>
    <wpt lat="58.4014000" lon="15.0627600">
        <name>4752</name>
    </wpt>
    <wpt lat="58.4015600" lon="15.0624500">
        <name>4753</name>
    </wpt>
    <wpt lat="58.4017200" lon="15.0621900">
        <name>4754</name>
    </wpt>
    <wpt lat="58.4018500" lon="15.0620300">
        <name>4755</name>
    </wpt>
    <wpt lat="58.4019900" lon="15.0618900">
        <name>4756</name>
    </wpt>
    <wpt lat="58.4021300" lon="15.0617800">
        <name>4757</name>
    </wpt>
    <wpt lat="58.4023400" lon="15.0616600">
        <name>4758</name>
    </wpt>
    <wpt lat="58.4032200" lon="15.0611900">
        <name>4759</name>
    </wpt>
    <wpt lat="58.4038300" lon="15.0608600">
        <name>4760</name>
    </wpt>
    <wpt lat="58.4045600" lon="15.0604800">
        <name>4761</name>
    </wpt>
    <wpt lat="58.4051500" lon="15.0601800">
        <name>4762</name>
    </wpt>
    <wpt lat="58.4058400" lon="15.0598100">
        <name>4763</name>
    </wpt>
    <wpt lat="58.4061600" lon="15.0596400">
        <name>4764</name>
    </wpt>
    <wpt lat="58.4065300" lon="15.0594400">
        <name>4765</name>
    </wpt>
    <wpt lat="58.4069300" lon="15.0592300">
        <name>4766</name>
    </wpt>
    <wpt lat="58.4072400" lon="15.0590600">
        <name>4767</name>
    </wpt>
    <wpt lat="58.4073900" lon="15.0589800">
        <name>4768</name>
    </wpt>
    <wpt lat="58.4076800" lon="15.0588200">
        <name>4769</name>
    </wpt>
    <wpt lat="58.4081000" lon="15.0585700">
        <name>4770</name>
    </wpt>
    <wpt lat="58.4082500" lon="15.0584900">
        <name>4771</name>
    </wpt>
    <wpt lat="58.4085000" lon="15.0583200">
        <name>4772</name>
    </wpt>
    <wpt lat="58.4089400" lon="15.0580100">
        <name>4773</name>
    </wpt>
    <wpt lat="58.4097700" lon="15.0574200">
        <name>4774</name>
    </wpt>
    <wpt lat="58.4100300" lon="15.0572400">
        <name>4775</name>
    </wpt>
    <wpt lat="58.4101700" lon="15.0571500">
        <name>4776</name>
    </wpt>
    <wpt lat="58.4102800" lon="15.0571200">
        <name>4777</name>
    </wpt>
    <wpt lat="58.4103100" lon="15.0571200">
        <name>4778</name>
    </wpt>
    <wpt lat="58.4103600" lon="15.0571400">
        <name>4779</name>
    </wpt>
    <wpt lat="58.4104200" lon="15.0571700">
        <name>4780</name>
    </wpt>
    <wpt lat="58.4104600" lon="15.0572000">
        <name>4781</name>
    </wpt>
    <wpt lat="58.4104900" lon="15.0572400">
        <name>4782</name>
    </wpt>
    <wpt lat="58.4105300" lon="15.0572800">
        <name>4783</name>
    </wpt>
    <wpt lat="58.4105700" lon="15.0573500">
        <name>4784</name>
    </wpt>
    <wpt lat="58.4106900" lon="15.0575700">
        <name>4785</name>
    </wpt>
    <wpt lat="58.4106900" lon="15.0575690">
        <name>4786</name>
    </wpt>
    <wpt lat="58.4106900" lon="15.0575700">
        <name>4787</name>
    </wpt>
    <wpt lat="58.4109200" lon="15.0572300">
        <name>4788</name>
    </wpt>
    <wpt lat="58.4111300" lon="15.0569400">
        <name>4789</name>
    </wpt>
    <wpt lat="58.4113200" lon="15.0566900">
        <name>4790</name>
    </wpt>
    <wpt lat="58.4115300" lon="15.0564400">
        <name>4791</name>
    </wpt>
    <wpt lat="58.4116900" lon="15.0562400">
        <name>4792</name>
    </wpt>
    <wpt lat="58.4118100" lon="15.0561200">
        <name>4793</name>
    </wpt>
    <wpt lat="58.4119900" lon="15.0559400">
        <name>4794</name>
    </wpt>
    <wpt lat="58.4122700" lon="15.0556800">
        <name>4795</name>
    </wpt>
    <wpt lat="58.4125600" lon="15.0554400">
        <name>4796</name>
    </wpt>
    <wpt lat="58.4128500" lon="15.0552300">
        <name>4797</name>
    </wpt>
    <wpt lat="58.4133400" lon="15.0548800">
        <name>4798</name>
    </wpt>
    <wpt lat="58.4136200" lon="15.0546800">
        <name>4799</name>
    </wpt>
    <wpt lat="58.4138000" lon="15.0545400">
        <name>4800</name>
    </wpt>
    <wpt lat="58.4140200" lon="15.0543400">
        <name>4801</name>
    </wpt>
    <wpt lat="58.4143000" lon="15.0540600">
        <name>4802</name>
    </wpt>
    <wpt lat="58.4145800" lon="15.0537500">
        <name>4803</name>
    </wpt>
    <wpt lat="58.4153200" lon="15.0529100">
        <name>4804</name>
    </wpt>
    <wpt lat="58.4155400" lon="15.0526300">
        <name>4805</name>
    </wpt>
    <wpt lat="58.4159600" lon="15.0520500">
        <name>4806</name>
    </wpt>
    <wpt lat="58.4165100" lon="15.0512000">
        <name>4807</name>
    </wpt>
    <wpt lat="58.4168400" lon="15.0506900">
        <name>4808</name>
    </wpt>
    <wpt lat="58.4174400" lon="15.0497500">
        <name>4809</name>
    </wpt>
    <wpt lat="58.4183300" lon="15.0483700">
        <name>4810</name>
    </wpt>
    <wpt lat="58.4184900" lon="15.0481100">
        <name>4811</name>
    </wpt>
    <wpt lat="58.4185800" lon="15.0479300">
        <name>4812</name>
    </wpt>
    <wpt lat="58.4187500" lon="15.0475500">
        <name>4813</name>
    </wpt>
    <wpt lat="58.4190900" lon="15.0467600">
        <name>4814</name>
    </wpt>
    <wpt lat="58.4191000" lon="15.0467400">
        <name>4815</name>
    </wpt>
    <wpt lat="58.4192600" lon="15.0463200">
        <name>4816</name>
    </wpt>
    <wpt lat="58.4192700" lon="15.0463000">
        <name>4817</name>
    </wpt>
    <wpt lat="58.4194300" lon="15.0458600">
        <name>4818</name>
    </wpt>
    <wpt lat="58.4195300" lon="15.0455200">
        <name>4819</name>
    </wpt>
    <wpt lat="58.4197000" lon="15.0449300">
        <name>4820</name>
    </wpt>
    <wpt lat="58.4198300" lon="15.0444900">
        <name>4821</name>
    </wpt>
    <wpt lat="58.4198900" lon="15.0442900">
        <name>4822</name>
    </wpt>
    <wpt lat="58.4200100" lon="15.0439000">
        <name>4823</name>
    </wpt>
    <wpt lat="58.4203400" lon="15.0428600">
        <name>4824</name>
    </wpt>
    <wpt lat="58.4207900" lon="15.0414700">
        <name>4825</name>
    </wpt>
    <wpt lat="58.4211300" lon="15.0403800">
        <name>4826</name>
    </wpt>
    <wpt lat="58.4213900" lon="15.0395400">
        <name>4827</name>
    </wpt>
    <wpt lat="58.4216600" lon="15.0386800">
        <name>4828</name>
    </wpt>
    <wpt lat="58.4218400" lon="15.0381400">
        <name>4829</name>
    </wpt>
    <wpt lat="58.4220100" lon="15.0376500">
        <name>4830</name>
    </wpt>
    <wpt lat="58.4221500" lon="15.0372600">
        <name>4831</name>
    </wpt>
    <wpt lat="58.4222700" lon="15.0369200">
        <name>4832</name>
    </wpt>
    <wpt lat="58.4224700" lon="15.0363900">
        <name>4833</name>
    </wpt>
    <wpt lat="58.4225900" lon="15.0361000">
        <name>4834</name>
    </wpt>
    <wpt lat="58.4226900" lon="15.0359000">
        <name>4835</name>
    </wpt>
    <wpt lat="58.4227800" lon="15.0357000">
        <name>4836</name>
    </wpt>
    <wpt lat="58.4228900" lon="15.0355000">
        <name>4837</name>
    </wpt>
    <wpt lat="58.4229800" lon="15.0353600">
        <name>4838</name>
    </wpt>
    <wpt lat="58.4230900" lon="15.0351600">
        <name>4839</name>
    </wpt>
    <wpt lat="58.4231300" lon="15.0350700">
        <name>4840</name>
    </wpt>
    <wpt lat="58.4232000" lon="15.0349400">
        <name>4841</name>
    </wpt>
    <wpt lat="58.4232900" lon="15.0347800">
        <name>4842</name>
    </wpt>
    <wpt lat="58.4234700" lon="15.0344600">
        <name>4843</name>
    </wpt>
    <wpt lat="58.4236100" lon="15.0342200">
        <name>4844</name>
    </wpt>
    <wpt lat="58.4238100" lon="15.0338500">
        <name>4845</name>
    </wpt>
    <wpt lat="58.4239000" lon="15.0336900">
        <name>4846</name>
    </wpt>
    <wpt lat="58.4239900" lon="15.0335200">
        <name>4847</name>
    </wpt>
    <wpt lat="58.4241200" lon="15.0332700">
        <name>4848</name>
    </wpt>
    <wpt lat="58.4242500" lon="15.0330300">
        <name>4849</name>
    </wpt>
    <wpt lat="58.4244400" lon="15.0326800">
        <name>4850</name>
    </wpt>
    <wpt lat="58.4245800" lon="15.0324000">
        <name>4851</name>
    </wpt>
    <wpt lat="58.4247100" lon="15.0321600">
        <name>4852</name>
    </wpt>
    <wpt lat="58.4248800" lon="15.0318500">
        <name>4853</name>
    </wpt>
    <wpt lat="58.4249800" lon="15.0316400">
        <name>4854</name>
    </wpt>
    <wpt lat="58.4251200" lon="15.0314000">
        <name>4855</name>
    </wpt>
    <wpt lat="58.4252300" lon="15.0312200">
        <name>4856</name>
    </wpt>
    <wpt lat="58.4253400" lon="15.0310200">
        <name>4857</name>
    </wpt>
    <wpt lat="58.4254400" lon="15.0308800">
        <name>4858</name>
    </wpt>
    <wpt lat="58.4255600" lon="15.0306700">
        <name>4859</name>
    </wpt>
    <wpt lat="58.4257400" lon="15.0303300">
        <name>4860</name>
    </wpt>
    <wpt lat="58.4258300" lon="15.0301500">
        <name>4861</name>
    </wpt>
    <wpt lat="58.4259400" lon="15.0298900">
        <name>4862</name>
    </wpt>
    <wpt lat="58.4260300" lon="15.0296700">
        <name>4863</name>
    </wpt>
    <wpt lat="58.4261500" lon="15.0293400">
        <name>4864</name>
    </wpt>
    <wpt lat="58.4262900" lon="15.0290100">
        <name>4865</name>
    </wpt>
    <wpt lat="58.4263800" lon="15.0287800">
        <name>4866</name>
    </wpt>
    <wpt lat="58.4265400" lon="15.0283600">
        <name>4867</name>
    </wpt>
    <wpt lat="58.4266600" lon="15.0280300">
        <name>4868</name>
    </wpt>
    <wpt lat="58.4268000" lon="15.0276600">
        <name>4869</name>
    </wpt>
    <wpt lat="58.4269300" lon="15.0272700">
        <name>4870</name>
    </wpt>
    <wpt lat="58.4270600" lon="15.0269100">
        <name>4871</name>
    </wpt>
    <wpt lat="58.4270800" lon="15.0268600">
        <name>4872</name>
    </wpt>
    <wpt lat="58.4270900" lon="15.0268400">
        <name>4873</name>
    </wpt>
    <wpt lat="58.4271000" lon="15.0268000">
        <name>4874</name>
    </wpt>
    <wpt lat="58.4272100" lon="15.0264900">
        <name>4875</name>
    </wpt>
    <wpt lat="58.4273000" lon="15.0262200">
        <name>4876</name>
    </wpt>
    <wpt lat="58.4274100" lon="15.0259200">
        <name>4877</name>
    </wpt>
    <wpt lat="58.4275300" lon="15.0255800">
        <name>4878</name>
    </wpt>
    <wpt lat="58.4276200" lon="15.0253200">
        <name>4879</name>
    </wpt>
    <wpt lat="58.4277300" lon="15.0250400">
        <name>4880</name>
    </wpt>
    <wpt lat="58.4277900" lon="15.0248700">
        <name>4881</name>
    </wpt>
    <wpt lat="58.4278600" lon="15.0246800">
        <name>4882</name>
    </wpt>
    <wpt lat="58.4279500" lon="15.0244300">
        <name>4883</name>
    </wpt>
    <wpt lat="58.4281100" lon="15.0240300">
        <name>4884</name>
    </wpt>
    <wpt lat="58.4282300" lon="15.0237700">
        <name>4885</name>
    </wpt>
    <wpt lat="58.4283400" lon="15.0235300">
        <name>4886</name>
    </wpt>
    <wpt lat="58.4285000" lon="15.0231600">
        <name>4887</name>
    </wpt>
    <wpt lat="58.4286200" lon="15.0228700">
        <name>4888</name>
    </wpt>
    <wpt lat="58.4287600" lon="15.0225700">
        <name>4889</name>
    </wpt>
    <wpt lat="58.4288800" lon="15.0223100">
        <name>4890</name>
    </wpt>
    <wpt lat="58.4290500" lon="15.0219600">
        <name>4891</name>
    </wpt>
    <wpt lat="58.4291300" lon="15.0217800">
        <name>4892</name>
    </wpt>
    <wpt lat="58.4293100" lon="15.0214000">
        <name>4893</name>
    </wpt>
    <wpt lat="58.4294000" lon="15.0212100">
        <name>4894</name>
    </wpt>
    <wpt lat="58.4294100" lon="15.0211700">
        <name>4895</name>
    </wpt>
    <wpt lat="58.4296400" lon="15.0206900">
        <name>4896</name>
    </wpt>
    <wpt lat="58.4296900" lon="15.0205800">
        <name>4897</name>
    </wpt>
    <wpt lat="58.4298600" lon="15.0202300">
        <name>4898</name>
    </wpt>
    <wpt lat="58.4300100" lon="15.0199000">
        <name>4899</name>
    </wpt>
    <wpt lat="58.4302100" lon="15.0194700">
        <name>4900</name>
    </wpt>
    <wpt lat="58.4304100" lon="15.0190600">
        <name>4901</name>
    </wpt>
    <wpt lat="58.4304200" lon="15.0190500">
        <name>4902</name>
    </wpt>
    <wpt lat="58.4305100" lon="15.0188800">
        <name>4903</name>
    </wpt>
    <wpt lat="58.4306400" lon="15.0186200">
        <name>4904</name>
    </wpt>
    <wpt lat="58.4307500" lon="15.0184100">
        <name>4905</name>
    </wpt>
    <wpt lat="58.4308300" lon="15.0182700">
        <name>4906</name>
    </wpt>
    <wpt lat="58.4309400" lon="15.0181100">
        <name>4907</name>
    </wpt>
    <wpt lat="58.4310800" lon="15.0179200">
        <name>4908</name>
    </wpt>
    <wpt lat="58.4312100" lon="15.0177600">
        <name>4909</name>
    </wpt>
    <wpt lat="58.4312800" lon="15.0176500">
        <name>4910</name>
    </wpt>
    <wpt lat="58.4314300" lon="15.0174800">
        <name>4911</name>
    </wpt>
    <wpt lat="58.4315500" lon="15.0173500">
        <name>4912</name>
    </wpt>
    <wpt lat="58.4317200" lon="15.0171900">
        <name>4913</name>
    </wpt>
    <wpt lat="58.4318400" lon="15.0170900">
        <name>4914</name>
    </wpt>
    <wpt lat="58.4319800" lon="15.0170100">
        <name>4915</name>
    </wpt>
    <wpt lat="58.4321400" lon="15.0169200">
        <name>4916</name>
    </wpt>
    <wpt lat="58.4323100" lon="15.0168500">
        <name>4917</name>
    </wpt>
    <wpt lat="58.4323500" lon="15.0168200">
        <name>4918</name>
    </wpt>
    <wpt lat="58.4325400" lon="15.0167400">
        <name>4919</name>
    </wpt>
    <wpt lat="58.4326500" lon="15.0167000">
        <name>4920</name>
    </wpt>
    <wpt lat="58.4328200" lon="15.0166200">
        <name>4921</name>
    </wpt>
    <wpt lat="58.4329300" lon="15.0165700">
        <name>4922</name>
    </wpt>
    <wpt lat="58.4330500" lon="15.0165100">
        <name>4923</name>
    </wpt>
    <wpt lat="58.4332500" lon="15.0164200">
        <name>4924</name>
    </wpt>
    <wpt lat="58.4334700" lon="15.0163300">
        <name>4925</name>
    </wpt>
    <wpt lat="58.4336500" lon="15.0162700">
        <name>4926</name>
    </wpt>
    <wpt lat="58.4338200" lon="15.0162000">
        <name>4927</name>
    </wpt>
    <wpt lat="58.4339500" lon="15.0161500">
        <name>4928</name>
    </wpt>
    <wpt lat="58.4340600" lon="15.0161000">
        <name>4929</name>
    </wpt>
    <wpt lat="58.4341200" lon="15.0160700">
        <name>4930</name>
    </wpt>
    <wpt lat="58.4342400" lon="15.0160100">
        <name>4931</name>
    </wpt>
    <wpt lat="58.4344300" lon="15.0159000">
        <name>4932</name>
    </wpt>
    <wpt lat="58.4345600" lon="15.0158000">
        <name>4933</name>
    </wpt>
    <wpt lat="58.4346800" lon="15.0157000">
        <name>4934</name>
    </wpt>
    <wpt lat="58.4347600" lon="15.0156100">
        <name>4935</name>
    </wpt>
    <wpt lat="58.4348900" lon="15.0154800">
        <name>4936</name>
    </wpt>
    <wpt lat="58.4351200" lon="15.0152400">
        <name>4937</name>
    </wpt>
    <wpt lat="58.4352600" lon="15.0150600">
        <name>4938</name>
    </wpt>
    <wpt lat="58.4353600" lon="15.0149500">
        <name>4939</name>
    </wpt>
    <wpt lat="58.4354600" lon="15.0148100">
        <name>4940</name>
    </wpt>
    <wpt lat="58.4359600" lon="15.0141600">
        <name>4941</name>
    </wpt>
    <wpt lat="58.4360300" lon="15.0140800">
        <name>4942</name>
    </wpt>
    <wpt lat="58.4360300" lon="15.0140700">
        <name>4943</name>
    </wpt>
    <wpt lat="58.4361500" lon="15.0139200">
        <name>4944</name>
    </wpt>
    <wpt lat="58.4362900" lon="15.0137400">
        <name>4945</name>
    </wpt>
    <wpt lat="58.4363800" lon="15.0136300">
        <name>4946</name>
    </wpt>
    <wpt lat="58.4364000" lon="15.0136000">
        <name>4947</name>
    </wpt>
    <wpt lat="58.4365200" lon="15.0134300">
        <name>4948</name>
    </wpt>
    <wpt lat="58.4365500" lon="15.0134000">
        <name>4949</name>
    </wpt>
    <wpt lat="58.4367400" lon="15.0131500">
        <name>4950</name>
    </wpt>
    <wpt lat="58.4368800" lon="15.0129600">
        <name>4951</name>
    </wpt>
    <wpt lat="58.4369600" lon="15.0128500">
        <name>4952</name>
    </wpt>
    <wpt lat="58.4371500" lon="15.0126100">
        <name>4953</name>
    </wpt>
    <wpt lat="58.4372400" lon="15.0124900">
        <name>4954</name>
    </wpt>
    <wpt lat="58.4372600" lon="15.0124600">
        <name>4955</name>
    </wpt>
    <wpt lat="58.4374100" lon="15.0122800">
        <name>4956</name>
    </wpt>
    <wpt lat="58.4374900" lon="15.0121900">
        <name>4957</name>
    </wpt>
    <wpt lat="58.4375900" lon="15.0120700">
        <name>4958</name>
    </wpt>
    <wpt lat="58.4377600" lon="15.0118900">
        <name>4959</name>
    </wpt>
    <wpt lat="58.4380800" lon="15.0115600">
        <name>4960</name>
    </wpt>
    <wpt lat="58.4382900" lon="15.0113600">
        <name>4961</name>
    </wpt>
    <wpt lat="58.4385600" lon="15.0110900">
        <name>4962</name>
    </wpt>
    <wpt lat="58.4388500" lon="15.0108300">
        <name>4963</name>
    </wpt>
    <wpt lat="58.4390500" lon="15.0106000">
        <name>4964</name>
    </wpt>
    <wpt lat="58.4392000" lon="15.0104100">
        <name>4965</name>
    </wpt>
    <wpt lat="58.4392900" lon="15.0102700">
        <name>4966</name>
    </wpt>
    <wpt lat="58.4393900" lon="15.0101200">
        <name>4967</name>
    </wpt>
    <wpt lat="58.4395200" lon="15.0098800">
        <name>4968</name>
    </wpt>
    <wpt lat="58.4396900" lon="15.0095400">
        <name>4969</name>
    </wpt>
    <wpt lat="58.4399400" lon="15.0090100">
        <name>4970</name>
    </wpt>
    <wpt lat="58.4401700" lon="15.0085000">
        <name>4971</name>
    </wpt>
    <wpt lat="58.4403900" lon="15.0079900">
        <name>4972</name>
    </wpt>
    <wpt lat="58.4405700" lon="15.0075800">
        <name>4973</name>
    </wpt>
    <wpt lat="58.4405800" lon="15.0075700">
        <name>4974</name>
    </wpt>
    <wpt lat="58.4407400" lon="15.0071800">
        <name>4975</name>
    </wpt>
    <wpt lat="58.4409000" lon="15.0067800">
        <name>4976</name>
    </wpt>
    <wpt lat="58.4410300" lon="15.0064400">
        <name>4977</name>
    </wpt>
    <wpt lat="58.4411800" lon="15.0060100">
        <name>4978</name>
    </wpt>
    <wpt lat="58.4418800" lon="15.0068600">
        <name>4979</name>
    </wpt>
    <wpt lat="58.4419900" lon="15.0070000">
        <name>4980</name>
    </wpt>
    <wpt lat="58.4424400" lon="15.0075300">
        <name>4981</name>
    </wpt>
    <wpt lat="58.4428100" lon="15.0079600">
        <name>4982</name>
    </wpt>
    <wpt lat="58.4432400" lon="15.0084800">
        <name>4983</name>
    </wpt>
    <wpt lat="58.4435700" lon="15.0088700">
        <name>4984</name>
    </wpt>
    <wpt lat="58.4442000" lon="15.0096600">
        <name>4985</name>
    </wpt>
    <wpt lat="58.4447600" lon="15.0103300">
        <name>4986</name>
    </wpt>
    <wpt lat="58.4451000" lon="15.0107500">
        <name>4987</name>
    </wpt>
    <wpt lat="58.4457600" lon="15.0115100">
        <name>4988</name>
    </wpt>
    <wpt lat="58.4464500" lon="15.0123200">
        <name>4989</name>
    </wpt>
    <wpt lat="58.4465400" lon="15.0124300">
        <name>4990</name>
    </wpt>
    <wpt lat="58.4466400" lon="15.0125700">
        <name>4991</name>
    </wpt>
    <wpt lat="58.4468600" lon="15.0129100">
        <name>4992</name>
    </wpt>
    <wpt lat="58.4471100" lon="15.0133900">
        <name>4993</name>
    </wpt>
    <wpt lat="58.4472000" lon="15.0135600">
        <name>4994</name>
    </wpt>
    <wpt lat="58.4473700" lon="15.0139300">
        <name>4995</name>
    </wpt>
    <wpt lat="58.4476900" lon="15.0147500">
        <name>4996</name>
    </wpt>
    <wpt lat="58.4486600" lon="15.0171300">
        <name>4997</name>
    </wpt>
    <wpt lat="58.4488900" lon="15.0177100">
        <name>4998</name>
    </wpt>
    <wpt lat="58.4490900" lon="15.0182000">
        <name>4999</name>
    </wpt>
    <wpt lat="58.4492800" lon="15.0186700">
        <name>5000</name>
    </wpt>
    <wpt lat="58.4493500" lon="15.0188700">
        <name>5001</name>
    </wpt>
    <wpt lat="58.4494400" lon="15.0191200">
        <name>5002</name>
    </wpt>
    <wpt lat="58.4495100" lon="15.0193500">
        <name>5003</name>
    </wpt>
    <wpt lat="58.4496100" lon="15.0197300">
        <name>5004</name>
    </wpt>
    <wpt lat="58.4496700" lon="15.0200000">
        <name>5005</name>
    </wpt>
    <wpt lat="58.4497400" lon="15.0203000">
        <name>5006</name>
    </wpt>
    <wpt lat="58.4498100" lon="15.0207500">
        <name>5007</name>
    </wpt>
    <wpt lat="58.4498800" lon="15.0213000">
        <name>5008</name>
    </wpt>
    <wpt lat="58.4500500" lon="15.0225700">
        <name>5009</name>
    </wpt>
    <wpt lat="58.4502400" lon="15.0239400">
        <name>5010</name>
    </wpt>
    <wpt lat="58.4504500" lon="15.0254400">
        <name>5011</name>
    </wpt>
    <wpt lat="58.4505400" lon="15.0259200">
        <name>5012</name>
    </wpt>
    <wpt lat="58.4505700" lon="15.0261200">
        <name>5013</name>
    </wpt>
    <wpt lat="58.4506100" lon="15.0263200">
        <name>5014</name>
    </wpt>
    <wpt lat="58.4506800" lon="15.0266300">
        <name>5015</name>
    </wpt>
    <wpt lat="58.4507400" lon="15.0268500">
        <name>5016</name>
    </wpt>
    <wpt lat="58.4508300" lon="15.0271300">
        <name>5017</name>
    </wpt>
    <wpt lat="58.4510100" lon="15.0277000">
        <name>5018</name>
    </wpt>
    <wpt lat="58.4513000" lon="15.0286300">
        <name>5019</name>
    </wpt>
    <wpt lat="58.4515400" lon="15.0294000">
        <name>5020</name>
    </wpt>
    <wpt lat="58.4515600" lon="15.0294600">
        <name>5021</name>
    </wpt>
    <wpt lat="58.4519400" lon="15.0307000">
        <name>5022</name>
    </wpt>
    <wpt lat="58.4523200" lon="15.0319000">
        <name>5023</name>
    </wpt>
    <wpt lat="58.4525500" lon="15.0326200">
        <name>5024</name>
    </wpt>
    <wpt lat="58.4528600" lon="15.0335900">
        <name>5025</name>
    </wpt>
    <wpt lat="58.4529800" lon="15.0339800">
        <name>5026</name>
    </wpt>
    <wpt lat="58.4531000" lon="15.0344200">
        <name>5027</name>
    </wpt>
    <wpt lat="58.4531700" lon="15.0346800">
        <name>5028</name>
    </wpt>
    <wpt lat="58.4532200" lon="15.0348800">
        <name>5029</name>
    </wpt>
    <wpt lat="58.4533500" lon="15.0355100">
        <name>5030</name>
    </wpt>
    <wpt lat="58.4534500" lon="15.0361600">
        <name>5031</name>
    </wpt>
    <wpt lat="58.4535300" lon="15.0368300">
        <name>5032</name>
    </wpt>
    <wpt lat="58.4536600" lon="15.0380200">
        <name>5033</name>
    </wpt>
    <wpt lat="58.4537400" lon="15.0387200">
        <name>5034</name>
    </wpt>
    <wpt lat="58.4538200" lon="15.0393500">
        <name>5035</name>
    </wpt>
    <wpt lat="58.4539400" lon="15.0401000">
        <name>5036</name>
    </wpt>
    <wpt lat="58.4540400" lon="15.0406200">
        <name>5037</name>
    </wpt>
    <wpt lat="58.4540400" lon="15.0406190">
        <name>5038</name>
    </wpt>
    <wpt lat="58.4540400" lon="15.0406200">
        <name>5039</name>
    </wpt>
    <wpt lat="58.4542500" lon="15.0419100">
        <name>5040</name>
    </wpt>
    <wpt lat="58.4543300" lon="15.0423900">
        <name>5041</name>
    </wpt>
    <wpt lat="58.4543900" lon="15.0428100">
        <name>5042</name>
    </wpt>
    <wpt lat="58.4544200" lon="15.0429900">
        <name>5043</name>
    </wpt>
    <wpt lat="58.4545100" lon="15.0435000">
        <name>5044</name>
    </wpt>
    <wpt lat="58.4545600" lon="15.0437200">
        <name>5045</name>
    </wpt>
    <wpt lat="58.4546400" lon="15.0439600">
        <name>5046</name>
    </wpt>
    <wpt lat="58.4547700" lon="15.0441800">
        <name>5047</name>
    </wpt>
    <wpt lat="58.4549500" lon="15.0443200">
        <name>5048</name>
    </wpt>
    <wpt lat="58.4551700" lon="15.0444400">
        <name>5049</name>
    </wpt>
    <wpt lat="58.4554600" lon="15.0445600">
        <name>5050</name>
    </wpt>
    <wpt lat="58.4557800" lon="15.0446500">
        <name>5051</name>
    </wpt>
    <wpt lat="58.4558500" lon="15.0446700">
        <name>5052</name>
    </wpt>
    <wpt lat="58.4561400" lon="15.0447500">
        <name>5053</name>
    </wpt>
    <wpt lat="58.4563400" lon="15.0448000">
        <name>5054</name>
    </wpt>
    <wpt lat="58.4566900" lon="15.0448900">
        <name>5055</name>
    </wpt>
    <wpt lat="58.4569400" lon="15.0449100">
        <name>5056</name>
    </wpt>
    <wpt lat="58.4570500" lon="15.0449100">
        <name>5057</name>
    </wpt>
    <wpt lat="58.4573800" lon="15.0448900">
        <name>5058</name>
    </wpt>
    <wpt lat="58.4580900" lon="15.0448500">
        <name>5059</name>
    </wpt>
    <wpt lat="58.4588400" lon="15.0448100">
        <name>5060</name>
    </wpt>
    <wpt lat="58.4592900" lon="15.0447700">
        <name>5061</name>
    </wpt>
    <wpt lat="58.4596900" lon="15.0447800">
        <name>5062</name>
    </wpt>
    <wpt lat="58.4600700" lon="15.0447800">
        <name>5063</name>
    </wpt>
    <wpt lat="58.4602900" lon="15.0448000">
        <name>5064</name>
    </wpt>
    <wpt lat="58.4604000" lon="15.0448100">
        <name>5065</name>
    </wpt>
    <wpt lat="58.4607400" lon="15.0448500">
        <name>5066</name>
    </wpt>
    <wpt lat="58.4610600" lon="15.0449300">
        <name>5067</name>
    </wpt>
    <wpt lat="58.4611200" lon="15.0449500">
        <name>5068</name>
    </wpt>
    <wpt lat="58.4611800" lon="15.0449800">
        <name>5069</name>
    </wpt>
    <wpt lat="58.4615100" lon="15.0451800">
        <name>5070</name>
    </wpt>
    <wpt lat="58.4617200" lon="15.0453500">
        <name>5071</name>
    </wpt>
    <wpt lat="58.4617200" lon="15.0453490">
        <name>5072</name>
    </wpt>
    <wpt lat="58.4617200" lon="15.0453500">
        <name>5073</name>
    </wpt>
    <wpt lat="58.4619000" lon="15.0454900">
        <name>5074</name>
    </wpt>
    <wpt lat="58.4623100" lon="15.0458100">
        <name>5075</name>
    </wpt>
    <wpt lat="58.4624900" lon="15.0459400">
        <name>5076</name>
    </wpt>
    <wpt lat="58.4627000" lon="15.0460600">
        <name>5077</name>
    </wpt>
    <wpt lat="58.4629500" lon="15.0461200">
        <name>5078</name>
    </wpt>
    <wpt lat="58.4630100" lon="15.0461200">
        <name>5079</name>
    </wpt>
    <wpt lat="58.4631800" lon="15.0461300">
        <name>5080</name>
    </wpt>
    <wpt lat="58.4634400" lon="15.0460600">
        <name>5081</name>
    </wpt>
    <wpt lat="58.4637400" lon="15.0458800">
        <name>5082</name>
    </wpt>
    <wpt lat="58.4638900" lon="15.0457500">
        <name>5083</name>
    </wpt>
    <wpt lat="58.4640300" lon="15.0455800">
        <name>5084</name>
    </wpt>
    <wpt lat="58.4643200" lon="15.0451400">
        <name>5085</name>
    </wpt>
    <wpt lat="58.4645900" lon="15.0446400">
        <name>5086</name>
    </wpt>
    <wpt lat="58.4649100" lon="15.0440700">
        <name>5087</name>
    </wpt>
    <wpt lat="58.4652400" lon="15.0434500">
        <name>5088</name>
    </wpt>
    <wpt lat="58.4654900" lon="15.0430000">
        <name>5089</name>
    </wpt>
    <wpt lat="58.4657300" lon="15.0426300">
        <name>5090</name>
    </wpt>
    <wpt lat="58.4660400" lon="15.0422700">
        <name>5091</name>
    </wpt>
    <wpt lat="58.4662000" lon="15.0421200">
        <name>5092</name>
    </wpt>
    <wpt lat="58.4664700" lon="15.0419300">
        <name>5093</name>
    </wpt>
    <wpt lat="58.4666500" lon="15.0418600">
        <name>5094</name>
    </wpt>
    <wpt lat="58.4668500" lon="15.0418300">
        <name>5095</name>
    </wpt>
    <wpt lat="58.4671200" lon="15.0418300">
        <name>5096</name>
    </wpt>
    <wpt lat="58.4675900" lon="15.0419100">
        <name>5097</name>
    </wpt>
    <wpt lat="58.4687600" lon="15.0421500">
        <name>5098</name>
    </wpt>
    <wpt lat="58.4699800" lon="15.0424300">
        <name>5099</name>
    </wpt>
    <wpt lat="58.4707700" lon="15.0427000">
        <name>5100</name>
    </wpt>
    <wpt lat="58.4714300" lon="15.0429100">
        <name>5101</name>
    </wpt>
    <wpt lat="58.4716600" lon="15.0429900">
        <name>5102</name>
    </wpt>
    <wpt lat="58.4718800" lon="15.0430700">
        <name>5103</name>
    </wpt>
    <wpt lat="58.4721500" lon="15.0431700">
        <name>5104</name>
    </wpt>
    <wpt lat="58.4723600" lon="15.0432900">
        <name>5105</name>
    </wpt>
    <wpt lat="58.4725500" lon="15.0434600">
        <name>5106</name>
    </wpt>
    <wpt lat="58.4727800" lon="15.0437200">
        <name>5107</name>
    </wpt>
    <wpt lat="58.4732300" lon="15.0443400">
        <name>5108</name>
    </wpt>
    <wpt lat="58.4736900" lon="15.0449500">
        <name>5109</name>
    </wpt>
    <wpt lat="58.4740800" lon="15.0454300">
        <name>5110</name>
    </wpt>
    <wpt lat="58.4744500" lon="15.0458000">
        <name>5111</name>
    </wpt>
    <wpt lat="58.4749500" lon="15.0462000">
        <name>5112</name>
    </wpt>
    <wpt lat="58.4753200" lon="15.0463700">
        <name>5113</name>
    </wpt>
    <wpt lat="58.4758200" lon="15.0465000">
        <name>5114</name>
    </wpt>
    <wpt lat="58.4761400" lon="15.0465500">
        <name>5115</name>
    </wpt>
    <wpt lat="58.4763500" lon="15.0465400">
        <name>5116</name>
    </wpt>
    <wpt lat="58.4765700" lon="15.0464500">
        <name>5117</name>
    </wpt>
    <wpt lat="58.4772200" lon="15.0460100">
        <name>5118</name>
    </wpt>
    <wpt lat="58.4776400" lon="15.0456900">
        <name>5119</name>
    </wpt>
    <wpt lat="58.4777300" lon="15.0456300">
        <name>5120</name>
    </wpt>
    <wpt lat="58.4779700" lon="15.0454400">
        <name>5121</name>
    </wpt>
    <wpt lat="58.4788100" lon="15.0448400">
        <name>5122</name>
    </wpt>
    <wpt lat="58.4792700" lon="15.0444800">
        <name>5123</name>
    </wpt>
    <wpt lat="58.4795100" lon="15.0442500">
        <name>5124</name>
    </wpt>
    <wpt lat="58.4797200" lon="15.0439700">
        <name>5125</name>
    </wpt>
    <wpt lat="58.4799300" lon="15.0436400">
        <name>5126</name>
    </wpt>
    <wpt lat="58.4801400" lon="15.0432400">
        <name>5127</name>
    </wpt>
    <wpt lat="58.4807900" lon="15.0420000">
        <name>5128</name>
    </wpt>
    <wpt lat="58.4815400" lon="15.0406100">
        <name>5129</name>
    </wpt>
    <wpt lat="58.4821100" lon="15.0395900">
        <name>5130</name>
    </wpt>
    <wpt lat="58.4824100" lon="15.0390900">
        <name>5131</name>
    </wpt>
    <wpt lat="58.4827200" lon="15.0385600">
        <name>5132</name>
    </wpt>
    <wpt lat="58.4831200" lon="15.0380000">
        <name>5133</name>
    </wpt>
    <wpt lat="58.4834100" lon="15.0376900">
        <name>5134</name>
    </wpt>
    <wpt lat="58.4840200" lon="15.0372300">
        <name>5135</name>
    </wpt>
    <wpt lat="58.4846100" lon="15.0368100">
        <name>5136</name>
    </wpt>
    <wpt lat="58.4851600" lon="15.0364200">
        <name>5137</name>
    </wpt>
    <wpt lat="58.4856400" lon="15.0360600">
        <name>5138</name>
    </wpt>
    <wpt lat="58.4857700" lon="15.0359600">
        <name>5139</name>
    </wpt>
    <wpt lat="58.4861100" lon="15.0356900">
        <name>5140</name>
    </wpt>
    <wpt lat="58.4866400" lon="15.0352900">
        <name>5141</name>
    </wpt>
    <wpt lat="58.4874100" lon="15.0347000">
        <name>5142</name>
    </wpt>
    <wpt lat="58.4877400" lon="15.0344500">
        <name>5143</name>
    </wpt>
    <wpt lat="58.4881800" lon="15.0341500">
        <name>5144</name>
    </wpt>
    <wpt lat="58.4888600" lon="15.0336900">
        <name>5145</name>
    </wpt>
    <wpt lat="58.4889500" lon="15.0336300">
        <name>5146</name>
    </wpt>
    <wpt lat="58.4893600" lon="15.0333600">
        <name>5147</name>
    </wpt>
    <wpt lat="58.4900000" lon="15.0329600">
        <name>5148</name>
    </wpt>
    <wpt lat="58.4914400" lon="15.0320300">
        <name>5149</name>
    </wpt>
    <wpt lat="58.4919000" lon="15.0317300">
        <name>5150</name>
    </wpt>
    <wpt lat="58.4928300" lon="15.0311300">
        <name>5151</name>
    </wpt>
    <wpt lat="58.4933600" lon="15.0307900">
        <name>5152</name>
    </wpt>
    <wpt lat="58.4938200" lon="15.0304900">
        <name>5153</name>
    </wpt>
    <wpt lat="58.4944900" lon="15.0300500">
        <name>5154</name>
    </wpt>
    <wpt lat="58.4949300" lon="15.0297700">
        <name>5155</name>
    </wpt>
    <wpt lat="58.4951600" lon="15.0296100">
        <name>5156</name>
    </wpt>
    <wpt lat="58.4955200" lon="15.0293100">
        <name>5157</name>
    </wpt>
    <wpt lat="58.4964900" lon="15.0284600">
        <name>5158</name>
    </wpt>
    <wpt lat="58.4966400" lon="15.0283200">
        <name>5159</name>
    </wpt>
    <wpt lat="58.4967500" lon="15.0282500">
        <name>5160</name>
    </wpt>
    <wpt lat="58.4968700" lon="15.0281900">
        <name>5161</name>
    </wpt>
    <wpt lat="58.4969600" lon="15.0281700">
        <name>5162</name>
    </wpt>
    <wpt lat="58.4970700" lon="15.0281500">
        <name>5163</name>
    </wpt>
    <wpt lat="58.4971800" lon="15.0281500">
        <name>5164</name>
    </wpt>
    <wpt lat="58.4974000" lon="15.0281900">
        <name>5165</name>
    </wpt>
    <wpt lat="58.4984300" lon="15.0284600">
        <name>5166</name>
    </wpt>
    <wpt lat="58.4987100" lon="15.0285200">
        <name>5167</name>
    </wpt>
    <wpt lat="58.4988200" lon="15.0285400">
        <name>5168</name>
    </wpt>
    <wpt lat="58.4989200" lon="15.0285400">
        <name>5169</name>
    </wpt>
    <wpt lat="58.4990100" lon="15.0285400">
        <name>5170</name>
    </wpt>
    <wpt lat="58.4991000" lon="15.0285100">
        <name>5171</name>
    </wpt>
    <wpt lat="58.4992900" lon="15.0284300">
        <name>5172</name>
    </wpt>
    <wpt lat="58.4996800" lon="15.0282000">
        <name>5173</name>
    </wpt>
    <wpt lat="58.5000400" lon="15.0280000">
        <name>5174</name>
    </wpt>
    <wpt lat="58.5002400" lon="15.0278900">
        <name>5175</name>
    </wpt>
    <wpt lat="58.5004100" lon="15.0278000">
        <name>5176</name>
    </wpt>
    <wpt lat="58.5005900" lon="15.0277000">
        <name>5177</name>
    </wpt>
    <wpt lat="58.5007300" lon="15.0276100">
        <name>5178</name>
    </wpt>
    <wpt lat="58.5008600" lon="15.0275300">
        <name>5179</name>
    </wpt>
    <wpt lat="58.5009700" lon="15.0274300">
        <name>5180</name>
    </wpt>
    <wpt lat="58.5011200" lon="15.0272500">
        <name>5181</name>
    </wpt>
    <wpt lat="58.5014200" lon="15.0268700">
        <name>5182</name>
    </wpt>
    <wpt lat="58.5016300" lon="15.0265600">
        <name>5183</name>
    </wpt>
    <wpt lat="58.5018800" lon="15.0261300">
        <name>5184</name>
    </wpt>
    <wpt lat="58.5020600" lon="15.0258000">
        <name>5185</name>
    </wpt>
    <wpt lat="58.5022000" lon="15.0255300">
        <name>5186</name>
    </wpt>
    <wpt lat="58.5023400" lon="15.0252700">
        <name>5187</name>
    </wpt>
    <wpt lat="58.5025100" lon="15.0249900">
        <name>5188</name>
    </wpt>
    <wpt lat="58.5026000" lon="15.0248500">
        <name>5189</name>
    </wpt>
    <wpt lat="58.5027200" lon="15.0246700">
        <name>5190</name>
    </wpt>
    <wpt lat="58.5028600" lon="15.0244700">
        <name>5191</name>
    </wpt>
    <wpt lat="58.5030300" lon="15.0242300">
        <name>5192</name>
    </wpt>
    <wpt lat="58.5033100" lon="15.0238500">
        <name>5193</name>
    </wpt>
    <wpt lat="58.5036800" lon="15.0233500">
        <name>5194</name>
    </wpt>
    <wpt lat="58.5038200" lon="15.0231800">
        <name>5195</name>
    </wpt>
    <wpt lat="58.5039800" lon="15.0230300">
        <name>5196</name>
    </wpt>
    <wpt lat="58.5042000" lon="15.0228300">
        <name>5197</name>
    </wpt>
    <wpt lat="58.5044400" lon="15.0226100">
        <name>5198</name>
    </wpt>
    <wpt lat="58.5046500" lon="15.0224800">
        <name>5199</name>
    </wpt>
    <wpt lat="58.5049300" lon="15.0223100">
        <name>5200</name>
    </wpt>
    <wpt lat="58.5050900" lon="15.0222400">
        <name>5201</name>
    </wpt>
    <wpt lat="58.5052900" lon="15.0221700">
        <name>5202</name>
    </wpt>
    <wpt lat="58.5054500" lon="15.0221500">
        <name>5203</name>
    </wpt>
    <wpt lat="58.5055200" lon="15.0221500">
        <name>5204</name>
    </wpt>
    <wpt lat="58.5056000" lon="15.0221700">
        <name>5205</name>
    </wpt>
    <wpt lat="58.5057100" lon="15.0222100">
        <name>5206</name>
    </wpt>
    <wpt lat="58.5057300" lon="15.0222200">
        <name>5207</name>
    </wpt>
    <wpt lat="58.5058300" lon="15.0222600">
        <name>5208</name>
    </wpt>
    <wpt lat="58.5059400" lon="15.0223200">
        <name>5209</name>
    </wpt>
    <wpt lat="58.5060400" lon="15.0224000">
        <name>5210</name>
    </wpt>
    <wpt lat="58.5061600" lon="15.0225200">
        <name>5211</name>
    </wpt>
    <wpt lat="58.5062500" lon="15.0226200">
        <name>5212</name>
    </wpt>
    <wpt lat="58.5063500" lon="15.0227800">
        <name>5213</name>
    </wpt>
    <wpt lat="58.5064500" lon="15.0229700">
        <name>5214</name>
    </wpt>
    <wpt lat="58.5065800" lon="15.0232000">
        <name>5215</name>
    </wpt>
    <wpt lat="58.5066900" lon="15.0233800">
        <name>5216</name>
    </wpt>
    <wpt lat="58.5067700" lon="15.0235000">
        <name>5217</name>
    </wpt>
    <wpt lat="58.5068700" lon="15.0236300">
        <name>5218</name>
    </wpt>
    <wpt lat="58.5070000" lon="15.0238000">
        <name>5219</name>
    </wpt>
    <wpt lat="58.5071600" lon="15.0239700">
        <name>5220</name>
    </wpt>
    <wpt lat="58.5072600" lon="15.0240700">
        <name>5221</name>
    </wpt>
    <wpt lat="58.5074400" lon="15.0242300">
        <name>5222</name>
    </wpt>
    <wpt lat="58.5075700" lon="15.0243200">
        <name>5223</name>
    </wpt>
    <wpt lat="58.5076800" lon="15.0244000">
        <name>5224</name>
    </wpt>
    <wpt lat="58.5078000" lon="15.0244700">
        <name>5225</name>
    </wpt>
    <wpt lat="58.5079200" lon="15.0245400">
        <name>5226</name>
    </wpt>
    <wpt lat="58.5081500" lon="15.0246200">
        <name>5227</name>
    </wpt>
    <wpt lat="58.5083500" lon="15.0246700">
        <name>5228</name>
    </wpt>
    <wpt lat="58.5085000" lon="15.0247100">
        <name>5229</name>
    </wpt>
    <wpt lat="58.5086300" lon="15.0247200">
        <name>5230</name>
    </wpt>
    <wpt lat="58.5087500" lon="15.0247300">
        <name>5231</name>
    </wpt>
    <wpt lat="58.5088900" lon="15.0247200">
        <name>5232</name>
    </wpt>
    <wpt lat="58.5090200" lon="15.0247000">
        <name>5233</name>
    </wpt>
    <wpt lat="58.5092300" lon="15.0246400">
        <name>5234</name>
    </wpt>
    <wpt lat="58.5094200" lon="15.0245700">
        <name>5235</name>
    </wpt>
    <wpt lat="58.5096000" lon="15.0244800">
        <name>5236</name>
    </wpt>
    <wpt lat="58.5097400" lon="15.0243900">
        <name>5237</name>
    </wpt>
    <wpt lat="58.5098900" lon="15.0242800">
        <name>5238</name>
    </wpt>
    <wpt lat="58.5100900" lon="15.0240900">
        <name>5239</name>
    </wpt>
    <wpt lat="58.5102500" lon="15.0239200">
        <name>5240</name>
    </wpt>
    <wpt lat="58.5104000" lon="15.0237300">
        <name>5241</name>
    </wpt>
    <wpt lat="58.5106000" lon="15.0234400">
        <name>5242</name>
    </wpt>
    <wpt lat="58.5107900" lon="15.0231300">
        <name>5243</name>
    </wpt>
    <wpt lat="58.5109200" lon="15.0228900">
        <name>5244</name>
    </wpt>
    <wpt lat="58.5110000" lon="15.0227300">
        <name>5245</name>
    </wpt>
    <wpt lat="58.5110500" lon="15.0225700">
        <name>5246</name>
    </wpt>
    <wpt lat="58.5110700" lon="15.0224400">
        <name>5247</name>
    </wpt>
    <wpt lat="58.5110800" lon="15.0223100">
        <name>5248</name>
    </wpt>
    <wpt lat="58.5110900" lon="15.0222000">
        <name>5249</name>
    </wpt>
    <wpt lat="58.5110900" lon="15.0221500">
        <name>5250</name>
    </wpt>
    <wpt lat="58.5110900" lon="15.0220700">
        <name>5251</name>
    </wpt>
    <wpt lat="58.5110800" lon="15.0219800">
        <name>5252</name>
    </wpt>
    <wpt lat="58.5110800" lon="15.0218500">
        <name>5253</name>
    </wpt>
    <wpt lat="58.5110700" lon="15.0217800">
        <name>5254</name>
    </wpt>
    <wpt lat="58.5111400" lon="15.0217500">
        <name>5255</name>
    </wpt>
    <wpt lat="58.5112800" lon="15.0216600">
        <name>5256</name>
    </wpt>
    <wpt lat="58.5114700" lon="15.0215300">
        <name>5257</name>
    </wpt>
    <wpt lat="58.5116100" lon="15.0214200">
        <name>5258</name>
    </wpt>
    <wpt lat="58.5117900" lon="15.0212400">
        <name>5259</name>
    </wpt>
    <wpt lat="58.5120900" lon="15.0209000">
        <name>5260</name>
    </wpt>
    <wpt lat="58.5123900" lon="15.0205100">
        <name>5261</name>
    </wpt>
    <wpt lat="58.5125700" lon="15.0202500">
        <name>5262</name>
    </wpt>
    <wpt lat="58.5129000" lon="15.0197200">
        <name>5263</name>
    </wpt>
    <wpt lat="58.5129200" lon="15.0196000">
        <name>5264</name>
    </wpt>
    <wpt lat="58.5132300" lon="15.0190900">
        <name>5265</name>
    </wpt>
    <wpt lat="58.5139200" lon="15.0179500">
        <name>5266</name>
    </wpt>
    <wpt lat="58.5144300" lon="15.0171000">
        <name>5267</name>
    </wpt>
    <wpt lat="58.5145000" lon="15.0169800">
        <name>5268</name>
    </wpt>
    <wpt lat="58.5148100" lon="15.0164700">
        <name>5269</name>
    </wpt>
    <wpt lat="58.5149700" lon="15.0162000">
        <name>5270</name>
    </wpt>
    <wpt lat="58.5151300" lon="15.0159300">
        <name>5271</name>
    </wpt>
    <wpt lat="58.5153500" lon="15.0155700">
        <name>5272</name>
    </wpt>
    <wpt lat="58.5155200" lon="15.0153100">
        <name>5273</name>
    </wpt>
    <wpt lat="58.5156600" lon="15.0151200">
        <name>5274</name>
    </wpt>
    <wpt lat="58.5157600" lon="15.0149900">
        <name>5275</name>
    </wpt>
    <wpt lat="58.5158200" lon="15.0149200">
        <name>5276</name>
    </wpt>
    <wpt lat="58.5159000" lon="15.0148300">
        <name>5277</name>
    </wpt>
    <wpt lat="58.5160200" lon="15.0147100">
        <name>5278</name>
    </wpt>
    <wpt lat="58.5161500" lon="15.0146000">
        <name>5279</name>
    </wpt>
    <wpt lat="58.5162800" lon="15.0145000">
        <name>5280</name>
    </wpt>
    <wpt lat="58.5164500" lon="15.0144000">
        <name>5281</name>
    </wpt>
    <wpt lat="58.5166800" lon="15.0142700">
        <name>5282</name>
    </wpt>
    <wpt lat="58.5170700" lon="15.0140800">
        <name>5283</name>
    </wpt>
    <wpt lat="58.5177500" lon="15.0137500">
        <name>5284</name>
    </wpt>
    <wpt lat="58.5180200" lon="15.0136300">
        <name>5285</name>
    </wpt>
    <wpt lat="58.5181500" lon="15.0135900">
        <name>5286</name>
    </wpt>
    <wpt lat="58.5182800" lon="15.0135700">
        <name>5287</name>
    </wpt>
    <wpt lat="58.5184100" lon="15.0135400">
        <name>5288</name>
    </wpt>
    <wpt lat="58.5185300" lon="15.0135300">
        <name>5289</name>
    </wpt>
    <wpt lat="58.5186400" lon="15.0135400">
        <name>5290</name>
    </wpt>
    <wpt lat="58.5187900" lon="15.0135500">
        <name>5291</name>
    </wpt>
    <wpt lat="58.5189300" lon="15.0135800">
        <name>5292</name>
    </wpt>
    <wpt lat="58.5190600" lon="15.0136100">
        <name>5293</name>
    </wpt>
    <wpt lat="58.5192400" lon="15.0136700">
        <name>5294</name>
    </wpt>
    <wpt lat="58.5193900" lon="15.0137400">
        <name>5295</name>
    </wpt>
    <wpt lat="58.5196100" lon="15.0138700">
        <name>5296</name>
    </wpt>
    <wpt lat="58.5197600" lon="15.0139700">
        <name>5297</name>
    </wpt>
    <wpt lat="58.5199000" lon="15.0140700">
        <name>5298</name>
    </wpt>
    <wpt lat="58.5199800" lon="15.0141400">
        <name>5299</name>
    </wpt>
    <wpt lat="58.5201700" lon="15.0143300">
        <name>5300</name>
    </wpt>
    <wpt lat="58.5206700" lon="15.0148900">
        <name>5301</name>
    </wpt>
    <wpt lat="58.5211200" lon="15.0154200">
        <name>5302</name>
    </wpt>
    <wpt lat="58.5216500" lon="15.0160300">
        <name>5303</name>
    </wpt>
    <wpt lat="58.5219700" lon="15.0164200">
        <name>5304</name>
    </wpt>
    <wpt lat="58.5220500" lon="15.0165400">
        <name>5305</name>
    </wpt>
    <wpt lat="58.5221400" lon="15.0166400">
        <name>5306</name>
    </wpt>
    <wpt lat="58.5223000" lon="15.0169200">
        <name>5307</name>
    </wpt>
    <wpt lat="58.5224100" lon="15.0171400">
        <name>5308</name>
    </wpt>
    <wpt lat="58.5225000" lon="15.0173000">
        <name>5309</name>
    </wpt>
    <wpt lat="58.5225500" lon="15.0174200">
        <name>5310</name>
    </wpt>
    <wpt lat="58.5226600" lon="15.0177000">
        <name>5311</name>
    </wpt>
    <wpt lat="58.5227700" lon="15.0179600">
        <name>5312</name>
    </wpt>
    <wpt lat="58.5228800" lon="15.0183000">
        <name>5313</name>
    </wpt>
    <wpt lat="58.5230100" lon="15.0188000">
        <name>5314</name>
    </wpt>
    <wpt lat="58.5231400" lon="15.0194100">
        <name>5315</name>
    </wpt>
    <wpt lat="58.5235400" lon="15.0213100">
        <name>5316</name>
    </wpt>
    <wpt lat="58.5240100" lon="15.0233500">
        <name>5317</name>
    </wpt>
    <wpt lat="58.5244600" lon="15.0255700">
        <name>5318</name>
    </wpt>
    <wpt lat="58.5248200" lon="15.0272300">
        <name>5319</name>
    </wpt>
    <wpt lat="58.5248600" lon="15.0274000">
        <name>5320</name>
    </wpt>
    <wpt lat="58.5251600" lon="15.0288600">
        <name>5321</name>
    </wpt>
    <wpt lat="58.5256000" lon="15.0309200">
        <name>5322</name>
    </wpt>
    <wpt lat="58.5261100" lon="15.0332300">
        <name>5323</name>
    </wpt>
    <wpt lat="58.5263700" lon="15.0343100">
        <name>5324</name>
    </wpt>
    <wpt lat="58.5266000" lon="15.0352000">
        <name>5325</name>
    </wpt>
    <wpt lat="58.5267000" lon="15.0356100">
        <name>5326</name>
    </wpt>
    <wpt lat="58.5268900" lon="15.0363800">
        <name>5327</name>
    </wpt>
    <wpt lat="58.5270400" lon="15.0369500">
        <name>5328</name>
    </wpt>
    <wpt lat="58.5271200" lon="15.0372400">
        <name>5329</name>
    </wpt>
    <wpt lat="58.5274200" lon="15.0383900">
        <name>5330</name>
    </wpt>
    <wpt lat="58.5277700" lon="15.0397100">
        <name>5331</name>
    </wpt>
    <wpt lat="58.5279200" lon="15.0403100">
        <name>5332</name>
    </wpt>
    <wpt lat="58.5280000" lon="15.0405900">
        <name>5333</name>
    </wpt>
    <wpt lat="58.5281700" lon="15.0412500">
        <name>5334</name>
    </wpt>
    <wpt lat="58.5282100" lon="15.0414100">
        <name>5335</name>
    </wpt>
    <wpt lat="58.5283600" lon="15.0419700">
        <name>5336</name>
    </wpt>
    <wpt lat="58.5286600" lon="15.0430000">
        <name>5337</name>
    </wpt>
    <wpt lat="58.5287100" lon="15.0430100">
        <name>5338</name>
    </wpt>
    <wpt lat="58.5288100" lon="15.0433000">
        <name>5339</name>
    </wpt>
    <wpt lat="58.5288900" lon="15.0432000">
        <name>5340</name>
    </wpt>
    <wpt lat="58.5292600" lon="15.0427700">
        <name>5341</name>
    </wpt>
    <wpt lat="58.5294400" lon="15.0426500">
        <name>5342</name>
    </wpt>
    <wpt lat="58.5300500" lon="15.0420900">
        <name>5343</name>
    </wpt>
    <wpt lat="58.5303200" lon="15.0418100">
        <name>5344</name>
    </wpt>
    <wpt lat="58.5303200" lon="15.0418090">
        <name>5345</name>
    </wpt>
    <wpt lat="58.5303200" lon="15.0418100">
        <name>5346</name>
    </wpt>
    <wpt lat="58.5312500" lon="15.0434400">
        <name>5347</name>
    </wpt>
    <wpt lat="58.5315300" lon="15.0432100">
        <name>5348</name>
    </wpt>
    <wpt lat="58.5317300" lon="15.0430400">
        <name>5349</name>
    </wpt>
    <wpt lat="58.5319800" lon="15.0429000">
        <name>5350</name>
    </wpt>
    <wpt lat="58.5321500" lon="15.0428500">
        <name>5351</name>
    </wpt>
    <wpt lat="58.5323500" lon="15.0428200">
        <name>5352</name>
    </wpt>
    <wpt lat="58.5326300" lon="15.0428000">
        <name>5353</name>
    </wpt>
    <wpt lat="58.5326300" lon="15.0427990">
        <name>5354</name>
    </wpt>
    <wpt lat="58.5326300" lon="15.0428000">
        <name>5355</name>
    </wpt>
    <wpt lat="58.5327500" lon="15.0428100">
        <name>5356</name>
    </wpt>
    <wpt lat="58.5327600" lon="15.0428100">
        <name>5357</name>
    </wpt>
    <wpt lat="58.5327700" lon="15.0428100">
        <name>5358</name>
    </wpt>
    <wpt lat="58.5327800" lon="15.0428100">
        <name>5359</name>
    </wpt>
    <wpt lat="58.5327900" lon="15.0428100">
        <name>5360</name>
    </wpt>
    <wpt lat="58.5328000" lon="15.0428100">
        <name>5361</name>
    </wpt>
    <wpt lat="58.5328100" lon="15.0428100">
        <name>5362</name>
    </wpt>
    <wpt lat="58.5328200" lon="15.0428100">
        <name>5363</name>
    </wpt>
    <wpt lat="58.5328300" lon="15.0428100">
        <name>5364</name>
    </wpt>
    <wpt lat="58.5328400" lon="15.0428100">
        <name>5365</name>
    </wpt>
    <wpt lat="58.5328400" lon="15.0428000">
        <name>5366</name>
    </wpt>
    <wpt lat="58.5328500" lon="15.0428000">
        <name>5367</name>
    </wpt>
    <wpt lat="58.5328600" lon="15.0428000">
        <name>5368</name>
    </wpt>
    <wpt lat="58.5328700" lon="15.0428000">
        <name>5369</name>
    </wpt>
    <wpt lat="58.5328700" lon="15.0427900">
        <name>5370</name>
    </wpt>
    <wpt lat="58.5328800" lon="15.0427900">
        <name>5371</name>
    </wpt>
    <wpt lat="58.5328900" lon="15.0427900">
        <name>5372</name>
    </wpt>
    <wpt lat="58.5328900" lon="15.0427800">
        <name>5373</name>
    </wpt>
    <wpt lat="58.5329000" lon="15.0427800">
        <name>5374</name>
    </wpt>
    <wpt lat="58.5329100" lon="15.0427800">
        <name>5375</name>
    </wpt>
    <wpt lat="58.5329100" lon="15.0427700">
        <name>5376</name>
    </wpt>
    <wpt lat="58.5329200" lon="15.0427700">
        <name>5377</name>
    </wpt>
    <wpt lat="58.5329200" lon="15.0427600">
        <name>5378</name>
    </wpt>
    <wpt lat="58.5329300" lon="15.0427600">
        <name>5379</name>
    </wpt>
    <wpt lat="58.5329400" lon="15.0427600">
        <name>5380</name>
    </wpt>
    <wpt lat="58.5329400" lon="15.0427500">
        <name>5381</name>
    </wpt>
    <wpt lat="58.5329500" lon="15.0427500">
        <name>5382</name>
    </wpt>
    <wpt lat="58.5329500" lon="15.0427400">
        <name>5383</name>
    </wpt>
    <wpt lat="58.5329600" lon="15.0427400">
        <name>5384</name>
    </wpt>
    <wpt lat="58.5329600" lon="15.0427300">
        <name>5385</name>
    </wpt>
    <wpt lat="58.5329700" lon="15.0427300">
        <name>5386</name>
    </wpt>
    <wpt lat="58.5329700" lon="15.0427200">
        <name>5387</name>
    </wpt>
    <wpt lat="58.5329800" lon="15.0427200">
        <name>5388</name>
    </wpt>
    <wpt lat="58.5329800" lon="15.0427100">
        <name>5389</name>
    </wpt>
    <wpt lat="58.5331100" lon="15.0425700">
        <name>5390</name>
    </wpt>
    <wpt lat="58.5340400" lon="15.0414900">
        <name>5391</name>
    </wpt>
    <wpt lat="58.5343900" lon="15.0410700">
        <name>5392</name>
    </wpt>
    <wpt lat="58.5345900" lon="15.0408100">
        <name>5393</name>
    </wpt>
    <wpt lat="58.5348600" lon="15.0404900">
        <name>5394</name>
    </wpt>
    <wpt lat="58.5353200" lon="15.0399200">
        <name>5395</name>
    </wpt>
    <wpt lat="58.5356500" lon="15.0392500">
        <name>5396</name>
    </wpt>
    <wpt lat="58.5360300" lon="15.0379900">
        <name>5397</name>
    </wpt>
    <wpt lat="58.5363700" lon="15.0363200">
        <name>5398</name>
    </wpt>
    <wpt lat="58.5363700" lon="15.0363190">
        <name>5399</name>
    </wpt>
    <wpt lat="58.5363700" lon="15.0363200">
        <name>5400</name>
    </wpt>
    <wpt lat="58.5356900" lon="15.0360100">
        <name>5401</name>
    </wpt>
    <wpt lat="58.5352900" lon="15.0358100">
        <name>5402</name>
    </wpt>
    <trk>
        <name>Untitled map</name>
        <trkseg>
            <trkpt lat="58.5339000" lon="15.0379800"><ele>93.0</ele></trkpt>
            <trkpt lat="58.5342500" lon="15.0387700"><ele>100.0</ele></trkpt>
            <trkpt lat="58.5342200" lon="15.0388300"><ele>100.0</ele></trkpt>
            <trkpt lat="58.5342000" lon="15.0388700"><ele>100.0</ele></trkpt>
            <trkpt lat="58.5341800" lon="15.0389400"><ele>100.0</ele></trkpt>
            <trkpt lat="58.5341600" lon="15.0390100"><ele>100.0</ele></trkpt>
            <trkpt lat="58.5341600" lon="15.0390800"><ele>100.0</ele></trkpt>
            <trkpt lat="58.5341600" lon="15.0391300"><ele>100.0</ele></trkpt>
            <trkpt lat="58.5341600" lon="15.0391700"><ele>100.0</ele></trkpt>
            <trkpt lat="58.5341700" lon="15.0392100"><ele>100.0</ele></trkpt>
            <trkpt lat="58.5342100" lon="15.0393700"><ele>100.0</ele></trkpt>
            <trkpt lat="58.5344100" lon="15.0401400"><ele>99.0</ele></trkpt>
            <trkpt lat="58.5345900" lon="15.0408100"><ele>99.0</ele></trkpt>
            <trkpt lat="58.5345900" lon="15.0408090"><ele>99.0</ele></trkpt>
            <trkpt lat="58.5345900" lon="15.0408100"><ele>99.0</ele></trkpt>
            <trkpt lat="58.5343900" lon="15.0410700"><ele>99.0</ele></trkpt>
            <trkpt lat="58.5340400" lon="15.0414900"><ele>92.0</ele></trkpt>
            <trkpt lat="58.5331100" lon="15.0425700"><ele>88.0</ele></trkpt>
            <trkpt lat="58.5329800" lon="15.0427100"><ele>88.0</ele></trkpt>
            <trkpt lat="58.5329800" lon="15.0427200"><ele>88.0</ele></trkpt>
            <trkpt lat="58.5329700" lon="15.0427200"><ele>88.0</ele></trkpt>
            <trkpt lat="58.5329700" lon="15.0427300"><ele>88.0</ele></trkpt>
            <trkpt lat="58.5329600" lon="15.0427300"><ele>88.0</ele></trkpt>
            <trkpt lat="58.5329600" lon="15.0427400"><ele>88.0</ele></trkpt>
            <trkpt lat="58.5329500" lon="15.0427400"><ele>88.0</ele></trkpt>
            <trkpt lat="58.5329500" lon="15.0427500"><ele>88.0</ele></trkpt>
            <trkpt lat="58.5329400" lon="15.0427500"><ele>88.0</ele></trkpt>
            <trkpt lat="58.5329400" lon="15.0427600"><ele>88.0</ele></trkpt>
            <trkpt lat="58.5329300" lon="15.0427600"><ele>88.0</ele></trkpt>
            <trkpt lat="58.5329200" lon="15.0427600"><ele>88.0</ele></trkpt>
            <trkpt lat="58.5329200" lon="15.0427700"><ele>88.0</ele></trkpt>
            <trkpt lat="58.5329100" lon="15.0427700"><ele>88.0</ele></trkpt>
            <trkpt lat="58.5329100" lon="15.0427800"><ele>88.0</ele></trkpt>
            <trkpt lat="58.5329000" lon="15.0427800"><ele>88.0</ele></trkpt>
            <trkpt lat="58.5328900" lon="15.0427800"><ele>88.0</ele></trkpt>
            <trkpt lat="58.5328900" lon="15.0427900"><ele>88.0</ele></trkpt>
            <trkpt lat="58.5328800" lon="15.0427900"><ele>88.0</ele></trkpt>
            <trkpt lat="58.5328700" lon="15.0427900"><ele>88.0</ele></trkpt>
            <trkpt lat="58.5328700" lon="15.0428000"><ele>88.0</ele></trkpt>
            <trkpt lat="58.5328600" lon="15.0428000"><ele>88.0</ele></trkpt>
            <trkpt lat="58.5328500" lon="15.0428000"><ele>88.0</ele></trkpt>
            <trkpt lat="58.5328400" lon="15.0428000"><ele>88.0</ele></trkpt>
            <trkpt lat="58.5328400" lon="15.0428100"><ele>88.0</ele></trkpt>
            <trkpt lat="58.5328300" lon="15.0428100"><ele>88.0</ele></trkpt>
            <trkpt lat="58.5328200" lon="15.0428100"><ele>88.0</ele></trkpt>
            <trkpt lat="58.5328100" lon="15.0428100"><ele>88.0</ele></trkpt>
            <trkpt lat="58.5328000" lon="15.0428100"><ele>88.0</ele></trkpt>
            <trkpt lat="58.5327900" lon="15.0428100"><ele>88.0</ele></trkpt>
            <trkpt lat="58.5327800" lon="15.0428100"><ele>88.0</ele></trkpt>
            <trkpt lat="58.5327700" lon="15.0428100"><ele>88.0</ele></trkpt>
            <trkpt lat="58.5327600" lon="15.0428100"><ele>88.0</ele></trkpt>
            <trkpt lat="58.5327500" lon="15.0428100"><ele>88.0</ele></trkpt>
            <trkpt lat="58.5326300" lon="15.0428000"><ele>88.0</ele></trkpt>
            <trkpt lat="58.5326300" lon="15.0427990"><ele>88.0</ele></trkpt>
            <trkpt lat="58.5326300" lon="15.0428000"><ele>88.0</ele></trkpt>
            <trkpt lat="58.5323500" lon="15.0428200"><ele>93.0</ele></trkpt>
            <trkpt lat="58.5321500" lon="15.0428500"><ele>93.0</ele></trkpt>
            <trkpt lat="58.5319800" lon="15.0429000"><ele>93.0</ele></trkpt>
            <trkpt lat="58.5317300" lon="15.0430400"><ele>93.0</ele></trkpt>
            <trkpt lat="58.5315300" lon="15.0432100"><ele>93.0</ele></trkpt>
            <trkpt lat="58.5312500" lon="15.0434400"><ele>93.0</ele></trkpt>
            <trkpt lat="58.5303200" lon="15.0418100"><ele>92.0</ele></trkpt>
            <trkpt lat="58.5303200" lon="15.0418090"><ele>92.0</ele></trkpt>
            <trkpt lat="58.5303200" lon="15.0418100"><ele>92.0</ele></trkpt>
            <trkpt lat="58.5300500" lon="15.0420900"><ele>92.0</ele></trkpt>
            <trkpt lat="58.5294400" lon="15.0426500"><ele>92.0</ele></trkpt>
            <trkpt lat="58.5292600" lon="15.0427700"><ele>92.0</ele></trkpt>
            <trkpt lat="58.5288900" lon="15.0432000"><ele>94.0</ele></trkpt>
            <trkpt lat="58.5288100" lon="15.0433000"><ele>94.0</ele></trkpt>
            <trkpt lat="58.5287100" lon="15.0430100"><ele>94.0</ele></trkpt>
            <trkpt lat="58.5286800" lon="15.0430000"><ele>94.0</ele></trkpt>
            <trkpt lat="58.5286600" lon="15.0430000"><ele>94.0</ele></trkpt>
            <trkpt lat="58.5283600" lon="15.0419700"><ele>93.0</ele></trkpt>
            <trkpt lat="58.5282100" lon="15.0414100"><ele>99.0</ele></trkpt>
            <trkpt lat="58.5281700" lon="15.0412500"><ele>99.0</ele></trkpt>
            <trkpt lat="58.5280000" lon="15.0405900"><ele>94.0</ele></trkpt>
            <trkpt lat="58.5279200" lon="15.0403100"><ele>94.0</ele></trkpt>
            <trkpt lat="58.5277700" lon="15.0397100"><ele>94.0</ele></trkpt>
            <trkpt lat="58.5274200" lon="15.0383900"><ele>97.0</ele></trkpt>
            <trkpt lat="58.5271200" lon="15.0372400"><ele>96.0</ele></trkpt>
            <trkpt lat="58.5270400" lon="15.0369500"><ele>96.0</ele></trkpt>
            <trkpt lat="58.5268900" lon="15.0363800"><ele>96.0</ele></trkpt>
            <trkpt lat="58.5267000" lon="15.0356100"><ele>95.0</ele></trkpt>
            <trkpt lat="58.5266000" lon="15.0352000"><ele>101.0</ele></trkpt>
            <trkpt lat="58.5263700" lon="15.0343100"><ele>98.0</ele></trkpt>
            <trkpt lat="58.5261100" lon="15.0332300"><ele>97.0</ele></trkpt>
            <trkpt lat="58.5256000" lon="15.0309200"><ele>99.0</ele></trkpt>
            <trkpt lat="58.5251600" lon="15.0288600"><ele>95.0</ele></trkpt>
            <trkpt lat="58.5248600" lon="15.0274000"><ele>98.0</ele></trkpt>
            <trkpt lat="58.5248200" lon="15.0272300"><ele>98.0</ele></trkpt>
            <trkpt lat="58.5244600" lon="15.0255700"><ele>98.0</ele></trkpt>
            <trkpt lat="58.5240100" lon="15.0233500"><ele>101.0</ele></trkpt>
            <trkpt lat="58.5235400" lon="15.0213100"><ele>99.0</ele></trkpt>
            <trkpt lat="58.5231400" lon="15.0194100"><ele>101.0</ele></trkpt>
            <trkpt lat="58.5230100" lon="15.0188000"><ele>101.0</ele></trkpt>
            <trkpt lat="58.5228800" lon="15.0183000"><ele>103.0</ele></trkpt>
            <trkpt lat="58.5227700" lon="15.0179600"><ele>103.0</ele></trkpt>
            <trkpt lat="58.5226600" lon="15.0177000"><ele>103.0</ele></trkpt>
            <trkpt lat="58.5225500" lon="15.0174200"><ele>101.0</ele></trkpt>
            <trkpt lat="58.5225000" lon="15.0173000"><ele>101.0</ele></trkpt>
            <trkpt lat="58.5224100" lon="15.0171400"><ele>104.0</ele></trkpt>
            <trkpt lat="58.5223000" lon="15.0169200"><ele>104.0</ele></trkpt>
            <trkpt lat="58.5221400" lon="15.0166400"><ele>104.0</ele></trkpt>
            <trkpt lat="58.5220500" lon="15.0165400"><ele>104.0</ele></trkpt>
            <trkpt lat="58.5219700" lon="15.0164200"><ele>104.0</ele></trkpt>
            <trkpt lat="58.5216500" lon="15.0160300"><ele>99.0</ele></trkpt>
            <trkpt lat="58.5211200" lon="15.0154200"><ele>99.0</ele></trkpt>
            <trkpt lat="58.5206700" lon="15.0148900"><ele>100.0</ele></trkpt>
            <trkpt lat="58.5201700" lon="15.0143300"><ele>100.0</ele></trkpt>
            <trkpt lat="58.5199800" lon="15.0141400"><ele>103.0</ele></trkpt>
            <trkpt lat="58.5199000" lon="15.0140700"><ele>103.0</ele></trkpt>
            <trkpt lat="58.5197600" lon="15.0139700"><ele>103.0</ele></trkpt>
            <trkpt lat="58.5196100" lon="15.0138700"><ele>103.0</ele></trkpt>
            <trkpt lat="58.5193900" lon="15.0137400"><ele>98.0</ele></trkpt>
            <trkpt lat="58.5192400" lon="15.0136700"><ele>98.0</ele></trkpt>
            <trkpt lat="58.5190600" lon="15.0136100"><ele>98.0</ele></trkpt>
            <trkpt lat="58.5189300" lon="15.0135800"><ele>98.0</ele></trkpt>
            <trkpt lat="58.5187900" lon="15.0135500"><ele>98.0</ele></trkpt>
            <trkpt lat="58.5186400" lon="15.0135400"><ele>98.0</ele></trkpt>
            <trkpt lat="58.5185300" lon="15.0135300"><ele>98.0</ele></trkpt>
            <trkpt lat="58.5184100" lon="15.0135400"><ele>98.0</ele></trkpt>
            <trkpt lat="58.5182800" lon="15.0135700"><ele>99.0</ele></trkpt>
            <trkpt lat="58.5181500" lon="15.0135900"><ele>99.0</ele></trkpt>
            <trkpt lat="58.5180200" lon="15.0136300"><ele>99.0</ele></trkpt>
            <trkpt lat="58.5177500" lon="15.0137500"><ele>103.0</ele></trkpt>
            <trkpt lat="58.5170700" lon="15.0140800"><ele>104.0</ele></trkpt>
            <trkpt lat="58.5166800" lon="15.0142700"><ele>104.0</ele></trkpt>
            <trkpt lat="58.5164500" lon="15.0144000"><ele>103.0</ele></trkpt>
            <trkpt lat="58.5162800" lon="15.0145000"><ele>103.0</ele></trkpt>
            <trkpt lat="58.5161500" lon="15.0146000"><ele>103.0</ele></trkpt>
            <trkpt lat="58.5160200" lon="15.0147100"><ele>103.0</ele></trkpt>
            <trkpt lat="58.5159000" lon="15.0148300"><ele>103.0</ele></trkpt>
            <trkpt lat="58.5158200" lon="15.0149200"><ele>99.0</ele></trkpt>
            <trkpt lat="58.5157600" lon="15.0149900"><ele>99.0</ele></trkpt>
            <trkpt lat="58.5156600" lon="15.0151200"><ele>106.0</ele></trkpt>
            <trkpt lat="58.5155200" lon="15.0153100"><ele>106.0</ele></trkpt>
            <trkpt lat="58.5153500" lon="15.0155700"><ele>106.0</ele></trkpt>
            <trkpt lat="58.5151300" lon="15.0159300"><ele>106.0</ele></trkpt>
            <trkpt lat="58.5149700" lon="15.0162000"><ele>99.0</ele></trkpt>
            <trkpt lat="58.5148100" lon="15.0164700"><ele>104.0</ele></trkpt>
            <trkpt lat="58.5145000" lon="15.0169800"><ele>104.0</ele></trkpt>
            <trkpt lat="58.5144300" lon="15.0171000"><ele>104.0</ele></trkpt>
            <trkpt lat="58.5139200" lon="15.0179500"><ele>103.0</ele></trkpt>
            <trkpt lat="58.5132300" lon="15.0190900"><ele>104.0</ele></trkpt>
            <trkpt lat="58.5129200" lon="15.0196000"><ele>104.0</ele></trkpt>
            <trkpt lat="58.5129200" lon="15.0195990"><ele>104.0</ele></trkpt>
            <trkpt lat="58.5129200" lon="15.0196000"><ele>104.0</ele></trkpt>
            <trkpt lat="58.5128600" lon="15.0196500"><ele>104.0</ele></trkpt>
            <trkpt lat="58.5125400" lon="15.0201600"><ele>110.0</ele></trkpt>
            <trkpt lat="58.5123600" lon="15.0204100"><ele>104.0</ele></trkpt>
            <trkpt lat="58.5120600" lon="15.0207900"><ele>104.0</ele></trkpt>
            <trkpt lat="58.5117600" lon="15.0211100"><ele>104.0</ele></trkpt>
            <trkpt lat="58.5115800" lon="15.0212900"><ele>103.0</ele></trkpt>
            <trkpt lat="58.5114400" lon="15.0214000"><ele>103.0</ele></trkpt>
            <trkpt lat="58.5112600" lon="15.0215300"><ele>103.0</ele></trkpt>
            <trkpt lat="58.5111100" lon="15.0216200"><ele>103.0</ele></trkpt>
            <trkpt lat="58.5110500" lon="15.0216600"><ele>103.0</ele></trkpt>
            <trkpt lat="58.5110200" lon="15.0216800"><ele>103.0</ele></trkpt>
            <trkpt lat="58.5108600" lon="15.0217700"><ele>103.0</ele></trkpt>
            <trkpt lat="58.5106900" lon="15.0218300"><ele>99.0</ele></trkpt>
            <trkpt lat="58.5104400" lon="15.0219600"><ele>99.0</ele></trkpt>
            <trkpt lat="58.5102500" lon="15.0220200"><ele>99.0</ele></trkpt>
            <trkpt lat="58.5101300" lon="15.0220500"><ele>99.0</ele></trkpt>
            <trkpt lat="58.5097800" lon="15.0220900"><ele>97.0</ele></trkpt>
            <trkpt lat="58.5096100" lon="15.0221000"><ele>97.0</ele></trkpt>
            <trkpt lat="58.5094100" lon="15.0220800"><ele>97.0</ele></trkpt>
            <trkpt lat="58.5091500" lon="15.0220300"><ele>97.0</ele></trkpt>
            <trkpt lat="58.5091000" lon="15.0220900"><ele>97.0</ele></trkpt>
            <trkpt lat="58.5090200" lon="15.0220600"><ele>97.0</ele></trkpt>
            <trkpt lat="58.5088500" lon="15.0220100"><ele>97.0</ele></trkpt>
            <trkpt lat="58.5086900" lon="15.0219400"><ele>97.0</ele></trkpt>
            <trkpt lat="58.5085300" lon="15.0218700"><ele>97.0</ele></trkpt>
            <trkpt lat="58.5083500" lon="15.0217700"><ele>97.0</ele></trkpt>
            <trkpt lat="58.5081400" lon="15.0216400"><ele>98.0</ele></trkpt>
            <trkpt lat="58.5079300" lon="15.0214800"><ele>98.0</ele></trkpt>
            <trkpt lat="58.5077400" lon="15.0213100"><ele>98.0</ele></trkpt>
            <trkpt lat="58.5075400" lon="15.0211200"><ele>98.0</ele></trkpt>
            <trkpt lat="58.5073900" lon="15.0209800"><ele>99.0</ele></trkpt>
            <trkpt lat="58.5071900" lon="15.0207800"><ele>99.0</ele></trkpt>
            <trkpt lat="58.5071300" lon="15.0207100"><ele>99.0</ele></trkpt>
            <trkpt lat="58.5070900" lon="15.0206700"><ele>99.0</ele></trkpt>
            <trkpt lat="58.5067400" lon="15.0203200"><ele>99.0</ele></trkpt>
            <trkpt lat="58.5065300" lon="15.0201000"><ele>96.0</ele></trkpt>
            <trkpt lat="58.5062500" lon="15.0197700"><ele>98.0</ele></trkpt>
            <trkpt lat="58.5059000" lon="15.0193800"><ele>98.0</ele></trkpt>
            <trkpt lat="58.5055900" lon="15.0189900"><ele>100.0</ele></trkpt>
            <trkpt lat="58.5053100" lon="15.0186300"><ele>100.0</ele></trkpt>
            <trkpt lat="58.5050100" lon="15.0182100"><ele>100.0</ele></trkpt>
            <trkpt lat="58.5048700" lon="15.0180200"><ele>99.0</ele></trkpt>
            <trkpt lat="58.5043700" lon="15.0173200"><ele>99.0</ele></trkpt>
            <trkpt lat="58.5037400" lon="15.0164200"><ele>97.0</ele></trkpt>
            <trkpt lat="58.5030100" lon="15.0153800"><ele>97.0</ele></trkpt>
            <trkpt lat="58.5022200" lon="15.0142500"><ele>98.0</ele></trkpt>
            <trkpt lat="58.5019300" lon="15.0138400"><ele>98.0</ele></trkpt>
            <trkpt lat="58.5014200" lon="15.0131300"><ele>101.0</ele></trkpt>
            <trkpt lat="58.5013600" lon="15.0130400"><ele>101.0</ele></trkpt>
            <trkpt lat="58.5009100" lon="15.0124000"><ele>103.0</ele></trkpt>
            <trkpt lat="58.5005700" lon="15.0119000"><ele>103.0</ele></trkpt>
            <trkpt lat="58.5000300" lon="15.0111300"><ele>102.0</ele></trkpt>
            <trkpt lat="58.4994500" lon="15.0103000"><ele>104.0</ele></trkpt>
            <trkpt lat="58.4991200" lon="15.0098300"><ele>105.0</ele></trkpt>
            <trkpt lat="58.4989200" lon="15.0095600"><ele>105.0</ele></trkpt>
            <trkpt lat="58.4984700" lon="15.0089100"><ele>105.0</ele></trkpt>
            <trkpt lat="58.4980600" lon="15.0083300"><ele>102.0</ele></trkpt>
            <trkpt lat="58.4975200" lon="15.0075600"><ele>102.0</ele></trkpt>
            <trkpt lat="58.4973100" lon="15.0072600"><ele>101.0</ele></trkpt>
            <trkpt lat="58.4968600" lon="15.0066100"><ele>101.0</ele></trkpt>
            <trkpt lat="58.4966300" lon="15.0062700"><ele>102.0</ele></trkpt>
            <trkpt lat="58.4960100" lon="15.0054000"><ele>102.0</ele></trkpt>
            <trkpt lat="58.4954900" lon="15.0046600"><ele>104.0</ele></trkpt>
            <trkpt lat="58.4952200" lon="15.0042800"><ele>104.0</ele></trkpt>
            <trkpt lat="58.4951100" lon="15.0041400"><ele>104.0</ele></trkpt>
            <trkpt lat="58.4949900" lon="15.0040000"><ele>104.0</ele></trkpt>
            <trkpt lat="58.4947800" lon="15.0037600"><ele>104.0</ele></trkpt>
            <trkpt lat="58.4945300" lon="15.0035100"><ele>104.0</ele></trkpt>
            <trkpt lat="58.4940800" lon="15.0030800"><ele>108.0</ele></trkpt>
            <trkpt lat="58.4934400" lon="15.0025100"><ele>108.0</ele></trkpt>
            <trkpt lat="58.4930400" lon="15.0021400"><ele>103.0</ele></trkpt>
            <trkpt lat="58.4926400" lon="15.0017200"><ele>103.0</ele></trkpt>
            <trkpt lat="58.4924300" lon="15.0014700"><ele>103.0</ele></trkpt>
            <trkpt lat="58.4922000" lon="15.0011600"><ele>104.0</ele></trkpt>
            <trkpt lat="58.4919300" lon="15.0007300"><ele>104.0</ele></trkpt>
            <trkpt lat="58.4918000" lon="15.0005000"><ele>104.0</ele></trkpt>
            <trkpt lat="58.4915800" lon="15.0000600"><ele>104.0</ele></trkpt>
            <trkpt lat="58.4914000" lon="14.9996600"><ele>106.0</ele></trkpt>
            <trkpt lat="58.4911200" lon="14.9989900"><ele>106.0</ele></trkpt>
            <trkpt lat="58.4907500" lon="14.9981000"><ele>107.0</ele></trkpt>
            <trkpt lat="58.4905700" lon="14.9976600"><ele>107.0</ele></trkpt>
            <trkpt lat="58.4903500" lon="14.9971400"><ele>110.0</ele></trkpt>
            <trkpt lat="58.4897000" lon="14.9956000"><ele>109.0</ele></trkpt>
            <trkpt lat="58.4895000" lon="14.9951600"><ele>109.0</ele></trkpt>
            <trkpt lat="58.4892900" lon="14.9947200"><ele>113.0</ele></trkpt>
            <trkpt lat="58.4891600" lon="14.9944600"><ele>113.0</ele></trkpt>
            <trkpt lat="58.4890600" lon="14.9942900"><ele>113.0</ele></trkpt>
            <trkpt lat="58.4888000" lon="14.9938800"><ele>113.0</ele></trkpt>
            <trkpt lat="58.4885600" lon="14.9935200"><ele>124.0</ele></trkpt>
            <trkpt lat="58.4883100" lon="14.9931400"><ele>123.0</ele></trkpt>
            <trkpt lat="58.4880500" lon="14.9927900"><ele>123.0</ele></trkpt>
            <trkpt lat="58.4874400" lon="14.9918800"><ele>125.0</ele></trkpt>
            <trkpt lat="58.4867400" lon="14.9908500"><ele>118.0</ele></trkpt>
            <trkpt lat="58.4863500" lon="14.9902800"><ele>117.0</ele></trkpt>
            <trkpt lat="58.4860000" lon="14.9897700"><ele>114.0</ele></trkpt>
            <trkpt lat="58.4855900" lon="14.9891500"><ele>118.0</ele></trkpt>
            <trkpt lat="58.4853600" lon="14.9887900"><ele>118.0</ele></trkpt>
            <trkpt lat="58.4852300" lon="14.9885400"><ele>116.0</ele></trkpt>
            <trkpt lat="58.4851700" lon="14.9884300"><ele>116.0</ele></trkpt>
            <trkpt lat="58.4851000" lon="14.9882800"><ele>116.0</ele></trkpt>
            <trkpt lat="58.4850100" lon="14.9880600"><ele>116.0</ele></trkpt>
            <trkpt lat="58.4849100" lon="14.9878200"><ele>119.0</ele></trkpt>
            <trkpt lat="58.4848100" lon="14.9875700"><ele>119.0</ele></trkpt>
            <trkpt lat="58.4847400" lon="14.9873600"><ele>113.0</ele></trkpt>
            <trkpt lat="58.4846800" lon="14.9871800"><ele>113.0</ele></trkpt>
            <trkpt lat="58.4846100" lon="14.9870000"><ele>113.0</ele></trkpt>
            <trkpt lat="58.4845600" lon="14.9868200"><ele>113.0</ele></trkpt>
            <trkpt lat="58.4845000" lon="14.9865900"><ele>113.0</ele></trkpt>
            <trkpt lat="58.4844200" lon="14.9862600"><ele>113.0</ele></trkpt>
            <trkpt lat="58.4843000" lon="14.9857900"><ele>112.0</ele></trkpt>
            <trkpt lat="58.4842400" lon="14.9855500"><ele>112.0</ele></trkpt>
            <trkpt lat="58.4841300" lon="14.9850700"><ele>119.0</ele></trkpt>
            <trkpt lat="58.4839700" lon="14.9843800"><ele>115.0</ele></trkpt>
            <trkpt lat="58.4838800" lon="14.9839900"><ele>115.0</ele></trkpt>
            <trkpt lat="58.4838200" lon="14.9837500"><ele>115.0</ele></trkpt>
            <trkpt lat="58.4837200" lon="14.9833200"><ele>117.0</ele></trkpt>
            <trkpt lat="58.4836200" lon="14.9829100"><ele>117.0</ele></trkpt>
            <trkpt lat="58.4834800" lon="14.9823200"><ele>116.0</ele></trkpt>
            <trkpt lat="58.4833600" lon="14.9818100"><ele>116.0</ele></trkpt>
            <trkpt lat="58.4832700" lon="14.9814300"><ele>122.0</ele></trkpt>
            <trkpt lat="58.4831900" lon="14.9811100"><ele>122.0</ele></trkpt>
            <trkpt lat="58.4831200" lon="14.9808900"><ele>122.0</ele></trkpt>
            <trkpt lat="58.4830500" lon="14.9806500"><ele>122.0</ele></trkpt>
            <trkpt lat="58.4829600" lon="14.9803900"><ele>122.0</ele></trkpt>
            <trkpt lat="58.4828700" lon="14.9801400"><ele>122.0</ele></trkpt>
            <trkpt lat="58.4828200" lon="14.9800000"><ele>122.0</ele></trkpt>
            <trkpt lat="58.4827300" lon="14.9797800"><ele>125.0</ele></trkpt>
            <trkpt lat="58.4825600" lon="14.9793400"><ele>125.0</ele></trkpt>
            <trkpt lat="58.4823300" lon="14.9787100"><ele>120.0</ele></trkpt>
            <trkpt lat="58.4820700" lon="14.9780400"><ele>120.0</ele></trkpt>
            <trkpt lat="58.4816500" lon="14.9768900"><ele>117.0</ele></trkpt>
            <trkpt lat="58.4813600" lon="14.9761000"><ele>111.0</ele></trkpt>
            <trkpt lat="58.4811200" lon="14.9754200"><ele>111.0</ele></trkpt>
            <trkpt lat="58.4808500" lon="14.9746600"><ele>111.0</ele></trkpt>
            <trkpt lat="58.4806900" lon="14.9742400"><ele>114.0</ele></trkpt>
            <trkpt lat="58.4804200" lon="14.9735200"><ele>111.0</ele></trkpt>
            <trkpt lat="58.4800700" lon="14.9726100"><ele>111.0</ele></trkpt>
            <trkpt lat="58.4798800" lon="14.9720700"><ele>109.0</ele></trkpt>
            <trkpt lat="58.4797400" lon="14.9716800"><ele>109.0</ele></trkpt>
            <trkpt lat="58.4796000" lon="14.9712500"><ele>109.0</ele></trkpt>
            <trkpt lat="58.4794300" lon="14.9707000"><ele>106.0</ele></trkpt>
            <trkpt lat="58.4792600" lon="14.9700700"><ele>106.0</ele></trkpt>
            <trkpt lat="58.4790800" lon="14.9693400"><ele>116.0</ele></trkpt>
            <trkpt lat="58.4787700" lon="14.9681200"><ele>115.0</ele></trkpt>
            <trkpt lat="58.4785900" lon="14.9673700"><ele>111.0</ele></trkpt>
            <trkpt lat="58.4782900" lon="14.9661700"><ele>109.0</ele></trkpt>
            <trkpt lat="58.4780400" lon="14.9651600"><ele>109.0</ele></trkpt>
            <trkpt lat="58.4778600" lon="14.9644500"><ele>107.0</ele></trkpt>
            <trkpt lat="58.4776800" lon="14.9637500"><ele>107.0</ele></trkpt>
            <trkpt lat="58.4776400" lon="14.9635800"><ele>103.0</ele></trkpt>
            <trkpt lat="58.4774900" lon="14.9629200"><ele>107.0</ele></trkpt>
            <trkpt lat="58.4774100" lon="14.9625700"><ele>107.0</ele></trkpt>
            <trkpt lat="58.4773300" lon="14.9621400"><ele>106.0</ele></trkpt>
            <trkpt lat="58.4771900" lon="14.9613800"><ele>106.0</ele></trkpt>
            <trkpt lat="58.4771000" lon="14.9607900"><ele>106.0</ele></trkpt>
            <trkpt lat="58.4769400" lon="14.9597000"><ele>109.0</ele></trkpt>
            <trkpt lat="58.4769000" lon="14.9593900"><ele>109.0</ele></trkpt>
            <trkpt lat="58.4768000" lon="14.9585100"><ele>106.0</ele></trkpt>
            <trkpt lat="58.4767100" lon="14.9577500"><ele>106.0</ele></trkpt>
            <trkpt lat="58.4765700" lon="14.9566300"><ele>103.0</ele></trkpt>
            <trkpt lat="58.4764900" lon="14.9559200"><ele>101.0</ele></trkpt>
            <trkpt lat="58.4763800" lon="14.9551400"><ele>101.0</ele></trkpt>
            <trkpt lat="58.4763200" lon="14.9547100"><ele>101.0</ele></trkpt>
            <trkpt lat="58.4762700" lon="14.9544500"><ele>101.0</ele></trkpt>
            <trkpt lat="58.4762100" lon="14.9541600"><ele>101.0</ele></trkpt>
            <trkpt lat="58.4761200" lon="14.9537500"><ele>101.0</ele></trkpt>
            <trkpt lat="58.4760500" lon="14.9534500"><ele>98.0</ele></trkpt>
            <trkpt lat="58.4759300" lon="14.9530100"><ele>98.0</ele></trkpt>
            <trkpt lat="58.4758100" lon="14.9525900"><ele>101.0</ele></trkpt>
            <trkpt lat="58.4756800" lon="14.9522200"><ele>100.0</ele></trkpt>
            <trkpt lat="58.4755600" lon="14.9518500"><ele>100.0</ele></trkpt>
            <trkpt lat="58.4754700" lon="14.9516300"><ele>100.0</ele></trkpt>
            <trkpt lat="58.4753900" lon="14.9514200"><ele>100.0</ele></trkpt>
            <trkpt lat="58.4751800" lon="14.9509200"><ele>100.0</ele></trkpt>
            <trkpt lat="58.4748700" lon="14.9501600"><ele>102.0</ele></trkpt>
            <trkpt lat="58.4746300" lon="14.9496100"><ele>99.0</ele></trkpt>
            <trkpt lat="58.4744500" lon="14.9492200"><ele>99.0</ele></trkpt>
            <trkpt lat="58.4739800" lon="14.9482700"><ele>98.0</ele></trkpt>
            <trkpt lat="58.4739300" lon="14.9481800"><ele>98.0</ele></trkpt>
            <trkpt lat="58.4737800" lon="14.9479100"><ele>98.0</ele></trkpt>
            <trkpt lat="58.4735900" lon="14.9476000"><ele>98.0</ele></trkpt>
            <trkpt lat="58.4733700" lon="14.9472300"><ele>96.0</ele></trkpt>
            <trkpt lat="58.4731900" lon="14.9469300"><ele>98.0</ele></trkpt>
            <trkpt lat="58.4729500" lon="14.9465500"><ele>98.0</ele></trkpt>
            <trkpt lat="58.4726800" lon="14.9461500"><ele>96.0</ele></trkpt>
            <trkpt lat="58.4720900" lon="14.9452700"><ele>96.0</ele></trkpt>
            <trkpt lat="58.4716700" lon="14.9446300"><ele>95.0</ele></trkpt>
            <trkpt lat="58.4714900" lon="14.9443600"><ele>93.0</ele></trkpt>
            <trkpt lat="58.4711600" lon="14.9438600"><ele>93.0</ele></trkpt>
            <trkpt lat="58.4704200" lon="14.9427600"><ele>90.0</ele></trkpt>
            <trkpt lat="58.4701300" lon="14.9423400"><ele>95.0</ele></trkpt>
            <trkpt lat="58.4699500" lon="14.9421000"><ele>93.0</ele></trkpt>
            <trkpt lat="58.4698600" lon="14.9419800"><ele>93.0</ele></trkpt>
            <trkpt lat="58.4696900" lon="14.9417700"><ele>93.0</ele></trkpt>
            <trkpt lat="58.4695500" lon="14.9415900"><ele>93.0</ele></trkpt>
            <trkpt lat="58.4694500" lon="14.9414800"><ele>93.0</ele></trkpt>
            <trkpt lat="58.4694100" lon="14.9414300"><ele>93.0</ele></trkpt>
            <trkpt lat="58.4689100" lon="14.9408700"><ele>93.0</ele></trkpt>
            <trkpt lat="58.4685800" lon="14.9405200"><ele>93.0</ele></trkpt>
            <trkpt lat="58.4682900" lon="14.9402000"><ele>93.0</ele></trkpt>
            <trkpt lat="58.4679700" lon="14.9398500"><ele>91.0</ele></trkpt>
            <trkpt lat="58.4675100" lon="14.9393400"><ele>91.0</ele></trkpt>
            <trkpt lat="58.4667000" lon="14.9384500"><ele>88.0</ele></trkpt>
            <trkpt lat="58.4665000" lon="14.9382100"><ele>93.0</ele></trkpt>
            <trkpt lat="58.4663200" lon="14.9379600"><ele>93.0</ele></trkpt>
            <trkpt lat="58.4661400" lon="14.9377000"><ele>93.0</ele></trkpt>
            <trkpt lat="58.4659000" lon="14.9373400"><ele>88.0</ele></trkpt>
            <trkpt lat="58.4656500" lon="14.9368900"><ele>91.0</ele></trkpt>
            <trkpt lat="58.4654900" lon="14.9366000"><ele>91.0</ele></trkpt>
            <trkpt lat="58.4654300" lon="14.9364900"><ele>91.0</ele></trkpt>
            <trkpt lat="58.4653400" lon="14.9363100"><ele>91.0</ele></trkpt>
            <trkpt lat="58.4652000" lon="14.9360000"><ele>90.0</ele></trkpt>
            <trkpt lat="58.4651200" lon="14.9358300"><ele>90.0</ele></trkpt>
            <trkpt lat="58.4651200" lon="14.9357600"><ele>90.0</ele></trkpt>
            <trkpt lat="58.4643900" lon="14.9337400"><ele>92.0</ele></trkpt>
            <trkpt lat="58.4637600" lon="14.9318200"><ele>91.0</ele></trkpt>
            <trkpt lat="58.4634600" lon="14.9308800"><ele>91.0</ele></trkpt>
            <trkpt lat="58.4633800" lon="14.9306600"><ele>91.0</ele></trkpt>
            <trkpt lat="58.4633300" lon="14.9306100"><ele>91.0</ele></trkpt>
            <trkpt lat="58.4633200" lon="14.9305700"><ele>91.0</ele></trkpt>
            <trkpt lat="58.4631600" lon="14.9301400"><ele>91.0</ele></trkpt>
            <trkpt lat="58.4630400" lon="14.9298000"><ele>91.0</ele></trkpt>
            <trkpt lat="58.4629400" lon="14.9295700"><ele>91.0</ele></trkpt>
            <trkpt lat="58.4628500" lon="14.9293400"><ele>91.0</ele></trkpt>
            <trkpt lat="58.4627500" lon="14.9291300"><ele>91.0</ele></trkpt>
            <trkpt lat="58.4626200" lon="14.9288700"><ele>91.0</ele></trkpt>
            <trkpt lat="58.4624900" lon="14.9286400"><ele>95.0</ele></trkpt>
            <trkpt lat="58.4623500" lon="14.9284200"><ele>95.0</ele></trkpt>
            <trkpt lat="58.4622100" lon="14.9282000"><ele>95.0</ele></trkpt>
            <trkpt lat="58.4621000" lon="14.9280500"><ele>95.0</ele></trkpt>
            <trkpt lat="58.4619500" lon="14.9278600"><ele>95.0</ele></trkpt>
            <trkpt lat="58.4618000" lon="14.9276700"><ele>95.0</ele></trkpt>
            <trkpt lat="58.4616500" lon="14.9275000"><ele>94.0</ele></trkpt>
            <trkpt lat="58.4615100" lon="14.9273500"><ele>93.0</ele></trkpt>
            <trkpt lat="58.4614100" lon="14.9272500"><ele>93.0</ele></trkpt>
            <trkpt lat="58.4613400" lon="14.9271900"><ele>93.0</ele></trkpt>
            <trkpt lat="58.4610500" lon="14.9269100"><ele>93.0</ele></trkpt>
            <trkpt lat="58.4607400" lon="14.9266000"><ele>91.0</ele></trkpt>
            <trkpt lat="58.4601600" lon="14.9260500"><ele>90.0</ele></trkpt>
            <trkpt lat="58.4598800" lon="14.9257600"><ele>92.0</ele></trkpt>
            <trkpt lat="58.4596800" lon="14.9255500"><ele>92.0</ele></trkpt>
            <trkpt lat="58.4595900" lon="14.9254500"><ele>92.0</ele></trkpt>
            <trkpt lat="58.4594100" lon="14.9252400"><ele>92.0</ele></trkpt>
            <trkpt lat="58.4592400" lon="14.9250200"><ele>92.0</ele></trkpt>
            <trkpt lat="58.4590500" lon="14.9247700"><ele>90.0</ele></trkpt>
            <trkpt lat="58.4588000" lon="14.9244100"><ele>90.0</ele></trkpt>
            <trkpt lat="58.4583200" lon="14.9236600"><ele>90.0</ele></trkpt>
            <trkpt lat="58.4581900" lon="14.9234700"><ele>90.0</ele></trkpt>
            <trkpt lat="58.4579900" lon="14.9231400"><ele>90.0</ele></trkpt>
            <trkpt lat="58.4578500" lon="14.9229000"><ele>90.0</ele></trkpt>
            <trkpt lat="58.4577500" lon="14.9226300"><ele>90.0</ele></trkpt>
            <trkpt lat="58.4576900" lon="14.9224400"><ele>90.0</ele></trkpt>
            <trkpt lat="58.4576100" lon="14.9222200"><ele>90.0</ele></trkpt>
            <trkpt lat="58.4575600" lon="14.9220300"><ele>90.0</ele></trkpt>
            <trkpt lat="58.4575100" lon="14.9218200"><ele>90.0</ele></trkpt>
            <trkpt lat="58.4574600" lon="14.9215700"><ele>92.0</ele></trkpt>
            <trkpt lat="58.4574200" lon="14.9213600"><ele>92.0</ele></trkpt>
            <trkpt lat="58.4573600" lon="14.9209600"><ele>94.0</ele></trkpt>
            <trkpt lat="58.4572600" lon="14.9204000"><ele>94.0</ele></trkpt>
            <trkpt lat="58.4572000" lon="14.9201400"><ele>94.0</ele></trkpt>
            <trkpt lat="58.4571300" lon="14.9198000"><ele>97.0</ele></trkpt>
            <trkpt lat="58.4570800" lon="14.9195900"><ele>97.0</ele></trkpt>
            <trkpt lat="58.4570100" lon="14.9193400"><ele>97.0</ele></trkpt>
            <trkpt lat="58.4569400" lon="14.9191100"><ele>97.0</ele></trkpt>
            <trkpt lat="58.4568800" lon="14.9189100"><ele>97.0</ele></trkpt>
            <trkpt lat="58.4568100" lon="14.9187300"><ele>97.0</ele></trkpt>
            <trkpt lat="58.4565600" lon="14.9181100"><ele>97.0</ele></trkpt>
            <trkpt lat="58.4563700" lon="14.9176200"><ele>97.0</ele></trkpt>
            <trkpt lat="58.4561000" lon="14.9169400"><ele>95.0</ele></trkpt>
            <trkpt lat="58.4556400" lon="14.9157900"><ele>94.0</ele></trkpt>
            <trkpt lat="58.4554400" lon="14.9152900"><ele>94.0</ele></trkpt>
            <trkpt lat="58.4553100" lon="14.9149900"><ele>94.0</ele></trkpt>
            <trkpt lat="58.4552400" lon="14.9148100"><ele>93.0</ele></trkpt>
            <trkpt lat="58.4550200" lon="14.9143500"><ele>93.0</ele></trkpt>
            <trkpt lat="58.4546600" lon="14.9136000"><ele>94.0</ele></trkpt>
            <trkpt lat="58.4542100" lon="14.9127200"><ele>94.0</ele></trkpt>
            <trkpt lat="58.4539900" lon="14.9122900"><ele>96.0</ele></trkpt>
            <trkpt lat="58.4539100" lon="14.9121400"><ele>96.0</ele></trkpt>
            <trkpt lat="58.4537500" lon="14.9118500"><ele>96.0</ele></trkpt>
            <trkpt lat="58.4536000" lon="14.9115700"><ele>96.0</ele></trkpt>
            <trkpt lat="58.4534400" lon="14.9112900"><ele>96.0</ele></trkpt>
            <trkpt lat="58.4534300" lon="14.9112800"><ele>96.0</ele></trkpt>
            <trkpt lat="58.4533800" lon="14.9112700"><ele>96.0</ele></trkpt>
            <trkpt lat="58.4532500" lon="14.9110600"><ele>95.0</ele></trkpt>
            <trkpt lat="58.4531600" lon="14.9109300"><ele>95.0</ele></trkpt>
            <trkpt lat="58.4530000" lon="14.9106900"><ele>95.0</ele></trkpt>
            <trkpt lat="58.4528900" lon="14.9105400"><ele>95.0</ele></trkpt>
            <trkpt lat="58.4528300" lon="14.9104500"><ele>95.0</ele></trkpt>
            <trkpt lat="58.4526700" lon="14.9102000"><ele>95.0</ele></trkpt>
            <trkpt lat="58.4519900" lon="14.9092300"><ele>95.0</ele></trkpt>
            <trkpt lat="58.4519200" lon="14.9091300"><ele>95.0</ele></trkpt>
            <trkpt lat="58.4519000" lon="14.9090700"><ele>95.0</ele></trkpt>
            <trkpt lat="58.4518900" lon="14.9090600"><ele>95.0</ele></trkpt>
            <trkpt lat="58.4518700" lon="14.9090300"><ele>95.0</ele></trkpt>
            <trkpt lat="58.4517700" lon="14.9088900"><ele>95.0</ele></trkpt>
            <trkpt lat="58.4516500" lon="14.9087400"><ele>97.0</ele></trkpt>
            <trkpt lat="58.4515600" lon="14.9086400"><ele>97.0</ele></trkpt>
            <trkpt lat="58.4514600" lon="14.9085300"><ele>97.0</ele></trkpt>
            <trkpt lat="58.4513500" lon="14.9084200"><ele>97.0</ele></trkpt>
            <trkpt lat="58.4512300" lon="14.9083200"><ele>97.0</ele></trkpt>
            <trkpt lat="58.4511300" lon="14.9082500"><ele>97.0</ele></trkpt>
            <trkpt lat="58.4510400" lon="14.9081800"><ele>97.0</ele></trkpt>
            <trkpt lat="58.4509600" lon="14.9081200"><ele>97.0</ele></trkpt>
            <trkpt lat="58.4508700" lon="14.9080700"><ele>97.0</ele></trkpt>
            <trkpt lat="58.4507900" lon="14.9080300"><ele>97.0</ele></trkpt>
            <trkpt lat="58.4507000" lon="14.9079900"><ele>97.0</ele></trkpt>
            <trkpt lat="58.4506000" lon="14.9079500"><ele>97.0</ele></trkpt>
            <trkpt lat="58.4504700" lon="14.9079200"><ele>97.0</ele></trkpt>
            <trkpt lat="58.4503700" lon="14.9078900"><ele>97.0</ele></trkpt>
            <trkpt lat="58.4502100" lon="14.9078700"><ele>97.0</ele></trkpt>
            <trkpt lat="58.4500500" lon="14.9078500"><ele>97.0</ele></trkpt>
            <trkpt lat="58.4498900" lon="14.9078400"><ele>98.0</ele></trkpt>
            <trkpt lat="58.4491400" lon="14.9077700"><ele>98.0</ele></trkpt>
            <trkpt lat="58.4489700" lon="14.9077500"><ele>98.0</ele></trkpt>
            <trkpt lat="58.4488500" lon="14.9077300"><ele>98.0</ele></trkpt>
            <trkpt lat="58.4487000" lon="14.9076800"><ele>98.0</ele></trkpt>
            <trkpt lat="58.4486000" lon="14.9076500"><ele>98.0</ele></trkpt>
            <trkpt lat="58.4485000" lon="14.9076000"><ele>98.0</ele></trkpt>
            <trkpt lat="58.4483900" lon="14.9075400"><ele>98.0</ele></trkpt>
            <trkpt lat="58.4482900" lon="14.9074800"><ele>97.0</ele></trkpt>
            <trkpt lat="58.4481800" lon="14.9073900"><ele>97.0</ele></trkpt>
            <trkpt lat="58.4481600" lon="14.9073700"><ele>97.0</ele></trkpt>
            <trkpt lat="58.4481000" lon="14.9073000"><ele>97.0</ele></trkpt>
            <trkpt lat="58.4480000" lon="14.9071900"><ele>97.0</ele></trkpt>
            <trkpt lat="58.4479100" lon="14.9070800"><ele>97.0</ele></trkpt>
            <trkpt lat="58.4478100" lon="14.9069300"><ele>97.0</ele></trkpt>
            <trkpt lat="58.4477300" lon="14.9067900"><ele>97.0</ele></trkpt>
            <trkpt lat="58.4476800" lon="14.9066400"><ele>97.0</ele></trkpt>
            <trkpt lat="58.4476200" lon="14.9065300"><ele>97.0</ele></trkpt>
            <trkpt lat="58.4475500" lon="14.9063700"><ele>97.0</ele></trkpt>
            <trkpt lat="58.4474800" lon="14.9061800"><ele>97.0</ele></trkpt>
            <trkpt lat="58.4474100" lon="14.9059500"><ele>97.0</ele></trkpt>
            <trkpt lat="58.4473700" lon="14.9059200"><ele>97.0</ele></trkpt>
            <trkpt lat="58.4473200" lon="14.9057600"><ele>97.0</ele></trkpt>
            <trkpt lat="58.4472800" lon="14.9055700"><ele>97.0</ele></trkpt>
            <trkpt lat="58.4472500" lon="14.9054000"><ele>97.0</ele></trkpt>
            <trkpt lat="58.4472200" lon="14.9051900"><ele>97.0</ele></trkpt>
            <trkpt lat="58.4472100" lon="14.9051400"><ele>97.0</ele></trkpt>
            <trkpt lat="58.4472000" lon="14.9049900"><ele>97.0</ele></trkpt>
            <trkpt lat="58.4471800" lon="14.9047900"><ele>97.0</ele></trkpt>
            <trkpt lat="58.4471700" lon="14.9045900"><ele>97.0</ele></trkpt>
            <trkpt lat="58.4471500" lon="14.9042900"><ele>97.0</ele></trkpt>
            <trkpt lat="58.4470900" lon="14.9030100"><ele>98.0</ele></trkpt>
            <trkpt lat="58.4470900" lon="14.9028700"><ele>98.0</ele></trkpt>
            <trkpt lat="58.4470500" lon="14.9018500"><ele>99.0</ele></trkpt>
            <trkpt lat="58.4470300" lon="14.9014200"><ele>99.0</ele></trkpt>
            <trkpt lat="58.4470200" lon="14.9012500"><ele>99.0</ele></trkpt>
            <trkpt lat="58.4470100" lon="14.9011000"><ele>99.0</ele></trkpt>
            <trkpt lat="58.4469700" lon="14.9008600"><ele>99.0</ele></trkpt>
            <trkpt lat="58.4468700" lon="14.9003500"><ele>99.0</ele></trkpt>
            <trkpt lat="58.4467900" lon="14.9000100"><ele>99.0</ele></trkpt>
            <trkpt lat="58.4466500" lon="14.8993700"><ele>99.0</ele></trkpt>
            <trkpt lat="58.4465800" lon="14.8990600"><ele>99.0</ele></trkpt>
            <trkpt lat="58.4465100" lon="14.8988200"><ele>99.0</ele></trkpt>
            <trkpt lat="58.4464700" lon="14.8986700"><ele>99.0</ele></trkpt>
            <trkpt lat="58.4464400" lon="14.8985700"><ele>99.0</ele></trkpt>
            <trkpt lat="58.4464100" lon="14.8984800"><ele>99.0</ele></trkpt>
            <trkpt lat="58.4463600" lon="14.8983700"><ele>99.0</ele></trkpt>
            <trkpt lat="58.4462500" lon="14.8980900"><ele>99.0</ele></trkpt>
            <trkpt lat="58.4461600" lon="14.8978500"><ele>99.0</ele></trkpt>
            <trkpt lat="58.4460700" lon="14.8976200"><ele>99.0</ele></trkpt>
            <trkpt lat="58.4459800" lon="14.8973600"><ele>99.0</ele></trkpt>
            <trkpt lat="58.4459300" lon="14.8971800"><ele>99.0</ele></trkpt>
            <trkpt lat="58.4458700" lon="14.8969700"><ele>99.0</ele></trkpt>
            <trkpt lat="58.4458200" lon="14.8968000"><ele>99.0</ele></trkpt>
            <trkpt lat="58.4457500" lon="14.8965400"><ele>99.0</ele></trkpt>
            <trkpt lat="58.4456800" lon="14.8962600"><ele>99.0</ele></trkpt>
            <trkpt lat="58.4456200" lon="14.8959600"><ele>98.0</ele></trkpt>
            <trkpt lat="58.4455700" lon="14.8957100"><ele>98.0</ele></trkpt>
            <trkpt lat="58.4455500" lon="14.8955600"><ele>98.0</ele></trkpt>
            <trkpt lat="58.4455300" lon="14.8954600"><ele>98.0</ele></trkpt>
            <trkpt lat="58.4455000" lon="14.8952400"><ele>98.0</ele></trkpt>
            <trkpt lat="58.4454600" lon="14.8949800"><ele>97.0</ele></trkpt>
            <trkpt lat="58.4454400" lon="14.8947600"><ele>97.0</ele></trkpt>
            <trkpt lat="58.4454100" lon="14.8945200"><ele>97.0</ele></trkpt>
            <trkpt lat="58.4453900" lon="14.8942900"><ele>97.0</ele></trkpt>
            <trkpt lat="58.4453800" lon="14.8940700"><ele>97.0</ele></trkpt>
            <trkpt lat="58.4453600" lon="14.8939000"><ele>97.0</ele></trkpt>
            <trkpt lat="58.4453900" lon="14.8938100"><ele>97.0</ele></trkpt>
            <trkpt lat="58.4453800" lon="14.8937200"><ele>96.0</ele></trkpt>
            <trkpt lat="58.4453700" lon="14.8934600"><ele>96.0</ele></trkpt>
            <trkpt lat="58.4453500" lon="14.8932300"><ele>96.0</ele></trkpt>
            <trkpt lat="58.4453300" lon="14.8930000"><ele>96.0</ele></trkpt>
            <trkpt lat="58.4453300" lon="14.8929300"><ele>96.0</ele></trkpt>
            <trkpt lat="58.4453000" lon="14.8927000"><ele>96.0</ele></trkpt>
            <trkpt lat="58.4452600" lon="14.8925300"><ele>96.0</ele></trkpt>
            <trkpt lat="58.4452200" lon="14.8924700"><ele>95.0</ele></trkpt>
            <trkpt lat="58.4451800" lon="14.8922900"><ele>95.0</ele></trkpt>
            <trkpt lat="58.4451100" lon="14.8919900"><ele>95.0</ele></trkpt>
            <trkpt lat="58.4450000" lon="14.8915900"><ele>95.0</ele></trkpt>
            <trkpt lat="58.4448700" lon="14.8911200"><ele>102.0</ele></trkpt>
            <trkpt lat="58.4447100" lon="14.8905600"><ele>102.0</ele></trkpt>
            <trkpt lat="58.4444700" lon="14.8897400"><ele>97.0</ele></trkpt>
            <trkpt lat="58.4442700" lon="14.8890200"><ele>97.0</ele></trkpt>
            <trkpt lat="58.4442700" lon="14.8889900"><ele>97.0</ele></trkpt>
            <trkpt lat="58.4442600" lon="14.8889800"><ele>97.0</ele></trkpt>
            <trkpt lat="58.4441100" lon="14.8883800"><ele>93.0</ele></trkpt>
            <trkpt lat="58.4441000" lon="14.8883700"><ele>93.0</ele></trkpt>
            <trkpt lat="58.4440200" lon="14.8880800"><ele>93.0</ele></trkpt>
            <trkpt lat="58.4438800" lon="14.8875600"><ele>93.0</ele></trkpt>
            <trkpt lat="58.4437900" lon="14.8871900"><ele>93.0</ele></trkpt>
            <trkpt lat="58.4436400" lon="14.8866200"><ele>93.0</ele></trkpt>
            <trkpt lat="58.4435500" lon="14.8862300"><ele>93.0</ele></trkpt>
            <trkpt lat="58.4434900" lon="14.8859900"><ele>93.0</ele></trkpt>
            <trkpt lat="58.4434500" lon="14.8857800"><ele>93.0</ele></trkpt>
            <trkpt lat="58.4433900" lon="14.8854900"><ele>93.0</ele></trkpt>
            <trkpt lat="58.4433400" lon="14.8852100"><ele>93.0</ele></trkpt>
            <trkpt lat="58.4432700" lon="14.8848400"><ele>94.0</ele></trkpt>
            <trkpt lat="58.4432000" lon="14.8845400"><ele>94.0</ele></trkpt>
            <trkpt lat="58.4431100" lon="14.8841300"><ele>94.0</ele></trkpt>
            <trkpt lat="58.4430000" lon="14.8837000"><ele>93.0</ele></trkpt>
            <trkpt lat="58.4429300" lon="14.8834300"><ele>93.0</ele></trkpt>
            <trkpt lat="58.4427600" lon="14.8827600"><ele>93.0</ele></trkpt>
            <trkpt lat="58.4427100" lon="14.8825800"><ele>93.0</ele></trkpt>
            <trkpt lat="58.4427100" lon="14.8825790"><ele>93.0</ele></trkpt>
            <trkpt lat="58.4427100" lon="14.8825800"><ele>93.0</ele></trkpt>
            <trkpt lat="58.4426700" lon="14.8825500"><ele>93.0</ele></trkpt>
            <trkpt lat="58.4426500" lon="14.8824500"><ele>92.0</ele></trkpt>
            <trkpt lat="58.4425900" lon="14.8822600"><ele>92.0</ele></trkpt>
            <trkpt lat="58.4425200" lon="14.8820000"><ele>92.0</ele></trkpt>
            <trkpt lat="58.4424800" lon="14.8818800"><ele>94.0</ele></trkpt>
            <trkpt lat="58.4424300" lon="14.8817400"><ele>94.0</ele></trkpt>
            <trkpt lat="58.4423500" lon="14.8816100"><ele>94.0</ele></trkpt>
            <trkpt lat="58.4422700" lon="14.8814900"><ele>94.0</ele></trkpt>
            <trkpt lat="58.4422000" lon="14.8814100"><ele>94.0</ele></trkpt>
            <trkpt lat="58.4421700" lon="14.8813800"><ele>94.0</ele></trkpt>
            <trkpt lat="58.4421100" lon="14.8813100"><ele>94.0</ele></trkpt>
            <trkpt lat="58.4419800" lon="14.8812100"><ele>94.0</ele></trkpt>
            <trkpt lat="58.4418500" lon="14.8810900"><ele>94.0</ele></trkpt>
            <trkpt lat="58.4418300" lon="14.8810800"><ele>94.0</ele></trkpt>
            <trkpt lat="58.4416000" lon="14.8809000"><ele>93.0</ele></trkpt>
            <trkpt lat="58.4414500" lon="14.8807700"><ele>93.0</ele></trkpt>
            <trkpt lat="58.4413100" lon="14.8806500"><ele>93.0</ele></trkpt>
            <trkpt lat="58.4411200" lon="14.8805000"><ele>93.0</ele></trkpt>
            <trkpt lat="58.4409100" lon="14.8803500"><ele>93.0</ele></trkpt>
            <trkpt lat="58.4408900" lon="14.8803400"><ele>93.0</ele></trkpt>
            <trkpt lat="58.4407900" lon="14.8802600"><ele>91.0</ele></trkpt>
            <trkpt lat="58.4407200" lon="14.8802000"><ele>91.0</ele></trkpt>
            <trkpt lat="58.4405800" lon="14.8801000"><ele>91.0</ele></trkpt>
            <trkpt lat="58.4404600" lon="14.8800100"><ele>91.0</ele></trkpt>
            <trkpt lat="58.4402900" lon="14.8799100"><ele>97.0</ele></trkpt>
            <trkpt lat="58.4402200" lon="14.8798800"><ele>97.0</ele></trkpt>
            <trkpt lat="58.4401000" lon="14.8798200"><ele>97.0</ele></trkpt>
            <trkpt lat="58.4399500" lon="14.8797600"><ele>95.0</ele></trkpt>
            <trkpt lat="58.4397900" lon="14.8796900"><ele>95.0</ele></trkpt>
            <trkpt lat="58.4396700" lon="14.8796400"><ele>95.0</ele></trkpt>
            <trkpt lat="58.4395800" lon="14.8795900"><ele>95.0</ele></trkpt>
            <trkpt lat="58.4395600" lon="14.8795700"><ele>95.0</ele></trkpt>
            <trkpt lat="58.4395400" lon="14.8795500"><ele>95.0</ele></trkpt>
            <trkpt lat="58.4394400" lon="14.8794900"><ele>95.0</ele></trkpt>
            <trkpt lat="58.4391400" lon="14.8793200"><ele>90.0</ele></trkpt>
            <trkpt lat="58.4391200" lon="14.8793100"><ele>90.0</ele></trkpt>
            <trkpt lat="58.4384900" lon="14.8789300"><ele>90.0</ele></trkpt>
            <trkpt lat="58.4383000" lon="14.8788200"><ele>91.0</ele></trkpt>
            <trkpt lat="58.4382200" lon="14.8787700"><ele>91.0</ele></trkpt>
            <trkpt lat="58.4377700" lon="14.8785300"><ele>89.0</ele></trkpt>
            <trkpt lat="58.4376000" lon="14.8784300"><ele>89.0</ele></trkpt>
            <trkpt lat="58.4366800" lon="14.8779000"><ele>89.0</ele></trkpt>
            <trkpt lat="58.4353600" lon="14.8771400"><ele>89.0</ele></trkpt>
            <trkpt lat="58.4351900" lon="14.8770100"><ele>89.0</ele></trkpt>
            <trkpt lat="58.4350500" lon="14.8768700"><ele>89.0</ele></trkpt>
            <trkpt lat="58.4349300" lon="14.8767400"><ele>90.0</ele></trkpt>
            <trkpt lat="58.4348200" lon="14.8765800"><ele>90.0</ele></trkpt>
            <trkpt lat="58.4347100" lon="14.8764200"><ele>90.0</ele></trkpt>
            <trkpt lat="58.4345800" lon="14.8761800"><ele>90.0</ele></trkpt>
            <trkpt lat="58.4344400" lon="14.8759100"><ele>90.0</ele></trkpt>
            <trkpt lat="58.4342600" lon="14.8755500"><ele>90.0</ele></trkpt>
            <trkpt lat="58.4341300" lon="14.8752700"><ele>90.0</ele></trkpt>
            <trkpt lat="58.4339400" lon="14.8748300"><ele>90.0</ele></trkpt>
            <trkpt lat="58.4338100" lon="14.8745300"><ele>90.0</ele></trkpt>
            <trkpt lat="58.4336800" lon="14.8742200"><ele>90.0</ele></trkpt>
            <trkpt lat="58.4335800" lon="14.8739600"><ele>90.0</ele></trkpt>
            <trkpt lat="58.4334900" lon="14.8737100"><ele>89.0</ele></trkpt>
            <trkpt lat="58.4333900" lon="14.8734300"><ele>89.0</ele></trkpt>
            <trkpt lat="58.4333200" lon="14.8731800"><ele>90.0</ele></trkpt>
            <trkpt lat="58.4332300" lon="14.8729000"><ele>90.0</ele></trkpt>
            <trkpt lat="58.4331400" lon="14.8725900"><ele>90.0</ele></trkpt>
            <trkpt lat="58.4330200" lon="14.8721600"><ele>90.0</ele></trkpt>
            <trkpt lat="58.4327700" lon="14.8712300"><ele>90.0</ele></trkpt>
            <trkpt lat="58.4326800" lon="14.8708500"><ele>90.0</ele></trkpt>
            <trkpt lat="58.4326100" lon="14.8705700"><ele>90.0</ele></trkpt>
            <trkpt lat="58.4325500" lon="14.8703100"><ele>90.0</ele></trkpt>
            <trkpt lat="58.4324800" lon="14.8700000"><ele>90.0</ele></trkpt>
            <trkpt lat="58.4323900" lon="14.8695700"><ele>90.0</ele></trkpt>
            <trkpt lat="58.4323200" lon="14.8691700"><ele>90.0</ele></trkpt>
            <trkpt lat="58.4322200" lon="14.8686700"><ele>90.0</ele></trkpt>
            <trkpt lat="58.4318300" lon="14.8668400"><ele>90.0</ele></trkpt>
            <trkpt lat="58.4317100" lon="14.8662700"><ele>90.0</ele></trkpt>
            <trkpt lat="58.4316100" lon="14.8657200"><ele>90.0</ele></trkpt>
            <trkpt lat="58.4315600" lon="14.8653800"><ele>90.0</ele></trkpt>
            <trkpt lat="58.4315000" lon="14.8650100"><ele>90.0</ele></trkpt>
            <trkpt lat="58.4314600" lon="14.8646700"><ele>92.0</ele></trkpt>
            <trkpt lat="58.4314200" lon="14.8642700"><ele>92.0</ele></trkpt>
            <trkpt lat="58.4313800" lon="14.8638300"><ele>92.0</ele></trkpt>
            <trkpt lat="58.4313800" lon="14.8638100"><ele>92.0</ele></trkpt>
            <trkpt lat="58.4313800" lon="14.8637100"><ele>91.0</ele></trkpt>
            <trkpt lat="58.4313600" lon="14.8634300"><ele>91.0</ele></trkpt>
            <trkpt lat="58.4313400" lon="14.8628500"><ele>91.0</ele></trkpt>
            <trkpt lat="58.4313300" lon="14.8624800"><ele>91.0</ele></trkpt>
            <trkpt lat="58.4313300" lon="14.8620600"><ele>91.0</ele></trkpt>
            <trkpt lat="58.4312900" lon="14.8602500"><ele>92.0</ele></trkpt>
            <trkpt lat="58.4312800" lon="14.8597400"><ele>91.0</ele></trkpt>
            <trkpt lat="58.4312600" lon="14.8592900"><ele>91.0</ele></trkpt>
            <trkpt lat="58.4312500" lon="14.8589800"><ele>91.0</ele></trkpt>
            <trkpt lat="58.4312200" lon="14.8585700"><ele>91.0</ele></trkpt>
            <trkpt lat="58.4312000" lon="14.8583200"><ele>91.0</ele></trkpt>
            <trkpt lat="58.4311800" lon="14.8580300"><ele>91.0</ele></trkpt>
            <trkpt lat="58.4311600" lon="14.8577800"><ele>91.0</ele></trkpt>
            <trkpt lat="58.4311300" lon="14.8575100"><ele>91.0</ele></trkpt>
            <trkpt lat="58.4310800" lon="14.8571200"><ele>91.0</ele></trkpt>
            <trkpt lat="58.4310400" lon="14.8568000"><ele>91.0</ele></trkpt>
            <trkpt lat="58.4309600" lon="14.8562600"><ele>91.0</ele></trkpt>
            <trkpt lat="58.4308700" lon="14.8556000"><ele>92.0</ele></trkpt>
            <trkpt lat="58.4307000" lon="14.8545900"><ele>94.0</ele></trkpt>
            <trkpt lat="58.4306800" lon="14.8544900"><ele>94.0</ele></trkpt>
            <trkpt lat="58.4305400" lon="14.8537000"><ele>94.0</ele></trkpt>
            <trkpt lat="58.4303900" lon="14.8528400"><ele>94.0</ele></trkpt>
            <trkpt lat="58.4303000" lon="14.8523800"><ele>94.0</ele></trkpt>
            <trkpt lat="58.4302200" lon="14.8519500"><ele>94.0</ele></trkpt>
            <trkpt lat="58.4301500" lon="14.8516300"><ele>94.0</ele></trkpt>
            <trkpt lat="58.4300800" lon="14.8513000"><ele>94.0</ele></trkpt>
            <trkpt lat="58.4299500" lon="14.8507400"><ele>95.0</ele></trkpt>
            <trkpt lat="58.4298300" lon="14.8502400"><ele>95.0</ele></trkpt>
            <trkpt lat="58.4297800" lon="14.8500000"><ele>95.0</ele></trkpt>
            <trkpt lat="58.4297300" lon="14.8497900"><ele>97.0</ele></trkpt>
            <trkpt lat="58.4296500" lon="14.8495100"><ele>97.0</ele></trkpt>
            <trkpt lat="58.4295700" lon="14.8492000"><ele>97.0</ele></trkpt>
            <trkpt lat="58.4294900" lon="14.8489100"><ele>97.0</ele></trkpt>
            <trkpt lat="58.4294200" lon="14.8486600"><ele>96.0</ele></trkpt>
            <trkpt lat="58.4293200" lon="14.8483300"><ele>96.0</ele></trkpt>
            <trkpt lat="58.4292600" lon="14.8481100"><ele>96.0</ele></trkpt>
            <trkpt lat="58.4291800" lon="14.8478700"><ele>96.0</ele></trkpt>
            <trkpt lat="58.4291700" lon="14.8478500"><ele>96.0</ele></trkpt>
            <trkpt lat="58.4291100" lon="14.8476400"><ele>95.0</ele></trkpt>
            <trkpt lat="58.4289900" lon="14.8472900"><ele>97.0</ele></trkpt>
            <trkpt lat="58.4285700" lon="14.8459800"><ele>99.0</ele></trkpt>
            <trkpt lat="58.4283300" lon="14.8452300"><ele>99.0</ele></trkpt>
            <trkpt lat="58.4282000" lon="14.8448100"><ele>98.0</ele></trkpt>
            <trkpt lat="58.4281300" lon="14.8445900"><ele>98.0</ele></trkpt>
            <trkpt lat="58.4281200" lon="14.8445600"><ele>98.0</ele></trkpt>
            <trkpt lat="58.4280700" lon="14.8444000"><ele>98.0</ele></trkpt>
            <trkpt lat="58.4280000" lon="14.8441500"><ele>98.0</ele></trkpt>
            <trkpt lat="58.4279400" lon="14.8439400"><ele>98.0</ele></trkpt>
            <trkpt lat="58.4278400" lon="14.8436000"><ele>98.0</ele></trkpt>
            <trkpt lat="58.4275100" lon="14.8424000"><ele>97.0</ele></trkpt>
            <trkpt lat="58.4271800" lon="14.8411600"><ele>98.0</ele></trkpt>
            <trkpt lat="58.4267500" lon="14.8395300"><ele>99.0</ele></trkpt>
            <trkpt lat="58.4266800" lon="14.8392600"><ele>99.0</ele></trkpt>
            <trkpt lat="58.4266100" lon="14.8390100"><ele>101.0</ele></trkpt>
            <trkpt lat="58.4265500" lon="14.8387600"><ele>101.0</ele></trkpt>
            <trkpt lat="58.4264700" lon="14.8384400"><ele>101.0</ele></trkpt>
            <trkpt lat="58.4262300" lon="14.8374000"><ele>100.0</ele></trkpt>
            <trkpt lat="58.4261600" lon="14.8371100"><ele>100.0</ele></trkpt>
            <trkpt lat="58.4261100" lon="14.8369500"><ele>100.0</ele></trkpt>
            <trkpt lat="58.4260500" lon="14.8368000"><ele>100.0</ele></trkpt>
            <trkpt lat="58.4259900" lon="14.8366400"><ele>100.0</ele></trkpt>
            <trkpt lat="58.4259200" lon="14.8365000"><ele>100.0</ele></trkpt>
            <trkpt lat="58.4258700" lon="14.8363800"><ele>100.0</ele></trkpt>
            <trkpt lat="58.4258100" lon="14.8362800"><ele>100.0</ele></trkpt>
            <trkpt lat="58.4255600" lon="14.8358500"><ele>99.0</ele></trkpt>
            <trkpt lat="58.4253800" lon="14.8355300"><ele>99.0</ele></trkpt>
            <trkpt lat="58.4252300" lon="14.8352800"><ele>99.0</ele></trkpt>
            <trkpt lat="58.4249800" lon="14.8348800"><ele>98.0</ele></trkpt>
            <trkpt lat="58.4244500" lon="14.8340200"><ele>98.0</ele></trkpt>
            <trkpt lat="58.4243500" lon="14.8338700"><ele>98.0</ele></trkpt>
            <trkpt lat="58.4242600" lon="14.8337200"><ele>99.0</ele></trkpt>
            <trkpt lat="58.4241500" lon="14.8335800"><ele>98.0</ele></trkpt>
            <trkpt lat="58.4240400" lon="14.8334200"><ele>98.0</ele></trkpt>
            <trkpt lat="58.4238900" lon="14.8332400"><ele>98.0</ele></trkpt>
            <trkpt lat="58.4237300" lon="14.8330200"><ele>98.0</ele></trkpt>
            <trkpt lat="58.4233800" lon="14.8325900"><ele>98.0</ele></trkpt>
            <trkpt lat="58.4231500" lon="14.8323000"><ele>98.0</ele></trkpt>
            <trkpt lat="58.4222800" lon="14.8311900"><ele>98.0</ele></trkpt>
            <trkpt lat="58.4216400" lon="14.8303700"><ele>98.0</ele></trkpt>
            <trkpt lat="58.4207300" lon="14.8292300"><ele>99.0</ele></trkpt>
            <trkpt lat="58.4191900" lon="14.8273100"><ele>99.0</ele></trkpt>
            <trkpt lat="58.4185500" lon="14.8265200"><ele>99.0</ele></trkpt>
            <trkpt lat="58.4172100" lon="14.8248600"><ele>100.0</ele></trkpt>
            <trkpt lat="58.4166400" lon="14.8241700"><ele>100.0</ele></trkpt>
            <trkpt lat="58.4156300" lon="14.8229000"><ele>100.0</ele></trkpt>
            <trkpt lat="58.4148400" lon="14.8219300"><ele>101.0</ele></trkpt>
            <trkpt lat="58.4145600" lon="14.8215800"><ele>101.0</ele></trkpt>
            <trkpt lat="58.4144500" lon="14.8214500"><ele>101.0</ele></trkpt>
            <trkpt lat="58.4144000" lon="14.8213800"><ele>101.0</ele></trkpt>
            <trkpt lat="58.4143000" lon="14.8212600"><ele>101.0</ele></trkpt>
            <trkpt lat="58.4131900" lon="14.8199900"><ele>101.0</ele></trkpt>
            <trkpt lat="58.4125500" lon="14.8192300"><ele>102.0</ele></trkpt>
            <trkpt lat="58.4122000" lon="14.8187900"><ele>102.0</ele></trkpt>
            <trkpt lat="58.4118300" lon="14.8183100"><ele>103.0</ele></trkpt>
            <trkpt lat="58.4115500" lon="14.8179300"><ele>104.0</ele></trkpt>
            <trkpt lat="58.4113000" lon="14.8176000"><ele>104.0</ele></trkpt>
            <trkpt lat="58.4110600" lon="14.8172700"><ele>104.0</ele></trkpt>
            <trkpt lat="58.4108800" lon="14.8170100"><ele>104.0</ele></trkpt>
            <trkpt lat="58.4103600" lon="14.8162500"><ele>104.0</ele></trkpt>
            <trkpt lat="58.4101400" lon="14.8159200"><ele>103.0</ele></trkpt>
            <trkpt lat="58.4099400" lon="14.8156000"><ele>104.0</ele></trkpt>
            <trkpt lat="58.4097600" lon="14.8153100"><ele>104.0</ele></trkpt>
            <trkpt lat="58.4095200" lon="14.8149100"><ele>104.0</ele></trkpt>
            <trkpt lat="58.4092300" lon="14.8143700"><ele>104.0</ele></trkpt>
            <trkpt lat="58.4090600" lon="14.8140600"><ele>104.0</ele></trkpt>
            <trkpt lat="58.4089300" lon="14.8138000"><ele>104.0</ele></trkpt>
            <trkpt lat="58.4087900" lon="14.8135400"><ele>104.0</ele></trkpt>
            <trkpt lat="58.4086800" lon="14.8133100"><ele>104.0</ele></trkpt>
            <trkpt lat="58.4085500" lon="14.8130500"><ele>104.0</ele></trkpt>
            <trkpt lat="58.4084200" lon="14.8127600"><ele>104.0</ele></trkpt>
            <trkpt lat="58.4082900" lon="14.8124900"><ele>105.0</ele></trkpt>
            <trkpt lat="58.4081800" lon="14.8122500"><ele>105.0</ele></trkpt>
            <trkpt lat="58.4080200" lon="14.8119100"><ele>105.0</ele></trkpt>
            <trkpt lat="58.4079300" lon="14.8116900"><ele>105.0</ele></trkpt>
            <trkpt lat="58.4078300" lon="14.8114400"><ele>105.0</ele></trkpt>
            <trkpt lat="58.4076300" lon="14.8109700"><ele>105.0</ele></trkpt>
            <trkpt lat="58.4074300" lon="14.8104600"><ele>106.0</ele></trkpt>
            <trkpt lat="58.4073200" lon="14.8102300"><ele>106.0</ele></trkpt>
            <trkpt lat="58.4072100" lon="14.8100400"><ele>106.0</ele></trkpt>
            <trkpt lat="58.4071100" lon="14.8098900"><ele>106.0</ele></trkpt>
            <trkpt lat="58.4070000" lon="14.8097400"><ele>106.0</ele></trkpt>
            <trkpt lat="58.4068700" lon="14.8095900"><ele>106.0</ele></trkpt>
            <trkpt lat="58.4067500" lon="14.8094600"><ele>106.0</ele></trkpt>
            <trkpt lat="58.4066100" lon="14.8093100"><ele>108.0</ele></trkpt>
            <trkpt lat="58.4064600" lon="14.8091600"><ele>108.0</ele></trkpt>
            <trkpt lat="58.4063300" lon="14.8090400"><ele>108.0</ele></trkpt>
            <trkpt lat="58.4061500" lon="14.8088900"><ele>108.0</ele></trkpt>
            <trkpt lat="58.4059900" lon="14.8087600"><ele>108.0</ele></trkpt>
            <trkpt lat="58.4058500" lon="14.8086500"><ele>108.0</ele></trkpt>
            <trkpt lat="58.4056600" lon="14.8085000"><ele>105.0</ele></trkpt>
            <trkpt lat="58.4054700" lon="14.8083700"><ele>105.0</ele></trkpt>
            <trkpt lat="58.4052500" lon="14.8082100"><ele>105.0</ele></trkpt>
            <trkpt lat="58.4043300" lon="14.8075800"><ele>106.0</ele></trkpt>
            <trkpt lat="58.4041700" lon="14.8074500"><ele>106.0</ele></trkpt>
            <trkpt lat="58.4040500" lon="14.8073400"><ele>105.0</ele></trkpt>
            <trkpt lat="58.4039300" lon="14.8072300"><ele>105.0</ele></trkpt>
            <trkpt lat="58.4037900" lon="14.8070700"><ele>105.0</ele></trkpt>
            <trkpt lat="58.4031500" lon="14.8063000"><ele>105.0</ele></trkpt>
            <trkpt lat="58.4017800" lon="14.8046200"><ele>105.0</ele></trkpt>
            <trkpt lat="58.4016300" lon="14.8044300"><ele>106.0</ele></trkpt>
            <trkpt lat="58.4013200" lon="14.8040600"><ele>106.0</ele></trkpt>
            <trkpt lat="58.4011000" lon="14.8037900"><ele>106.0</ele></trkpt>
            <trkpt lat="58.4008800" lon="14.8035000"><ele>106.0</ele></trkpt>
            <trkpt lat="58.4007000" lon="14.8032600"><ele>107.0</ele></trkpt>
            <trkpt lat="58.4004600" lon="14.8029100"><ele>107.0</ele></trkpt>
            <trkpt lat="58.3999300" lon="14.8021700"><ele>107.0</ele></trkpt>
            <trkpt lat="58.3997400" lon="14.8019200"><ele>107.0</ele></trkpt>
            <trkpt lat="58.3996200" lon="14.8017500"><ele>107.0</ele></trkpt>
            <trkpt lat="58.3995100" lon="14.8016100"><ele>107.0</ele></trkpt>
            <trkpt lat="58.3993800" lon="14.8014400"><ele>107.0</ele></trkpt>
            <trkpt lat="58.3992200" lon="14.8012500"><ele>107.0</ele></trkpt>
            <trkpt lat="58.3990600" lon="14.8010500"><ele>108.0</ele></trkpt>
            <trkpt lat="58.3987800" lon="14.8007100"><ele>108.0</ele></trkpt>
            <trkpt lat="58.3982600" lon="14.8001000"><ele>108.0</ele></trkpt>
            <trkpt lat="58.3977100" lon="14.7994700"><ele>106.0</ele></trkpt>
            <trkpt lat="58.3973200" lon="14.7990100"><ele>109.0</ele></trkpt>
            <trkpt lat="58.3970000" lon="14.7986400"><ele>105.0</ele></trkpt>
            <trkpt lat="58.3968300" lon="14.7984200"><ele>105.0</ele></trkpt>
            <trkpt lat="58.3966800" lon="14.7982300"><ele>105.0</ele></trkpt>
            <trkpt lat="58.3965600" lon="14.7980500"><ele>109.0</ele></trkpt>
            <trkpt lat="58.3963700" lon="14.7977900"><ele>109.0</ele></trkpt>
            <trkpt lat="58.3960700" lon="14.7973100"><ele>106.0</ele></trkpt>
            <trkpt lat="58.3958900" lon="14.7970100"><ele>106.0</ele></trkpt>
            <trkpt lat="58.3957300" lon="14.7967300"><ele>107.0</ele></trkpt>
            <trkpt lat="58.3955700" lon="14.7964300"><ele>107.0</ele></trkpt>
            <trkpt lat="58.3954300" lon="14.7961700"><ele>105.0</ele></trkpt>
            <trkpt lat="58.3953100" lon="14.7958900"><ele>105.0</ele></trkpt>
            <trkpt lat="58.3952100" lon="14.7956800"><ele>105.0</ele></trkpt>
            <trkpt lat="58.3950900" lon="14.7953900"><ele>105.0</ele></trkpt>
            <trkpt lat="58.3950000" lon="14.7951400"><ele>105.0</ele></trkpt>
            <trkpt lat="58.3949900" lon="14.7951200"><ele>108.0</ele></trkpt>
            <trkpt lat="58.3949800" lon="14.7951100"><ele>108.0</ele></trkpt>
            <trkpt lat="58.3948700" lon="14.7948000"><ele>105.0</ele></trkpt>
            <trkpt lat="58.3947900" lon="14.7945600"><ele>105.0</ele></trkpt>
            <trkpt lat="58.3947700" lon="14.7945100"><ele>105.0</ele></trkpt>
            <trkpt lat="58.3946700" lon="14.7942100"><ele>105.0</ele></trkpt>
            <trkpt lat="58.3945400" lon="14.7937900"><ele>105.0</ele></trkpt>
            <trkpt lat="58.3945200" lon="14.7937100"><ele>105.0</ele></trkpt>
            <trkpt lat="58.3945000" lon="14.7936200"><ele>105.0</ele></trkpt>
            <trkpt lat="58.3944800" lon="14.7935500"><ele>105.0</ele></trkpt>
            <trkpt lat="58.3944200" lon="14.7933300"><ele>105.0</ele></trkpt>
            <trkpt lat="58.3943300" lon="14.7929700"><ele>105.0</ele></trkpt>
            <trkpt lat="58.3941600" lon="14.7922300"><ele>105.0</ele></trkpt>
            <trkpt lat="58.3940700" lon="14.7918700"><ele>108.0</ele></trkpt>
            <trkpt lat="58.3939000" lon="14.7909600"><ele>109.0</ele></trkpt>
            <trkpt lat="58.3938200" lon="14.7905400"><ele>109.0</ele></trkpt>
            <trkpt lat="58.3937200" lon="14.7898900"><ele>108.0</ele></trkpt>
            <trkpt lat="58.3936200" lon="14.7892200"><ele>108.0</ele></trkpt>
            <trkpt lat="58.3935100" lon="14.7883600"><ele>108.0</ele></trkpt>
            <trkpt lat="58.3934400" lon="14.7877600"><ele>108.0</ele></trkpt>
            <trkpt lat="58.3933900" lon="14.7873200"><ele>109.0</ele></trkpt>
            <trkpt lat="58.3931800" lon="14.7857100"><ele>111.0</ele></trkpt>
            <trkpt lat="58.3930500" lon="14.7848600"><ele>112.0</ele></trkpt>
            <trkpt lat="58.3929500" lon="14.7841900"><ele>112.0</ele></trkpt>
            <trkpt lat="58.3928700" lon="14.7836200"><ele>116.0</ele></trkpt>
            <trkpt lat="58.3927600" lon="14.7828200"><ele>116.0</ele></trkpt>
            <trkpt lat="58.3926600" lon="14.7821900"><ele>114.0</ele></trkpt>
            <trkpt lat="58.3926000" lon="14.7817800"><ele>114.0</ele></trkpt>
            <trkpt lat="58.3925400" lon="14.7814500"><ele>114.0</ele></trkpt>
            <trkpt lat="58.3924000" lon="14.7806600"><ele>111.0</ele></trkpt>
            <trkpt lat="58.3923000" lon="14.7800200"><ele>111.0</ele></trkpt>
            <trkpt lat="58.3921600" lon="14.7792800"><ele>112.0</ele></trkpt>
            <trkpt lat="58.3920200" lon="14.7784800"><ele>110.0</ele></trkpt>
            <trkpt lat="58.3918700" lon="14.7776400"><ele>110.0</ele></trkpt>
            <trkpt lat="58.3916900" lon="14.7766500"><ele>109.0</ele></trkpt>
            <trkpt lat="58.3914500" lon="14.7753300"><ele>112.0</ele></trkpt>
            <trkpt lat="58.3913600" lon="14.7748500"><ele>109.0</ele></trkpt>
            <trkpt lat="58.3912100" lon="14.7740000"><ele>109.0</ele></trkpt>
            <trkpt lat="58.3909800" lon="14.7727100"><ele>107.0</ele></trkpt>
            <trkpt lat="58.3908000" lon="14.7716800"><ele>109.0</ele></trkpt>
            <trkpt lat="58.3906600" lon="14.7709400"><ele>109.0</ele></trkpt>
            <trkpt lat="58.3905600" lon="14.7704100"><ele>109.0</ele></trkpt>
            <trkpt lat="58.3904500" lon="14.7699300"><ele>110.0</ele></trkpt>
            <trkpt lat="58.3903400" lon="14.7695100"><ele>110.0</ele></trkpt>
            <trkpt lat="58.3901900" lon="14.7690600"><ele>110.0</ele></trkpt>
            <trkpt lat="58.3900300" lon="14.7686100"><ele>110.0</ele></trkpt>
            <trkpt lat="58.3898300" lon="14.7680800"><ele>108.0</ele></trkpt>
            <trkpt lat="58.3895500" lon="14.7673800"><ele>109.0</ele></trkpt>
            <trkpt lat="58.3893000" lon="14.7668200"><ele>109.0</ele></trkpt>
            <trkpt lat="58.3889200" lon="14.7659500"><ele>108.0</ele></trkpt>
            <trkpt lat="58.3885000" lon="14.7650300"><ele>108.0</ele></trkpt>
            <trkpt lat="58.3880100" lon="14.7639600"><ele>107.0</ele></trkpt>
            <trkpt lat="58.3875700" lon="14.7630200"><ele>108.0</ele></trkpt>
            <trkpt lat="58.3872300" lon="14.7622400"><ele>108.0</ele></trkpt>
            <trkpt lat="58.3868900" lon="14.7614900"><ele>108.0</ele></trkpt>
            <trkpt lat="58.3865700" lon="14.7608000"><ele>106.0</ele></trkpt>
            <trkpt lat="58.3861700" lon="14.7599400"><ele>107.0</ele></trkpt>
            <trkpt lat="58.3858300" lon="14.7592100"><ele>107.0</ele></trkpt>
            <trkpt lat="58.3850900" lon="14.7575700"><ele>105.0</ele></trkpt>
            <trkpt lat="58.3847500" lon="14.7568500"><ele>105.0</ele></trkpt>
            <trkpt lat="58.3843600" lon="14.7559900"><ele>105.0</ele></trkpt>
            <trkpt lat="58.3840700" lon="14.7553600"><ele>104.0</ele></trkpt>
            <trkpt lat="58.3837900" lon="14.7547600"><ele>104.0</ele></trkpt>
            <trkpt lat="58.3835000" lon="14.7541300"><ele>104.0</ele></trkpt>
            <trkpt lat="58.3832100" lon="14.7535100"><ele>104.0</ele></trkpt>
            <trkpt lat="58.3829500" lon="14.7529600"><ele>104.0</ele></trkpt>
            <trkpt lat="58.3827300" lon="14.7525100"><ele>104.0</ele></trkpt>
            <trkpt lat="58.3826700" lon="14.7523700"><ele>103.0</ele></trkpt>
            <trkpt lat="58.3824500" lon="14.7519400"><ele>104.0</ele></trkpt>
            <trkpt lat="58.3822000" lon="14.7514300"><ele>104.0</ele></trkpt>
            <trkpt lat="58.3819400" lon="14.7509000"><ele>103.0</ele></trkpt>
            <trkpt lat="58.3818500" lon="14.7507400"><ele>103.0</ele></trkpt>
            <trkpt lat="58.3816200" lon="14.7502900"><ele>104.0</ele></trkpt>
            <trkpt lat="58.3813800" lon="14.7498500"><ele>106.0</ele></trkpt>
            <trkpt lat="58.3811900" lon="14.7495100"><ele>106.0</ele></trkpt>
            <trkpt lat="58.3808400" lon="14.7488400"><ele>106.0</ele></trkpt>
            <trkpt lat="58.3804900" lon="14.7481600"><ele>103.0</ele></trkpt>
            <trkpt lat="58.3799000" lon="14.7470200"><ele>100.0</ele></trkpt>
            <trkpt lat="58.3795700" lon="14.7464000"><ele>100.0</ele></trkpt>
            <trkpt lat="58.3792600" lon="14.7458200"><ele>100.0</ele></trkpt>
            <trkpt lat="58.3789300" lon="14.7452000"><ele>100.0</ele></trkpt>
            <trkpt lat="58.3786500" lon="14.7446800"><ele>100.0</ele></trkpt>
            <trkpt lat="58.3783900" lon="14.7441900"><ele>100.0</ele></trkpt>
            <trkpt lat="58.3785700" lon="14.7438400"><ele>100.0</ele></trkpt>
            <trkpt lat="58.3789100" lon="14.7431500"><ele>101.0</ele></trkpt>
            <trkpt lat="58.3791000" lon="14.7427600"><ele>101.0</ele></trkpt>
            <trkpt lat="58.3793400" lon="14.7422400"><ele>101.0</ele></trkpt>
            <trkpt lat="58.3795400" lon="14.7417300"><ele>101.0</ele></trkpt>
            <trkpt lat="58.3798300" lon="14.7408500"><ele>102.0</ele></trkpt>
            <trkpt lat="58.3799700" lon="14.7403500"><ele>102.0</ele></trkpt>
            <trkpt lat="58.3801100" lon="14.7398100"><ele>101.0</ele></trkpt>
            <trkpt lat="58.3802100" lon="14.7393700"><ele>101.0</ele></trkpt>
            <trkpt lat="58.3803100" lon="14.7388800"><ele>101.0</ele></trkpt>
            <trkpt lat="58.3803100" lon="14.7388790"><ele>101.0</ele></trkpt>
            <trkpt lat="58.3803100" lon="14.7388800"><ele>101.0</ele></trkpt>
            <trkpt lat="58.3803800" lon="14.7383800"><ele>100.0</ele></trkpt>
            <trkpt lat="58.3804400" lon="14.7379500"><ele>100.0</ele></trkpt>
            <trkpt lat="58.3805000" lon="14.7374900"><ele>99.0</ele></trkpt>
            <trkpt lat="58.3805900" lon="14.7366400"><ele>99.0</ele></trkpt>
            <trkpt lat="58.3807200" lon="14.7354000"><ele>99.0</ele></trkpt>
            <trkpt lat="58.3811000" lon="14.7313500"><ele>98.0</ele></trkpt>
            <trkpt lat="58.3812500" lon="14.7298500"><ele>96.0</ele></trkpt>
            <trkpt lat="58.3814200" lon="14.7281200"><ele>97.0</ele></trkpt>
            <trkpt lat="58.3815500" lon="14.7267900"><ele>96.0</ele></trkpt>
            <trkpt lat="58.3816700" lon="14.7255000"><ele>97.0</ele></trkpt>
            <trkpt lat="58.3817500" lon="14.7246400"><ele>96.0</ele></trkpt>
            <trkpt lat="58.3818400" lon="14.7237300"><ele>97.0</ele></trkpt>
            <trkpt lat="58.3819200" lon="14.7229700"><ele>97.0</ele></trkpt>
            <trkpt lat="58.3819800" lon="14.7222500"><ele>95.0</ele></trkpt>
            <trkpt lat="58.3820600" lon="14.7215200"><ele>95.0</ele></trkpt>
            <trkpt lat="58.3821600" lon="14.7203800"><ele>94.0</ele></trkpt>
            <trkpt lat="58.3822400" lon="14.7196000"><ele>93.0</ele></trkpt>
            <trkpt lat="58.3823000" lon="14.7190000"><ele>93.0</ele></trkpt>
            <trkpt lat="58.3823600" lon="14.7183500"><ele>93.0</ele></trkpt>
            <trkpt lat="58.3824300" lon="14.7175900"><ele>93.0</ele></trkpt>
            <trkpt lat="58.3824800" lon="14.7168900"><ele>92.0</ele></trkpt>
            <trkpt lat="58.3825200" lon="14.7162800"><ele>91.0</ele></trkpt>
            <trkpt lat="58.3825400" lon="14.7156100"><ele>92.0</ele></trkpt>
            <trkpt lat="58.3825500" lon="14.7151200"><ele>92.0</ele></trkpt>
            <trkpt lat="58.3825500" lon="14.7149100"><ele>92.0</ele></trkpt>
            <trkpt lat="58.3825500" lon="14.7146700"><ele>92.0</ele></trkpt>
            <trkpt lat="58.3825600" lon="14.7143100"><ele>92.0</ele></trkpt>
            <trkpt lat="58.3825500" lon="14.7139300"><ele>92.0</ele></trkpt>
            <trkpt lat="58.3825500" lon="14.7134800"><ele>91.0</ele></trkpt>
            <trkpt lat="58.3825500" lon="14.7130800"><ele>91.0</ele></trkpt>
            <trkpt lat="58.3825300" lon="14.7126300"><ele>91.0</ele></trkpt>
            <trkpt lat="58.3825200" lon="14.7122200"><ele>91.0</ele></trkpt>
            <trkpt lat="58.3825000" lon="14.7119200"><ele>91.0</ele></trkpt>
            <trkpt lat="58.3824700" lon="14.7115500"><ele>91.0</ele></trkpt>
            <trkpt lat="58.3824500" lon="14.7112900"><ele>91.0</ele></trkpt>
            <trkpt lat="58.3824300" lon="14.7109900"><ele>91.0</ele></trkpt>
            <trkpt lat="58.3824000" lon="14.7105600"><ele>91.0</ele></trkpt>
            <trkpt lat="58.3823500" lon="14.7100800"><ele>91.0</ele></trkpt>
            <trkpt lat="58.3822800" lon="14.7092600"><ele>91.0</ele></trkpt>
            <trkpt lat="58.3821800" lon="14.7081500"><ele>90.0</ele></trkpt>
            <trkpt lat="58.3820900" lon="14.7071300"><ele>90.0</ele></trkpt>
            <trkpt lat="58.3820000" lon="14.7060800"><ele>90.0</ele></trkpt>
            <trkpt lat="58.3819900" lon="14.7059200"><ele>90.0</ele></trkpt>
            <trkpt lat="58.3819900" lon="14.7059190"><ele>90.0</ele></trkpt>
            <trkpt lat="58.3819900" lon="14.7059200"><ele>90.0</ele></trkpt>
            <trkpt lat="58.3819200" lon="14.7052000"><ele>90.0</ele></trkpt>
            <trkpt lat="58.3818400" lon="14.7042600"><ele>92.0</ele></trkpt>
            <trkpt lat="58.3817400" lon="14.7031200"><ele>96.0</ele></trkpt>
            <trkpt lat="58.3816200" lon="14.7017300"><ele>92.0</ele></trkpt>
            <trkpt lat="58.3815400" lon="14.7009400"><ele>92.0</ele></trkpt>
            <trkpt lat="58.3814900" lon="14.7003100"><ele>92.0</ele></trkpt>
            <trkpt lat="58.3814700" lon="14.6999700"><ele>96.0</ele></trkpt>
            <trkpt lat="58.3814600" lon="14.6996200"><ele>96.0</ele></trkpt>
            <trkpt lat="58.3814600" lon="14.6991900"><ele>96.0</ele></trkpt>
            <trkpt lat="58.3814700" lon="14.6987200"><ele>97.0</ele></trkpt>
            <trkpt lat="58.3815000" lon="14.6983900"><ele>97.0</ele></trkpt>
            <trkpt lat="58.3815400" lon="14.6979500"><ele>97.0</ele></trkpt>
            <trkpt lat="58.3815500" lon="14.6978800"><ele>97.0</ele></trkpt>
            <trkpt lat="58.3816200" lon="14.6973700"><ele>99.0</ele></trkpt>
            <trkpt lat="58.3816800" lon="14.6969900"><ele>100.0</ele></trkpt>
            <trkpt lat="58.3817700" lon="14.6966000"><ele>100.0</ele></trkpt>
            <trkpt lat="58.3818400" lon="14.6962700"><ele>100.0</ele></trkpt>
            <trkpt lat="58.3819200" lon="14.6959500"><ele>99.0</ele></trkpt>
            <trkpt lat="58.3820000" lon="14.6956200"><ele>99.0</ele></trkpt>
            <trkpt lat="58.3821700" lon="14.6949700"><ele>101.0</ele></trkpt>
            <trkpt lat="58.3823100" lon="14.6944000"><ele>101.0</ele></trkpt>
            <trkpt lat="58.3823700" lon="14.6941200"><ele>101.0</ele></trkpt>
            <trkpt lat="58.3823800" lon="14.6940000"><ele>101.0</ele></trkpt>
            <trkpt lat="58.3824700" lon="14.6930700"><ele>107.0</ele></trkpt>
            <trkpt lat="58.3825700" lon="14.6919500"><ele>99.0</ele></trkpt>
            <trkpt lat="58.3826400" lon="14.6911200"><ele>100.0</ele></trkpt>
            <trkpt lat="58.3826500" lon="14.6910200"><ele>100.0</ele></trkpt>
            <trkpt lat="58.3827200" lon="14.6902600"><ele>100.0</ele></trkpt>
            <trkpt lat="58.3828400" lon="14.6889600"><ele>98.0</ele></trkpt>
            <trkpt lat="58.3829500" lon="14.6877300"><ele>96.0</ele></trkpt>
            <trkpt lat="58.3830000" lon="14.6871000"><ele>102.0</ele></trkpt>
            <trkpt lat="58.3830300" lon="14.6865900"><ele>102.0</ele></trkpt>
            <trkpt lat="58.3829800" lon="14.6865000"><ele>102.0</ele></trkpt>
            <trkpt lat="58.3828900" lon="14.6862600"><ele>102.0</ele></trkpt>
            <trkpt lat="58.3827700" lon="14.6858900"><ele>94.0</ele></trkpt>
            <trkpt lat="58.3827100" lon="14.6856800"><ele>94.0</ele></trkpt>
            <trkpt lat="58.3826200" lon="14.6855300"><ele>94.0</ele></trkpt>
            <trkpt lat="58.3826100" lon="14.6855200"><ele>94.0</ele></trkpt>
            <trkpt lat="58.3824900" lon="14.6853100"><ele>92.0</ele></trkpt>
            <trkpt lat="58.3821700" lon="14.6847000"><ele>94.0</ele></trkpt>
            <trkpt lat="58.3818600" lon="14.6841600"><ele>94.0</ele></trkpt>
            <trkpt lat="58.3815600" lon="14.6836400"><ele>93.0</ele></trkpt>
            <trkpt lat="58.3812200" lon="14.6830600"><ele>93.0</ele></trkpt>
            <trkpt lat="58.3809000" lon="14.6825200"><ele>93.0</ele></trkpt>
            <trkpt lat="58.3806300" lon="14.6820900"><ele>98.0</ele></trkpt>
            <trkpt lat="58.3804300" lon="14.6817700"><ele>98.0</ele></trkpt>
            <trkpt lat="58.3800800" lon="14.6812100"><ele>102.0</ele></trkpt>
            <trkpt lat="58.3798500" lon="14.6808500"><ele>110.0</ele></trkpt>
            <trkpt lat="58.3796100" lon="14.6804200"><ele>110.0</ele></trkpt>
            <trkpt lat="58.3795000" lon="14.6801800"><ele>110.0</ele></trkpt>
            <trkpt lat="58.3794500" lon="14.6800400"><ele>110.0</ele></trkpt>
            <trkpt lat="58.3794300" lon="14.6799200"><ele>117.0</ele></trkpt>
            <trkpt lat="58.3793900" lon="14.6796900"><ele>117.0</ele></trkpt>
            <trkpt lat="58.3794000" lon="14.6794600"><ele>117.0</ele></trkpt>
            <trkpt lat="58.3794000" lon="14.6793200"><ele>117.0</ele></trkpt>
            <trkpt lat="58.3794300" lon="14.6791700"><ele>117.0</ele></trkpt>
            <trkpt lat="58.3794600" lon="14.6790300"><ele>117.0</ele></trkpt>
            <trkpt lat="58.3795300" lon="14.6788100"><ele>117.0</ele></trkpt>
            <trkpt lat="58.3796600" lon="14.6784600"><ele>126.0</ele></trkpt>
            <trkpt lat="58.3798100" lon="14.6780200"><ele>126.0</ele></trkpt>
            <trkpt lat="58.3799100" lon="14.6777200"><ele>126.0</ele></trkpt>
            <trkpt lat="58.3800200" lon="14.6773600"><ele>110.0</ele></trkpt>
            <trkpt lat="58.3800400" lon="14.6772500"><ele>110.0</ele></trkpt>
            <trkpt lat="58.3800700" lon="14.6771200"><ele>110.0</ele></trkpt>
            <trkpt lat="58.3800900" lon="14.6770200"><ele>110.0</ele></trkpt>
            <trkpt lat="58.3801000" lon="14.6769200"><ele>110.0</ele></trkpt>
            <trkpt lat="58.3801000" lon="14.6768500"><ele>110.0</ele></trkpt>
            <trkpt lat="58.3801100" lon="14.6767600"><ele>110.0</ele></trkpt>
            <trkpt lat="58.3801000" lon="14.6767000"><ele>110.0</ele></trkpt>
            <trkpt lat="58.3801000" lon="14.6766400"><ele>110.0</ele></trkpt>
            <trkpt lat="58.3800800" lon="14.6765700"><ele>110.0</ele></trkpt>
            <trkpt lat="58.3800400" lon="14.6764300"><ele>110.0</ele></trkpt>
            <trkpt lat="58.3799800" lon="14.6762500"><ele>129.0</ele></trkpt>
            <trkpt lat="58.3799200" lon="14.6761000"><ele>112.0</ele></trkpt>
            <trkpt lat="58.3798300" lon="14.6759000"><ele>112.0</ele></trkpt>
            <trkpt lat="58.3797400" lon="14.6757400"><ele>112.0</ele></trkpt>
            <trkpt lat="58.3796400" lon="14.6756000"><ele>112.0</ele></trkpt>
            <trkpt lat="58.3795500" lon="14.6754400"><ele>112.0</ele></trkpt>
            <trkpt lat="58.3794200" lon="14.6750900"><ele>112.0</ele></trkpt>
            <trkpt lat="58.3792700" lon="14.6747200"><ele>88.0</ele></trkpt>
            <trkpt lat="58.3791500" lon="14.6744000"><ele>128.0</ele></trkpt>
            <trkpt lat="58.3790300" lon="14.6740800"><ele>128.0</ele></trkpt>
            <trkpt lat="58.3789600" lon="14.6739500"><ele>128.0</ele></trkpt>
            <trkpt lat="58.3789200" lon="14.6738900"><ele>128.0</ele></trkpt>
            <trkpt lat="58.3788600" lon="14.6738500"><ele>128.0</ele></trkpt>
            <trkpt lat="58.3787600" lon="14.6738000"><ele>128.0</ele></trkpt>
            <trkpt lat="58.3786800" lon="14.6737500"><ele>128.0</ele></trkpt>
            <trkpt lat="58.3786200" lon="14.6736900"><ele>108.0</ele></trkpt>
            <trkpt lat="58.3785600" lon="14.6735600"><ele>108.0</ele></trkpt>
            <trkpt lat="58.3785000" lon="14.6734200"><ele>108.0</ele></trkpt>
            <trkpt lat="58.3784700" lon="14.6732800"><ele>108.0</ele></trkpt>
            <trkpt lat="58.3783900" lon="14.6730000"><ele>108.0</ele></trkpt>
            <trkpt lat="58.3783600" lon="14.6729000"><ele>108.0</ele></trkpt>
            <trkpt lat="58.3783200" lon="14.6728000"><ele>144.0</ele></trkpt>
            <trkpt lat="58.3782500" lon="14.6725300"><ele>144.0</ele></trkpt>
            <trkpt lat="58.3782200" lon="14.6724200"><ele>123.0</ele></trkpt>
            <trkpt lat="58.3781800" lon="14.6723200"><ele>123.0</ele></trkpt>
            <trkpt lat="58.3781200" lon="14.6721800"><ele>123.0</ele></trkpt>
            <trkpt lat="58.3779900" lon="14.6719300"><ele>123.0</ele></trkpt>
            <trkpt lat="58.3778100" lon="14.6716900"><ele>123.0</ele></trkpt>
            <trkpt lat="58.3777200" lon="14.6715700"><ele>123.0</ele></trkpt>
            <trkpt lat="58.3775600" lon="14.6714200"><ele>123.0</ele></trkpt>
            <trkpt lat="58.3774400" lon="14.6713300"><ele>150.0</ele></trkpt>
            <trkpt lat="58.3773200" lon="14.6712400"><ele>134.0</ele></trkpt>
            <trkpt lat="58.3771900" lon="14.6711900"><ele>134.0</ele></trkpt>
            <trkpt lat="58.3770000" lon="14.6711500"><ele>134.0</ele></trkpt>
            <trkpt lat="58.3768000" lon="14.6711000"><ele>134.0</ele></trkpt>
            <trkpt lat="58.3766300" lon="14.6710400"><ele>157.0</ele></trkpt>
            <trkpt lat="58.3765400" lon="14.6709800"><ele>157.0</ele></trkpt>
            <trkpt lat="58.3764900" lon="14.6709100"><ele>157.0</ele></trkpt>
            <trkpt lat="58.3764400" lon="14.6708100"><ele>157.0</ele></trkpt>
            <trkpt lat="58.3764100" lon="14.6707100"><ele>157.0</ele></trkpt>
            <trkpt lat="58.3763500" lon="14.6705100"><ele>157.0</ele></trkpt>
            <trkpt lat="58.3762800" lon="14.6702600"><ele>157.0</ele></trkpt>
            <trkpt lat="58.3761900" lon="14.6700700"><ele>157.0</ele></trkpt>
            <trkpt lat="58.3760300" lon="14.6696800"><ele>141.0</ele></trkpt>
            <trkpt lat="58.3759400" lon="14.6694900"><ele>141.0</ele></trkpt>
            <trkpt lat="58.3758700" lon="14.6693100"><ele>141.0</ele></trkpt>
            <trkpt lat="58.3758300" lon="14.6691800"><ele>141.0</ele></trkpt>
            <trkpt lat="58.3758100" lon="14.6690300"><ele>162.0</ele></trkpt>
            <trkpt lat="58.3757700" lon="14.6688600"><ele>162.0</ele></trkpt>
            <trkpt lat="58.3757400" lon="14.6687700"><ele>162.0</ele></trkpt>
            <trkpt lat="58.3757100" lon="14.6686900"><ele>150.0</ele></trkpt>
            <trkpt lat="58.3756400" lon="14.6685500"><ele>150.0</ele></trkpt>
            <trkpt lat="58.3755600" lon="14.6684000"><ele>150.0</ele></trkpt>
            <trkpt lat="58.3754800" lon="14.6682700"><ele>150.0</ele></trkpt>
            <trkpt lat="58.3753700" lon="14.6680900"><ele>150.0</ele></trkpt>
            <trkpt lat="58.3751100" lon="14.6678100"><ele>150.0</ele></trkpt>
            <trkpt lat="58.3747200" lon="14.6674000"><ele>151.0</ele></trkpt>
            <trkpt lat="58.3743800" lon="14.6670500"><ele>151.0</ele></trkpt>
            <trkpt lat="58.3740900" lon="14.6667800"><ele>167.0</ele></trkpt>
            <trkpt lat="58.3738700" lon="14.6665700"><ele>167.0</ele></trkpt>
            <trkpt lat="58.3736900" lon="14.6664000"><ele>167.0</ele></trkpt>
            <trkpt lat="58.3735700" lon="14.6663100"><ele>167.0</ele></trkpt>
            <trkpt lat="58.3735000" lon="14.6662500"><ele>167.0</ele></trkpt>
            <trkpt lat="58.3732900" lon="14.6661000"><ele>155.0</ele></trkpt>
            <trkpt lat="58.3730300" lon="14.6659400"><ele>155.0</ele></trkpt>
            <trkpt lat="58.3728300" lon="14.6658300"><ele>155.0</ele></trkpt>
            <trkpt lat="58.3726800" lon="14.6657500"><ele>155.0</ele></trkpt>
            <trkpt lat="58.3725100" lon="14.6656200"><ele>155.0</ele></trkpt>
            <trkpt lat="58.3724800" lon="14.6655900"><ele>168.0</ele></trkpt>
            <trkpt lat="58.3722400" lon="14.6653800"><ele>168.0</ele></trkpt>
            <trkpt lat="58.3720100" lon="14.6651900"><ele>168.0</ele></trkpt>
            <trkpt lat="58.3718600" lon="14.6650700"><ele>168.0</ele></trkpt>
            <trkpt lat="58.3716700" lon="14.6649600"><ele>149.0</ele></trkpt>
            <trkpt lat="58.3715000" lon="14.6648600"><ele>170.0</ele></trkpt>
            <trkpt lat="58.3713000" lon="14.6647600"><ele>170.0</ele></trkpt>
            <trkpt lat="58.3710200" lon="14.6646700"><ele>170.0</ele></trkpt>
            <trkpt lat="58.3707400" lon="14.6645700"><ele>178.0</ele></trkpt>
            <trkpt lat="58.3705200" lon="14.6645100"><ele>178.0</ele></trkpt>
            <trkpt lat="58.3704600" lon="14.6644600"><ele>178.0</ele></trkpt>
            <trkpt lat="58.3704400" lon="14.6644600"><ele>178.0</ele></trkpt>
            <trkpt lat="58.3703800" lon="14.6644300"><ele>178.0</ele></trkpt>
            <trkpt lat="58.3702100" lon="14.6643800"><ele>178.0</ele></trkpt>
            <trkpt lat="58.3701500" lon="14.6643500"><ele>178.0</ele></trkpt>
            <trkpt lat="58.3701400" lon="14.6643500"><ele>178.0</ele></trkpt>
            <trkpt lat="58.3701300" lon="14.6643500"><ele>178.0</ele></trkpt>
            <trkpt lat="58.3700600" lon="14.6643200"><ele>178.0</ele></trkpt>
            <trkpt lat="58.3699600" lon="14.6642700"><ele>179.0</ele></trkpt>
            <trkpt lat="58.3698400" lon="14.6642100"><ele>179.0</ele></trkpt>
            <trkpt lat="58.3697500" lon="14.6641500"><ele>179.0</ele></trkpt>
            <trkpt lat="58.3696400" lon="14.6640500"><ele>179.0</ele></trkpt>
            <trkpt lat="58.3695100" lon="14.6639200"><ele>179.0</ele></trkpt>
            <trkpt lat="58.3694700" lon="14.6638700"><ele>179.0</ele></trkpt>
            <trkpt lat="58.3694600" lon="14.6638500"><ele>179.0</ele></trkpt>
            <trkpt lat="58.3692100" lon="14.6635100"><ele>161.0</ele></trkpt>
            <trkpt lat="58.3690700" lon="14.6633300"><ele>170.0</ele></trkpt>
            <trkpt lat="58.3689000" lon="14.6631700"><ele>170.0</ele></trkpt>
            <trkpt lat="58.3687400" lon="14.6630500"><ele>170.0</ele></trkpt>
            <trkpt lat="58.3685500" lon="14.6629400"><ele>170.0</ele></trkpt>
            <trkpt lat="58.3684200" lon="14.6628800"><ele>170.0</ele></trkpt>
            <trkpt lat="58.3682200" lon="14.6628000"><ele>177.0</ele></trkpt>
            <trkpt lat="58.3680100" lon="14.6627100"><ele>177.0</ele></trkpt>
            <trkpt lat="58.3677700" lon="14.6626500"><ele>177.0</ele></trkpt>
            <trkpt lat="58.3675000" lon="14.6625900"><ele>177.0</ele></trkpt>
            <trkpt lat="58.3673600" lon="14.6625200"><ele>185.0</ele></trkpt>
            <trkpt lat="58.3672000" lon="14.6623800"><ele>155.0</ele></trkpt>
            <trkpt lat="58.3670700" lon="14.6622000"><ele>155.0</ele></trkpt>
            <trkpt lat="58.3669500" lon="14.6620200"><ele>155.0</ele></trkpt>
            <trkpt lat="58.3668200" lon="14.6618500"><ele>155.0</ele></trkpt>
            <trkpt lat="58.3667200" lon="14.6617400"><ele>155.0</ele></trkpt>
            <trkpt lat="58.3665100" lon="14.6615400"><ele>170.0</ele></trkpt>
            <trkpt lat="58.3663700" lon="14.6614100"><ele>170.0</ele></trkpt>
            <trkpt lat="58.3662300" lon="14.6612700"><ele>170.0</ele></trkpt>
            <trkpt lat="58.3661300" lon="14.6612000"><ele>88.0</ele></trkpt>
            <trkpt lat="58.3660200" lon="14.6611500"><ele>88.0</ele></trkpt>
            <trkpt lat="58.3658400" lon="14.6610700"><ele>88.0</ele></trkpt>
            <trkpt lat="58.3655400" lon="14.6609000"><ele>123.0</ele></trkpt>
            <trkpt lat="58.3653000" lon="14.6607700"><ele>123.0</ele></trkpt>
            <trkpt lat="58.3650700" lon="14.6606800"><ele>123.0</ele></trkpt>
            <trkpt lat="58.3649000" lon="14.6606300"><ele>157.0</ele></trkpt>
            <trkpt lat="58.3647400" lon="14.6606000"><ele>157.0</ele></trkpt>
            <trkpt lat="58.3645700" lon="14.6605800"><ele>157.0</ele></trkpt>
            <trkpt lat="58.3644500" lon="14.6605900"><ele>157.0</ele></trkpt>
            <trkpt lat="58.3643300" lon="14.6606200"><ele>157.0</ele></trkpt>
            <trkpt lat="58.3642200" lon="14.6606300"><ele>157.0</ele></trkpt>
            <trkpt lat="58.3640900" lon="14.6606300"><ele>171.0</ele></trkpt>
            <trkpt lat="58.3638100" lon="14.6606100"><ele>171.0</ele></trkpt>
            <trkpt lat="58.3635800" lon="14.6605600"><ele>171.0</ele></trkpt>
            <trkpt lat="58.3634600" lon="14.6605200"><ele>171.0</ele></trkpt>
            <trkpt lat="58.3633600" lon="14.6604500"><ele>171.0</ele></trkpt>
            <trkpt lat="58.3633300" lon="14.6604300"><ele>171.0</ele></trkpt>
            <trkpt lat="58.3632400" lon="14.6603700"><ele>176.0</ele></trkpt>
            <trkpt lat="58.3631100" lon="14.6602700"><ele>176.0</ele></trkpt>
            <trkpt lat="58.3629500" lon="14.6601300"><ele>176.0</ele></trkpt>
            <trkpt lat="58.3627300" lon="14.6599800"><ele>147.0</ele></trkpt>
            <trkpt lat="58.3625100" lon="14.6598400"><ele>147.0</ele></trkpt>
            <trkpt lat="58.3623900" lon="14.6597800"><ele>172.0</ele></trkpt>
            <trkpt lat="58.3622300" lon="14.6596700"><ele>172.0</ele></trkpt>
            <trkpt lat="58.3621100" lon="14.6595800"><ele>172.0</ele></trkpt>
            <trkpt lat="58.3620000" lon="14.6594700"><ele>172.0</ele></trkpt>
            <trkpt lat="58.3619200" lon="14.6593700"><ele>172.0</ele></trkpt>
            <trkpt lat="58.3617900" lon="14.6591100"><ele>172.0</ele></trkpt>
            <trkpt lat="58.3616800" lon="14.6588400"><ele>172.0</ele></trkpt>
            <trkpt lat="58.3616300" lon="14.6587100"><ele>174.0</ele></trkpt>
            <trkpt lat="58.3615900" lon="14.6586300"><ele>174.0</ele></trkpt>
            <trkpt lat="58.3615200" lon="14.6585400"><ele>174.0</ele></trkpt>
            <trkpt lat="58.3614000" lon="14.6584200"><ele>174.0</ele></trkpt>
            <trkpt lat="58.3611900" lon="14.6582600"><ele>174.0</ele></trkpt>
            <trkpt lat="58.3610000" lon="14.6581100"><ele>174.0</ele></trkpt>
            <trkpt lat="58.3607700" lon="14.6580200"><ele>180.0</ele></trkpt>
            <trkpt lat="58.3605000" lon="14.6579100"><ele>180.0</ele></trkpt>
            <trkpt lat="58.3602500" lon="14.6578200"><ele>180.0</ele></trkpt>
            <trkpt lat="58.3600800" lon="14.6577900"><ele>180.0</ele></trkpt>
            <trkpt lat="58.3598900" lon="14.6577800"><ele>179.0</ele></trkpt>
            <trkpt lat="58.3597400" lon="14.6577900"><ele>179.0</ele></trkpt>
            <trkpt lat="58.3595800" lon="14.6577900"><ele>179.0</ele></trkpt>
            <trkpt lat="58.3594200" lon="14.6577500"><ele>179.0</ele></trkpt>
            <trkpt lat="58.3592500" lon="14.6576600"><ele>179.0</ele></trkpt>
            <trkpt lat="58.3590400" lon="14.6575200"><ele>179.0</ele></trkpt>
            <trkpt lat="58.3588600" lon="14.6573400"><ele>158.0</ele></trkpt>
            <trkpt lat="58.3586100" lon="14.6570500"><ele>158.0</ele></trkpt>
            <trkpt lat="58.3584400" lon="14.6569000"><ele>158.0</ele></trkpt>
            <trkpt lat="58.3583300" lon="14.6568100"><ele>158.0</ele></trkpt>
            <trkpt lat="58.3582200" lon="14.6567600"><ele>167.0</ele></trkpt>
            <trkpt lat="58.3581100" lon="14.6567500"><ele>167.0</ele></trkpt>
            <trkpt lat="58.3579700" lon="14.6567500"><ele>167.0</ele></trkpt>
            <trkpt lat="58.3578200" lon="14.6567600"><ele>167.0</ele></trkpt>
            <trkpt lat="58.3576500" lon="14.6567700"><ele>167.0</ele></trkpt>
            <trkpt lat="58.3573700" lon="14.6567900"><ele>169.0</ele></trkpt>
            <trkpt lat="58.3570600" lon="14.6568300"><ele>169.0</ele></trkpt>
            <trkpt lat="58.3566300" lon="14.6568700"><ele>164.0</ele></trkpt>
            <trkpt lat="58.3563300" lon="14.6569100"><ele>164.0</ele></trkpt>
            <trkpt lat="58.3560500" lon="14.6569500"><ele>164.0</ele></trkpt>
            <trkpt lat="58.3557900" lon="14.6569600"><ele>165.0</ele></trkpt>
            <trkpt lat="58.3555900" lon="14.6569500"><ele>165.0</ele></trkpt>
            <trkpt lat="58.3555400" lon="14.6569400"><ele>165.0</ele></trkpt>
            <trkpt lat="58.3555400" lon="14.6569390"><ele>165.0</ele></trkpt>
            <trkpt lat="58.3555400" lon="14.6569400"><ele>165.0</ele></trkpt>
            <trkpt lat="58.3552900" lon="14.6569100"><ele>165.0</ele></trkpt>
            <trkpt lat="58.3552200" lon="14.6569000"><ele>165.0</ele></trkpt>
            <trkpt lat="58.3549500" lon="14.6568700"><ele>161.0</ele></trkpt>
            <trkpt lat="58.3547600" lon="14.6568600"><ele>161.0</ele></trkpt>
            <trkpt lat="58.3545700" lon="14.6568500"><ele>161.0</ele></trkpt>
            <trkpt lat="58.3544200" lon="14.6569100"><ele>161.0</ele></trkpt>
            <trkpt lat="58.3542200" lon="14.6569500"><ele>161.0</ele></trkpt>
            <trkpt lat="58.3540400" lon="14.6569700"><ele>162.0</ele></trkpt>
            <trkpt lat="58.3538200" lon="14.6569700"><ele>162.0</ele></trkpt>
            <trkpt lat="58.3536500" lon="14.6569500"><ele>162.0</ele></trkpt>
            <trkpt lat="58.3534200" lon="14.6569200"><ele>162.0</ele></trkpt>
            <trkpt lat="58.3532600" lon="14.6569000"><ele>165.0</ele></trkpt>
            <trkpt lat="58.3530700" lon="14.6568800"><ele>165.0</ele></trkpt>
            <trkpt lat="58.3528200" lon="14.6568800"><ele>165.0</ele></trkpt>
            <trkpt lat="58.3525500" lon="14.6568500"><ele>165.0</ele></trkpt>
            <trkpt lat="58.3523300" lon="14.6568800"><ele>168.0</ele></trkpt>
            <trkpt lat="58.3520700" lon="14.6568200"><ele>168.0</ele></trkpt>
            <trkpt lat="58.3519400" lon="14.6567900"><ele>168.0</ele></trkpt>
            <trkpt lat="58.3517800" lon="14.6567500"><ele>168.0</ele></trkpt>
            <trkpt lat="58.3516500" lon="14.6567500"><ele>167.0</ele></trkpt>
            <trkpt lat="58.3514900" lon="14.6567800"><ele>167.0</ele></trkpt>
            <trkpt lat="58.3512000" lon="14.6568000"><ele>167.0</ele></trkpt>
            <trkpt lat="58.3508100" lon="14.6568500"><ele>168.0</ele></trkpt>
            <trkpt lat="58.3505700" lon="14.6568500"><ele>168.0</ele></trkpt>
            <trkpt lat="58.3504000" lon="14.6568300"><ele>168.0</ele></trkpt>
            <trkpt lat="58.3502300" lon="14.6567900"><ele>168.0</ele></trkpt>
            <trkpt lat="58.3502200" lon="14.6567900"><ele>168.0</ele></trkpt>
            <trkpt lat="58.3500700" lon="14.6567700"><ele>168.0</ele></trkpt>
            <trkpt lat="58.3498600" lon="14.6567700"><ele>166.0</ele></trkpt>
            <trkpt lat="58.3496600" lon="14.6567600"><ele>166.0</ele></trkpt>
            <trkpt lat="58.3494500" lon="14.6566800"><ele>166.0</ele></trkpt>
            <trkpt lat="58.3493300" lon="14.6566200"><ele>166.0</ele></trkpt>
            <trkpt lat="58.3492000" lon="14.6565900"><ele>166.0</ele></trkpt>
            <trkpt lat="58.3490900" lon="14.6565900"><ele>169.0</ele></trkpt>
            <trkpt lat="58.3488800" lon="14.6566100"><ele>169.0</ele></trkpt>
            <trkpt lat="58.3486600" lon="14.6566200"><ele>169.0</ele></trkpt>
            <trkpt lat="58.3483900" lon="14.6566300"><ele>169.0</ele></trkpt>
            <trkpt lat="58.3481600" lon="14.6566300"><ele>168.0</ele></trkpt>
            <trkpt lat="58.3481200" lon="14.6566400"><ele>168.0</ele></trkpt>
            <trkpt lat="58.3479900" lon="14.6566500"><ele>168.0</ele></trkpt>
            <trkpt lat="58.3478900" lon="14.6566700"><ele>168.0</ele></trkpt>
            <trkpt lat="58.3476900" lon="14.6567700"><ele>168.0</ele></trkpt>
            <trkpt lat="58.3474900" lon="14.6568900"><ele>168.0</ele></trkpt>
            <trkpt lat="58.3473400" lon="14.6569000"><ele>168.0</ele></trkpt>
            <trkpt lat="58.3472300" lon="14.6568700"><ele>168.0</ele></trkpt>
            <trkpt lat="58.3470300" lon="14.6568300"><ele>168.0</ele></trkpt>
            <trkpt lat="58.3467900" lon="14.6567600"><ele>168.0</ele></trkpt>
            <trkpt lat="58.3466500" lon="14.6567600"><ele>167.0</ele></trkpt>
            <trkpt lat="58.3464600" lon="14.6568300"><ele>167.0</ele></trkpt>
            <trkpt lat="58.3461400" lon="14.6568600"><ele>167.0</ele></trkpt>
            <trkpt lat="58.3458500" lon="14.6568600"><ele>167.0</ele></trkpt>
            <trkpt lat="58.3456500" lon="14.6568200"><ele>164.0</ele></trkpt>
            <trkpt lat="58.3454300" lon="14.6567900"><ele>164.0</ele></trkpt>
            <trkpt lat="58.3453000" lon="14.6567600"><ele>164.0</ele></trkpt>
            <trkpt lat="58.3450800" lon="14.6566200"><ele>164.0</ele></trkpt>
            <trkpt lat="58.3448500" lon="14.6565100"><ele>166.0</ele></trkpt>
            <trkpt lat="58.3446900" lon="14.6564300"><ele>166.0</ele></trkpt>
            <trkpt lat="58.3445600" lon="14.6563800"><ele>166.0</ele></trkpt>
            <trkpt lat="58.3441400" lon="14.6563200"><ele>172.0</ele></trkpt>
            <trkpt lat="58.3438400" lon="14.6562000"><ele>152.0</ele></trkpt>
            <trkpt lat="58.3433000" lon="14.6560300"><ele>162.0</ele></trkpt>
            <trkpt lat="58.3430800" lon="14.6559600"><ele>162.0</ele></trkpt>
            <trkpt lat="58.3429100" lon="14.6559300"><ele>162.0</ele></trkpt>
            <trkpt lat="58.3428200" lon="14.6559200"><ele>162.0</ele></trkpt>
            <trkpt lat="58.3426400" lon="14.6557800"><ele>162.0</ele></trkpt>
            <trkpt lat="58.3425300" lon="14.6557200"><ele>162.0</ele></trkpt>
            <trkpt lat="58.3424000" lon="14.6556800"><ele>163.0</ele></trkpt>
            <trkpt lat="58.3420700" lon="14.6556100"><ele>163.0</ele></trkpt>
            <trkpt lat="58.3418600" lon="14.6555700"><ele>163.0</ele></trkpt>
            <trkpt lat="58.3414800" lon="14.6554300"><ele>166.0</ele></trkpt>
            <trkpt lat="58.3413100" lon="14.6553700"><ele>166.0</ele></trkpt>
            <trkpt lat="58.3411200" lon="14.6553200"><ele>166.0</ele></trkpt>
            <trkpt lat="58.3409300" lon="14.6552900"><ele>166.0</ele></trkpt>
            <trkpt lat="58.3406400" lon="14.6552300"><ele>165.0</ele></trkpt>
            <trkpt lat="58.3406100" lon="14.6552400"><ele>165.0</ele></trkpt>
            <trkpt lat="58.3403900" lon="14.6551500"><ele>165.0</ele></trkpt>
            <trkpt lat="58.3401000" lon="14.6550700"><ele>165.0</ele></trkpt>
            <trkpt lat="58.3398200" lon="14.6549800"><ele>153.0</ele></trkpt>
            <trkpt lat="58.3394200" lon="14.6548800"><ele>153.0</ele></trkpt>
            <trkpt lat="58.3391700" lon="14.6548200"><ele>153.0</ele></trkpt>
            <trkpt lat="58.3388000" lon="14.6547200"><ele>156.0</ele></trkpt>
            <trkpt lat="58.3384800" lon="14.6546400"><ele>156.0</ele></trkpt>
            <trkpt lat="58.3383200" lon="14.6546000"><ele>155.0</ele></trkpt>
            <trkpt lat="58.3381900" lon="14.6546000"><ele>155.0</ele></trkpt>
            <trkpt lat="58.3380400" lon="14.6545900"><ele>155.0</ele></trkpt>
            <trkpt lat="58.3378700" lon="14.6546100"><ele>155.0</ele></trkpt>
            <trkpt lat="58.3376900" lon="14.6546600"><ele>155.0</ele></trkpt>
            <trkpt lat="58.3375300" lon="14.6546800"><ele>155.0</ele></trkpt>
            <trkpt lat="58.3373700" lon="14.6546800"><ele>154.0</ele></trkpt>
            <trkpt lat="58.3372500" lon="14.6547100"><ele>154.0</ele></trkpt>
            <trkpt lat="58.3371100" lon="14.6547200"><ele>154.0</ele></trkpt>
            <trkpt lat="58.3369200" lon="14.6547000"><ele>154.0</ele></trkpt>
            <trkpt lat="58.3367200" lon="14.6546900"><ele>154.0</ele></trkpt>
            <trkpt lat="58.3366200" lon="14.6547100"><ele>150.0</ele></trkpt>
            <trkpt lat="58.3365400" lon="14.6547400"><ele>150.0</ele></trkpt>
            <trkpt lat="58.3363800" lon="14.6548200"><ele>150.0</ele></trkpt>
            <trkpt lat="58.3362800" lon="14.6548600"><ele>150.0</ele></trkpt>
            <trkpt lat="58.3361600" lon="14.6548600"><ele>150.0</ele></trkpt>
            <trkpt lat="58.3360400" lon="14.6548300"><ele>150.0</ele></trkpt>
            <trkpt lat="58.3359300" lon="14.6547900"><ele>150.0</ele></trkpt>
            <trkpt lat="58.3358300" lon="14.6547600"><ele>150.0</ele></trkpt>
            <trkpt lat="58.3357500" lon="14.6547600"><ele>142.0</ele></trkpt>
            <trkpt lat="58.3356200" lon="14.6547800"><ele>142.0</ele></trkpt>
            <trkpt lat="58.3355300" lon="14.6548200"><ele>142.0</ele></trkpt>
            <trkpt lat="58.3354300" lon="14.6548800"><ele>142.0</ele></trkpt>
            <trkpt lat="58.3353600" lon="14.6549300"><ele>142.0</ele></trkpt>
            <trkpt lat="58.3352800" lon="14.6550100"><ele>184.0</ele></trkpt>
            <trkpt lat="58.3351900" lon="14.6550700"><ele>184.0</ele></trkpt>
            <trkpt lat="58.3350800" lon="14.6551100"><ele>184.0</ele></trkpt>
            <trkpt lat="58.3349700" lon="14.6551700"><ele>169.0</ele></trkpt>
            <trkpt lat="58.3349700" lon="14.6551690"><ele>169.0</ele></trkpt>
            <trkpt lat="58.3349700" lon="14.6551700"><ele>169.0</ele></trkpt>
            <trkpt lat="58.3348800" lon="14.6551000"><ele>169.0</ele></trkpt>
            <trkpt lat="58.3347600" lon="14.6551200"><ele>169.0</ele></trkpt>
            <trkpt lat="58.3346400" lon="14.6551500"><ele>169.0</ele></trkpt>
            <trkpt lat="58.3345300" lon="14.6551500"><ele>169.0</ele></trkpt>
            <trkpt lat="58.3344600" lon="14.6551200"><ele>169.0</ele></trkpt>
            <trkpt lat="58.3344100" lon="14.6550700"><ele>169.0</ele></trkpt>
            <trkpt lat="58.3343700" lon="14.6549500"><ele>153.0</ele></trkpt>
            <trkpt lat="58.3343500" lon="14.6547700"><ele>153.0</ele></trkpt>
            <trkpt lat="58.3343500" lon="14.6545900"><ele>153.0</ele></trkpt>
            <trkpt lat="58.3343400" lon="14.6544000"><ele>153.0</ele></trkpt>
            <trkpt lat="58.3342900" lon="14.6541900"><ele>153.0</ele></trkpt>
            <trkpt lat="58.3342300" lon="14.6538600"><ele>153.0</ele></trkpt>
            <trkpt lat="58.3342000" lon="14.6535800"><ele>150.0</ele></trkpt>
            <trkpt lat="58.3341700" lon="14.6532800"><ele>150.0</ele></trkpt>
            <trkpt lat="58.3341300" lon="14.6529000"><ele>161.0</ele></trkpt>
            <trkpt lat="58.3341100" lon="14.6527300"><ele>161.0</ele></trkpt>
            <trkpt lat="58.3340700" lon="14.6526100"><ele>161.0</ele></trkpt>
            <trkpt lat="58.3340000" lon="14.6525000"><ele>161.0</ele></trkpt>
            <trkpt lat="58.3339300" lon="14.6523500"><ele>156.0</ele></trkpt>
            <trkpt lat="58.3339000" lon="14.6522300"><ele>156.0</ele></trkpt>
            <trkpt lat="58.3338700" lon="14.6520100"><ele>156.0</ele></trkpt>
            <trkpt lat="58.3338200" lon="14.6518200"><ele>156.0</ele></trkpt>
            <trkpt lat="58.3337500" lon="14.6516500"><ele>156.0</ele></trkpt>
            <trkpt lat="58.3336700" lon="14.6515200"><ele>156.0</ele></trkpt>
            <trkpt lat="58.3335100" lon="14.6511800"><ele>152.0</ele></trkpt>
            <trkpt lat="58.3333800" lon="14.6508900"><ele>152.0</ele></trkpt>
            <trkpt lat="58.3333700" lon="14.6508300"><ele>152.0</ele></trkpt>
            <trkpt lat="58.3332600" lon="14.6505200"><ele>157.0</ele></trkpt>
            <trkpt lat="58.3331900" lon="14.6502800"><ele>157.0</ele></trkpt>
            <trkpt lat="58.3331200" lon="14.6500000"><ele>157.0</ele></trkpt>
            <trkpt lat="58.3331200" lon="14.6498500"><ele>153.0</ele></trkpt>
            <trkpt lat="58.3331800" lon="14.6493600"><ele>153.0</ele></trkpt>
            <trkpt lat="58.3332000" lon="14.6492000"><ele>153.0</ele></trkpt>
            <trkpt lat="58.3332100" lon="14.6490900"><ele>153.0</ele></trkpt>
            <trkpt lat="58.3331600" lon="14.6489700"><ele>153.0</ele></trkpt>
            <trkpt lat="58.3331100" lon="14.6488500"><ele>153.0</ele></trkpt>
            <trkpt lat="58.3330500" lon="14.6487000"><ele>151.0</ele></trkpt>
            <trkpt lat="58.3330200" lon="14.6485600"><ele>151.0</ele></trkpt>
            <trkpt lat="58.3330000" lon="14.6483700"><ele>151.0</ele></trkpt>
            <trkpt lat="58.3329800" lon="14.6480300"><ele>151.0</ele></trkpt>
            <trkpt lat="58.3329600" lon="14.6478300"><ele>151.0</ele></trkpt>
            <trkpt lat="58.3329100" lon="14.6475400"><ele>151.0</ele></trkpt>
            <trkpt lat="58.3328800" lon="14.6472900"><ele>143.0</ele></trkpt>
            <trkpt lat="58.3328400" lon="14.6471300"><ele>143.0</ele></trkpt>
            <trkpt lat="58.3327100" lon="14.6466800"><ele>143.0</ele></trkpt>
            <trkpt lat="58.3326800" lon="14.6465300"><ele>143.0</ele></trkpt>
            <trkpt lat="58.3326700" lon="14.6463600"><ele>143.0</ele></trkpt>
            <trkpt lat="58.3326700" lon="14.6462000"><ele>136.0</ele></trkpt>
            <trkpt lat="58.3326800" lon="14.6460000"><ele>136.0</ele></trkpt>
            <trkpt lat="58.3326800" lon="14.6458600"><ele>136.0</ele></trkpt>
            <trkpt lat="58.3326500" lon="14.6457100"><ele>136.0</ele></trkpt>
            <trkpt lat="58.3326000" lon="14.6454700"><ele>136.0</ele></trkpt>
            <trkpt lat="58.3325500" lon="14.6451700"><ele>136.0</ele></trkpt>
            <trkpt lat="58.3325100" lon="14.6449200"><ele>131.0</ele></trkpt>
            <trkpt lat="58.3324900" lon="14.6448100"><ele>156.0</ele></trkpt>
            <trkpt lat="58.3324400" lon="14.6446900"><ele>156.0</ele></trkpt>
            <trkpt lat="58.3323300" lon="14.6444600"><ele>156.0</ele></trkpt>
            <trkpt lat="58.3322200" lon="14.6442100"><ele>156.0</ele></trkpt>
            <trkpt lat="58.3321200" lon="14.6439900"><ele>156.0</ele></trkpt>
            <trkpt lat="58.3320200" lon="14.6438000"><ele>156.0</ele></trkpt>
            <trkpt lat="58.3319300" lon="14.6436500"><ele>140.0</ele></trkpt>
            <trkpt lat="58.3318100" lon="14.6435000"><ele>140.0</ele></trkpt>
            <trkpt lat="58.3311300" lon="14.6427100"><ele>160.0</ele></trkpt>
            <trkpt lat="58.3309600" lon="14.6424900"><ele>142.0</ele></trkpt>
            <trkpt lat="58.3306700" lon="14.6422000"><ele>161.0</ele></trkpt>
            <trkpt lat="58.3305600" lon="14.6420600"><ele>161.0</ele></trkpt>
            <trkpt lat="58.3304400" lon="14.6419100"><ele>161.0</ele></trkpt>
            <trkpt lat="58.3303300" lon="14.6417400"><ele>161.0</ele></trkpt>
            <trkpt lat="58.3301800" lon="14.6415200"><ele>161.0</ele></trkpt>
            <trkpt lat="58.3298900" lon="14.6411600"><ele>171.0</ele></trkpt>
            <trkpt lat="58.3297200" lon="14.6409600"><ele>171.0</ele></trkpt>
            <trkpt lat="58.3296000" lon="14.6408700"><ele>171.0</ele></trkpt>
            <trkpt lat="58.3295100" lon="14.6408100"><ele>171.0</ele></trkpt>
            <trkpt lat="58.3294000" lon="14.6407400"><ele>171.0</ele></trkpt>
            <trkpt lat="58.3292700" lon="14.6406700"><ele>171.0</ele></trkpt>
            <trkpt lat="58.3291500" lon="14.6406000"><ele>183.0</ele></trkpt>
            <trkpt lat="58.3290800" lon="14.6405100"><ele>183.0</ele></trkpt>
            <trkpt lat="58.3290100" lon="14.6404100"><ele>183.0</ele></trkpt>
            <trkpt lat="58.3289300" lon="14.6402800"><ele>183.0</ele></trkpt>
            <trkpt lat="58.3288700" lon="14.6401500"><ele>183.0</ele></trkpt>
            <trkpt lat="58.3288100" lon="14.6399700"><ele>176.0</ele></trkpt>
            <trkpt lat="58.3287600" lon="14.6396600"><ele>176.0</ele></trkpt>
            <trkpt lat="58.3287100" lon="14.6393600"><ele>176.0</ele></trkpt>
            <trkpt lat="58.3286700" lon="14.6391400"><ele>176.0</ele></trkpt>
            <trkpt lat="58.3286200" lon="14.6389000"><ele>176.0</ele></trkpt>
            <trkpt lat="58.3285200" lon="14.6386700"><ele>154.0</ele></trkpt>
            <trkpt lat="58.3284300" lon="14.6385600"><ele>154.0</ele></trkpt>
            <trkpt lat="58.3283000" lon="14.6384900"><ele>167.0</ele></trkpt>
            <trkpt lat="58.3281300" lon="14.6384100"><ele>167.0</ele></trkpt>
            <trkpt lat="58.3280200" lon="14.6383300"><ele>167.0</ele></trkpt>
            <trkpt lat="58.3279100" lon="14.6382300"><ele>167.0</ele></trkpt>
            <trkpt lat="58.3278200" lon="14.6381000"><ele>167.0</ele></trkpt>
            <trkpt lat="58.3276900" lon="14.6378900"><ele>167.0</ele></trkpt>
            <trkpt lat="58.3275800" lon="14.6376900"><ele>167.0</ele></trkpt>
            <trkpt lat="58.3274500" lon="14.6374300"><ele>159.0</ele></trkpt>
            <trkpt lat="58.3273500" lon="14.6371800"><ele>159.0</ele></trkpt>
            <trkpt lat="58.3272100" lon="14.6368500"><ele>159.0</ele></trkpt>
            <trkpt lat="58.3271100" lon="14.6366900"><ele>159.0</ele></trkpt>
            <trkpt lat="58.3270100" lon="14.6365600"><ele>159.0</ele></trkpt>
            <trkpt lat="58.3269200" lon="14.6364600"><ele>159.0</ele></trkpt>
            <trkpt lat="58.3268000" lon="14.6363700"><ele>159.0</ele></trkpt>
            <trkpt lat="58.3267000" lon="14.6363000"><ele>159.0</ele></trkpt>
            <trkpt lat="58.3266100" lon="14.6362500"><ele>178.0</ele></trkpt>
            <trkpt lat="58.3264600" lon="14.6362000"><ele>144.0</ele></trkpt>
            <trkpt lat="58.3263100" lon="14.6361300"><ele>144.0</ele></trkpt>
            <trkpt lat="58.3261600" lon="14.6360800"><ele>144.0</ele></trkpt>
            <trkpt lat="58.3260100" lon="14.6359900"><ele>144.0</ele></trkpt>
            <trkpt lat="58.3258700" lon="14.6358900"><ele>144.0</ele></trkpt>
            <trkpt lat="58.3256900" lon="14.6357700"><ele>162.0</ele></trkpt>
            <trkpt lat="58.3255100" lon="14.6357300"><ele>162.0</ele></trkpt>
            <trkpt lat="58.3254800" lon="14.6357200"><ele>162.0</ele></trkpt>
            <trkpt lat="58.3254800" lon="14.6357190"><ele>162.0</ele></trkpt>
            <trkpt lat="58.3254800" lon="14.6357200"><ele>162.0</ele></trkpt>
            <trkpt lat="58.3253200" lon="14.6356700"><ele>162.0</ele></trkpt>
            <trkpt lat="58.3251200" lon="14.6356200"><ele>162.0</ele></trkpt>
            <trkpt lat="58.3249200" lon="14.6355500"><ele>171.0</ele></trkpt>
            <trkpt lat="58.3248100" lon="14.6354900"><ele>171.0</ele></trkpt>
            <trkpt lat="58.3246500" lon="14.6353700"><ele>171.0</ele></trkpt>
            <trkpt lat="58.3245100" lon="14.6352600"><ele>171.0</ele></trkpt>
            <trkpt lat="58.3243400" lon="14.6351300"><ele>171.0</ele></trkpt>
            <trkpt lat="58.3241800" lon="14.6350100"><ele>171.0</ele></trkpt>
            <trkpt lat="58.3240100" lon="14.6349000"><ele>152.0</ele></trkpt>
            <trkpt lat="58.3238800" lon="14.6348200"><ele>152.0</ele></trkpt>
            <trkpt lat="58.3237400" lon="14.6347700"><ele>152.0</ele></trkpt>
            <trkpt lat="58.3234600" lon="14.6346600"><ele>152.0</ele></trkpt>
            <trkpt lat="58.3231900" lon="14.6345400"><ele>160.0</ele></trkpt>
            <trkpt lat="58.3227400" lon="14.6343400"><ele>160.0</ele></trkpt>
            <trkpt lat="58.3225400" lon="14.6342300"><ele>160.0</ele></trkpt>
            <trkpt lat="58.3224400" lon="14.6341800"><ele>169.0</ele></trkpt>
            <trkpt lat="58.3223300" lon="14.6341400"><ele>169.0</ele></trkpt>
            <trkpt lat="58.3222100" lon="14.6341200"><ele>169.0</ele></trkpt>
            <trkpt lat="58.3221100" lon="14.6341000"><ele>169.0</ele></trkpt>
            <trkpt lat="58.3219600" lon="14.6340300"><ele>169.0</ele></trkpt>
            <trkpt lat="58.3218400" lon="14.6339800"><ele>169.0</ele></trkpt>
            <trkpt lat="58.3216900" lon="14.6339500"><ele>169.0</ele></trkpt>
            <trkpt lat="58.3216000" lon="14.6338900"><ele>184.0</ele></trkpt>
            <trkpt lat="58.3214700" lon="14.6336800"><ele>156.0</ele></trkpt>
            <trkpt lat="58.3213600" lon="14.6335500"><ele>156.0</ele></trkpt>
            <trkpt lat="58.3212200" lon="14.6333900"><ele>156.0</ele></trkpt>
            <trkpt lat="58.3211200" lon="14.6332900"><ele>156.0</ele></trkpt>
            <trkpt lat="58.3209600" lon="14.6331600"><ele>156.0</ele></trkpt>
            <trkpt lat="58.3208500" lon="14.6330800"><ele>156.0</ele></trkpt>
            <trkpt lat="58.3206700" lon="14.6329700"><ele>173.0</ele></trkpt>
            <trkpt lat="58.3205500" lon="14.6328700"><ele>173.0</ele></trkpt>
            <trkpt lat="58.3204900" lon="14.6327700"><ele>173.0</ele></trkpt>
            <trkpt lat="58.3204200" lon="14.6326200"><ele>173.0</ele></trkpt>
            <trkpt lat="58.3203300" lon="14.6324500"><ele>112.0</ele></trkpt>
            <trkpt lat="58.3202500" lon="14.6323400"><ele>112.0</ele></trkpt>
            <trkpt lat="58.3201700" lon="14.6322200"><ele>112.0</ele></trkpt>
            <trkpt lat="58.3200800" lon="14.6321200"><ele>112.0</ele></trkpt>
            <trkpt lat="58.3199200" lon="14.6319600"><ele>161.0</ele></trkpt>
            <trkpt lat="58.3198200" lon="14.6318500"><ele>161.0</ele></trkpt>
            <trkpt lat="58.3197500" lon="14.6317400"><ele>161.0</ele></trkpt>
            <trkpt lat="58.3196100" lon="14.6315000"><ele>161.0</ele></trkpt>
            <trkpt lat="58.3195300" lon="14.6314200"><ele>161.0</ele></trkpt>
            <trkpt lat="58.3194700" lon="14.6313900"><ele>161.0</ele></trkpt>
            <trkpt lat="58.3194500" lon="14.6313700"><ele>161.0</ele></trkpt>
            <trkpt lat="58.3193700" lon="14.6313600"><ele>161.0</ele></trkpt>
            <trkpt lat="58.3193000" lon="14.6313800"><ele>161.0</ele></trkpt>
            <trkpt lat="58.3192400" lon="14.6314200"><ele>161.0</ele></trkpt>
            <trkpt lat="58.3191700" lon="14.6315000"><ele>161.0</ele></trkpt>
            <trkpt lat="58.3191000" lon="14.6315100"><ele>183.0</ele></trkpt>
            <trkpt lat="58.3190400" lon="14.6314800"><ele>183.0</ele></trkpt>
            <trkpt lat="58.3189900" lon="14.6314100"><ele>183.0</ele></trkpt>
            <trkpt lat="58.3189400" lon="14.6313100"><ele>183.0</ele></trkpt>
            <trkpt lat="58.3188900" lon="14.6311900"><ele>142.0</ele></trkpt>
            <trkpt lat="58.3188300" lon="14.6310100"><ele>142.0</ele></trkpt>
            <trkpt lat="58.3187800" lon="14.6309100"><ele>142.0</ele></trkpt>
            <trkpt lat="58.3187100" lon="14.6307800"><ele>142.0</ele></trkpt>
            <trkpt lat="58.3186300" lon="14.6306900"><ele>142.0</ele></trkpt>
            <trkpt lat="58.3185300" lon="14.6305700"><ele>142.0</ele></trkpt>
            <trkpt lat="58.3184200" lon="14.6304600"><ele>142.0</ele></trkpt>
            <trkpt lat="58.3182500" lon="14.6303400"><ele>168.0</ele></trkpt>
            <trkpt lat="58.3181300" lon="14.6302500"><ele>168.0</ele></trkpt>
            <trkpt lat="58.3180100" lon="14.6301000"><ele>168.0</ele></trkpt>
            <trkpt lat="58.3179000" lon="14.6299400"><ele>112.0</ele></trkpt>
            <trkpt lat="58.3178300" lon="14.6298200"><ele>112.0</ele></trkpt>
            <trkpt lat="58.3177400" lon="14.6297300"><ele>112.0</ele></trkpt>
            <trkpt lat="58.3176400" lon="14.6296500"><ele>112.0</ele></trkpt>
            <trkpt lat="58.3174400" lon="14.6295100"><ele>145.0</ele></trkpt>
            <trkpt lat="58.3171200" lon="14.6292900"><ele>145.0</ele></trkpt>
            <trkpt lat="58.3167900" lon="14.6290700"><ele>145.0</ele></trkpt>
            <trkpt lat="58.3165300" lon="14.6288800"><ele>164.0</ele></trkpt>
            <trkpt lat="58.3163900" lon="14.6287700"><ele>164.0</ele></trkpt>
            <trkpt lat="58.3162600" lon="14.6286700"><ele>88.0</ele></trkpt>
            <trkpt lat="58.3161700" lon="14.6286100"><ele>88.0</ele></trkpt>
            <trkpt lat="58.3161000" lon="14.6286000"><ele>88.0</ele></trkpt>
            <trkpt lat="58.3160100" lon="14.6286300"><ele>88.0</ele></trkpt>
            <trkpt lat="58.3159100" lon="14.6286800"><ele>88.0</ele></trkpt>
            <trkpt lat="58.3158300" lon="14.6287200"><ele>88.0</ele></trkpt>
            <trkpt lat="58.3157000" lon="14.6287600"><ele>169.0</ele></trkpt>
            <trkpt lat="58.3156100" lon="14.6288200"><ele>169.0</ele></trkpt>
            <trkpt lat="58.3155000" lon="14.6288700"><ele>169.0</ele></trkpt>
            <trkpt lat="58.3153900" lon="14.6289500"><ele>169.0</ele></trkpt>
            <trkpt lat="58.3152400" lon="14.6290800"><ele>169.0</ele></trkpt>
            <trkpt lat="58.3150700" lon="14.6292200"><ele>169.0</ele></trkpt>
            <trkpt lat="58.3149000" lon="14.6293300"><ele>161.0</ele></trkpt>
            <trkpt lat="58.3145400" lon="14.6295300"><ele>161.0</ele></trkpt>
            <trkpt lat="58.3144300" lon="14.6295900"><ele>161.0</ele></trkpt>
            <trkpt lat="58.3143100" lon="14.6296400"><ele>161.0</ele></trkpt>
            <trkpt lat="58.3142000" lon="14.6296500"><ele>161.0</ele></trkpt>
            <trkpt lat="58.3141100" lon="14.6296300"><ele>161.0</ele></trkpt>
            <trkpt lat="58.3140000" lon="14.6295800"><ele>161.0</ele></trkpt>
            <trkpt lat="58.3139200" lon="14.6295100"><ele>161.0</ele></trkpt>
            <trkpt lat="58.3138300" lon="14.6294300"><ele>161.0</ele></trkpt>
            <trkpt lat="58.3137600" lon="14.6293200"><ele>161.0</ele></trkpt>
            <trkpt lat="58.3136800" lon="14.6291900"><ele>161.0</ele></trkpt>
            <trkpt lat="58.3136000" lon="14.6290400"><ele>161.0</ele></trkpt>
            <trkpt lat="58.3135400" lon="14.6288800"><ele>161.0</ele></trkpt>
            <trkpt lat="58.3134800" lon="14.6287500"><ele>161.0</ele></trkpt>
            <trkpt lat="58.3134200" lon="14.6286500"><ele>135.0</ele></trkpt>
            <trkpt lat="58.3133400" lon="14.6285800"><ele>135.0</ele></trkpt>
            <trkpt lat="58.3132700" lon="14.6285300"><ele>135.0</ele></trkpt>
            <trkpt lat="58.3131800" lon="14.6285100"><ele>135.0</ele></trkpt>
            <trkpt lat="58.3130800" lon="14.6285200"><ele>135.0</ele></trkpt>
            <trkpt lat="58.3130000" lon="14.6285500"><ele>135.0</ele></trkpt>
            <trkpt lat="58.3129200" lon="14.6286000"><ele>135.0</ele></trkpt>
            <trkpt lat="58.3128300" lon="14.6287200"><ele>135.0</ele></trkpt>
            <trkpt lat="58.3127400" lon="14.6288400"><ele>157.0</ele></trkpt>
            <trkpt lat="58.3126400" lon="14.6290300"><ele>157.0</ele></trkpt>
            <trkpt lat="58.3125500" lon="14.6292000"><ele>157.0</ele></trkpt>
            <trkpt lat="58.3124800" lon="14.6293100"><ele>151.0</ele></trkpt>
            <trkpt lat="58.3124000" lon="14.6294100"><ele>151.0</ele></trkpt>
            <trkpt lat="58.3123000" lon="14.6295000"><ele>151.0</ele></trkpt>
            <trkpt lat="58.3122300" lon="14.6295400"><ele>151.0</ele></trkpt>
            <trkpt lat="58.3121500" lon="14.6295600"><ele>151.0</ele></trkpt>
            <trkpt lat="58.3120500" lon="14.6295500"><ele>151.0</ele></trkpt>
            <trkpt lat="58.3119300" lon="14.6295100"><ele>151.0</ele></trkpt>
            <trkpt lat="58.3117600" lon="14.6294800"><ele>151.0</ele></trkpt>
            <trkpt lat="58.3117200" lon="14.6294800"><ele>151.0</ele></trkpt>
            <trkpt lat="58.3114600" lon="14.6294500"><ele>150.0</ele></trkpt>
            <trkpt lat="58.3113500" lon="14.6294500"><ele>150.0</ele></trkpt>
            <trkpt lat="58.3112300" lon="14.6294600"><ele>150.0</ele></trkpt>
            <trkpt lat="58.3111200" lon="14.6295000"><ele>150.0</ele></trkpt>
            <trkpt lat="58.3110200" lon="14.6295500"><ele>150.0</ele></trkpt>
            <trkpt lat="58.3109400" lon="14.6296000"><ele>150.0</ele></trkpt>
            <trkpt lat="58.3108400" lon="14.6296800"><ele>150.0</ele></trkpt>
            <trkpt lat="58.3107600" lon="14.6297800"><ele>144.0</ele></trkpt>
            <trkpt lat="58.3106900" lon="14.6298900"><ele>144.0</ele></trkpt>
            <trkpt lat="58.3106200" lon="14.6300300"><ele>153.0</ele></trkpt>
            <trkpt lat="58.3105600" lon="14.6302000"><ele>153.0</ele></trkpt>
            <trkpt lat="58.3105300" lon="14.6304300"><ele>153.0</ele></trkpt>
            <trkpt lat="58.3104900" lon="14.6306800"><ele>153.0</ele></trkpt>
            <trkpt lat="58.3104800" lon="14.6310300"><ele>153.0</ele></trkpt>
            <trkpt lat="58.3104800" lon="14.6310800"><ele>153.0</ele></trkpt>
            <trkpt lat="58.3104600" lon="14.6315600"><ele>165.0</ele></trkpt>
            <trkpt lat="58.3104300" lon="14.6319700"><ele>165.0</ele></trkpt>
            <trkpt lat="58.3104200" lon="14.6322400"><ele>165.0</ele></trkpt>
            <trkpt lat="58.3104100" lon="14.6328300"><ele>165.0</ele></trkpt>
            <trkpt lat="58.3104100" lon="14.6331300"><ele>165.0</ele></trkpt>
            <trkpt lat="58.3104200" lon="14.6333600"><ele>165.0</ele></trkpt>
            <trkpt lat="58.3104300" lon="14.6335600"><ele>165.0</ele></trkpt>
            <trkpt lat="58.3104700" lon="14.6337400"><ele>160.0</ele></trkpt>
            <trkpt lat="58.3105200" lon="14.6338900"><ele>160.0</ele></trkpt>
            <trkpt lat="58.3105700" lon="14.6340100"><ele>160.0</ele></trkpt>
            <trkpt lat="58.3106100" lon="14.6341100"><ele>160.0</ele></trkpt>
            <trkpt lat="58.3106500" lon="14.6342600"><ele>160.0</ele></trkpt>
            <trkpt lat="58.3106700" lon="14.6343600"><ele>160.0</ele></trkpt>
            <trkpt lat="58.3106700" lon="14.6345000"><ele>160.0</ele></trkpt>
            <trkpt lat="58.3106500" lon="14.6346400"><ele>160.0</ele></trkpt>
            <trkpt lat="58.3106200" lon="14.6347900"><ele>160.0</ele></trkpt>
            <trkpt lat="58.3105600" lon="14.6349100"><ele>160.0</ele></trkpt>
            <trkpt lat="58.3105100" lon="14.6350000"><ele>150.0</ele></trkpt>
            <trkpt lat="58.3104300" lon="14.6350800"><ele>150.0</ele></trkpt>
            <trkpt lat="58.3103700" lon="14.6351400"><ele>150.0</ele></trkpt>
            <trkpt lat="58.3103200" lon="14.6351900"><ele>150.0</ele></trkpt>
            <trkpt lat="58.3102300" lon="14.6352600"><ele>150.0</ele></trkpt>
            <trkpt lat="58.3101300" lon="14.6353300"><ele>150.0</ele></trkpt>
            <trkpt lat="58.3100100" lon="14.6353600"><ele>150.0</ele></trkpt>
            <trkpt lat="58.3098900" lon="14.6353800"><ele>151.0</ele></trkpt>
            <trkpt lat="58.3096600" lon="14.6354500"><ele>151.0</ele></trkpt>
            <trkpt lat="58.3094900" lon="14.6354900"><ele>151.0</ele></trkpt>
            <trkpt lat="58.3087900" lon="14.6356700"><ele>143.0</ele></trkpt>
            <trkpt lat="58.3081300" lon="14.6358300"><ele>142.0</ele></trkpt>
            <trkpt lat="58.3078900" lon="14.6358900"><ele>142.0</ele></trkpt>
            <trkpt lat="58.3078100" lon="14.6358400"><ele>142.0</ele></trkpt>
            <trkpt lat="58.3077500" lon="14.6357800"><ele>142.0</ele></trkpt>
            <trkpt lat="58.3076000" lon="14.6357000"><ele>142.0</ele></trkpt>
            <trkpt lat="58.3074700" lon="14.6356200"><ele>153.0</ele></trkpt>
            <trkpt lat="58.3074100" lon="14.6355500"><ele>153.0</ele></trkpt>
            <trkpt lat="58.3073100" lon="14.6354400"><ele>153.0</ele></trkpt>
            <trkpt lat="58.3072300" lon="14.6353500"><ele>153.0</ele></trkpt>
            <trkpt lat="58.3071200" lon="14.6351900"><ele>153.0</ele></trkpt>
            <trkpt lat="58.3069800" lon="14.6349900"><ele>153.0</ele></trkpt>
            <trkpt lat="58.3069100" lon="14.6348900"><ele>146.0</ele></trkpt>
            <trkpt lat="58.3068300" lon="14.6348300"><ele>146.0</ele></trkpt>
            <trkpt lat="58.3067300" lon="14.6347700"><ele>146.0</ele></trkpt>
            <trkpt lat="58.3066500" lon="14.6347500"><ele>153.0</ele></trkpt>
            <trkpt lat="58.3064500" lon="14.6347300"><ele>153.0</ele></trkpt>
            <trkpt lat="58.3062300" lon="14.6347300"><ele>153.0</ele></trkpt>
            <trkpt lat="58.3061300" lon="14.6347200"><ele>153.0</ele></trkpt>
            <trkpt lat="58.3060500" lon="14.6346900"><ele>153.0</ele></trkpt>
            <trkpt lat="58.3059700" lon="14.6346600"><ele>153.0</ele></trkpt>
            <trkpt lat="58.3059000" lon="14.6346200"><ele>153.0</ele></trkpt>
            <trkpt lat="58.3057900" lon="14.6345400"><ele>152.0</ele></trkpt>
            <trkpt lat="58.3053700" lon="14.6342100"><ele>152.0</ele></trkpt>
            <trkpt lat="58.3051600" lon="14.6340400"><ele>152.0</ele></trkpt>
            <trkpt lat="58.3048800" lon="14.6338100"><ele>161.0</ele></trkpt>
            <trkpt lat="58.3047900" lon="14.6337200"><ele>152.0</ele></trkpt>
            <trkpt lat="58.3046900" lon="14.6335000"><ele>152.0</ele></trkpt>
            <trkpt lat="58.3045600" lon="14.6331900"><ele>152.0</ele></trkpt>
            <trkpt lat="58.3044100" lon="14.6328000"><ele>152.0</ele></trkpt>
            <trkpt lat="58.3043200" lon="14.6325600"><ele>152.0</ele></trkpt>
            <trkpt lat="58.3042100" lon="14.6322600"><ele>136.0</ele></trkpt>
            <trkpt lat="58.3041100" lon="14.6320400"><ele>140.0</ele></trkpt>
            <trkpt lat="58.3040200" lon="14.6318800"><ele>140.0</ele></trkpt>
            <trkpt lat="58.3039600" lon="14.6318200"><ele>140.0</ele></trkpt>
            <trkpt lat="58.3038900" lon="14.6317800"><ele>140.0</ele></trkpt>
            <trkpt lat="58.3037900" lon="14.6317800"><ele>140.0</ele></trkpt>
            <trkpt lat="58.3037100" lon="14.6318400"><ele>140.0</ele></trkpt>
            <trkpt lat="58.3036300" lon="14.6319500"><ele>140.0</ele></trkpt>
            <trkpt lat="58.3035400" lon="14.6321600"><ele>140.0</ele></trkpt>
            <trkpt lat="58.3034200" lon="14.6323700"><ele>140.0</ele></trkpt>
            <trkpt lat="58.3033300" lon="14.6324600"><ele>140.0</ele></trkpt>
            <trkpt lat="58.3032100" lon="14.6325200"><ele>162.0</ele></trkpt>
            <trkpt lat="58.3031200" lon="14.6325300"><ele>162.0</ele></trkpt>
            <trkpt lat="58.3030200" lon="14.6325000"><ele>162.0</ele></trkpt>
            <trkpt lat="58.3030100" lon="14.6324900"><ele>162.0</ele></trkpt>
            <trkpt lat="58.3029100" lon="14.6324400"><ele>141.0</ele></trkpt>
            <trkpt lat="58.3026500" lon="14.6322300"><ele>141.0</ele></trkpt>
            <trkpt lat="58.3024900" lon="14.6321400"><ele>133.0</ele></trkpt>
            <trkpt lat="58.3023300" lon="14.6320900"><ele>133.0</ele></trkpt>
            <trkpt lat="58.3021500" lon="14.6321100"><ele>133.0</ele></trkpt>
            <trkpt lat="58.3019700" lon="14.6322000"><ele>133.0</ele></trkpt>
            <trkpt lat="58.3017300" lon="14.6323000"><ele>133.0</ele></trkpt>
            <trkpt lat="58.3015600" lon="14.6324200"><ele>112.0</ele></trkpt>
            <trkpt lat="58.3013000" lon="14.6325900"><ele>150.0</ele></trkpt>
            <trkpt lat="58.3011900" lon="14.6326600"><ele>150.0</ele></trkpt>
            <trkpt lat="58.3011100" lon="14.6328100"><ele>150.0</ele></trkpt>
            <trkpt lat="58.3010200" lon="14.6329900"><ele>150.0</ele></trkpt>
            <trkpt lat="58.3009100" lon="14.6332200"><ele>150.0</ele></trkpt>
            <trkpt lat="58.3008500" lon="14.6334300"><ele>150.0</ele></trkpt>
            <trkpt lat="58.3007500" lon="14.6335900"><ele>136.0</ele></trkpt>
            <trkpt lat="58.3006400" lon="14.6337000"><ele>136.0</ele></trkpt>
            <trkpt lat="58.3004200" lon="14.6338600"><ele>155.0</ele></trkpt>
            <trkpt lat="58.3002800" lon="14.6340000"><ele>155.0</ele></trkpt>
            <trkpt lat="58.3001300" lon="14.6341500"><ele>155.0</ele></trkpt>
            <trkpt lat="58.2996700" lon="14.6347500"><ele>144.0</ele></trkpt>
            <trkpt lat="58.2991100" lon="14.6355500"><ele>152.0</ele></trkpt>
            <trkpt lat="58.2986400" lon="14.6362400"><ele>163.0</ele></trkpt>
            <trkpt lat="58.2984200" lon="14.6367100"><ele>163.0</ele></trkpt>
            <trkpt lat="58.2981700" lon="14.6368700"><ele>154.0</ele></trkpt>
            <trkpt lat="58.2979500" lon="14.6370700"><ele>154.0</ele></trkpt>
            <trkpt lat="58.2976800" lon="14.6373800"><ele>154.0</ele></trkpt>
            <trkpt lat="58.2975100" lon="14.6376000"><ele>163.0</ele></trkpt>
            <trkpt lat="58.2973200" lon="14.6378500"><ele>157.0</ele></trkpt>
            <trkpt lat="58.2971300" lon="14.6381100"><ele>157.0</ele></trkpt>
            <trkpt lat="58.2968700" lon="14.6384900"><ele>157.0</ele></trkpt>
            <trkpt lat="58.2968000" lon="14.6386100"><ele>157.0</ele></trkpt>
            <trkpt lat="58.2966200" lon="14.6389400"><ele>151.0</ele></trkpt>
            <trkpt lat="58.2964500" lon="14.6392500"><ele>151.0</ele></trkpt>
            <trkpt lat="58.2963300" lon="14.6394300"><ele>151.0</ele></trkpt>
            <trkpt lat="58.2961500" lon="14.6396800"><ele>151.0</ele></trkpt>
            <trkpt lat="58.2960400" lon="14.6398200"><ele>151.0</ele></trkpt>
            <trkpt lat="58.2958900" lon="14.6401000"><ele>159.0</ele></trkpt>
            <trkpt lat="58.2958200" lon="14.6403700"><ele>144.0</ele></trkpt>
            <trkpt lat="58.2957800" lon="14.6406100"><ele>144.0</ele></trkpt>
            <trkpt lat="58.2957100" lon="14.6408900"><ele>144.0</ele></trkpt>
            <trkpt lat="58.2956400" lon="14.6411700"><ele>144.0</ele></trkpt>
            <trkpt lat="58.2955400" lon="14.6416300"><ele>143.0</ele></trkpt>
            <trkpt lat="58.2954800" lon="14.6420300"><ele>143.0</ele></trkpt>
            <trkpt lat="58.2954500" lon="14.6423500"><ele>143.0</ele></trkpt>
            <trkpt lat="58.2954600" lon="14.6425900"><ele>149.0</ele></trkpt>
            <trkpt lat="58.2954600" lon="14.6427000"><ele>149.0</ele></trkpt>
            <trkpt lat="58.2954800" lon="14.6428400"><ele>149.0</ele></trkpt>
            <trkpt lat="58.2955400" lon="14.6432000"><ele>149.0</ele></trkpt>
            <trkpt lat="58.2956100" lon="14.6435400"><ele>149.0</ele></trkpt>
            <trkpt lat="58.2957200" lon="14.6441000"><ele>141.0</ele></trkpt>
            <trkpt lat="58.2958000" lon="14.6445300"><ele>141.0</ele></trkpt>
            <trkpt lat="58.2958800" lon="14.6450900"><ele>165.0</ele></trkpt>
            <trkpt lat="58.2960000" lon="14.6458600"><ele>165.0</ele></trkpt>
            <trkpt lat="58.2960400" lon="14.6461600"><ele>165.0</ele></trkpt>
            <trkpt lat="58.2960600" lon="14.6463700"><ele>153.0</ele></trkpt>
            <trkpt lat="58.2960700" lon="14.6466000"><ele>153.0</ele></trkpt>
            <trkpt lat="58.2960600" lon="14.6469000"><ele>153.0</ele></trkpt>
            <trkpt lat="58.2960400" lon="14.6472200"><ele>153.0</ele></trkpt>
            <trkpt lat="58.2960200" lon="14.6475000"><ele>154.0</ele></trkpt>
            <trkpt lat="58.2960000" lon="14.6477600"><ele>154.0</ele></trkpt>
            <trkpt lat="58.2960000" lon="14.6479300"><ele>154.0</ele></trkpt>
            <trkpt lat="58.2959900" lon="14.6481500"><ele>154.0</ele></trkpt>
            <trkpt lat="58.2960200" lon="14.6486000"><ele>154.0</ele></trkpt>
            <trkpt lat="58.2960800" lon="14.6492600"><ele>157.0</ele></trkpt>
            <trkpt lat="58.2961300" lon="14.6497600"><ele>157.0</ele></trkpt>
            <trkpt lat="58.2961800" lon="14.6501300"><ele>149.0</ele></trkpt>
            <trkpt lat="58.2962400" lon="14.6504700"><ele>149.0</ele></trkpt>
            <trkpt lat="58.2963200" lon="14.6508200"><ele>149.0</ele></trkpt>
            <trkpt lat="58.2963800" lon="14.6512400"><ele>135.0</ele></trkpt>
            <trkpt lat="58.2964000" lon="14.6516100"><ele>135.0</ele></trkpt>
            <trkpt lat="58.2963800" lon="14.6518900"><ele>135.0</ele></trkpt>
            <trkpt lat="58.2963200" lon="14.6524000"><ele>135.0</ele></trkpt>
            <trkpt lat="58.2962400" lon="14.6527100"><ele>127.0</ele></trkpt>
            <trkpt lat="58.2960700" lon="14.6523900"><ele>135.0</ele></trkpt>
            <trkpt lat="58.2957800" lon="14.6519000"><ele>116.0</ele></trkpt>
            <trkpt lat="58.2955000" lon="14.6513700"><ele>116.0</ele></trkpt>
            <trkpt lat="58.2952000" lon="14.6508000"><ele>120.0</ele></trkpt>
            <trkpt lat="58.2949400" lon="14.6503000"><ele>111.0</ele></trkpt>
            <trkpt lat="58.2947700" lon="14.6500100"><ele>111.0</ele></trkpt>
            <trkpt lat="58.2946500" lon="14.6498300"><ele>113.0</ele></trkpt>
            <trkpt lat="58.2945200" lon="14.6496900"><ele>113.0</ele></trkpt>
            <trkpt lat="58.2944000" lon="14.6496000"><ele>113.0</ele></trkpt>
            <trkpt lat="58.2942300" lon="14.6495300"><ele>113.0</ele></trkpt>
            <trkpt lat="58.2940700" lon="14.6495000"><ele>108.0</ele></trkpt>
            <trkpt lat="58.2937600" lon="14.6494600"><ele>108.0</ele></trkpt>
            <trkpt lat="58.2932200" lon="14.6493800"><ele>106.0</ele></trkpt>
            <trkpt lat="58.2926500" lon="14.6492800"><ele>106.0</ele></trkpt>
            <trkpt lat="58.2920200" lon="14.6491700"><ele>105.0</ele></trkpt>
            <trkpt lat="58.2917600" lon="14.6491300"><ele>105.0</ele></trkpt>
            <trkpt lat="58.2908100" lon="14.6489800"><ele>102.0</ele></trkpt>
            <trkpt lat="58.2904700" lon="14.6489300"><ele>102.0</ele></trkpt>
            <trkpt lat="58.2899800" lon="14.6488800"><ele>99.0</ele></trkpt>
            <trkpt lat="58.2893700" lon="14.6488000"><ele>99.0</ele></trkpt>
            <trkpt lat="58.2886000" lon="14.6486900"><ele>97.0</ele></trkpt>
            <trkpt lat="58.2883600" lon="14.6486500"><ele>97.0</ele></trkpt>
            <trkpt lat="58.2882400" lon="14.6486400"><ele>98.0</ele></trkpt>
            <trkpt lat="58.2881500" lon="14.6486500"><ele>98.0</ele></trkpt>
            <trkpt lat="58.2880600" lon="14.6486900"><ele>98.0</ele></trkpt>
            <trkpt lat="58.2879800" lon="14.6487700"><ele>97.0</ele></trkpt>
            <trkpt lat="58.2878900" lon="14.6489000"><ele>97.0</ele></trkpt>
            <trkpt lat="58.2875700" lon="14.6494500"><ele>97.0</ele></trkpt>
            <trkpt lat="58.2873500" lon="14.6498200"><ele>100.0</ele></trkpt>
            <trkpt lat="58.2873500" lon="14.6498190"><ele>100.0</ele></trkpt>
            <trkpt lat="58.2873500" lon="14.6498200"><ele>100.0</ele></trkpt>
            <trkpt lat="58.2872900" lon="14.6497100"><ele>100.0</ele></trkpt>
            <trkpt lat="58.2872300" lon="14.6496100"><ele>100.0</ele></trkpt>
            <trkpt lat="58.2871600" lon="14.6495400"><ele>100.0</ele></trkpt>
            <trkpt lat="58.2870700" lon="14.6495100"><ele>100.0</ele></trkpt>
            <trkpt lat="58.2867000" lon="14.6494100"><ele>100.0</ele></trkpt>
            <trkpt lat="58.2864000" lon="14.6493500"><ele>98.0</ele></trkpt>
            <trkpt lat="58.2861100" lon="14.6493100"><ele>98.0</ele></trkpt>
            <trkpt lat="58.2860600" lon="14.6493000"><ele>98.0</ele></trkpt>
            <trkpt lat="58.2857200" lon="14.6492200"><ele>99.0</ele></trkpt>
            <trkpt lat="58.2855700" lon="14.6491600"><ele>99.0</ele></trkpt>
            <trkpt lat="58.2854300" lon="14.6491300"><ele>99.0</ele></trkpt>
            <trkpt lat="58.2852200" lon="14.6490400"><ele>99.0</ele></trkpt>
            <trkpt lat="58.2847100" lon="14.6488500"><ele>98.0</ele></trkpt>
            <trkpt lat="58.2845400" lon="14.6487800"><ele>98.0</ele></trkpt>
            <trkpt lat="58.2840300" lon="14.6486100"><ele>98.0</ele></trkpt>
            <trkpt lat="58.2835600" lon="14.6484600"><ele>98.0</ele></trkpt>
            <trkpt lat="58.2830900" lon="14.6483400"><ele>100.0</ele></trkpt>
            <trkpt lat="58.2830900" lon="14.6483390"><ele>100.0</ele></trkpt>
            <trkpt lat="58.2830900" lon="14.6483400"><ele>100.0</ele></trkpt>
            <trkpt lat="58.2828300" lon="14.6483000"><ele>100.0</ele></trkpt>
            <trkpt lat="58.2827400" lon="14.6482800"><ele>100.0</ele></trkpt>
            <trkpt lat="58.2824600" lon="14.6482300"><ele>100.0</ele></trkpt>
            <trkpt lat="58.2823200" lon="14.6482100"><ele>100.0</ele></trkpt>
            <trkpt lat="58.2821200" lon="14.6481700"><ele>100.0</ele></trkpt>
            <trkpt lat="58.2817700" lon="14.6481100"><ele>100.0</ele></trkpt>
            <trkpt lat="58.2813700" lon="14.6481000"><ele>100.0</ele></trkpt>
            <trkpt lat="58.2810100" lon="14.6481400"><ele>100.0</ele></trkpt>
            <trkpt lat="58.2806600" lon="14.6482100"><ele>99.0</ele></trkpt>
            <trkpt lat="58.2800300" lon="14.6484000"><ele>99.0</ele></trkpt>
            <trkpt lat="58.2795300" lon="14.6486300"><ele>100.0</ele></trkpt>
            <trkpt lat="58.2792200" lon="14.6487700"><ele>101.0</ele></trkpt>
            <trkpt lat="58.2791400" lon="14.6488100"><ele>102.0</ele></trkpt>
            <trkpt lat="58.2789200" lon="14.6488500"><ele>102.0</ele></trkpt>
            <trkpt lat="58.2788800" lon="14.6488500"><ele>102.0</ele></trkpt>
            <trkpt lat="58.2786000" lon="14.6489000"><ele>102.0</ele></trkpt>
            <trkpt lat="58.2784400" lon="14.6489100"><ele>102.0</ele></trkpt>
            <trkpt lat="58.2783000" lon="14.6489500"><ele>102.0</ele></trkpt>
            <trkpt lat="58.2782100" lon="14.6490000"><ele>102.0</ele></trkpt>
            <trkpt lat="58.2782000" lon="14.6490100"><ele>102.0</ele></trkpt>
            <trkpt lat="58.2782000" lon="14.6490090"><ele>102.0</ele></trkpt>
            <trkpt lat="58.2782000" lon="14.6490100"><ele>102.0</ele></trkpt>
            <trkpt lat="58.2782200" lon="14.6492600"><ele>102.0</ele></trkpt>
            <trkpt lat="58.2776700" lon="14.6492900"><ele>102.0</ele></trkpt>
            <trkpt lat="58.2774200" lon="14.6493000"><ele>103.0</ele></trkpt>
            <trkpt lat="58.2770900" lon="14.6493300"><ele>103.0</ele></trkpt>
            <trkpt lat="58.2765300" lon="14.6493500"><ele>103.0</ele></trkpt>
            <trkpt lat="58.2763600" lon="14.6493600"><ele>103.0</ele></trkpt>
            <trkpt lat="58.2759800" lon="14.6493500"><ele>103.0</ele></trkpt>
            <trkpt lat="58.2758800" lon="14.6494000"><ele>103.0</ele></trkpt>
            <trkpt lat="58.2756400" lon="14.6494000"><ele>103.0</ele></trkpt>
            <trkpt lat="58.2750100" lon="14.6493700"><ele>103.0</ele></trkpt>
            <trkpt lat="58.2744800" lon="14.6493400"><ele>104.0</ele></trkpt>
            <trkpt lat="58.2740500" lon="14.6493000"><ele>105.0</ele></trkpt>
            <trkpt lat="58.2736400" lon="14.6492500"><ele>105.0</ele></trkpt>
            <trkpt lat="58.2736400" lon="14.6492490"><ele>105.0</ele></trkpt>
            <trkpt lat="58.2736400" lon="14.6492500"><ele>105.0</ele></trkpt>
            <trkpt lat="58.2733500" lon="14.6492200"><ele>105.0</ele></trkpt>
            <trkpt lat="58.2727700" lon="14.6491300"><ele>107.0</ele></trkpt>
            <trkpt lat="58.2723400" lon="14.6490500"><ele>108.0</ele></trkpt>
            <trkpt lat="58.2719100" lon="14.6489600"><ele>108.0</ele></trkpt>
            <trkpt lat="58.2712900" lon="14.6488300"><ele>107.0</ele></trkpt>
            <trkpt lat="58.2704300" lon="14.6486400"><ele>108.0</ele></trkpt>
            <trkpt lat="58.2697000" lon="14.6484700"><ele>107.0</ele></trkpt>
            <trkpt lat="58.2689400" lon="14.6483300"><ele>107.0</ele></trkpt>
            <trkpt lat="58.2683900" lon="14.6482400"><ele>107.0</ele></trkpt>
            <trkpt lat="58.2678800" lon="14.6481700"><ele>107.0</ele></trkpt>
            <trkpt lat="58.2671300" lon="14.6481000"><ele>108.0</ele></trkpt>
            <trkpt lat="58.2665200" lon="14.6480600"><ele>109.0</ele></trkpt>
            <trkpt lat="58.2659500" lon="14.6480400"><ele>109.0</ele></trkpt>
            <trkpt lat="58.2657200" lon="14.6480400"><ele>109.0</ele></trkpt>
            <trkpt lat="58.2652100" lon="14.6480500"><ele>109.0</ele></trkpt>
            <trkpt lat="58.2649300" lon="14.6480600"><ele>111.0</ele></trkpt>
            <trkpt lat="58.2648800" lon="14.6480600"><ele>111.0</ele></trkpt>
            <trkpt lat="58.2648800" lon="14.6480590"><ele>111.0</ele></trkpt>
            <trkpt lat="58.2648800" lon="14.6480600"><ele>111.0</ele></trkpt>
            <trkpt lat="58.2648500" lon="14.6480400"><ele>111.0</ele></trkpt>
            <trkpt lat="58.2648000" lon="14.6480300"><ele>111.0</ele></trkpt>
            <trkpt lat="58.2647200" lon="14.6480300"><ele>111.0</ele></trkpt>
            <trkpt lat="58.2645700" lon="14.6480400"><ele>111.0</ele></trkpt>
            <trkpt lat="58.2642500" lon="14.6480700"><ele>111.0</ele></trkpt>
            <trkpt lat="58.2637300" lon="14.6480900"><ele>111.0</ele></trkpt>
            <trkpt lat="58.2630800" lon="14.6481800"><ele>110.0</ele></trkpt>
            <trkpt lat="58.2626000" lon="14.6482600"><ele>110.0</ele></trkpt>
            <trkpt lat="58.2621700" lon="14.6483400"><ele>112.0</ele></trkpt>
            <trkpt lat="58.2618700" lon="14.6483800"><ele>112.0</ele></trkpt>
            <trkpt lat="58.2613500" lon="14.6485000"><ele>114.0</ele></trkpt>
            <trkpt lat="58.2606300" lon="14.6486900"><ele>115.0</ele></trkpt>
            <trkpt lat="58.2600900" lon="14.6488300"><ele>115.0</ele></trkpt>
            <trkpt lat="58.2596600" lon="14.6489600"><ele>116.0</ele></trkpt>
            <trkpt lat="58.2587200" lon="14.6492700"><ele>117.0</ele></trkpt>
            <trkpt lat="58.2582900" lon="14.6494300"><ele>118.0</ele></trkpt>
            <trkpt lat="58.2580300" lon="14.6495300"><ele>118.0</ele></trkpt>
            <trkpt lat="58.2575900" lon="14.6496900"><ele>118.0</ele></trkpt>
            <trkpt lat="58.2574900" lon="14.6497200"><ele>119.0</ele></trkpt>
            <trkpt lat="58.2569300" lon="14.6499400"><ele>119.0</ele></trkpt>
            <trkpt lat="58.2560900" lon="14.6502500"><ele>118.0</ele></trkpt>
            <trkpt lat="58.2552500" lon="14.6505600"><ele>119.0</ele></trkpt>
            <trkpt lat="58.2547300" lon="14.6507500"><ele>119.0</ele></trkpt>
            <trkpt lat="58.2543100" lon="14.6508900"><ele>119.0</ele></trkpt>
            <trkpt lat="58.2542100" lon="14.6509300"><ele>119.0</ele></trkpt>
            <trkpt lat="58.2538600" lon="14.6510400"><ele>120.0</ele></trkpt>
            <trkpt lat="58.2537600" lon="14.6510700"><ele>120.0</ele></trkpt>
            <trkpt lat="58.2529500" lon="14.6514100"><ele>123.0</ele></trkpt>
            <trkpt lat="58.2524500" lon="14.6516700"><ele>123.0</ele></trkpt>
            <trkpt lat="58.2519400" lon="14.6520200"><ele>123.0</ele></trkpt>
            <trkpt lat="58.2514500" lon="14.6523900"><ele>124.0</ele></trkpt>
            <trkpt lat="58.2510700" lon="14.6527300"><ele>124.0</ele></trkpt>
            <trkpt lat="58.2506800" lon="14.6531200"><ele>125.0</ele></trkpt>
            <trkpt lat="58.2500500" lon="14.6538600"><ele>125.0</ele></trkpt>
            <trkpt lat="58.2493100" lon="14.6547100"><ele>126.0</ele></trkpt>
            <trkpt lat="58.2485800" lon="14.6555900"><ele>126.0</ele></trkpt>
            <trkpt lat="58.2481300" lon="14.6561300"><ele>125.0</ele></trkpt>
            <trkpt lat="58.2478200" lon="14.6564700"><ele>126.0</ele></trkpt>
            <trkpt lat="58.2475700" lon="14.6567600"><ele>126.0</ele></trkpt>
            <trkpt lat="58.2467400" lon="14.6576200"><ele>127.0</ele></trkpt>
            <trkpt lat="58.2466600" lon="14.6577000"><ele>127.0</ele></trkpt>
            <trkpt lat="58.2456000" lon="14.6587600"><ele>129.0</ele></trkpt>
            <trkpt lat="58.2452900" lon="14.6590600"><ele>129.0</ele></trkpt>
            <trkpt lat="58.2450100" lon="14.6593100"><ele>129.0</ele></trkpt>
            <trkpt lat="58.2446500" lon="14.6596400"><ele>129.0</ele></trkpt>
            <trkpt lat="58.2445700" lon="14.6597000"><ele>129.0</ele></trkpt>
            <trkpt lat="58.2445300" lon="14.6597400"><ele>129.0</ele></trkpt>
            <trkpt lat="58.2437600" lon="14.6604100"><ele>132.0</ele></trkpt>
            <trkpt lat="58.2433600" lon="14.6607700"><ele>132.0</ele></trkpt>
            <trkpt lat="58.2428900" lon="14.6611800"><ele>133.0</ele></trkpt>
            <trkpt lat="58.2428000" lon="14.6612600"><ele>132.0</ele></trkpt>
            <trkpt lat="58.2421000" lon="14.6618300"><ele>135.0</ele></trkpt>
            <trkpt lat="58.2417800" lon="14.6621100"><ele>135.0</ele></trkpt>
            <trkpt lat="58.2414400" lon="14.6624500"><ele>138.0</ele></trkpt>
            <trkpt lat="58.2413900" lon="14.6625000"><ele>136.0</ele></trkpt>
            <trkpt lat="58.2409900" lon="14.6628900"><ele>136.0</ele></trkpt>
            <trkpt lat="58.2409600" lon="14.6629200"><ele>136.0</ele></trkpt>
            <trkpt lat="58.2408800" lon="14.6630100"><ele>136.0</ele></trkpt>
            <trkpt lat="58.2404900" lon="14.6634500"><ele>136.0</ele></trkpt>
            <trkpt lat="58.2400400" lon="14.6639500"><ele>138.0</ele></trkpt>
            <trkpt lat="58.2397600" lon="14.6642800"><ele>138.0</ele></trkpt>
            <trkpt lat="58.2393900" lon="14.6647200"><ele>138.0</ele></trkpt>
            <trkpt lat="58.2391300" lon="14.6650500"><ele>139.0</ele></trkpt>
            <trkpt lat="58.2389300" lon="14.6653100"><ele>139.0</ele></trkpt>
            <trkpt lat="58.2387800" lon="14.6655300"><ele>139.0</ele></trkpt>
            <trkpt lat="58.2387800" lon="14.6655290"><ele>139.0</ele></trkpt>
            <trkpt lat="58.2387800" lon="14.6655300"><ele>139.0</ele></trkpt>
            <trkpt lat="58.2385500" lon="14.6649400"><ele>138.0</ele></trkpt>
            <trkpt lat="58.2384500" lon="14.6646800"><ele>138.0</ele></trkpt>
            <trkpt lat="58.2383900" lon="14.6645000"><ele>138.0</ele></trkpt>
            <trkpt lat="58.2382600" lon="14.6641400"><ele>139.0</ele></trkpt>
            <trkpt lat="58.2381700" lon="14.6638400"><ele>139.0</ele></trkpt>
            <trkpt lat="58.2380200" lon="14.6632900"><ele>137.0</ele></trkpt>
            <trkpt lat="58.2380200" lon="14.6632890"><ele>137.0</ele></trkpt>
            <trkpt lat="58.2380200" lon="14.6632900"><ele>137.0</ele></trkpt>
            <trkpt lat="58.2379300" lon="14.6629300"><ele>137.0</ele></trkpt>
            <trkpt lat="58.2376300" lon="14.6617100"><ele>138.0</ele></trkpt>
            <trkpt lat="58.2374100" lon="14.6607600"><ele>139.0</ele></trkpt>
            <trkpt lat="58.2372700" lon="14.6602400"><ele>139.0</ele></trkpt>
            <trkpt lat="58.2369700" lon="14.6592400"><ele>137.0</ele></trkpt>
            <trkpt lat="58.2366800" lon="14.6582800"><ele>133.0</ele></trkpt>
            <trkpt lat="58.2364300" lon="14.6575200"><ele>135.0</ele></trkpt>
            <trkpt lat="58.2362400" lon="14.6570300"><ele>131.0</ele></trkpt>
            <trkpt lat="58.2359700" lon="14.6564000"><ele>131.0</ele></trkpt>
            <trkpt lat="58.2357400" lon="14.6558800"><ele>130.0</ele></trkpt>
            <trkpt lat="58.2351700" lon="14.6545600"><ele>129.0</ele></trkpt>
            <trkpt lat="58.2349800" lon="14.6540900"><ele>130.0</ele></trkpt>
            <trkpt lat="58.2348800" lon="14.6538200"><ele>130.0</ele></trkpt>
            <trkpt lat="58.2348100" lon="14.6536100"><ele>129.0</ele></trkpt>
            <trkpt lat="58.2345900" lon="14.6529100"><ele>129.0</ele></trkpt>
            <trkpt lat="58.2345900" lon="14.6528900"><ele>129.0</ele></trkpt>
            <trkpt lat="58.2342000" lon="14.6516500"><ele>128.0</ele></trkpt>
            <trkpt lat="58.2340400" lon="14.6511100"><ele>130.0</ele></trkpt>
            <trkpt lat="58.2339600" lon="14.6508500"><ele>130.0</ele></trkpt>
            <trkpt lat="58.2338500" lon="14.6504700"><ele>130.0</ele></trkpt>
            <trkpt lat="58.2337100" lon="14.6500000"><ele>130.0</ele></trkpt>
            <trkpt lat="58.2334800" lon="14.6493900"><ele>129.0</ele></trkpt>
            <trkpt lat="58.2332900" lon="14.6489000"><ele>130.0</ele></trkpt>
            <trkpt lat="58.2332200" lon="14.6486700"><ele>130.0</ele></trkpt>
            <trkpt lat="58.2331600" lon="14.6483300"><ele>130.0</ele></trkpt>
            <trkpt lat="58.2331400" lon="14.6480100"><ele>130.0</ele></trkpt>
            <trkpt lat="58.2331300" lon="14.6479200"><ele>130.0</ele></trkpt>
            <trkpt lat="58.2331300" lon="14.6473000"><ele>128.0</ele></trkpt>
            <trkpt lat="58.2331300" lon="14.6467000"><ele>128.0</ele></trkpt>
            <trkpt lat="58.2331300" lon="14.6462900"><ele>128.0</ele></trkpt>
            <trkpt lat="58.2331100" lon="14.6460100"><ele>128.0</ele></trkpt>
            <trkpt lat="58.2330900" lon="14.6457900"><ele>128.0</ele></trkpt>
            <trkpt lat="58.2330200" lon="14.6454100"><ele>128.0</ele></trkpt>
            <trkpt lat="58.2328900" lon="14.6449700"><ele>128.0</ele></trkpt>
            <trkpt lat="58.2326300" lon="14.6443600"><ele>128.0</ele></trkpt>
            <trkpt lat="58.2322700" lon="14.6435400"><ele>132.0</ele></trkpt>
            <trkpt lat="58.2317800" lon="14.6423900"><ele>129.0</ele></trkpt>
            <trkpt lat="58.2309700" lon="14.6404900"><ele>129.0</ele></trkpt>
            <trkpt lat="58.2302200" lon="14.6388800"><ele>129.0</ele></trkpt>
            <trkpt lat="58.2296700" lon="14.6377000"><ele>134.0</ele></trkpt>
            <trkpt lat="58.2293900" lon="14.6370700"><ele>131.0</ele></trkpt>
            <trkpt lat="58.2293100" lon="14.6369200"><ele>131.0</ele></trkpt>
            <trkpt lat="58.2291200" lon="14.6371900"><ele>132.0</ele></trkpt>
            <trkpt lat="58.2288400" lon="14.6376300"><ele>134.0</ele></trkpt>
            <trkpt lat="58.2283400" lon="14.6382700"><ele>134.0</ele></trkpt>
            <trkpt lat="58.2279600" lon="14.6387400"><ele>136.0</ele></trkpt>
            <trkpt lat="58.2272300" lon="14.6395500"><ele>137.0</ele></trkpt>
            <trkpt lat="58.2272300" lon="14.6395490"><ele>137.0</ele></trkpt>
            <trkpt lat="58.2272300" lon="14.6395500"><ele>137.0</ele></trkpt>
            <trkpt lat="58.2270500" lon="14.6389100"><ele>137.0</ele></trkpt>
            <trkpt lat="58.2268200" lon="14.6380800"><ele>137.0</ele></trkpt>
            <trkpt lat="58.2264500" lon="14.6367800"><ele>135.0</ele></trkpt>
            <trkpt lat="58.2261000" lon="14.6354900"><ele>134.0</ele></trkpt>
            <trkpt lat="58.2260500" lon="14.6353300"><ele>134.0</ele></trkpt>
            <trkpt lat="58.2259900" lon="14.6351400"><ele>134.0</ele></trkpt>
            <trkpt lat="58.2258500" lon="14.6346700"><ele>132.0</ele></trkpt>
            <trkpt lat="58.2257100" lon="14.6341900"><ele>131.0</ele></trkpt>
            <trkpt lat="58.2256000" lon="14.6338500"><ele>131.0</ele></trkpt>
            <trkpt lat="58.2254900" lon="14.6335600"><ele>131.0</ele></trkpt>
            <trkpt lat="58.2253800" lon="14.6333400"><ele>131.0</ele></trkpt>
            <trkpt lat="58.2252400" lon="14.6330700"><ele>131.0</ele></trkpt>
            <trkpt lat="58.2250700" lon="14.6327700"><ele>131.0</ele></trkpt>
            <trkpt lat="58.2248300" lon="14.6324400"><ele>132.0</ele></trkpt>
            <trkpt lat="58.2245900" lon="14.6321800"><ele>132.0</ele></trkpt>
            <trkpt lat="58.2244500" lon="14.6320300"><ele>132.0</ele></trkpt>
            <trkpt lat="58.2243100" lon="14.6318800"><ele>132.0</ele></trkpt>
            <trkpt lat="58.2241800" lon="14.6317500"><ele>132.0</ele></trkpt>
            <trkpt lat="58.2238700" lon="14.6314400"><ele>133.0</ele></trkpt>
            <trkpt lat="58.2233600" lon="14.6309300"><ele>134.0</ele></trkpt>
            <trkpt lat="58.2230500" lon="14.6306000"><ele>135.0</ele></trkpt>
            <trkpt lat="58.2229500" lon="14.6305000"><ele>135.0</ele></trkpt>
            <trkpt lat="58.2224700" lon="14.6300000"><ele>136.0</ele></trkpt>
            <trkpt lat="58.2222300" lon="14.6297400"><ele>133.0</ele></trkpt>
            <trkpt lat="58.2220200" lon="14.6295200"><ele>133.0</ele></trkpt>
            <trkpt lat="58.2215600" lon="14.6290500"><ele>134.0</ele></trkpt>
            <trkpt lat="58.2211100" lon="14.6286000"><ele>133.0</ele></trkpt>
            <trkpt lat="58.2207600" lon="14.6282800"><ele>134.0</ele></trkpt>
            <trkpt lat="58.2205100" lon="14.6280800"><ele>134.0</ele></trkpt>
            <trkpt lat="58.2202500" lon="14.6279100"><ele>134.0</ele></trkpt>
            <trkpt lat="58.2198700" lon="14.6277100"><ele>136.0</ele></trkpt>
            <trkpt lat="58.2193000" lon="14.6274400"><ele>135.0</ele></trkpt>
            <trkpt lat="58.2190000" lon="14.6272800"><ele>136.0</ele></trkpt>
            <trkpt lat="58.2186700" lon="14.6271200"><ele>136.0</ele></trkpt>
            <trkpt lat="58.2183200" lon="14.6269300"><ele>136.0</ele></trkpt>
            <trkpt lat="58.2179400" lon="14.6266700"><ele>136.0</ele></trkpt>
            <trkpt lat="58.2175800" lon="14.6264100"><ele>136.0</ele></trkpt>
            <trkpt lat="58.2172200" lon="14.6261200"><ele>135.0</ele></trkpt>
            <trkpt lat="58.2168500" lon="14.6257600"><ele>135.0</ele></trkpt>
            <trkpt lat="58.2165700" lon="14.6254600"><ele>137.0</ele></trkpt>
            <trkpt lat="58.2163600" lon="14.6252500"><ele>137.0</ele></trkpt>
            <trkpt lat="58.2160500" lon="14.6248700"><ele>135.0</ele></trkpt>
            <trkpt lat="58.2158100" lon="14.6245500"><ele>137.0</ele></trkpt>
            <trkpt lat="58.2155300" lon="14.6241700"><ele>137.0</ele></trkpt>
            <trkpt lat="58.2152100" lon="14.6237300"><ele>136.0</ele></trkpt>
            <trkpt lat="58.2149800" lon="14.6234000"><ele>140.0</ele></trkpt>
            <trkpt lat="58.2148800" lon="14.6232700"><ele>140.0</ele></trkpt>
            <trkpt lat="58.2147000" lon="14.6230300"><ele>140.0</ele></trkpt>
            <trkpt lat="58.2145000" lon="14.6227400"><ele>140.0</ele></trkpt>
            <trkpt lat="58.2142200" lon="14.6223800"><ele>139.0</ele></trkpt>
            <trkpt lat="58.2140400" lon="14.6221600"><ele>144.0</ele></trkpt>
            <trkpt lat="58.2138400" lon="14.6219400"><ele>144.0</ele></trkpt>
            <trkpt lat="58.2135900" lon="14.6217000"><ele>144.0</ele></trkpt>
            <trkpt lat="58.2132800" lon="14.6214400"><ele>143.0</ele></trkpt>
            <trkpt lat="58.2131100" lon="14.6213100"><ele>143.0</ele></trkpt>
            <trkpt lat="58.2130500" lon="14.6212600"><ele>143.0</ele></trkpt>
            <trkpt lat="58.2128100" lon="14.6210800"><ele>139.0</ele></trkpt>
            <trkpt lat="58.2126100" lon="14.6209200"><ele>139.0</ele></trkpt>
            <trkpt lat="58.2124000" lon="14.6207600"><ele>140.0</ele></trkpt>
            <trkpt lat="58.2121600" lon="14.6205800"><ele>140.0</ele></trkpt>
            <trkpt lat="58.2118400" lon="14.6203400"><ele>140.0</ele></trkpt>
            <trkpt lat="58.2116000" lon="14.6201500"><ele>141.0</ele></trkpt>
            <trkpt lat="58.2113700" lon="14.6199700"><ele>141.0</ele></trkpt>
            <trkpt lat="58.2110600" lon="14.6197400"><ele>141.0</ele></trkpt>
            <trkpt lat="58.2107600" lon="14.6195100"><ele>141.0</ele></trkpt>
            <trkpt lat="58.2104500" lon="14.6192800"><ele>141.0</ele></trkpt>
            <trkpt lat="58.2101700" lon="14.6190500"><ele>141.0</ele></trkpt>
            <trkpt lat="58.2099500" lon="14.6188900"><ele>144.0</ele></trkpt>
            <trkpt lat="58.2097500" lon="14.6187300"><ele>142.0</ele></trkpt>
            <trkpt lat="58.2094700" lon="14.6185200"><ele>142.0</ele></trkpt>
            <trkpt lat="58.2092500" lon="14.6183500"><ele>142.0</ele></trkpt>
            <trkpt lat="58.2087600" lon="14.6179700"><ele>147.0</ele></trkpt>
            <trkpt lat="58.2083500" lon="14.6176600"><ele>147.0</ele></trkpt>
            <trkpt lat="58.2079500" lon="14.6173500"><ele>152.0</ele></trkpt>
            <trkpt lat="58.2077000" lon="14.6171600"><ele>152.0</ele></trkpt>
            <trkpt lat="58.2074500" lon="14.6169700"><ele>150.0</ele></trkpt>
            <trkpt lat="58.2069600" lon="14.6165900"><ele>150.0</ele></trkpt>
            <trkpt lat="58.2067700" lon="14.6164400"><ele>150.0</ele></trkpt>
            <trkpt lat="58.2065600" lon="14.6162800"><ele>148.0</ele></trkpt>
            <trkpt lat="58.2063500" lon="14.6161300"><ele>148.0</ele></trkpt>
            <trkpt lat="58.2061400" lon="14.6159600"><ele>148.0</ele></trkpt>
            <trkpt lat="58.2060400" lon="14.6158900"><ele>148.0</ele></trkpt>
            <trkpt lat="58.2058000" lon="14.6157000"><ele>148.0</ele></trkpt>
            <trkpt lat="58.2055700" lon="14.6155200"><ele>148.0</ele></trkpt>
            <trkpt lat="58.2052400" lon="14.6152700"><ele>148.0</ele></trkpt>
            <trkpt lat="58.2050400" lon="14.6151200"><ele>148.0</ele></trkpt>
            <trkpt lat="58.2046400" lon="14.6148100"><ele>148.0</ele></trkpt>
            <trkpt lat="58.2043500" lon="14.6145900"><ele>148.0</ele></trkpt>
            <trkpt lat="58.2040600" lon="14.6143700"><ele>149.0</ele></trkpt>
            <trkpt lat="58.2038400" lon="14.6142100"><ele>149.0</ele></trkpt>
            <trkpt lat="58.2035000" lon="14.6139800"><ele>149.0</ele></trkpt>
            <trkpt lat="58.2032700" lon="14.6138400"><ele>152.0</ele></trkpt>
            <trkpt lat="58.2029900" lon="14.6136900"><ele>153.0</ele></trkpt>
            <trkpt lat="58.2027600" lon="14.6135800"><ele>153.0</ele></trkpt>
            <trkpt lat="58.2024400" lon="14.6134500"><ele>150.0</ele></trkpt>
            <trkpt lat="58.2021700" lon="14.6133600"><ele>150.0</ele></trkpt>
            <trkpt lat="58.2019700" lon="14.6133100"><ele>150.0</ele></trkpt>
            <trkpt lat="58.2016500" lon="14.6132400"><ele>150.0</ele></trkpt>
            <trkpt lat="58.2009800" lon="14.6131100"><ele>150.0</ele></trkpt>
            <trkpt lat="58.2003500" lon="14.6130100"><ele>149.0</ele></trkpt>
            <trkpt lat="58.2000600" lon="14.6129500"><ele>149.0</ele></trkpt>
            <trkpt lat="58.1998500" lon="14.6128900"><ele>153.0</ele></trkpt>
            <trkpt lat="58.1995500" lon="14.6127600"><ele>153.0</ele></trkpt>
            <trkpt lat="58.1992900" lon="14.6126100"><ele>153.0</ele></trkpt>
            <trkpt lat="58.1991200" lon="14.6124900"><ele>158.0</ele></trkpt>
            <trkpt lat="58.1987900" lon="14.6122200"><ele>158.0</ele></trkpt>
            <trkpt lat="58.1985000" lon="14.6119500"><ele>158.0</ele></trkpt>
            <trkpt lat="58.1982800" lon="14.6117300"><ele>153.0</ele></trkpt>
            <trkpt lat="58.1980400" lon="14.6114300"><ele>153.0</ele></trkpt>
            <trkpt lat="58.1978400" lon="14.6111300"><ele>157.0</ele></trkpt>
            <trkpt lat="58.1978100" lon="14.6111000"><ele>157.0</ele></trkpt>
            <trkpt lat="58.1976700" lon="14.6108500"><ele>157.0</ele></trkpt>
            <trkpt lat="58.1975500" lon="14.6106300"><ele>157.0</ele></trkpt>
            <trkpt lat="58.1974400" lon="14.6104200"><ele>151.0</ele></trkpt>
            <trkpt lat="58.1973500" lon="14.6102200"><ele>151.0</ele></trkpt>
            <trkpt lat="58.1972200" lon="14.6099400"><ele>149.0</ele></trkpt>
            <trkpt lat="58.1969500" lon="14.6093400"><ele>149.0</ele></trkpt>
            <trkpt lat="58.1968500" lon="14.6091000"><ele>149.0</ele></trkpt>
            <trkpt lat="58.1966500" lon="14.6086700"><ele>148.0</ele></trkpt>
            <trkpt lat="58.1962800" lon="14.6078300"><ele>148.0</ele></trkpt>
            <trkpt lat="58.1962600" lon="14.6078000"><ele>148.0</ele></trkpt>
            <trkpt lat="58.1961800" lon="14.6076200"><ele>148.0</ele></trkpt>
            <trkpt lat="58.1960300" lon="14.6073200"><ele>150.0</ele></trkpt>
            <trkpt lat="58.1958900" lon="14.6070500"><ele>150.0</ele></trkpt>
            <trkpt lat="58.1957600" lon="14.6068300"><ele>152.0</ele></trkpt>
            <trkpt lat="58.1956400" lon="14.6066500"><ele>152.0</ele></trkpt>
            <trkpt lat="58.1955000" lon="14.6064600"><ele>152.0</ele></trkpt>
            <trkpt lat="58.1953600" lon="14.6062700"><ele>152.0</ele></trkpt>
            <trkpt lat="58.1952300" lon="14.6061100"><ele>154.0</ele></trkpt>
            <trkpt lat="58.1950800" lon="14.6059500"><ele>154.0</ele></trkpt>
            <trkpt lat="58.1949400" lon="14.6058000"><ele>150.0</ele></trkpt>
            <trkpt lat="58.1948100" lon="14.6056800"><ele>150.0</ele></trkpt>
            <trkpt lat="58.1946500" lon="14.6055200"><ele>150.0</ele></trkpt>
            <trkpt lat="58.1942000" lon="14.6051000"><ele>150.0</ele></trkpt>
            <trkpt lat="58.1940700" lon="14.6049900"><ele>148.0</ele></trkpt>
            <trkpt lat="58.1938800" lon="14.6047900"><ele>152.0</ele></trkpt>
            <trkpt lat="58.1937100" lon="14.6046000"><ele>152.0</ele></trkpt>
            <trkpt lat="58.1935200" lon="14.6043700"><ele>152.0</ele></trkpt>
            <trkpt lat="58.1933500" lon="14.6041400"><ele>152.0</ele></trkpt>
            <trkpt lat="58.1932100" lon="14.6039400"><ele>152.0</ele></trkpt>
            <trkpt lat="58.1930800" lon="14.6037400"><ele>152.0</ele></trkpt>
            <trkpt lat="58.1930100" lon="14.6036100"><ele>154.0</ele></trkpt>
            <trkpt lat="58.1928600" lon="14.6033400"><ele>154.0</ele></trkpt>
            <trkpt lat="58.1927300" lon="14.6030900"><ele>154.0</ele></trkpt>
            <trkpt lat="58.1925300" lon="14.6026900"><ele>154.0</ele></trkpt>
            <trkpt lat="58.1922800" lon="14.6021700"><ele>150.0</ele></trkpt>
            <trkpt lat="58.1920600" lon="14.6016900"><ele>150.0</ele></trkpt>
            <trkpt lat="58.1917500" lon="14.6010600"><ele>149.0</ele></trkpt>
            <trkpt lat="58.1915500" lon="14.6006400"><ele>149.0</ele></trkpt>
            <trkpt lat="58.1915200" lon="14.6005700"><ele>149.0</ele></trkpt>
            <trkpt lat="58.1913000" lon="14.6001100"><ele>149.0</ele></trkpt>
            <trkpt lat="58.1910700" lon="14.5996300"><ele>151.0</ele></trkpt>
            <trkpt lat="58.1908000" lon="14.5990600"><ele>150.0</ele></trkpt>
            <trkpt lat="58.1905200" lon="14.5984800"><ele>154.0</ele></trkpt>
            <trkpt lat="58.1904400" lon="14.5983000"><ele>154.0</ele></trkpt>
            <trkpt lat="58.1900800" lon="14.5975600"><ele>154.0</ele></trkpt>
            <trkpt lat="58.1897200" lon="14.5968000"><ele>157.0</ele></trkpt>
            <trkpt lat="58.1895700" lon="14.5964800"><ele>157.0</ele></trkpt>
            <trkpt lat="58.1893600" lon="14.5960500"><ele>160.0</ele></trkpt>
            <trkpt lat="58.1891600" lon="14.5956200"><ele>160.0</ele></trkpt>
            <trkpt lat="58.1888500" lon="14.5949600"><ele>159.0</ele></trkpt>
            <trkpt lat="58.1886100" lon="14.5944900"><ele>159.0</ele></trkpt>
            <trkpt lat="58.1884900" lon="14.5942600"><ele>159.0</ele></trkpt>
            <trkpt lat="58.1883700" lon="14.5940600"><ele>159.0</ele></trkpt>
            <trkpt lat="58.1881900" lon="14.5937900"><ele>156.0</ele></trkpt>
            <trkpt lat="58.1880800" lon="14.5936200"><ele>153.0</ele></trkpt>
            <trkpt lat="58.1879100" lon="14.5934100"><ele>153.0</ele></trkpt>
            <trkpt lat="58.1877700" lon="14.5932500"><ele>153.0</ele></trkpt>
            <trkpt lat="58.1877300" lon="14.5932000"><ele>153.0</ele></trkpt>
            <trkpt lat="58.1877100" lon="14.5931700"><ele>153.0</ele></trkpt>
            <trkpt lat="58.1877000" lon="14.5931600"><ele>153.0</ele></trkpt>
            <trkpt lat="58.1876300" lon="14.5930800"><ele>153.0</ele></trkpt>
            <trkpt lat="58.1873800" lon="14.5928200"><ele>149.0</ele></trkpt>
            <trkpt lat="58.1871800" lon="14.5926500"><ele>149.0</ele></trkpt>
            <trkpt lat="58.1869900" lon="14.5925000"><ele>149.0</ele></trkpt>
            <trkpt lat="58.1868500" lon="14.5924000"><ele>143.0</ele></trkpt>
            <trkpt lat="58.1866900" lon="14.5923100"><ele>143.0</ele></trkpt>
            <trkpt lat="58.1865500" lon="14.5922400"><ele>143.0</ele></trkpt>
            <trkpt lat="58.1862800" lon="14.5921200"><ele>143.0</ele></trkpt>
            <trkpt lat="58.1861200" lon="14.5920500"><ele>143.0</ele></trkpt>
            <trkpt lat="58.1859200" lon="14.5919600"><ele>143.0</ele></trkpt>
            <trkpt lat="58.1856300" lon="14.5918400"><ele>143.0</ele></trkpt>
            <trkpt lat="58.1853100" lon="14.5917000"><ele>143.0</ele></trkpt>
            <trkpt lat="58.1850100" lon="14.5915700"><ele>143.0</ele></trkpt>
            <trkpt lat="58.1846900" lon="14.5914300"><ele>144.0</ele></trkpt>
            <trkpt lat="58.1843700" lon="14.5913000"><ele>144.0</ele></trkpt>
            <trkpt lat="58.1839500" lon="14.5911200"><ele>144.0</ele></trkpt>
            <trkpt lat="58.1836400" lon="14.5909800"><ele>144.0</ele></trkpt>
            <trkpt lat="58.1835900" lon="14.5909600"><ele>144.0</ele></trkpt>
            <trkpt lat="58.1831900" lon="14.5907900"><ele>146.0</ele></trkpt>
            <trkpt lat="58.1829800" lon="14.5907000"><ele>146.0</ele></trkpt>
            <trkpt lat="58.1824800" lon="14.5904900"><ele>151.0</ele></trkpt>
            <trkpt lat="58.1821900" lon="14.5903700"><ele>151.0</ele></trkpt>
            <trkpt lat="58.1820000" lon="14.5902700"><ele>151.0</ele></trkpt>
            <trkpt lat="58.1818500" lon="14.5901700"><ele>151.0</ele></trkpt>
            <trkpt lat="58.1816900" lon="14.5900500"><ele>151.0</ele></trkpt>
            <trkpt lat="58.1815100" lon="14.5898900"><ele>155.0</ele></trkpt>
            <trkpt lat="58.1813200" lon="14.5897000"><ele>155.0</ele></trkpt>
            <trkpt lat="58.1811700" lon="14.5895500"><ele>155.0</ele></trkpt>
            <trkpt lat="58.1810200" lon="14.5893900"><ele>155.0</ele></trkpt>
            <trkpt lat="58.1808600" lon="14.5891800"><ele>155.0</ele></trkpt>
            <trkpt lat="58.1807100" lon="14.5889900"><ele>151.0</ele></trkpt>
            <trkpt lat="58.1805800" lon="14.5888000"><ele>151.0</ele></trkpt>
            <trkpt lat="58.1804500" lon="14.5885900"><ele>160.0</ele></trkpt>
            <trkpt lat="58.1803600" lon="14.5884400"><ele>160.0</ele></trkpt>
            <trkpt lat="58.1802000" lon="14.5881600"><ele>160.0</ele></trkpt>
            <trkpt lat="58.1801400" lon="14.5880700"><ele>160.0</ele></trkpt>
            <trkpt lat="58.1800300" lon="14.5878600"><ele>160.0</ele></trkpt>
            <trkpt lat="58.1798500" lon="14.5875600"><ele>153.0</ele></trkpt>
            <trkpt lat="58.1797800" lon="14.5874300"><ele>155.0</ele></trkpt>
            <trkpt lat="58.1797500" lon="14.5873800"><ele>155.0</ele></trkpt>
            <trkpt lat="58.1796400" lon="14.5872100"><ele>155.0</ele></trkpt>
            <trkpt lat="58.1795600" lon="14.5870700"><ele>155.0</ele></trkpt>
            <trkpt lat="58.1794600" lon="14.5869300"><ele>155.0</ele></trkpt>
            <trkpt lat="58.1793600" lon="14.5867900"><ele>155.0</ele></trkpt>
            <trkpt lat="58.1792700" lon="14.5866700"><ele>155.0</ele></trkpt>
            <trkpt lat="58.1791700" lon="14.5865500"><ele>155.0</ele></trkpt>
            <trkpt lat="58.1790900" lon="14.5864500"><ele>150.0</ele></trkpt>
            <trkpt lat="58.1789000" lon="14.5862500"><ele>150.0</ele></trkpt>
            <trkpt lat="58.1786000" lon="14.5859400"><ele>149.0</ele></trkpt>
            <trkpt lat="58.1780700" lon="14.5853800"><ele>147.0</ele></trkpt>
            <trkpt lat="58.1779600" lon="14.5852700"><ele>147.0</ele></trkpt>
            <trkpt lat="58.1778200" lon="14.5851100"><ele>147.0</ele></trkpt>
            <trkpt lat="58.1774800" lon="14.5847600"><ele>143.0</ele></trkpt>
            <trkpt lat="58.1769600" lon="14.5842200"><ele>143.0</ele></trkpt>
            <trkpt lat="58.1766800" lon="14.5839200"><ele>143.0</ele></trkpt>
            <trkpt lat="58.1762900" lon="14.5835100"><ele>141.0</ele></trkpt>
            <trkpt lat="58.1757200" lon="14.5829200"><ele>145.0</ele></trkpt>
            <trkpt lat="58.1753500" lon="14.5825300"><ele>145.0</ele></trkpt>
            <trkpt lat="58.1748500" lon="14.5820000"><ele>146.0</ele></trkpt>
            <trkpt lat="58.1747800" lon="14.5819300"><ele>146.0</ele></trkpt>
            <trkpt lat="58.1740100" lon="14.5810700"><ele>147.0</ele></trkpt>
            <trkpt lat="58.1733000" lon="14.5803100"><ele>143.0</ele></trkpt>
            <trkpt lat="58.1730200" lon="14.5799900"><ele>149.0</ele></trkpt>
            <trkpt lat="58.1730100" lon="14.5799800"><ele>149.0</ele></trkpt>
            <trkpt lat="58.1727300" lon="14.5796600"><ele>149.0</ele></trkpt>
            <trkpt lat="58.1725400" lon="14.5794400"><ele>149.0</ele></trkpt>
            <trkpt lat="58.1723600" lon="14.5792400"><ele>142.0</ele></trkpt>
            <trkpt lat="58.1721700" lon="14.5790300"><ele>142.0</ele></trkpt>
            <trkpt lat="58.1719800" lon="14.5788300"><ele>142.0</ele></trkpt>
            <trkpt lat="58.1717900" lon="14.5786600"><ele>144.0</ele></trkpt>
            <trkpt lat="58.1715900" lon="14.5784800"><ele>137.0</ele></trkpt>
            <trkpt lat="58.1714000" lon="14.5783300"><ele>137.0</ele></trkpt>
            <trkpt lat="58.1710500" lon="14.5780600"><ele>137.0</ele></trkpt>
            <trkpt lat="58.1703700" lon="14.5775200"><ele>138.0</ele></trkpt>
            <trkpt lat="58.1696700" lon="14.5769700"><ele>144.0</ele></trkpt>
            <trkpt lat="58.1693500" lon="14.5767200"><ele>144.0</ele></trkpt>
            <trkpt lat="58.1689100" lon="14.5763800"><ele>144.0</ele></trkpt>
            <trkpt lat="58.1688600" lon="14.5763400"><ele>144.0</ele></trkpt>
            <trkpt lat="58.1683600" lon="14.5759700"><ele>140.0</ele></trkpt>
            <trkpt lat="58.1681500" lon="14.5758200"><ele>141.0</ele></trkpt>
            <trkpt lat="58.1680700" lon="14.5757700"><ele>141.0</ele></trkpt>
            <trkpt lat="58.1678500" lon="14.5756000"><ele>141.0</ele></trkpt>
            <trkpt lat="58.1677800" lon="14.5755600"><ele>141.0</ele></trkpt>
            <trkpt lat="58.1672500" lon="14.5751800"><ele>138.0</ele></trkpt>
            <trkpt lat="58.1670700" lon="14.5750500"><ele>138.0</ele></trkpt>
            <trkpt lat="58.1668500" lon="14.5748900"><ele>140.0</ele></trkpt>
            <trkpt lat="58.1666400" lon="14.5747600"><ele>149.0</ele></trkpt>
            <trkpt lat="58.1664300" lon="14.5746400"><ele>149.0</ele></trkpt>
            <trkpt lat="58.1662200" lon="14.5745400"><ele>149.0</ele></trkpt>
            <trkpt lat="58.1659900" lon="14.5744700"><ele>149.0</ele></trkpt>
            <trkpt lat="58.1656000" lon="14.5743300"><ele>151.0</ele></trkpt>
            <trkpt lat="58.1651000" lon="14.5741600"><ele>151.0</ele></trkpt>
            <trkpt lat="58.1646300" lon="14.5739900"><ele>151.0</ele></trkpt>
            <trkpt lat="58.1642000" lon="14.5738000"><ele>151.0</ele></trkpt>
            <trkpt lat="58.1638300" lon="14.5735900"><ele>150.0</ele></trkpt>
            <trkpt lat="58.1635900" lon="14.5734500"><ele>150.0</ele></trkpt>
            <trkpt lat="58.1633500" lon="14.5732700"><ele>150.0</ele></trkpt>
            <trkpt lat="58.1630600" lon="14.5730500"><ele>147.0</ele></trkpt>
            <trkpt lat="58.1627900" lon="14.5728200"><ele>147.0</ele></trkpt>
            <trkpt lat="58.1624400" lon="14.5725100"><ele>147.0</ele></trkpt>
            <trkpt lat="58.1622300" lon="14.5723300"><ele>138.0</ele></trkpt>
            <trkpt lat="58.1620100" lon="14.5721600"><ele>138.0</ele></trkpt>
            <trkpt lat="58.1616900" lon="14.5719300"><ele>138.0</ele></trkpt>
            <trkpt lat="58.1614200" lon="14.5717600"><ele>138.0</ele></trkpt>
            <trkpt lat="58.1610700" lon="14.5715700"><ele>138.0</ele></trkpt>
            <trkpt lat="58.1610300" lon="14.5715500"><ele>138.0</ele></trkpt>
            <trkpt lat="58.1607600" lon="14.5714200"><ele>141.0</ele></trkpt>
            <trkpt lat="58.1604800" lon="14.5713000"><ele>141.0</ele></trkpt>
            <trkpt lat="58.1602300" lon="14.5712100"><ele>124.0</ele></trkpt>
            <trkpt lat="58.1599200" lon="14.5711100"><ele>131.0</ele></trkpt>
            <trkpt lat="58.1595600" lon="14.5709900"><ele>131.0</ele></trkpt>
            <trkpt lat="58.1590200" lon="14.5708200"><ele>129.0</ele></trkpt>
            <trkpt lat="58.1584500" lon="14.5706300"><ele>129.0</ele></trkpt>
            <trkpt lat="58.1577000" lon="14.5703800"><ele>133.0</ele></trkpt>
            <trkpt lat="58.1572700" lon="14.5702300"><ele>139.0</ele></trkpt>
            <trkpt lat="58.1567900" lon="14.5700600"><ele>139.0</ele></trkpt>
            <trkpt lat="58.1561200" lon="14.5698400"><ele>121.0</ele></trkpt>
            <trkpt lat="58.1552400" lon="14.5695400"><ele>129.0</ele></trkpt>
            <trkpt lat="58.1547100" lon="14.5693600"><ele>138.0</ele></trkpt>
            <trkpt lat="58.1546000" lon="14.5693200"><ele>138.0</ele></trkpt>
            <trkpt lat="58.1541600" lon="14.5691700"><ele>138.0</ele></trkpt>
            <trkpt lat="58.1537400" lon="14.5690300"><ele>146.0</ele></trkpt>
            <trkpt lat="58.1533600" lon="14.5689100"><ele>146.0</ele></trkpt>
            <trkpt lat="58.1529500" lon="14.5687700"><ele>147.0</ele></trkpt>
            <trkpt lat="58.1526400" lon="14.5686800"><ele>88.0</ele></trkpt>
            <trkpt lat="58.1524400" lon="14.5686400"><ele>111.0</ele></trkpt>
            <trkpt lat="58.1517700" lon="14.5685300"><ele>111.0</ele></trkpt>
            <trkpt lat="58.1515500" lon="14.5685100"><ele>121.0</ele></trkpt>
            <trkpt lat="58.1512400" lon="14.5685000"><ele>121.0</ele></trkpt>
            <trkpt lat="58.1510200" lon="14.5685100"><ele>121.0</ele></trkpt>
            <trkpt lat="58.1507900" lon="14.5685300"><ele>120.0</ele></trkpt>
            <trkpt lat="58.1499200" lon="14.5685800"><ele>118.0</ele></trkpt>
            <trkpt lat="58.1482600" lon="14.5688000"><ele>138.0</ele></trkpt>
            <trkpt lat="58.1482400" lon="14.5688000"><ele>138.0</ele></trkpt>
            <trkpt lat="58.1481000" lon="14.5688100"><ele>138.0</ele></trkpt>
            <trkpt lat="58.1473900" lon="14.5689200"><ele>138.0</ele></trkpt>
            <trkpt lat="58.1473200" lon="14.5689300"><ele>138.0</ele></trkpt>
            <trkpt lat="58.1469500" lon="14.5689600"><ele>138.0</ele></trkpt>
            <trkpt lat="58.1465900" lon="14.5689900"><ele>139.0</ele></trkpt>
            <trkpt lat="58.1462600" lon="14.5690000"><ele>139.0</ele></trkpt>
            <trkpt lat="58.1459800" lon="14.5689900"><ele>139.0</ele></trkpt>
            <trkpt lat="58.1457500" lon="14.5689700"><ele>137.0</ele></trkpt>
            <trkpt lat="58.1454500" lon="14.5689400"><ele>137.0</ele></trkpt>
            <trkpt lat="58.1451500" lon="14.5689100"><ele>137.0</ele></trkpt>
            <trkpt lat="58.1451500" lon="14.5689090"><ele>137.0</ele></trkpt>
            <trkpt lat="58.1451500" lon="14.5689100"><ele>137.0</ele></trkpt>
            <trkpt lat="58.1451300" lon="14.5691300"><ele>137.0</ele></trkpt>
            <trkpt lat="58.1451000" lon="14.5692800"><ele>137.0</ele></trkpt>
            <trkpt lat="58.1450600" lon="14.5693700"><ele>137.0</ele></trkpt>
            <trkpt lat="58.1450000" lon="14.5694300"><ele>137.0</ele></trkpt>
            <trkpt lat="58.1449200" lon="14.5694800"><ele>137.0</ele></trkpt>
            <trkpt lat="58.1448200" lon="14.5694900"><ele>137.0</ele></trkpt>
            <trkpt lat="58.1446800" lon="14.5694900"><ele>137.0</ele></trkpt>
            <trkpt lat="58.1445000" lon="14.5694800"><ele>137.0</ele></trkpt>
            <trkpt lat="58.1441500" lon="14.5694300"><ele>141.0</ele></trkpt>
            <trkpt lat="58.1438700" lon="14.5693900"><ele>141.0</ele></trkpt>
            <trkpt lat="58.1436400" lon="14.5693600"><ele>141.0</ele></trkpt>
            <trkpt lat="58.1435500" lon="14.5693400"><ele>141.0</ele></trkpt>
            <trkpt lat="58.1433600" lon="14.5693100"><ele>141.0</ele></trkpt>
            <trkpt lat="58.1432100" lon="14.5692800"><ele>141.0</ele></trkpt>
            <trkpt lat="58.1432100" lon="14.5692790"><ele>141.0</ele></trkpt>
            <trkpt lat="58.1432100" lon="14.5692800"><ele>141.0</ele></trkpt>
            <trkpt lat="58.1431800" lon="14.5700200"><ele>148.0</ele></trkpt>
            <trkpt lat="58.1431700" lon="14.5701400"><ele>148.0</ele></trkpt>
            <trkpt lat="58.1430800" lon="14.5701300"><ele>148.0</ele></trkpt>
            <trkpt lat="58.1430800" lon="14.5702100"><ele>148.0</ele></trkpt>
            <trkpt lat="58.1431100" lon="14.5703200"><ele>148.0</ele></trkpt>
            <trkpt lat="58.1430600" lon="14.5711400"><ele>148.0</ele></trkpt>
            <trkpt lat="58.1430600" lon="14.5711600"><ele>148.0</ele></trkpt>
            <trkpt lat="58.1430500" lon="14.5713600"><ele>156.0</ele></trkpt>
            <trkpt lat="58.1430500" lon="14.5713800"><ele>156.0</ele></trkpt>
            <trkpt lat="58.1430500" lon="14.5714800"><ele>156.0</ele></trkpt>
            <trkpt lat="58.1430400" lon="14.5715700"><ele>156.0</ele></trkpt>
            <trkpt lat="58.1430300" lon="14.5719500"><ele>156.0</ele></trkpt>
            <trkpt lat="58.1430200" lon="14.5721400"><ele>156.0</ele></trkpt>
            <trkpt lat="58.1430300" lon="14.5723400"><ele>156.0</ele></trkpt>
            <trkpt lat="58.1430500" lon="14.5725400"><ele>159.0</ele></trkpt>
            <trkpt lat="58.1430800" lon="14.5727400"><ele>159.0</ele></trkpt>
            <trkpt lat="58.1431800" lon="14.5731500"><ele>159.0</ele></trkpt>
            <trkpt lat="58.1431800" lon="14.5731490"><ele>159.0</ele></trkpt>
            <trkpt lat="58.1431800" lon="14.5731500"><ele>159.0</ele></trkpt>
            <trkpt lat="58.1431600" lon="14.5732600"><ele>159.0</ele></trkpt>
            <trkpt lat="58.1432100" lon="14.5733600"><ele>159.0</ele></trkpt>
            <trkpt lat="58.1432100" lon="14.5733590"><ele>159.0</ele></trkpt>
            <trkpt lat="58.1432100" lon="14.5733600"><ele>159.0</ele></trkpt>
            <trkpt lat="58.1429900" lon="14.5736900"><ele>159.0</ele></trkpt>
            <trkpt lat="58.1428400" lon="14.5739200"><ele>160.0</ele></trkpt>
            <trkpt lat="58.1427100" lon="14.5741200"><ele>160.0</ele></trkpt>
            <trkpt lat="58.1425800" lon="14.5742800"><ele>160.0</ele></trkpt>
            <trkpt lat="58.1424300" lon="14.5744300"><ele>165.0</ele></trkpt>
            <trkpt lat="58.1422700" lon="14.5745700"><ele>165.0</ele></trkpt>
            <trkpt lat="58.1420900" lon="14.5746600"><ele>165.0</ele></trkpt>
            <trkpt lat="58.1419200" lon="14.5747200"><ele>165.0</ele></trkpt>
            <trkpt lat="58.1417400" lon="14.5747600"><ele>165.0</ele></trkpt>
            <trkpt lat="58.1413800" lon="14.5747600"><ele>167.0</ele></trkpt>
            <trkpt lat="58.1410000" lon="14.5747700"><ele>167.0</ele></trkpt>
            <trkpt lat="58.1406900" lon="14.5747800"><ele>172.0</ele></trkpt>
            <trkpt lat="58.1405100" lon="14.5747900"><ele>172.0</ele></trkpt>
            <trkpt lat="58.1403000" lon="14.5748200"><ele>172.0</ele></trkpt>
            <trkpt lat="58.1401000" lon="14.5748700"><ele>172.0</ele></trkpt>
            <trkpt lat="58.1398800" lon="14.5749300"><ele>172.0</ele></trkpt>
            <trkpt lat="58.1395900" lon="14.5750400"><ele>169.0</ele></trkpt>
            <trkpt lat="58.1392900" lon="14.5751900"><ele>169.0</ele></trkpt>
            <trkpt lat="58.1390900" lon="14.5753100"><ele>170.0</ele></trkpt>
            <trkpt lat="58.1389100" lon="14.5754300"><ele>170.0</ele></trkpt>
            <trkpt lat="58.1387300" lon="14.5755600"><ele>170.0</ele></trkpt>
            <trkpt lat="58.1385400" lon="14.5757200"><ele>170.0</ele></trkpt>
            <trkpt lat="58.1383000" lon="14.5759400"><ele>168.0</ele></trkpt>
            <trkpt lat="58.1381000" lon="14.5761600"><ele>168.0</ele></trkpt>
            <trkpt lat="58.1379600" lon="14.5763200"><ele>171.0</ele></trkpt>
            <trkpt lat="58.1378400" lon="14.5764700"><ele>171.0</ele></trkpt>
            <trkpt lat="58.1377300" lon="14.5766200"><ele>171.0</ele></trkpt>
            <trkpt lat="58.1375400" lon="14.5768700"><ele>171.0</ele></trkpt>
            <trkpt lat="58.1373600" lon="14.5771600"><ele>168.0</ele></trkpt>
            <trkpt lat="58.1370800" lon="14.5776300"><ele>168.0</ele></trkpt>
            <trkpt lat="58.1366900" lon="14.5783000"><ele>168.0</ele></trkpt>
            <trkpt lat="58.1365200" lon="14.5786100"><ele>169.0</ele></trkpt>
            <trkpt lat="58.1363700" lon="14.5788900"><ele>169.0</ele></trkpt>
            <trkpt lat="58.1362700" lon="14.5791000"><ele>169.0</ele></trkpt>
            <trkpt lat="58.1361700" lon="14.5793300"><ele>169.0</ele></trkpt>
            <trkpt lat="58.1360400" lon="14.5796400"><ele>169.0</ele></trkpt>
            <trkpt lat="58.1359100" lon="14.5799700"><ele>169.0</ele></trkpt>
            <trkpt lat="58.1358100" lon="14.5802800"><ele>170.0</ele></trkpt>
            <trkpt lat="58.1357100" lon="14.5805600"><ele>170.0</ele></trkpt>
            <trkpt lat="58.1356400" lon="14.5808200"><ele>170.0</ele></trkpt>
            <trkpt lat="58.1355400" lon="14.5811400"><ele>170.0</ele></trkpt>
            <trkpt lat="58.1354600" lon="14.5814500"><ele>174.0</ele></trkpt>
            <trkpt lat="58.1353800" lon="14.5817700"><ele>174.0</ele></trkpt>
            <trkpt lat="58.1353000" lon="14.5821600"><ele>174.0</ele></trkpt>
            <trkpt lat="58.1353000" lon="14.5821700"><ele>174.0</ele></trkpt>
            <trkpt lat="58.1352500" lon="14.5823900"><ele>174.0</ele></trkpt>
            <trkpt lat="58.1352000" lon="14.5826800"><ele>183.0</ele></trkpt>
            <trkpt lat="58.1351600" lon="14.5829900"><ele>183.0</ele></trkpt>
            <trkpt lat="58.1351200" lon="14.5833000"><ele>183.0</ele></trkpt>
            <trkpt lat="58.1350600" lon="14.5838700"><ele>188.0</ele></trkpt>
            <trkpt lat="58.1350100" lon="14.5845900"><ele>188.0</ele></trkpt>
            <trkpt lat="58.1349600" lon="14.5853400"><ele>185.0</ele></trkpt>
            <trkpt lat="58.1349400" lon="14.5856600"><ele>185.0</ele></trkpt>
            <trkpt lat="58.1349300" lon="14.5860300"><ele>185.0</ele></trkpt>
            <trkpt lat="58.1349400" lon="14.5864000"><ele>184.0</ele></trkpt>
            <trkpt lat="58.1349500" lon="14.5866600"><ele>184.0</ele></trkpt>
            <trkpt lat="58.1349600" lon="14.5869700"><ele>184.0</ele></trkpt>
            <trkpt lat="58.1349700" lon="14.5871000"><ele>184.0</ele></trkpt>
            <trkpt lat="58.1349700" lon="14.5872000"><ele>184.0</ele></trkpt>
            <trkpt lat="58.1349600" lon="14.5873100"><ele>184.0</ele></trkpt>
            <trkpt lat="58.1349400" lon="14.5874300"><ele>184.0</ele></trkpt>
            <trkpt lat="58.1349100" lon="14.5876100"><ele>189.0</ele></trkpt>
            <trkpt lat="58.1348800" lon="14.5877700"><ele>189.0</ele></trkpt>
            <trkpt lat="58.1348600" lon="14.5879200"><ele>189.0</ele></trkpt>
            <trkpt lat="58.1348400" lon="14.5880900"><ele>189.0</ele></trkpt>
            <trkpt lat="58.1348300" lon="14.5882600"><ele>189.0</ele></trkpt>
            <trkpt lat="58.1348200" lon="14.5883900"><ele>189.0</ele></trkpt>
            <trkpt lat="58.1347900" lon="14.5885000"><ele>189.0</ele></trkpt>
            <trkpt lat="58.1347600" lon="14.5886300"><ele>189.0</ele></trkpt>
            <trkpt lat="58.1347000" lon="14.5887600"><ele>195.0</ele></trkpt>
            <trkpt lat="58.1346400" lon="14.5888600"><ele>195.0</ele></trkpt>
            <trkpt lat="58.1345600" lon="14.5889700"><ele>195.0</ele></trkpt>
            <trkpt lat="58.1345000" lon="14.5890600"><ele>195.0</ele></trkpt>
            <trkpt lat="58.1344500" lon="14.5891500"><ele>195.0</ele></trkpt>
            <trkpt lat="58.1344000" lon="14.5892500"><ele>195.0</ele></trkpt>
            <trkpt lat="58.1343800" lon="14.5893900"><ele>195.0</ele></trkpt>
            <trkpt lat="58.1343700" lon="14.5895600"><ele>195.0</ele></trkpt>
            <trkpt lat="58.1343800" lon="14.5897900"><ele>195.0</ele></trkpt>
            <trkpt lat="58.1344000" lon="14.5899900"><ele>194.0</ele></trkpt>
            <trkpt lat="58.1344500" lon="14.5902300"><ele>194.0</ele></trkpt>
            <trkpt lat="58.1344800" lon="14.5904000"><ele>194.0</ele></trkpt>
            <trkpt lat="58.1345100" lon="14.5905300"><ele>194.0</ele></trkpt>
            <trkpt lat="58.1345200" lon="14.5906700"><ele>194.0</ele></trkpt>
            <trkpt lat="58.1345200" lon="14.5908100"><ele>194.0</ele></trkpt>
            <trkpt lat="58.1344800" lon="14.5910600"><ele>194.0</ele></trkpt>
            <trkpt lat="58.1344500" lon="14.5913100"><ele>197.0</ele></trkpt>
            <trkpt lat="58.1344000" lon="14.5917300"><ele>197.0</ele></trkpt>
            <trkpt lat="58.1343500" lon="14.5920500"><ele>197.0</ele></trkpt>
            <trkpt lat="58.1343200" lon="14.5922700"><ele>197.0</ele></trkpt>
            <trkpt lat="58.1343000" lon="14.5923800"><ele>197.0</ele></trkpt>
            <trkpt lat="58.1343000" lon="14.5924900"><ele>197.0</ele></trkpt>
            <trkpt lat="58.1343100" lon="14.5926500"><ele>201.0</ele></trkpt>
            <trkpt lat="58.1343700" lon="14.5931100"><ele>201.0</ele></trkpt>
            <trkpt lat="58.1343900" lon="14.5932700"><ele>201.0</ele></trkpt>
            <trkpt lat="58.1343900" lon="14.5934100"><ele>201.0</ele></trkpt>
            <trkpt lat="58.1343700" lon="14.5935400"><ele>201.0</ele></trkpt>
            <trkpt lat="58.1343200" lon="14.5936500"><ele>201.0</ele></trkpt>
            <trkpt lat="58.1342400" lon="14.5937200"><ele>201.0</ele></trkpt>
            <trkpt lat="58.1341500" lon="14.5937600"><ele>193.0</ele></trkpt>
            <trkpt lat="58.1339600" lon="14.5938200"><ele>193.0</ele></trkpt>
            <trkpt lat="58.1338400" lon="14.5938700"><ele>193.0</ele></trkpt>
            <trkpt lat="58.1337800" lon="14.5939200"><ele>193.0</ele></trkpt>
            <trkpt lat="58.1337100" lon="14.5939800"><ele>193.0</ele></trkpt>
            <trkpt lat="58.1336600" lon="14.5940600"><ele>193.0</ele></trkpt>
            <trkpt lat="58.1336100" lon="14.5941600"><ele>193.0</ele></trkpt>
            <trkpt lat="58.1335500" lon="14.5943500"><ele>193.0</ele></trkpt>
            <trkpt lat="58.1335000" lon="14.5945300"><ele>193.0</ele></trkpt>
            <trkpt lat="58.1334300" lon="14.5946800"><ele>193.0</ele></trkpt>
            <trkpt lat="58.1333600" lon="14.5948100"><ele>193.0</ele></trkpt>
            <trkpt lat="58.1332600" lon="14.5949400"><ele>189.0</ele></trkpt>
            <trkpt lat="58.1331000" lon="14.5951000"><ele>196.0</ele></trkpt>
            <trkpt lat="58.1330400" lon="14.5951700"><ele>196.0</ele></trkpt>
            <trkpt lat="58.1329800" lon="14.5952600"><ele>196.0</ele></trkpt>
            <trkpt lat="58.1329500" lon="14.5953700"><ele>196.0</ele></trkpt>
            <trkpt lat="58.1329300" lon="14.5955100"><ele>196.0</ele></trkpt>
            <trkpt lat="58.1329100" lon="14.5960600"><ele>196.0</ele></trkpt>
            <trkpt lat="58.1329000" lon="14.5963000"><ele>200.0</ele></trkpt>
            <trkpt lat="58.1329100" lon="14.5964300"><ele>200.0</ele></trkpt>
            <trkpt lat="58.1329200" lon="14.5965500"><ele>200.0</ele></trkpt>
            <trkpt lat="58.1329600" lon="14.5967100"><ele>200.0</ele></trkpt>
            <trkpt lat="58.1330200" lon="14.5969100"><ele>200.0</ele></trkpt>
            <trkpt lat="58.1330400" lon="14.5970300"><ele>200.0</ele></trkpt>
            <trkpt lat="58.1330500" lon="14.5972000"><ele>200.0</ele></trkpt>
            <trkpt lat="58.1330400" lon="14.5974700"><ele>200.0</ele></trkpt>
            <trkpt lat="58.1330400" lon="14.5976400"><ele>200.0</ele></trkpt>
            <trkpt lat="58.1330400" lon="14.5977700"><ele>200.0</ele></trkpt>
            <trkpt lat="58.1330500" lon="14.5979300"><ele>200.0</ele></trkpt>
            <trkpt lat="58.1330900" lon="14.5980400"><ele>200.0</ele></trkpt>
            <trkpt lat="58.1331400" lon="14.5981400"><ele>200.0</ele></trkpt>
            <trkpt lat="58.1332100" lon="14.5982300"><ele>200.0</ele></trkpt>
            <trkpt lat="58.1332900" lon="14.5983200"><ele>200.0</ele></trkpt>
            <trkpt lat="58.1333700" lon="14.5983700"><ele>197.0</ele></trkpt>
            <trkpt lat="58.1334400" lon="14.5984100"><ele>197.0</ele></trkpt>
            <trkpt lat="58.1335900" lon="14.5984700"><ele>197.0</ele></trkpt>
            <trkpt lat="58.1336700" lon="14.5985100"><ele>197.0</ele></trkpt>
            <trkpt lat="58.1337500" lon="14.5985900"><ele>197.0</ele></trkpt>
            <trkpt lat="58.1338100" lon="14.5986800"><ele>197.0</ele></trkpt>
            <trkpt lat="58.1338600" lon="14.5987900"><ele>198.0</ele></trkpt>
            <trkpt lat="58.1339000" lon="14.5989400"><ele>198.0</ele></trkpt>
            <trkpt lat="58.1339200" lon="14.5991000"><ele>198.0</ele></trkpt>
            <trkpt lat="58.1339400" lon="14.5993000"><ele>198.0</ele></trkpt>
            <trkpt lat="58.1339400" lon="14.5994300"><ele>198.0</ele></trkpt>
            <trkpt lat="58.1339200" lon="14.5995800"><ele>198.0</ele></trkpt>
            <trkpt lat="58.1339000" lon="14.5997200"><ele>198.0</ele></trkpt>
            <trkpt lat="58.1338500" lon="14.5998900"><ele>198.0</ele></trkpt>
            <trkpt lat="58.1337900" lon="14.6001400"><ele>200.0</ele></trkpt>
            <trkpt lat="58.1337600" lon="14.6002700"><ele>200.0</ele></trkpt>
            <trkpt lat="58.1337400" lon="14.6004100"><ele>200.0</ele></trkpt>
            <trkpt lat="58.1337500" lon="14.6005600"><ele>200.0</ele></trkpt>
            <trkpt lat="58.1337800" lon="14.6007700"><ele>200.0</ele></trkpt>
            <trkpt lat="58.1338100" lon="14.6009200"><ele>200.0</ele></trkpt>
            <trkpt lat="58.1338400" lon="14.6010700"><ele>200.0</ele></trkpt>
            <trkpt lat="58.1338600" lon="14.6012200"><ele>200.0</ele></trkpt>
            <trkpt lat="58.1338600" lon="14.6013800"><ele>201.0</ele></trkpt>
            <trkpt lat="58.1338400" lon="14.6015800"><ele>201.0</ele></trkpt>
            <trkpt lat="58.1338100" lon="14.6018600"><ele>201.0</ele></trkpt>
            <trkpt lat="58.1338100" lon="14.6020300"><ele>201.0</ele></trkpt>
            <trkpt lat="58.1338100" lon="14.6021800"><ele>201.0</ele></trkpt>
            <trkpt lat="58.1338300" lon="14.6023400"><ele>201.0</ele></trkpt>
            <trkpt lat="58.1338600" lon="14.6025000"><ele>200.0</ele></trkpt>
            <trkpt lat="58.1339000" lon="14.6027000"><ele>200.0</ele></trkpt>
            <trkpt lat="58.1339300" lon="14.6028400"><ele>200.0</ele></trkpt>
            <trkpt lat="58.1340000" lon="14.6032500"><ele>200.0</ele></trkpt>
            <trkpt lat="58.1340400" lon="14.6034100"><ele>200.0</ele></trkpt>
            <trkpt lat="58.1340800" lon="14.6035100"><ele>200.0</ele></trkpt>
            <trkpt lat="58.1341300" lon="14.6035800"><ele>200.0</ele></trkpt>
            <trkpt lat="58.1342300" lon="14.6036500"><ele>200.0</ele></trkpt>
            <trkpt lat="58.1343800" lon="14.6037200"><ele>200.0</ele></trkpt>
            <trkpt lat="58.1344500" lon="14.6037900"><ele>194.0</ele></trkpt>
            <trkpt lat="58.1345300" lon="14.6039300"><ele>194.0</ele></trkpt>
            <trkpt lat="58.1346800" lon="14.6041800"><ele>194.0</ele></trkpt>
            <trkpt lat="58.1348300" lon="14.6044200"><ele>194.0</ele></trkpt>
            <trkpt lat="58.1350300" lon="14.6047000"><ele>199.0</ele></trkpt>
            <trkpt lat="58.1351400" lon="14.6048400"><ele>199.0</ele></trkpt>
            <trkpt lat="58.1352300" lon="14.6049200"><ele>199.0</ele></trkpt>
            <trkpt lat="58.1353100" lon="14.6049800"><ele>199.0</ele></trkpt>
            <trkpt lat="58.1353400" lon="14.6049800"><ele>199.0</ele></trkpt>
            <trkpt lat="58.1354100" lon="14.6049900"><ele>191.0</ele></trkpt>
            <trkpt lat="58.1357400" lon="14.6049700"><ele>199.0</ele></trkpt>
            <trkpt lat="58.1360100" lon="14.6049600"><ele>200.0</ele></trkpt>
            <trkpt lat="58.1361100" lon="14.6049700"><ele>200.0</ele></trkpt>
            <trkpt lat="58.1362000" lon="14.6050100"><ele>196.0</ele></trkpt>
            <trkpt lat="58.1363100" lon="14.6050900"><ele>196.0</ele></trkpt>
            <trkpt lat="58.1364100" lon="14.6052200"><ele>196.0</ele></trkpt>
            <trkpt lat="58.1365100" lon="14.6054300"><ele>196.0</ele></trkpt>
            <trkpt lat="58.1365800" lon="14.6056100"><ele>196.0</ele></trkpt>
            <trkpt lat="58.1366900" lon="14.6060000"><ele>193.0</ele></trkpt>
            <trkpt lat="58.1368200" lon="14.6064100"><ele>186.0</ele></trkpt>
            <trkpt lat="58.1368900" lon="14.6066300"><ele>186.0</ele></trkpt>
            <trkpt lat="58.1369800" lon="14.6068400"><ele>186.0</ele></trkpt>
            <trkpt lat="58.1370400" lon="14.6069900"><ele>186.0</ele></trkpt>
            <trkpt lat="58.1371200" lon="14.6071900"><ele>186.0</ele></trkpt>
            <trkpt lat="58.1372100" lon="14.6074000"><ele>186.0</ele></trkpt>
            <trkpt lat="58.1372600" lon="14.6074800"><ele>186.0</ele></trkpt>
            <trkpt lat="58.1373200" lon="14.6075500"><ele>188.0</ele></trkpt>
            <trkpt lat="58.1374700" lon="14.6076600"><ele>188.0</ele></trkpt>
            <trkpt lat="58.1377400" lon="14.6078400"><ele>192.0</ele></trkpt>
            <trkpt lat="58.1379100" lon="14.6079500"><ele>192.0</ele></trkpt>
            <trkpt lat="58.1380300" lon="14.6080100"><ele>192.0</ele></trkpt>
            <trkpt lat="58.1381300" lon="14.6080500"><ele>192.0</ele></trkpt>
            <trkpt lat="58.1382600" lon="14.6080800"><ele>192.0</ele></trkpt>
            <trkpt lat="58.1383700" lon="14.6080800"><ele>194.0</ele></trkpt>
            <trkpt lat="58.1385400" lon="14.6080400"><ele>194.0</ele></trkpt>
            <trkpt lat="58.1387200" lon="14.6079800"><ele>194.0</ele></trkpt>
            <trkpt lat="58.1389500" lon="14.6078300"><ele>194.0</ele></trkpt>
            <trkpt lat="58.1390600" lon="14.6077400"><ele>194.0</ele></trkpt>
            <trkpt lat="58.1391700" lon="14.6076700"><ele>194.0</ele></trkpt>
            <trkpt lat="58.1392500" lon="14.6076300"><ele>194.0</ele></trkpt>
            <trkpt lat="58.1393400" lon="14.6076000"><ele>194.0</ele></trkpt>
            <trkpt lat="58.1394600" lon="14.6075500"><ele>194.0</ele></trkpt>
            <trkpt lat="58.1395800" lon="14.6075200"><ele>194.0</ele></trkpt>
            <trkpt lat="58.1397500" lon="14.6074900"><ele>190.0</ele></trkpt>
            <trkpt lat="58.1400600" lon="14.6074700"><ele>188.0</ele></trkpt>
            <trkpt lat="58.1401500" lon="14.6074500"><ele>188.0</ele></trkpt>
            <trkpt lat="58.1402400" lon="14.6074800"><ele>188.0</ele></trkpt>
            <trkpt lat="58.1403200" lon="14.6075400"><ele>196.0</ele></trkpt>
            <trkpt lat="58.1404400" lon="14.6076600"><ele>196.0</ele></trkpt>
            <trkpt lat="58.1406000" lon="14.6078500"><ele>196.0</ele></trkpt>
            <trkpt lat="58.1406700" lon="14.6079700"><ele>196.0</ele></trkpt>
            <trkpt lat="58.1407500" lon="14.6080900"><ele>196.0</ele></trkpt>
            <trkpt lat="58.1408200" lon="14.6081700"><ele>196.0</ele></trkpt>
            <trkpt lat="58.1409300" lon="14.6082900"><ele>194.0</ele></trkpt>
            <trkpt lat="58.1410100" lon="14.6083900"><ele>194.0</ele></trkpt>
            <trkpt lat="58.1410800" lon="14.6085100"><ele>194.0</ele></trkpt>
            <trkpt lat="58.1411400" lon="14.6086500"><ele>194.0</ele></trkpt>
            <trkpt lat="58.1412100" lon="14.6088600"><ele>199.0</ele></trkpt>
            <trkpt lat="58.1412800" lon="14.6090500"><ele>199.0</ele></trkpt>
            <trkpt lat="58.1413400" lon="14.6091900"><ele>199.0</ele></trkpt>
            <trkpt lat="58.1413800" lon="14.6092900"><ele>199.0</ele></trkpt>
            <trkpt lat="58.1414300" lon="14.6093800"><ele>199.0</ele></trkpt>
            <trkpt lat="58.1415400" lon="14.6095500"><ele>199.0</ele></trkpt>
            <trkpt lat="58.1416500" lon="14.6097600"><ele>199.0</ele></trkpt>
            <trkpt lat="58.1417200" lon="14.6099400"><ele>194.0</ele></trkpt>
            <trkpt lat="58.1418100" lon="14.6102200"><ele>198.0</ele></trkpt>
            <trkpt lat="58.1419400" lon="14.6106500"><ele>198.0</ele></trkpt>
            <trkpt lat="58.1419700" lon="14.6108300"><ele>198.0</ele></trkpt>
            <trkpt lat="58.1420000" lon="14.6109800"><ele>198.0</ele></trkpt>
            <trkpt lat="58.1420100" lon="14.6111500"><ele>198.0</ele></trkpt>
            <trkpt lat="58.1419900" lon="14.6113400"><ele>198.0</ele></trkpt>
            <trkpt lat="58.1419600" lon="14.6115600"><ele>198.0</ele></trkpt>
            <trkpt lat="58.1418400" lon="14.6123100"><ele>198.0</ele></trkpt>
            <trkpt lat="58.1417800" lon="14.6126800"><ele>196.0</ele></trkpt>
            <trkpt lat="58.1417600" lon="14.6128700"><ele>196.0</ele></trkpt>
            <trkpt lat="58.1417500" lon="14.6130100"><ele>196.0</ele></trkpt>
            <trkpt lat="58.1417400" lon="14.6131500"><ele>196.0</ele></trkpt>
            <trkpt lat="58.1417500" lon="14.6133700"><ele>196.0</ele></trkpt>
            <trkpt lat="58.1417800" lon="14.6136200"><ele>196.0</ele></trkpt>
            <trkpt lat="58.1418100" lon="14.6139200"><ele>187.0</ele></trkpt>
            <trkpt lat="58.1418300" lon="14.6141400"><ele>187.0</ele></trkpt>
            <trkpt lat="58.1418400" lon="14.6144800"><ele>187.0</ele></trkpt>
            <trkpt lat="58.1418500" lon="14.6148700"><ele>187.0</ele></trkpt>
            <trkpt lat="58.1418600" lon="14.6150900"><ele>185.0</ele></trkpt>
            <trkpt lat="58.1418800" lon="14.6152400"><ele>185.0</ele></trkpt>
            <trkpt lat="58.1419200" lon="14.6153800"><ele>185.0</ele></trkpt>
            <trkpt lat="58.1419900" lon="14.6155400"><ele>185.0</ele></trkpt>
            <trkpt lat="58.1420500" lon="14.6157200"><ele>185.0</ele></trkpt>
            <trkpt lat="58.1420800" lon="14.6158800"><ele>185.0</ele></trkpt>
            <trkpt lat="58.1421000" lon="14.6160600"><ele>185.0</ele></trkpt>
            <trkpt lat="58.1421000" lon="14.6162600"><ele>186.0</ele></trkpt>
            <trkpt lat="58.1420900" lon="14.6165100"><ele>186.0</ele></trkpt>
            <trkpt lat="58.1420600" lon="14.6166900"><ele>186.0</ele></trkpt>
            <trkpt lat="58.1420100" lon="14.6169400"><ele>186.0</ele></trkpt>
            <trkpt lat="58.1419600" lon="14.6171800"><ele>186.0</ele></trkpt>
            <trkpt lat="58.1419100" lon="14.6173800"><ele>186.0</ele></trkpt>
            <trkpt lat="58.1418400" lon="14.6176700"><ele>189.0</ele></trkpt>
            <trkpt lat="58.1417700" lon="14.6179800"><ele>189.0</ele></trkpt>
            <trkpt lat="58.1416500" lon="14.6185700"><ele>188.0</ele></trkpt>
            <trkpt lat="58.1415000" lon="14.6189700"><ele>190.0</ele></trkpt>
            <trkpt lat="58.1413800" lon="14.6192300"><ele>190.0</ele></trkpt>
            <trkpt lat="58.1412900" lon="14.6194400"><ele>190.0</ele></trkpt>
            <trkpt lat="58.1412300" lon="14.6196800"><ele>190.0</ele></trkpt>
            <trkpt lat="58.1411900" lon="14.6199600"><ele>190.0</ele></trkpt>
            <trkpt lat="58.1411700" lon="14.6203300"><ele>194.0</ele></trkpt>
            <trkpt lat="58.1411600" lon="14.6208800"><ele>194.0</ele></trkpt>
            <trkpt lat="58.1411200" lon="14.6213000"><ele>193.0</ele></trkpt>
            <trkpt lat="58.1410600" lon="14.6216800"><ele>193.0</ele></trkpt>
            <trkpt lat="58.1409600" lon="14.6220500"><ele>193.0</ele></trkpt>
            <trkpt lat="58.1408600" lon="14.6222500"><ele>193.0</ele></trkpt>
            <trkpt lat="58.1407400" lon="14.6224500"><ele>188.0</ele></trkpt>
            <trkpt lat="58.1406500" lon="14.6226400"><ele>191.0</ele></trkpt>
            <trkpt lat="58.1405600" lon="14.6228700"><ele>191.0</ele></trkpt>
            <trkpt lat="58.1405200" lon="14.6231000"><ele>191.0</ele></trkpt>
            <trkpt lat="58.1405000" lon="14.6234000"><ele>191.0</ele></trkpt>
            <trkpt lat="58.1405300" lon="14.6238300"><ele>192.0</ele></trkpt>
            <trkpt lat="58.1405500" lon="14.6242700"><ele>192.0</ele></trkpt>
            <trkpt lat="58.1405600" lon="14.6245500"><ele>192.0</ele></trkpt>
            <trkpt lat="58.1406900" lon="14.6245900"><ele>192.0</ele></trkpt>
            <trkpt lat="58.1408500" lon="14.6246900"><ele>192.0</ele></trkpt>
            <trkpt lat="58.1409800" lon="14.6248300"><ele>192.0</ele></trkpt>
            <trkpt lat="58.1411700" lon="14.6250200"><ele>183.0</ele></trkpt>
            <trkpt lat="58.1413600" lon="14.6251900"><ele>183.0</ele></trkpt>
            <trkpt lat="58.1414600" lon="14.6252700"><ele>183.0</ele></trkpt>
            <trkpt lat="58.1416300" lon="14.6252900"><ele>183.0</ele></trkpt>
            <trkpt lat="58.1418300" lon="14.6252600"><ele>183.0</ele></trkpt>
            <trkpt lat="58.1419600" lon="14.6251900"><ele>183.0</ele></trkpt>
            <trkpt lat="58.1421200" lon="14.6250800"><ele>183.0</ele></trkpt>
            <trkpt lat="58.1422800" lon="14.6249600"><ele>192.0</ele></trkpt>
            <trkpt lat="58.1424000" lon="14.6248900"><ele>192.0</ele></trkpt>
            <trkpt lat="58.1425300" lon="14.6248600"><ele>191.0</ele></trkpt>
            <trkpt lat="58.1426600" lon="14.6248600"><ele>191.0</ele></trkpt>
            <trkpt lat="58.1428000" lon="14.6249000"><ele>191.0</ele></trkpt>
            <trkpt lat="58.1429700" lon="14.6250200"><ele>187.0</ele></trkpt>
            <trkpt lat="58.1435900" lon="14.6253500"><ele>194.0</ele></trkpt>
            <trkpt lat="58.1437400" lon="14.6254300"><ele>194.0</ele></trkpt>
            <trkpt lat="58.1441600" lon="14.6256700"><ele>190.0</ele></trkpt>
            <trkpt lat="58.1442600" lon="14.6257200"><ele>190.0</ele></trkpt>
            <trkpt lat="58.1444000" lon="14.6258000"><ele>190.0</ele></trkpt>
            <trkpt lat="58.1444700" lon="14.6258500"><ele>190.0</ele></trkpt>
            <trkpt lat="58.1445900" lon="14.6259300"><ele>190.0</ele></trkpt>
            <trkpt lat="58.1447000" lon="14.6260100"><ele>190.0</ele></trkpt>
            <trkpt lat="58.1448300" lon="14.6261400"><ele>190.0</ele></trkpt>
            <trkpt lat="58.1449200" lon="14.6262800"><ele>190.0</ele></trkpt>
            <trkpt lat="58.1449900" lon="14.6264900"><ele>190.0</ele></trkpt>
            <trkpt lat="58.1450400" lon="14.6267100"><ele>190.0</ele></trkpt>
            <trkpt lat="58.1451400" lon="14.6271500"><ele>190.0</ele></trkpt>
            <trkpt lat="58.1452100" lon="14.6274400"><ele>190.0</ele></trkpt>
            <trkpt lat="58.1452700" lon="14.6275700"><ele>187.0</ele></trkpt>
            <trkpt lat="58.1453400" lon="14.6277000"><ele>187.0</ele></trkpt>
            <trkpt lat="58.1454300" lon="14.6278000"><ele>187.0</ele></trkpt>
            <trkpt lat="58.1455700" lon="14.6278700"><ele>187.0</ele></trkpt>
            <trkpt lat="58.1458300" lon="14.6279700"><ele>188.0</ele></trkpt>
            <trkpt lat="58.1459700" lon="14.6280300"><ele>188.0</ele></trkpt>
            <trkpt lat="58.1461000" lon="14.6280500"><ele>188.0</ele></trkpt>
            <trkpt lat="58.1462200" lon="14.6280700"><ele>188.0</ele></trkpt>
            <trkpt lat="58.1465600" lon="14.6280500"><ele>188.0</ele></trkpt>
            <trkpt lat="58.1468300" lon="14.6280100"><ele>191.0</ele></trkpt>
            <trkpt lat="58.1470600" lon="14.6279900"><ele>191.0</ele></trkpt>
            <trkpt lat="58.1471600" lon="14.6279600"><ele>191.0</ele></trkpt>
            <trkpt lat="58.1474800" lon="14.6276700"><ele>191.0</ele></trkpt>
            <trkpt lat="58.1476600" lon="14.6275600"><ele>191.0</ele></trkpt>
            <trkpt lat="58.1479300" lon="14.6274200"><ele>193.0</ele></trkpt>
            <trkpt lat="58.1482500" lon="14.6272800"><ele>193.0</ele></trkpt>
            <trkpt lat="58.1483100" lon="14.6272700"><ele>193.0</ele></trkpt>
            <trkpt lat="58.1483600" lon="14.6272600"><ele>191.0</ele></trkpt>
            <trkpt lat="58.1485700" lon="14.6272900"><ele>191.0</ele></trkpt>
            <trkpt lat="58.1487300" lon="14.6272500"><ele>191.0</ele></trkpt>
            <trkpt lat="58.1488700" lon="14.6271800"><ele>191.0</ele></trkpt>
            <trkpt lat="58.1490600" lon="14.6270200"><ele>191.0</ele></trkpt>
            <trkpt lat="58.1492000" lon="14.6269200"><ele>194.0</ele></trkpt>
            <trkpt lat="58.1493200" lon="14.6268200"><ele>194.0</ele></trkpt>
            <trkpt lat="58.1494500" lon="14.6267300"><ele>194.0</ele></trkpt>
            <trkpt lat="58.1496500" lon="14.6266700"><ele>194.0</ele></trkpt>
            <trkpt lat="58.1497300" lon="14.6266600"><ele>194.0</ele></trkpt>
            <trkpt lat="58.1498000" lon="14.6266600"><ele>194.0</ele></trkpt>
            <trkpt lat="58.1499500" lon="14.6267100"><ele>194.0</ele></trkpt>
            <trkpt lat="58.1501600" lon="14.6268500"><ele>195.0</ele></trkpt>
            <trkpt lat="58.1504100" lon="14.6270800"><ele>195.0</ele></trkpt>
            <trkpt lat="58.1505300" lon="14.6271600"><ele>195.0</ele></trkpt>
            <trkpt lat="58.1506500" lon="14.6271900"><ele>195.0</ele></trkpt>
            <trkpt lat="58.1507800" lon="14.6271900"><ele>195.0</ele></trkpt>
            <trkpt lat="58.1510000" lon="14.6271800"><ele>198.0</ele></trkpt>
            <trkpt lat="58.1511200" lon="14.6271700"><ele>198.0</ele></trkpt>
            <trkpt lat="58.1514000" lon="14.6271500"><ele>198.0</ele></trkpt>
            <trkpt lat="58.1516200" lon="14.6271600"><ele>198.0</ele></trkpt>
            <trkpt lat="58.1516700" lon="14.6271700"><ele>197.0</ele></trkpt>
            <trkpt lat="58.1517400" lon="14.6271900"><ele>197.0</ele></trkpt>
            <trkpt lat="58.1518000" lon="14.6272100"><ele>197.0</ele></trkpt>
            <trkpt lat="58.1519200" lon="14.6272600"><ele>197.0</ele></trkpt>
            <trkpt lat="58.1519800" lon="14.6272900"><ele>197.0</ele></trkpt>
            <trkpt lat="58.1520800" lon="14.6273300"><ele>197.0</ele></trkpt>
            <trkpt lat="58.1522000" lon="14.6273700"><ele>197.0</ele></trkpt>
            <trkpt lat="58.1523200" lon="14.6273700"><ele>197.0</ele></trkpt>
            <trkpt lat="58.1524300" lon="14.6273500"><ele>197.0</ele></trkpt>
            <trkpt lat="58.1525000" lon="14.6273400"><ele>188.0</ele></trkpt>
            <trkpt lat="58.1525700" lon="14.6273200"><ele>188.0</ele></trkpt>
            <trkpt lat="58.1526600" lon="14.6273200"><ele>188.0</ele></trkpt>
            <trkpt lat="58.1527600" lon="14.6273600"><ele>188.0</ele></trkpt>
            <trkpt lat="58.1528500" lon="14.6274000"><ele>188.0</ele></trkpt>
            <trkpt lat="58.1529400" lon="14.6274400"><ele>188.0</ele></trkpt>
            <trkpt lat="58.1530500" lon="14.6275100"><ele>185.0</ele></trkpt>
            <trkpt lat="58.1531600" lon="14.6275700"><ele>185.0</ele></trkpt>
            <trkpt lat="58.1532400" lon="14.6276100"><ele>185.0</ele></trkpt>
            <trkpt lat="58.1535000" lon="14.6276900"><ele>183.0</ele></trkpt>
            <trkpt lat="58.1537400" lon="14.6277400"><ele>183.0</ele></trkpt>
            <trkpt lat="58.1540100" lon="14.6278200"><ele>183.0</ele></trkpt>
            <trkpt lat="58.1542200" lon="14.6278600"><ele>182.0</ele></trkpt>
            <trkpt lat="58.1544400" lon="14.6279200"><ele>182.0</ele></trkpt>
            <trkpt lat="58.1545500" lon="14.6279900"><ele>182.0</ele></trkpt>
            <trkpt lat="58.1546600" lon="14.6280400"><ele>182.0</ele></trkpt>
            <trkpt lat="58.1547600" lon="14.6281400"><ele>182.0</ele></trkpt>
            <trkpt lat="58.1548400" lon="14.6282600"><ele>182.0</ele></trkpt>
            <trkpt lat="58.1548500" lon="14.6282900"><ele>182.0</ele></trkpt>
            <trkpt lat="58.1549100" lon="14.6283800"><ele>182.0</ele></trkpt>
            <trkpt lat="58.1550100" lon="14.6285100"><ele>183.0</ele></trkpt>
            <trkpt lat="58.1551500" lon="14.6286800"><ele>183.0</ele></trkpt>
            <trkpt lat="58.1552400" lon="14.6287600"><ele>181.0</ele></trkpt>
            <trkpt lat="58.1553600" lon="14.6288800"><ele>181.0</ele></trkpt>
            <trkpt lat="58.1554500" lon="14.6289900"><ele>181.0</ele></trkpt>
            <trkpt lat="58.1556900" lon="14.6292900"><ele>181.0</ele></trkpt>
            <trkpt lat="58.1558000" lon="14.6294400"><ele>181.0</ele></trkpt>
            <trkpt lat="58.1558800" lon="14.6295000"><ele>181.0</ele></trkpt>
            <trkpt lat="58.1559900" lon="14.6295300"><ele>181.0</ele></trkpt>
            <trkpt lat="58.1560700" lon="14.6295000"><ele>181.0</ele></trkpt>
            <trkpt lat="58.1562300" lon="14.6294400"><ele>181.0</ele></trkpt>
            <trkpt lat="58.1563700" lon="14.6293600"><ele>181.0</ele></trkpt>
            <trkpt lat="58.1564800" lon="14.6292800"><ele>181.0</ele></trkpt>
            <trkpt lat="58.1565900" lon="14.6292100"><ele>181.0</ele></trkpt>
            <trkpt lat="58.1566900" lon="14.6291600"><ele>181.0</ele></trkpt>
            <trkpt lat="58.1568600" lon="14.6291400"><ele>181.0</ele></trkpt>
            <trkpt lat="58.1569500" lon="14.6291600"><ele>181.0</ele></trkpt>
            <trkpt lat="58.1570400" lon="14.6291800"><ele>181.0</ele></trkpt>
            <trkpt lat="58.1572000" lon="14.6291900"><ele>181.0</ele></trkpt>
            <trkpt lat="58.1572800" lon="14.6291800"><ele>181.0</ele></trkpt>
            <trkpt lat="58.1573800" lon="14.6291500"><ele>181.0</ele></trkpt>
            <trkpt lat="58.1574700" lon="14.6291200"><ele>181.0</ele></trkpt>
            <trkpt lat="58.1576400" lon="14.6290500"><ele>180.0</ele></trkpt>
            <trkpt lat="58.1578100" lon="14.6289500"><ele>180.0</ele></trkpt>
            <trkpt lat="58.1579000" lon="14.6289100"><ele>180.0</ele></trkpt>
            <trkpt lat="58.1580200" lon="14.6288600"><ele>180.0</ele></trkpt>
            <trkpt lat="58.1582800" lon="14.6287400"><ele>177.0</ele></trkpt>
            <trkpt lat="58.1584900" lon="14.6286400"><ele>177.0</ele></trkpt>
            <trkpt lat="58.1587300" lon="14.6285000"><ele>177.0</ele></trkpt>
            <trkpt lat="58.1588400" lon="14.6284100"><ele>177.0</ele></trkpt>
            <trkpt lat="58.1589200" lon="14.6284100"><ele>177.0</ele></trkpt>
            <trkpt lat="58.1589900" lon="14.6284400"><ele>177.0</ele></trkpt>
            <trkpt lat="58.1590800" lon="14.6285100"><ele>177.0</ele></trkpt>
            <trkpt lat="58.1591700" lon="14.6286100"><ele>184.0</ele></trkpt>
            <trkpt lat="58.1593200" lon="14.6287900"><ele>179.0</ele></trkpt>
            <trkpt lat="58.1594900" lon="14.6290100"><ele>179.0</ele></trkpt>
            <trkpt lat="58.1595600" lon="14.6291000"><ele>179.0</ele></trkpt>
            <trkpt lat="58.1598000" lon="14.6293400"><ele>179.0</ele></trkpt>
            <trkpt lat="58.1599100" lon="14.6294200"><ele>179.0</ele></trkpt>
            <trkpt lat="58.1600200" lon="14.6294800"><ele>177.0</ele></trkpt>
            <trkpt lat="58.1601500" lon="14.6295000"><ele>177.0</ele></trkpt>
            <trkpt lat="58.1602800" lon="14.6294500"><ele>177.0</ele></trkpt>
            <trkpt lat="58.1604000" lon="14.6293500"><ele>177.0</ele></trkpt>
            <trkpt lat="58.1604800" lon="14.6292400"><ele>177.0</ele></trkpt>
            <trkpt lat="58.1605600" lon="14.6291100"><ele>177.0</ele></trkpt>
            <trkpt lat="58.1606600" lon="14.6289700"><ele>177.0</ele></trkpt>
            <trkpt lat="58.1607000" lon="14.6289200"><ele>177.0</ele></trkpt>
            <trkpt lat="58.1607900" lon="14.6288300"><ele>177.0</ele></trkpt>
            <trkpt lat="58.1608900" lon="14.6287500"><ele>177.0</ele></trkpt>
            <trkpt lat="58.1610300" lon="14.6286800"><ele>176.0</ele></trkpt>
            <trkpt lat="58.1611700" lon="14.6286200"><ele>176.0</ele></trkpt>
            <trkpt lat="58.1613000" lon="14.6285400"><ele>176.0</ele></trkpt>
            <trkpt lat="58.1614200" lon="14.6284600"><ele>176.0</ele></trkpt>
            <trkpt lat="58.1615400" lon="14.6284100"><ele>176.0</ele></trkpt>
            <trkpt lat="58.1616800" lon="14.6283700"><ele>178.0</ele></trkpt>
            <trkpt lat="58.1619600" lon="14.6283200"><ele>178.0</ele></trkpt>
            <trkpt lat="58.1621000" lon="14.6282600"><ele>178.0</ele></trkpt>
            <trkpt lat="58.1622500" lon="14.6282200"><ele>178.0</ele></trkpt>
            <trkpt lat="58.1623400" lon="14.6281800"><ele>178.0</ele></trkpt>
            <trkpt lat="58.1624100" lon="14.6281300"><ele>178.0</ele></trkpt>
            <trkpt lat="58.1625000" lon="14.6280000"><ele>177.0</ele></trkpt>
            <trkpt lat="58.1625600" lon="14.6278900"><ele>177.0</ele></trkpt>
            <trkpt lat="58.1626800" lon="14.6276700"><ele>177.0</ele></trkpt>
            <trkpt lat="58.1627700" lon="14.6275000"><ele>177.0</ele></trkpt>
            <trkpt lat="58.1629200" lon="14.6272200"><ele>175.0</ele></trkpt>
            <trkpt lat="58.1630500" lon="14.6270300"><ele>175.0</ele></trkpt>
            <trkpt lat="58.1631300" lon="14.6269400"><ele>175.0</ele></trkpt>
            <trkpt lat="58.1632600" lon="14.6267900"><ele>175.0</ele></trkpt>
            <trkpt lat="58.1633500" lon="14.6267200"><ele>173.0</ele></trkpt>
            <trkpt lat="58.1634200" lon="14.6266700"><ele>173.0</ele></trkpt>
            <trkpt lat="58.1634900" lon="14.6266500"><ele>173.0</ele></trkpt>
            <trkpt lat="58.1635600" lon="14.6266600"><ele>173.0</ele></trkpt>
            <trkpt lat="58.1636300" lon="14.6267000"><ele>173.0</ele></trkpt>
            <trkpt lat="58.1637100" lon="14.6267400"><ele>173.0</ele></trkpt>
            <trkpt lat="58.1638200" lon="14.6268100"><ele>173.0</ele></trkpt>
            <trkpt lat="58.1639200" lon="14.6268700"><ele>173.0</ele></trkpt>
            <trkpt lat="58.1641000" lon="14.6270100"><ele>173.0</ele></trkpt>
            <trkpt lat="58.1642800" lon="14.6270900"><ele>172.0</ele></trkpt>
            <trkpt lat="58.1644700" lon="14.6271400"><ele>172.0</ele></trkpt>
            <trkpt lat="58.1646200" lon="14.6271700"><ele>172.0</ele></trkpt>
            <trkpt lat="58.1647300" lon="14.6272000"><ele>172.0</ele></trkpt>
            <trkpt lat="58.1648900" lon="14.6272300"><ele>172.0</ele></trkpt>
            <trkpt lat="58.1650900" lon="14.6272600"><ele>172.0</ele></trkpt>
            <trkpt lat="58.1652200" lon="14.6272900"><ele>172.0</ele></trkpt>
            <trkpt lat="58.1653000" lon="14.6273200"><ele>172.0</ele></trkpt>
            <trkpt lat="58.1653500" lon="14.6273400"><ele>172.0</ele></trkpt>
            <trkpt lat="58.1654300" lon="14.6274100"><ele>172.0</ele></trkpt>
            <trkpt lat="58.1655100" lon="14.6275200"><ele>172.0</ele></trkpt>
            <trkpt lat="58.1655900" lon="14.6276700"><ele>172.0</ele></trkpt>
            <trkpt lat="58.1656900" lon="14.6278100"><ele>172.0</ele></trkpt>
            <trkpt lat="58.1657600" lon="14.6279200"><ele>172.0</ele></trkpt>
            <trkpt lat="58.1658700" lon="14.6280400"><ele>175.0</ele></trkpt>
            <trkpt lat="58.1660200" lon="14.6282500"><ele>175.0</ele></trkpt>
            <trkpt lat="58.1661700" lon="14.6284600"><ele>175.0</ele></trkpt>
            <trkpt lat="58.1663500" lon="14.6286800"><ele>175.0</ele></trkpt>
            <trkpt lat="58.1664900" lon="14.6288200"><ele>172.0</ele></trkpt>
            <trkpt lat="58.1666300" lon="14.6289100"><ele>172.0</ele></trkpt>
            <trkpt lat="58.1667400" lon="14.6289600"><ele>181.0</ele></trkpt>
            <trkpt lat="58.1669400" lon="14.6290500"><ele>181.0</ele></trkpt>
            <trkpt lat="58.1670700" lon="14.6290800"><ele>181.0</ele></trkpt>
            <trkpt lat="58.1671700" lon="14.6290800"><ele>181.0</ele></trkpt>
            <trkpt lat="58.1673000" lon="14.6290100"><ele>181.0</ele></trkpt>
            <trkpt lat="58.1673900" lon="14.6289400"><ele>181.0</ele></trkpt>
            <trkpt lat="58.1674700" lon="14.6288900"><ele>181.0</ele></trkpt>
            <trkpt lat="58.1675700" lon="14.6288900"><ele>174.0</ele></trkpt>
            <trkpt lat="58.1676300" lon="14.6289100"><ele>174.0</ele></trkpt>
            <trkpt lat="58.1677500" lon="14.6289800"><ele>174.0</ele></trkpt>
            <trkpt lat="58.1679000" lon="14.6291000"><ele>174.0</ele></trkpt>
            <trkpt lat="58.1680900" lon="14.6292200"><ele>174.0</ele></trkpt>
            <trkpt lat="58.1682200" lon="14.6292600"><ele>174.0</ele></trkpt>
            <trkpt lat="58.1682900" lon="14.6292500"><ele>174.0</ele></trkpt>
            <trkpt lat="58.1684600" lon="14.6291900"><ele>175.0</ele></trkpt>
            <trkpt lat="58.1686400" lon="14.6290800"><ele>175.0</ele></trkpt>
            <trkpt lat="58.1688200" lon="14.6290300"><ele>175.0</ele></trkpt>
            <trkpt lat="58.1689200" lon="14.6290700"><ele>175.0</ele></trkpt>
            <trkpt lat="58.1689900" lon="14.6291400"><ele>175.0</ele></trkpt>
            <trkpt lat="58.1690400" lon="14.6291900"><ele>175.0</ele></trkpt>
            <trkpt lat="58.1691500" lon="14.6293500"><ele>175.0</ele></trkpt>
            <trkpt lat="58.1692500" lon="14.6295100"><ele>177.0</ele></trkpt>
            <trkpt lat="58.1693800" lon="14.6296200"><ele>177.0</ele></trkpt>
            <trkpt lat="58.1695800" lon="14.6297300"><ele>177.0</ele></trkpt>
            <trkpt lat="58.1698300" lon="14.6298700"><ele>177.0</ele></trkpt>
            <trkpt lat="58.1699600" lon="14.6299600"><ele>177.0</ele></trkpt>
            <trkpt lat="58.1700400" lon="14.6300400"><ele>172.0</ele></trkpt>
            <trkpt lat="58.1701300" lon="14.6301500"><ele>172.0</ele></trkpt>
            <trkpt lat="58.1702200" lon="14.6302600"><ele>172.0</ele></trkpt>
            <trkpt lat="58.1703300" lon="14.6303300"><ele>172.0</ele></trkpt>
            <trkpt lat="58.1703700" lon="14.6303400"><ele>172.0</ele></trkpt>
            <trkpt lat="58.1704000" lon="14.6303500"><ele>172.0</ele></trkpt>
            <trkpt lat="58.1704500" lon="14.6303700"><ele>172.0</ele></trkpt>
            <trkpt lat="58.1705500" lon="14.6304000"><ele>172.0</ele></trkpt>
            <trkpt lat="58.1706400" lon="14.6304200"><ele>172.0</ele></trkpt>
            <trkpt lat="58.1706900" lon="14.6304300"><ele>172.0</ele></trkpt>
            <trkpt lat="58.1708700" lon="14.6304300"><ele>170.0</ele></trkpt>
            <trkpt lat="58.1711100" lon="14.6304400"><ele>170.0</ele></trkpt>
            <trkpt lat="58.1711900" lon="14.6304300"><ele>170.0</ele></trkpt>
            <trkpt lat="58.1713100" lon="14.6303900"><ele>170.0</ele></trkpt>
            <trkpt lat="58.1714400" lon="14.6303100"><ele>170.0</ele></trkpt>
            <trkpt lat="58.1715600" lon="14.6302600"><ele>170.0</ele></trkpt>
            <trkpt lat="58.1716700" lon="14.6302300"><ele>169.0</ele></trkpt>
            <trkpt lat="58.1717900" lon="14.6302200"><ele>169.0</ele></trkpt>
            <trkpt lat="58.1718900" lon="14.6302400"><ele>169.0</ele></trkpt>
            <trkpt lat="58.1720200" lon="14.6302800"><ele>169.0</ele></trkpt>
            <trkpt lat="58.1721500" lon="14.6303700"><ele>169.0</ele></trkpt>
            <trkpt lat="58.1722700" lon="14.6304500"><ele>169.0</ele></trkpt>
            <trkpt lat="58.1723500" lon="14.6305100"><ele>169.0</ele></trkpt>
            <trkpt lat="58.1724300" lon="14.6305500"><ele>169.0</ele></trkpt>
            <trkpt lat="58.1725000" lon="14.6305600"><ele>168.0</ele></trkpt>
            <trkpt lat="58.1725600" lon="14.6305800"><ele>168.0</ele></trkpt>
            <trkpt lat="58.1727000" lon="14.6305700"><ele>168.0</ele></trkpt>
            <trkpt lat="58.1729900" lon="14.6305400"><ele>168.0</ele></trkpt>
            <trkpt lat="58.1731200" lon="14.6305300"><ele>168.0</ele></trkpt>
            <trkpt lat="58.1732000" lon="14.6305400"><ele>168.0</ele></trkpt>
            <trkpt lat="58.1733200" lon="14.6305700"><ele>168.0</ele></trkpt>
            <trkpt lat="58.1734100" lon="14.6306000"><ele>170.0</ele></trkpt>
            <trkpt lat="58.1735100" lon="14.6306400"><ele>170.0</ele></trkpt>
            <trkpt lat="58.1736200" lon="14.6306700"><ele>170.0</ele></trkpt>
            <trkpt lat="58.1737500" lon="14.6306900"><ele>170.0</ele></trkpt>
            <trkpt lat="58.1738900" lon="14.6306800"><ele>170.0</ele></trkpt>
            <trkpt lat="58.1740500" lon="14.6306400"><ele>170.0</ele></trkpt>
            <trkpt lat="58.1742000" lon="14.6305900"><ele>166.0</ele></trkpt>
            <trkpt lat="58.1743600" lon="14.6305200"><ele>166.0</ele></trkpt>
            <trkpt lat="58.1744400" lon="14.6304600"><ele>166.0</ele></trkpt>
            <trkpt lat="58.1745600" lon="14.6303800"><ele>166.0</ele></trkpt>
            <trkpt lat="58.1746700" lon="14.6302700"><ele>166.0</ele></trkpt>
            <trkpt lat="58.1748100" lon="14.6301200"><ele>166.0</ele></trkpt>
            <trkpt lat="58.1749200" lon="14.6300300"><ele>166.0</ele></trkpt>
            <trkpt lat="58.1750200" lon="14.6299600"><ele>171.0</ele></trkpt>
            <trkpt lat="58.1751100" lon="14.6299300"><ele>171.0</ele></trkpt>
            <trkpt lat="58.1751900" lon="14.6299200"><ele>171.0</ele></trkpt>
            <trkpt lat="58.1753100" lon="14.6299200"><ele>171.0</ele></trkpt>
            <trkpt lat="58.1754600" lon="14.6299200"><ele>171.0</ele></trkpt>
            <trkpt lat="58.1758200" lon="14.6299500"><ele>171.0</ele></trkpt>
            <trkpt lat="58.1761300" lon="14.6299700"><ele>174.0</ele></trkpt>
            <trkpt lat="58.1765000" lon="14.6300000"><ele>165.0</ele></trkpt>
            <trkpt lat="58.1766700" lon="14.6300300"><ele>164.0</ele></trkpt>
            <trkpt lat="58.1769100" lon="14.6300700"><ele>164.0</ele></trkpt>
            <trkpt lat="58.1771200" lon="14.6301000"><ele>164.0</ele></trkpt>
            <trkpt lat="58.1772400" lon="14.6301200"><ele>164.0</ele></trkpt>
            <trkpt lat="58.1779000" lon="14.6302200"><ele>164.0</ele></trkpt>
            <trkpt lat="58.1784800" lon="14.6303100"><ele>165.0</ele></trkpt>
            <trkpt lat="58.1789500" lon="14.6303800"><ele>165.0</ele></trkpt>
            <trkpt lat="58.1794600" lon="14.6304600"><ele>163.0</ele></trkpt>
            <trkpt lat="58.1795100" lon="14.6304700"><ele>163.0</ele></trkpt>
            <trkpt lat="58.1795900" lon="14.6304900"><ele>163.0</ele></trkpt>
            <trkpt lat="58.1796800" lon="14.6305100"><ele>163.0</ele></trkpt>
            <trkpt lat="58.1799000" lon="14.6305600"><ele>163.0</ele></trkpt>
            <trkpt lat="58.1801500" lon="14.6306500"><ele>165.0</ele></trkpt>
            <trkpt lat="58.1803700" lon="14.6307300"><ele>165.0</ele></trkpt>
            <trkpt lat="58.1806200" lon="14.6308400"><ele>165.0</ele></trkpt>
            <trkpt lat="58.1808500" lon="14.6309500"><ele>168.0</ele></trkpt>
            <trkpt lat="58.1810000" lon="14.6310300"><ele>168.0</ele></trkpt>
            <trkpt lat="58.1812200" lon="14.6311500"><ele>168.0</ele></trkpt>
            <trkpt lat="58.1814200" lon="14.6312800"><ele>167.0</ele></trkpt>
            <trkpt lat="58.1816000" lon="14.6314000"><ele>167.0</ele></trkpt>
            <trkpt lat="58.1818000" lon="14.6315400"><ele>166.0</ele></trkpt>
            <trkpt lat="58.1819900" lon="14.6316900"><ele>166.0</ele></trkpt>
            <trkpt lat="58.1821000" lon="14.6317800"><ele>166.0</ele></trkpt>
            <trkpt lat="58.1822600" lon="14.6319200"><ele>166.0</ele></trkpt>
            <trkpt lat="58.1824900" lon="14.6321200"><ele>171.0</ele></trkpt>
            <trkpt lat="58.1827100" lon="14.6323300"><ele>171.0</ele></trkpt>
            <trkpt lat="58.1828900" lon="14.6325200"><ele>167.0</ele></trkpt>
            <trkpt lat="58.1830700" lon="14.6327100"><ele>167.0</ele></trkpt>
            <trkpt lat="58.1833200" lon="14.6329900"><ele>167.0</ele></trkpt>
            <trkpt lat="58.1834800" lon="14.6331800"><ele>171.0</ele></trkpt>
            <trkpt lat="58.1836400" lon="14.6333900"><ele>171.0</ele></trkpt>
            <trkpt lat="58.1838300" lon="14.6336500"><ele>171.0</ele></trkpt>
            <trkpt lat="58.1840000" lon="14.6339000"><ele>171.0</ele></trkpt>
            <trkpt lat="58.1841500" lon="14.6341300"><ele>171.0</ele></trkpt>
            <trkpt lat="58.1843200" lon="14.6343800"><ele>168.0</ele></trkpt>
            <trkpt lat="58.1845200" lon="14.6347100"><ele>168.0</ele></trkpt>
            <trkpt lat="58.1847100" lon="14.6350500"><ele>162.0</ele></trkpt>
            <trkpt lat="58.1847700" lon="14.6352000"><ele>162.0</ele></trkpt>
            <trkpt lat="58.1847700" lon="14.6351990"><ele>162.0</ele></trkpt>
            <trkpt lat="58.1847700" lon="14.6352000"><ele>162.0</ele></trkpt>
            <trkpt lat="58.1846700" lon="14.6352800"><ele>162.0</ele></trkpt>
            <trkpt lat="58.1845400" lon="14.6353800"><ele>162.0</ele></trkpt>
            <trkpt lat="58.1843700" lon="14.6355300"><ele>162.0</ele></trkpt>
            <trkpt lat="58.1841800" lon="14.6356900"><ele>162.0</ele></trkpt>
            <trkpt lat="58.1840100" lon="14.6358600"><ele>164.0</ele></trkpt>
            <trkpt lat="58.1838600" lon="14.6360200"><ele>164.0</ele></trkpt>
            <trkpt lat="58.1837300" lon="14.6361800"><ele>164.0</ele></trkpt>
            <trkpt lat="58.1836000" lon="14.6363300"><ele>161.0</ele></trkpt>
            <trkpt lat="58.1835800" lon="14.6363600"><ele>161.0</ele></trkpt>
            <trkpt lat="58.1833400" lon="14.6366500"><ele>161.0</ele></trkpt>
            <trkpt lat="58.1829800" lon="14.6370800"><ele>158.0</ele></trkpt>
            <trkpt lat="58.1827200" lon="14.6374000"><ele>158.0</ele></trkpt>
            <trkpt lat="58.1822100" lon="14.6380100"><ele>161.0</ele></trkpt>
            <trkpt lat="58.1818300" lon="14.6384700"><ele>161.0</ele></trkpt>
            <trkpt lat="58.1812500" lon="14.6391500"><ele>163.0</ele></trkpt>
            <trkpt lat="58.1807300" lon="14.6397700"><ele>163.0</ele></trkpt>
            <trkpt lat="58.1801700" lon="14.6404400"><ele>157.0</ele></trkpt>
            <trkpt lat="58.1793100" lon="14.6414700"><ele>158.0</ele></trkpt>
            <trkpt lat="58.1790000" lon="14.6418300"><ele>163.0</ele></trkpt>
            <trkpt lat="58.1789700" lon="14.6418700"><ele>163.0</ele></trkpt>
            <trkpt lat="58.1789200" lon="14.6419300"><ele>163.0</ele></trkpt>
            <trkpt lat="58.1785900" lon="14.6423300"><ele>163.0</ele></trkpt>
            <trkpt lat="58.1781700" lon="14.6428300"><ele>168.0</ele></trkpt>
            <trkpt lat="58.1778900" lon="14.6431600"><ele>168.0</ele></trkpt>
            <trkpt lat="58.1776300" lon="14.6434800"><ele>168.0</ele></trkpt>
            <trkpt lat="58.1774200" lon="14.6437400"><ele>167.0</ele></trkpt>
            <trkpt lat="58.1772700" lon="14.6439200"><ele>166.0</ele></trkpt>
            <trkpt lat="58.1771200" lon="14.6441100"><ele>166.0</ele></trkpt>
            <trkpt lat="58.1768100" lon="14.6445400"><ele>166.0</ele></trkpt>
            <trkpt lat="58.1759700" lon="14.6457000"><ele>171.0</ele></trkpt>
            <trkpt lat="58.1759400" lon="14.6457500"><ele>171.0</ele></trkpt>
            <trkpt lat="58.1749400" lon="14.6471400"><ele>178.0</ele></trkpt>
            <trkpt lat="58.1745300" lon="14.6477200"><ele>177.0</ele></trkpt>
            <trkpt lat="58.1740100" lon="14.6484500"><ele>180.0</ele></trkpt>
            <trkpt lat="58.1738000" lon="14.6487300"><ele>180.0</ele></trkpt>
            <trkpt lat="58.1736200" lon="14.6489800"><ele>171.0</ele></trkpt>
            <trkpt lat="58.1736200" lon="14.6489790"><ele>171.0</ele></trkpt>
            <trkpt lat="58.1736200" lon="14.6489800"><ele>171.0</ele></trkpt>
            <trkpt lat="58.1732300" lon="14.6495000"><ele>170.0</ele></trkpt>
            <trkpt lat="58.1726100" lon="14.6503500"><ele>170.0</ele></trkpt>
            <trkpt lat="58.1723100" lon="14.6507600"><ele>170.0</ele></trkpt>
            <trkpt lat="58.1721900" lon="14.6509200"><ele>170.0</ele></trkpt>
            <trkpt lat="58.1720300" lon="14.6511400"><ele>170.0</ele></trkpt>
            <trkpt lat="58.1718700" lon="14.6513900"><ele>169.0</ele></trkpt>
            <trkpt lat="58.1717200" lon="14.6516300"><ele>169.0</ele></trkpt>
            <trkpt lat="58.1715700" lon="14.6518800"><ele>168.0</ele></trkpt>
            <trkpt lat="58.1714300" lon="14.6521300"><ele>168.0</ele></trkpt>
            <trkpt lat="58.1712900" lon="14.6524000"><ele>168.0</ele></trkpt>
            <trkpt lat="58.1711600" lon="14.6526800"><ele>174.0</ele></trkpt>
            <trkpt lat="58.1710600" lon="14.6529000"><ele>174.0</ele></trkpt>
            <trkpt lat="58.1709900" lon="14.6530900"><ele>174.0</ele></trkpt>
            <trkpt lat="58.1708700" lon="14.6534000"><ele>174.0</ele></trkpt>
            <trkpt lat="58.1707500" lon="14.6537400"><ele>170.0</ele></trkpt>
            <trkpt lat="58.1704700" lon="14.6545300"><ele>170.0</ele></trkpt>
            <trkpt lat="58.1702000" lon="14.6553400"><ele>173.0</ele></trkpt>
            <trkpt lat="58.1698800" lon="14.6562200"><ele>171.0</ele></trkpt>
            <trkpt lat="58.1697200" lon="14.6566800"><ele>173.0</ele></trkpt>
            <trkpt lat="58.1695800" lon="14.6570700"><ele>173.0</ele></trkpt>
            <trkpt lat="58.1694800" lon="14.6573600"><ele>173.0</ele></trkpt>
            <trkpt lat="58.1693700" lon="14.6576900"><ele>173.0</ele></trkpt>
            <trkpt lat="58.1693000" lon="14.6578700"><ele>173.0</ele></trkpt>
            <trkpt lat="58.1691300" lon="14.6583400"><ele>172.0</ele></trkpt>
            <trkpt lat="58.1688000" lon="14.6593000"><ele>174.0</ele></trkpt>
            <trkpt lat="58.1685600" lon="14.6599800"><ele>174.0</ele></trkpt>
            <trkpt lat="58.1684900" lon="14.6601900"><ele>178.0</ele></trkpt>
            <trkpt lat="58.1682200" lon="14.6609300"><ele>180.0</ele></trkpt>
            <trkpt lat="58.1680800" lon="14.6613400"><ele>181.0</ele></trkpt>
            <trkpt lat="58.1679000" lon="14.6618600"><ele>181.0</ele></trkpt>
            <trkpt lat="58.1676900" lon="14.6624500"><ele>181.0</ele></trkpt>
            <trkpt lat="58.1675400" lon="14.6628800"><ele>184.0</ele></trkpt>
            <trkpt lat="58.1674300" lon="14.6631900"><ele>179.0</ele></trkpt>
            <trkpt lat="58.1673300" lon="14.6634800"><ele>179.0</ele></trkpt>
            <trkpt lat="58.1671500" lon="14.6639700"><ele>169.0</ele></trkpt>
            <trkpt lat="58.1669900" lon="14.6644300"><ele>169.0</ele></trkpt>
            <trkpt lat="58.1667700" lon="14.6650800"><ele>174.0</ele></trkpt>
            <trkpt lat="58.1665600" lon="14.6656600"><ele>175.0</ele></trkpt>
            <trkpt lat="58.1663200" lon="14.6662800"><ele>183.0</ele></trkpt>
            <trkpt lat="58.1661100" lon="14.6667600"><ele>183.0</ele></trkpt>
            <trkpt lat="58.1659600" lon="14.6671400"><ele>183.0</ele></trkpt>
            <trkpt lat="58.1658200" lon="14.6674300"><ele>176.0</ele></trkpt>
            <trkpt lat="58.1656500" lon="14.6677600"><ele>177.0</ele></trkpt>
            <trkpt lat="58.1654900" lon="14.6680900"><ele>177.0</ele></trkpt>
            <trkpt lat="58.1652800" lon="14.6685400"><ele>177.0</ele></trkpt>
            <trkpt lat="58.1651000" lon="14.6689100"><ele>181.0</ele></trkpt>
            <trkpt lat="58.1648600" lon="14.6693500"><ele>183.0</ele></trkpt>
            <trkpt lat="58.1646100" lon="14.6698400"><ele>183.0</ele></trkpt>
            <trkpt lat="58.1643600" lon="14.6703400"><ele>180.0</ele></trkpt>
            <trkpt lat="58.1640900" lon="14.6708800"><ele>182.0</ele></trkpt>
            <trkpt lat="58.1638000" lon="14.6714400"><ele>180.0</ele></trkpt>
            <trkpt lat="58.1633900" lon="14.6722300"><ele>180.0</ele></trkpt>
            <trkpt lat="58.1631800" lon="14.6726500"><ele>181.0</ele></trkpt>
            <trkpt lat="58.1630100" lon="14.6729900"><ele>181.0</ele></trkpt>
            <trkpt lat="58.1628100" lon="14.6734300"><ele>181.0</ele></trkpt>
            <trkpt lat="58.1627600" lon="14.6735300"><ele>181.0</ele></trkpt>
            <trkpt lat="58.1626000" lon="14.6739500"><ele>183.0</ele></trkpt>
            <trkpt lat="58.1623700" lon="14.6745400"><ele>180.0</ele></trkpt>
            <trkpt lat="58.1622100" lon="14.6750000"><ele>181.0</ele></trkpt>
            <trkpt lat="58.1620200" lon="14.6755900"><ele>181.0</ele></trkpt>
            <trkpt lat="58.1618600" lon="14.6760700"><ele>181.0</ele></trkpt>
            <trkpt lat="58.1617100" lon="14.6766500"><ele>182.0</ele></trkpt>
            <trkpt lat="58.1615800" lon="14.6772100"><ele>186.0</ele></trkpt>
            <trkpt lat="58.1614900" lon="14.6775400"><ele>183.0</ele></trkpt>
            <trkpt lat="58.1614100" lon="14.6778900"><ele>183.0</ele></trkpt>
            <trkpt lat="58.1613600" lon="14.6781700"><ele>183.0</ele></trkpt>
            <trkpt lat="58.1612700" lon="14.6786500"><ele>183.0</ele></trkpt>
            <trkpt lat="58.1612000" lon="14.6790400"><ele>188.0</ele></trkpt>
            <trkpt lat="58.1611100" lon="14.6795600"><ele>188.0</ele></trkpt>
            <trkpt lat="58.1610800" lon="14.6797900"><ele>188.0</ele></trkpt>
            <trkpt lat="58.1609900" lon="14.6802900"><ele>189.0</ele></trkpt>
            <trkpt lat="58.1608900" lon="14.6809300"><ele>189.0</ele></trkpt>
            <trkpt lat="58.1607900" lon="14.6815300"><ele>187.0</ele></trkpt>
            <trkpt lat="58.1607000" lon="14.6820700"><ele>187.0</ele></trkpt>
            <trkpt lat="58.1606100" lon="14.6826800"><ele>184.0</ele></trkpt>
            <trkpt lat="58.1605200" lon="14.6832400"><ele>184.0</ele></trkpt>
            <trkpt lat="58.1604400" lon="14.6837100"><ele>184.0</ele></trkpt>
            <trkpt lat="58.1603600" lon="14.6842200"><ele>185.0</ele></trkpt>
            <trkpt lat="58.1602800" lon="14.6847200"><ele>185.0</ele></trkpt>
            <trkpt lat="58.1601900" lon="14.6852400"><ele>184.0</ele></trkpt>
            <trkpt lat="58.1601700" lon="14.6853700"><ele>184.0</ele></trkpt>
            <trkpt lat="58.1601300" lon="14.6856500"><ele>184.0</ele></trkpt>
            <trkpt lat="58.1600600" lon="14.6860900"><ele>184.0</ele></trkpt>
            <trkpt lat="58.1599900" lon="14.6864300"><ele>188.0</ele></trkpt>
            <trkpt lat="58.1599200" lon="14.6867800"><ele>188.0</ele></trkpt>
            <trkpt lat="58.1598300" lon="14.6872000"><ele>188.0</ele></trkpt>
            <trkpt lat="58.1597500" lon="14.6875700"><ele>187.0</ele></trkpt>
            <trkpt lat="58.1596700" lon="14.6879200"><ele>187.0</ele></trkpt>
            <trkpt lat="58.1595800" lon="14.6882800"><ele>187.0</ele></trkpt>
            <trkpt lat="58.1594800" lon="14.6886800"><ele>187.0</ele></trkpt>
            <trkpt lat="58.1593700" lon="14.6890500"><ele>193.0</ele></trkpt>
            <trkpt lat="58.1593100" lon="14.6893200"><ele>193.0</ele></trkpt>
            <trkpt lat="58.1592100" lon="14.6896500"><ele>193.0</ele></trkpt>
            <trkpt lat="58.1591400" lon="14.6898500"><ele>189.0</ele></trkpt>
            <trkpt lat="58.1589800" lon="14.6903100"><ele>191.0</ele></trkpt>
            <trkpt lat="58.1587600" lon="14.6909500"><ele>191.0</ele></trkpt>
            <trkpt lat="58.1585600" lon="14.6915000"><ele>188.0</ele></trkpt>
            <trkpt lat="58.1583500" lon="14.6920100"><ele>188.0</ele></trkpt>
            <trkpt lat="58.1581900" lon="14.6924000"><ele>195.0</ele></trkpt>
            <trkpt lat="58.1579800" lon="14.6929300"><ele>185.0</ele></trkpt>
            <trkpt lat="58.1577400" lon="14.6934800"><ele>185.0</ele></trkpt>
            <trkpt lat="58.1575200" lon="14.6940300"><ele>190.0</ele></trkpt>
            <trkpt lat="58.1573000" lon="14.6945900"><ele>195.0</ele></trkpt>
            <trkpt lat="58.1570500" lon="14.6952100"><ele>196.0</ele></trkpt>
            <trkpt lat="58.1569000" lon="14.6955900"><ele>196.0</ele></trkpt>
            <trkpt lat="58.1567400" lon="14.6960000"><ele>196.0</ele></trkpt>
            <trkpt lat="58.1566100" lon="14.6963100"><ele>193.0</ele></trkpt>
            <trkpt lat="58.1564800" lon="14.6966400"><ele>193.0</ele></trkpt>
            <trkpt lat="58.1562500" lon="14.6972000"><ele>193.0</ele></trkpt>
            <trkpt lat="58.1560400" lon="14.6977300"><ele>198.0</ele></trkpt>
            <trkpt lat="58.1558000" lon="14.6983300"><ele>198.0</ele></trkpt>
            <trkpt lat="58.1555500" lon="14.6989000"><ele>198.0</ele></trkpt>
            <trkpt lat="58.1553100" lon="14.6995200"><ele>198.0</ele></trkpt>
            <trkpt lat="58.1550900" lon="14.7000700"><ele>196.0</ele></trkpt>
            <trkpt lat="58.1549000" lon="14.7005300"><ele>188.0</ele></trkpt>
            <trkpt lat="58.1547500" lon="14.7009000"><ele>188.0</ele></trkpt>
            <trkpt lat="58.1546400" lon="14.7011900"><ele>188.0</ele></trkpt>
            <trkpt lat="58.1544900" lon="14.7015500"><ele>187.0</ele></trkpt>
            <trkpt lat="58.1543100" lon="14.7020300"><ele>187.0</ele></trkpt>
            <trkpt lat="58.1541200" lon="14.7025100"><ele>182.0</ele></trkpt>
            <trkpt lat="58.1539400" lon="14.7030200"><ele>182.0</ele></trkpt>
            <trkpt lat="58.1537800" lon="14.7034500"><ele>182.0</ele></trkpt>
            <trkpt lat="58.1535700" lon="14.7040300"><ele>188.0</ele></trkpt>
            <trkpt lat="58.1534200" lon="14.7045100"><ele>188.0</ele></trkpt>
            <trkpt lat="58.1531900" lon="14.7051900"><ele>187.0</ele></trkpt>
            <trkpt lat="58.1529400" lon="14.7059700"><ele>187.0</ele></trkpt>
            <trkpt lat="58.1527800" lon="14.7064200"><ele>183.0</ele></trkpt>
            <trkpt lat="58.1527000" lon="14.7067100"><ele>183.0</ele></trkpt>
            <trkpt lat="58.1525400" lon="14.7071700"><ele>183.0</ele></trkpt>
            <trkpt lat="58.1523500" lon="14.7077600"><ele>179.0</ele></trkpt>
            <trkpt lat="58.1522300" lon="14.7081400"><ele>179.0</ele></trkpt>
            <trkpt lat="58.1521200" lon="14.7084600"><ele>179.0</ele></trkpt>
            <trkpt lat="58.1520200" lon="14.7087500"><ele>171.0</ele></trkpt>
            <trkpt lat="58.1519100" lon="14.7090900"><ele>171.0</ele></trkpt>
            <trkpt lat="58.1517400" lon="14.7096200"><ele>171.0</ele></trkpt>
            <trkpt lat="58.1515700" lon="14.7101400"><ele>171.0</ele></trkpt>
            <trkpt lat="58.1513400" lon="14.7108600"><ele>171.0</ele></trkpt>
            <trkpt lat="58.1511600" lon="14.7114300"><ele>171.0</ele></trkpt>
            <trkpt lat="58.1511500" lon="14.7114400"><ele>171.0</ele></trkpt>
            <trkpt lat="58.1510500" lon="14.7117400"><ele>171.0</ele></trkpt>
            <trkpt lat="58.1508800" lon="14.7122700"><ele>171.0</ele></trkpt>
            <trkpt lat="58.1506100" lon="14.7130000"><ele>176.0</ele></trkpt>
            <trkpt lat="58.1505000" lon="14.7133300"><ele>176.0</ele></trkpt>
            <trkpt lat="58.1505800" lon="14.7133700"><ele>176.0</ele></trkpt>
            <trkpt lat="58.1506300" lon="14.7133800"><ele>176.0</ele></trkpt>
            <trkpt lat="58.1506800" lon="14.7133800"><ele>176.0</ele></trkpt>
            <trkpt lat="58.1507600" lon="14.7133900"><ele>176.0</ele></trkpt>
            <trkpt lat="58.1508600" lon="14.7134000"><ele>172.0</ele></trkpt>
            <trkpt lat="58.1509600" lon="14.7134000"><ele>172.0</ele></trkpt>
            <trkpt lat="58.1510700" lon="14.7134000"><ele>172.0</ele></trkpt>
            <trkpt lat="58.1512000" lon="14.7133900"><ele>172.0</ele></trkpt>
            <trkpt lat="58.1513200" lon="14.7133900"><ele>172.0</ele></trkpt>
            <trkpt lat="58.1514000" lon="14.7133500"><ele>172.0</ele></trkpt>
            <trkpt lat="58.1514200" lon="14.7133400"><ele>172.0</ele></trkpt>
            <trkpt lat="58.1514900" lon="14.7132900"><ele>172.0</ele></trkpt>
            <trkpt lat="58.1515800" lon="14.7132400"><ele>172.0</ele></trkpt>
            <trkpt lat="58.1517500" lon="14.7131400"><ele>173.0</ele></trkpt>
            <trkpt lat="58.1519500" lon="14.7130400"><ele>173.0</ele></trkpt>
            <trkpt lat="58.1520900" lon="14.7129900"><ele>173.0</ele></trkpt>
            <trkpt lat="58.1522000" lon="14.7129500"><ele>173.0</ele></trkpt>
            <trkpt lat="58.1524100" lon="14.7128800"><ele>173.0</ele></trkpt>
            <trkpt lat="58.1526600" lon="14.7128100"><ele>178.0</ele></trkpt>
            <trkpt lat="58.1528400" lon="14.7127700"><ele>178.0</ele></trkpt>
            <trkpt lat="58.1529400" lon="14.7127500"><ele>178.0</ele></trkpt>
            <trkpt lat="58.1529600" lon="14.7127500"><ele>178.0</ele></trkpt>
            <trkpt lat="58.1530300" lon="14.7127600"><ele>178.0</ele></trkpt>
            <trkpt lat="58.1531100" lon="14.7127600"><ele>178.0</ele></trkpt>
            <trkpt lat="58.1532000" lon="14.7127800"><ele>178.0</ele></trkpt>
            <trkpt lat="58.1533300" lon="14.7127900"><ele>179.0</ele></trkpt>
            <trkpt lat="58.1534300" lon="14.7127800"><ele>179.0</ele></trkpt>
            <trkpt lat="58.1535300" lon="14.7127600"><ele>179.0</ele></trkpt>
            <trkpt lat="58.1536100" lon="14.7127300"><ele>179.0</ele></trkpt>
            <trkpt lat="58.1537500" lon="14.7126800"><ele>179.0</ele></trkpt>
            <trkpt lat="58.1538000" lon="14.7126600"><ele>179.0</ele></trkpt>
            <trkpt lat="58.1538300" lon="14.7126500"><ele>179.0</ele></trkpt>
            <trkpt lat="58.1539800" lon="14.7125800"><ele>179.0</ele></trkpt>
            <trkpt lat="58.1540500" lon="14.7125500"><ele>179.0</ele></trkpt>
            <trkpt lat="58.1540800" lon="14.7125400"><ele>179.0</ele></trkpt>
            <trkpt lat="58.1541500" lon="14.7125300"><ele>179.0</ele></trkpt>
            <trkpt lat="58.1542900" lon="14.7125100"><ele>175.0</ele></trkpt>
            <trkpt lat="58.1544200" lon="14.7124800"><ele>171.0</ele></trkpt>
            <trkpt lat="58.1545100" lon="14.7124600"><ele>171.0</ele></trkpt>
            <trkpt lat="58.1546600" lon="14.7124200"><ele>171.0</ele></trkpt>
            <trkpt lat="58.1547200" lon="14.7124100"><ele>171.0</ele></trkpt>
            <trkpt lat="58.1548400" lon="14.7123900"><ele>171.0</ele></trkpt>
            <trkpt lat="58.1549300" lon="14.7123600"><ele>171.0</ele></trkpt>
            <trkpt lat="58.1551000" lon="14.7122900"><ele>172.0</ele></trkpt>
            <trkpt lat="58.1552700" lon="14.7121500"><ele>172.0</ele></trkpt>
            <trkpt lat="58.1554300" lon="14.7119800"><ele>172.0</ele></trkpt>
            <trkpt lat="58.1556200" lon="14.7117600"><ele>172.0</ele></trkpt>
            <trkpt lat="58.1559600" lon="14.7113900"><ele>182.0</ele></trkpt>
            <trkpt lat="58.1561900" lon="14.7111700"><ele>169.0</ele></trkpt>
            <trkpt lat="58.1564800" lon="14.7108700"><ele>169.0</ele></trkpt>
            <trkpt lat="58.1566300" lon="14.7107200"><ele>169.0</ele></trkpt>
            <trkpt lat="58.1568500" lon="14.7105500"><ele>173.0</ele></trkpt>
            <trkpt lat="58.1570200" lon="14.7104400"><ele>173.0</ele></trkpt>
            <trkpt lat="58.1573700" lon="14.7102800"><ele>173.0</ele></trkpt>
            <trkpt lat="58.1576900" lon="14.7101300"><ele>176.0</ele></trkpt>
            <trkpt lat="58.1579400" lon="14.7100300"><ele>176.0</ele></trkpt>
            <trkpt lat="58.1581000" lon="14.7099800"><ele>176.0</ele></trkpt>
            <trkpt lat="58.1582200" lon="14.7099600"><ele>176.0</ele></trkpt>
            <trkpt lat="58.1584300" lon="14.7099800"><ele>187.0</ele></trkpt>
            <trkpt lat="58.1586200" lon="14.7100100"><ele>171.0</ele></trkpt>
            <trkpt lat="58.1589500" lon="14.7100500"><ele>171.0</ele></trkpt>
            <trkpt lat="58.1592500" lon="14.7100900"><ele>172.0</ele></trkpt>
            <trkpt lat="58.1596100" lon="14.7101500"><ele>172.0</ele></trkpt>
            <trkpt lat="58.1598700" lon="14.7102000"><ele>172.0</ele></trkpt>
            <trkpt lat="58.1600200" lon="14.7102400"><ele>173.0</ele></trkpt>
            <trkpt lat="58.1601700" lon="14.7102500"><ele>173.0</ele></trkpt>
            <trkpt lat="58.1604100" lon="14.7102800"><ele>173.0</ele></trkpt>
            <trkpt lat="58.1605600" lon="14.7102800"><ele>173.0</ele></trkpt>
            <trkpt lat="58.1606900" lon="14.7102700"><ele>173.0</ele></trkpt>
            <trkpt lat="58.1609200" lon="14.7102200"><ele>178.0</ele></trkpt>
            <trkpt lat="58.1611000" lon="14.7101800"><ele>178.0</ele></trkpt>
            <trkpt lat="58.1613500" lon="14.7100900"><ele>178.0</ele></trkpt>
            <trkpt lat="58.1615900" lon="14.7100100"><ele>178.0</ele></trkpt>
            <trkpt lat="58.1618500" lon="14.7099700"><ele>174.0</ele></trkpt>
            <trkpt lat="58.1621900" lon="14.7099300"><ele>174.0</ele></trkpt>
            <trkpt lat="58.1623800" lon="14.7098900"><ele>174.0</ele></trkpt>
            <trkpt lat="58.1626200" lon="14.7098600"><ele>172.0</ele></trkpt>
            <trkpt lat="58.1628000" lon="14.7098400"><ele>172.0</ele></trkpt>
            <trkpt lat="58.1629700" lon="14.7098100"><ele>172.0</ele></trkpt>
            <trkpt lat="58.1631200" lon="14.7098200"><ele>172.0</ele></trkpt>
            <trkpt lat="58.1632300" lon="14.7098200"><ele>172.0</ele></trkpt>
            <trkpt lat="58.1633600" lon="14.7098600"><ele>174.0</ele></trkpt>
            <trkpt lat="58.1635500" lon="14.7099200"><ele>174.0</ele></trkpt>
            <trkpt lat="58.1638100" lon="14.7100000"><ele>178.0</ele></trkpt>
            <trkpt lat="58.1640700" lon="14.7100600"><ele>178.0</ele></trkpt>
            <trkpt lat="58.1643100" lon="14.7101000"><ele>188.0</ele></trkpt>
            <trkpt lat="58.1645100" lon="14.7101700"><ele>188.0</ele></trkpt>
            <trkpt lat="58.1646600" lon="14.7102500"><ele>188.0</ele></trkpt>
            <trkpt lat="58.1647300" lon="14.7102900"><ele>188.0</ele></trkpt>
            <trkpt lat="58.1648200" lon="14.7103700"><ele>188.0</ele></trkpt>
            <trkpt lat="58.1649100" lon="14.7104900"><ele>188.0</ele></trkpt>
            <trkpt lat="58.1650500" lon="14.7106700"><ele>189.0</ele></trkpt>
            <trkpt lat="58.1651900" lon="14.7108400"><ele>189.0</ele></trkpt>
            <trkpt lat="58.1652700" lon="14.7109400"><ele>189.0</ele></trkpt>
            <trkpt lat="58.1653600" lon="14.7110600"><ele>189.0</ele></trkpt>
            <trkpt lat="58.1655700" lon="14.7113300"><ele>186.0</ele></trkpt>
            <trkpt lat="58.1656900" lon="14.7115100"><ele>186.0</ele></trkpt>
            <trkpt lat="58.1657800" lon="14.7116300"><ele>186.0</ele></trkpt>
            <trkpt lat="58.1659100" lon="14.7117200"><ele>179.0</ele></trkpt>
            <trkpt lat="58.1660500" lon="14.7117700"><ele>179.0</ele></trkpt>
            <trkpt lat="58.1662200" lon="14.7118300"><ele>179.0</ele></trkpt>
            <trkpt lat="58.1663800" lon="14.7118600"><ele>179.0</ele></trkpt>
            <trkpt lat="58.1665600" lon="14.7119100"><ele>179.0</ele></trkpt>
            <trkpt lat="58.1667700" lon="14.7119500"><ele>184.0</ele></trkpt>
            <trkpt lat="58.1669200" lon="14.7119300"><ele>184.0</ele></trkpt>
            <trkpt lat="58.1670600" lon="14.7118900"><ele>184.0</ele></trkpt>
            <trkpt lat="58.1671900" lon="14.7118500"><ele>184.0</ele></trkpt>
            <trkpt lat="58.1673400" lon="14.7118300"><ele>184.0</ele></trkpt>
            <trkpt lat="58.1674900" lon="14.7118400"><ele>184.0</ele></trkpt>
            <trkpt lat="58.1676900" lon="14.7119100"><ele>180.0</ele></trkpt>
            <trkpt lat="58.1678800" lon="14.7119900"><ele>180.0</ele></trkpt>
            <trkpt lat="58.1680300" lon="14.7120500"><ele>180.0</ele></trkpt>
            <trkpt lat="58.1682100" lon="14.7121000"><ele>180.0</ele></trkpt>
            <trkpt lat="58.1683400" lon="14.7121200"><ele>168.0</ele></trkpt>
            <trkpt lat="58.1685100" lon="14.7121200"><ele>168.0</ele></trkpt>
            <trkpt lat="58.1687100" lon="14.7121500"><ele>168.0</ele></trkpt>
            <trkpt lat="58.1688200" lon="14.7121800"><ele>168.0</ele></trkpt>
            <trkpt lat="58.1689000" lon="14.7122300"><ele>168.0</ele></trkpt>
            <trkpt lat="58.1689900" lon="14.7123000"><ele>168.0</ele></trkpt>
            <trkpt lat="58.1690300" lon="14.7123400"><ele>168.0</ele></trkpt>
            <trkpt lat="58.1690600" lon="14.7123700"><ele>168.0</ele></trkpt>
            <trkpt lat="58.1692300" lon="14.7125300"><ele>168.0</ele></trkpt>
            <trkpt lat="58.1695800" lon="14.7129300"><ele>168.0</ele></trkpt>
            <trkpt lat="58.1697000" lon="14.7130700"><ele>168.0</ele></trkpt>
            <trkpt lat="58.1698700" lon="14.7132000"><ele>168.0</ele></trkpt>
            <trkpt lat="58.1699900" lon="14.7132700"><ele>167.0</ele></trkpt>
            <trkpt lat="58.1701800" lon="14.7133400"><ele>167.0</ele></trkpt>
            <trkpt lat="58.1704600" lon="14.7133600"><ele>167.0</ele></trkpt>
            <trkpt lat="58.1706700" lon="14.7133600"><ele>167.0</ele></trkpt>
            <trkpt lat="58.1707800" lon="14.7133700"><ele>167.0</ele></trkpt>
            <trkpt lat="58.1708400" lon="14.7133800"><ele>168.0</ele></trkpt>
            <trkpt lat="58.1709900" lon="14.7134400"><ele>168.0</ele></trkpt>
            <trkpt lat="58.1711700" lon="14.7135600"><ele>168.0</ele></trkpt>
            <trkpt lat="58.1714200" lon="14.7137900"><ele>172.0</ele></trkpt>
            <trkpt lat="58.1716400" lon="14.7139900"><ele>172.0</ele></trkpt>
            <trkpt lat="58.1718600" lon="14.7141800"><ele>178.0</ele></trkpt>
            <trkpt lat="58.1721300" lon="14.7143900"><ele>178.0</ele></trkpt>
            <trkpt lat="58.1723800" lon="14.7145300"><ele>178.0</ele></trkpt>
            <trkpt lat="58.1727900" lon="14.7147500"><ele>181.0</ele></trkpt>
            <trkpt lat="58.1729100" lon="14.7147900"><ele>181.0</ele></trkpt>
            <trkpt lat="58.1730200" lon="14.7148300"><ele>181.0</ele></trkpt>
            <trkpt lat="58.1731700" lon="14.7148800"><ele>181.0</ele></trkpt>
            <trkpt lat="58.1732600" lon="14.7149300"><ele>181.0</ele></trkpt>
            <trkpt lat="58.1733600" lon="14.7150000"><ele>183.0</ele></trkpt>
            <trkpt lat="58.1734700" lon="14.7151100"><ele>183.0</ele></trkpt>
            <trkpt lat="58.1736800" lon="14.7153700"><ele>183.0</ele></trkpt>
            <trkpt lat="58.1738900" lon="14.7156700"><ele>183.0</ele></trkpt>
            <trkpt lat="58.1739100" lon="14.7157000"><ele>183.0</ele></trkpt>
            <trkpt lat="58.1740700" lon="14.7159300"><ele>183.0</ele></trkpt>
            <trkpt lat="58.1742300" lon="14.7161400"><ele>188.0</ele></trkpt>
            <trkpt lat="58.1743400" lon="14.7163200"><ele>181.0</ele></trkpt>
            <trkpt lat="58.1745100" lon="14.7166200"><ele>181.0</ele></trkpt>
            <trkpt lat="58.1747000" lon="14.7169700"><ele>181.0</ele></trkpt>
            <trkpt lat="58.1748100" lon="14.7171600"><ele>181.0</ele></trkpt>
            <trkpt lat="58.1748800" lon="14.7172600"><ele>181.0</ele></trkpt>
            <trkpt lat="58.1749300" lon="14.7173100"><ele>181.0</ele></trkpt>
            <trkpt lat="58.1750100" lon="14.7174000"><ele>183.0</ele></trkpt>
            <trkpt lat="58.1752000" lon="14.7175100"><ele>183.0</ele></trkpt>
            <trkpt lat="58.1755600" lon="14.7176800"><ele>183.0</ele></trkpt>
            <trkpt lat="58.1757800" lon="14.7177700"><ele>183.0</ele></trkpt>
            <trkpt lat="58.1758700" lon="14.7177900"><ele>180.0</ele></trkpt>
            <trkpt lat="58.1759100" lon="14.7177900"><ele>180.0</ele></trkpt>
            <trkpt lat="58.1760000" lon="14.7177800"><ele>180.0</ele></trkpt>
            <trkpt lat="58.1762100" lon="14.7176900"><ele>180.0</ele></trkpt>
            <trkpt lat="58.1763300" lon="14.7176700"><ele>180.0</ele></trkpt>
            <trkpt lat="58.1764300" lon="14.7176600"><ele>180.0</ele></trkpt>
            <trkpt lat="58.1765700" lon="14.7176800"><ele>180.0</ele></trkpt>
            <trkpt lat="58.1766900" lon="14.7177500"><ele>188.0</ele></trkpt>
            <trkpt lat="58.1768300" lon="14.7178700"><ele>188.0</ele></trkpt>
            <trkpt lat="58.1769400" lon="14.7179800"><ele>188.0</ele></trkpt>
            <trkpt lat="58.1771800" lon="14.7183000"><ele>188.0</ele></trkpt>
            <trkpt lat="58.1774600" lon="14.7187300"><ele>188.0</ele></trkpt>
            <trkpt lat="58.1776900" lon="14.7191300"><ele>191.0</ele></trkpt>
            <trkpt lat="58.1779600" lon="14.7195700"><ele>191.0</ele></trkpt>
            <trkpt lat="58.1781400" lon="14.7198700"><ele>191.0</ele></trkpt>
            <trkpt lat="58.1782800" lon="14.7200600"><ele>182.0</ele></trkpt>
            <trkpt lat="58.1784200" lon="14.7202200"><ele>189.0</ele></trkpt>
            <trkpt lat="58.1785300" lon="14.7203400"><ele>189.0</ele></trkpt>
            <trkpt lat="58.1786600" lon="14.7204500"><ele>189.0</ele></trkpt>
            <trkpt lat="58.1788600" lon="14.7206500"><ele>189.0</ele></trkpt>
            <trkpt lat="58.1791500" lon="14.7209200"><ele>189.0</ele></trkpt>
            <trkpt lat="58.1793200" lon="14.7210800"><ele>191.0</ele></trkpt>
            <trkpt lat="58.1795400" lon="14.7212800"><ele>183.0</ele></trkpt>
            <trkpt lat="58.1797400" lon="14.7214000"><ele>183.0</ele></trkpt>
            <trkpt lat="58.1799500" lon="14.7215200"><ele>183.0</ele></trkpt>
            <trkpt lat="58.1800400" lon="14.7215700"><ele>189.0</ele></trkpt>
            <trkpt lat="58.1801800" lon="14.7216500"><ele>189.0</ele></trkpt>
            <trkpt lat="58.1804700" lon="14.7218100"><ele>189.0</ele></trkpt>
            <trkpt lat="58.1806700" lon="14.7219200"><ele>189.0</ele></trkpt>
            <trkpt lat="58.1808200" lon="14.7219800"><ele>189.0</ele></trkpt>
            <trkpt lat="58.1809900" lon="14.7220100"><ele>184.0</ele></trkpt>
            <trkpt lat="58.1812700" lon="14.7220300"><ele>184.0</ele></trkpt>
            <trkpt lat="58.1814000" lon="14.7220600"><ele>184.0</ele></trkpt>
            <trkpt lat="58.1815200" lon="14.7221100"><ele>184.0</ele></trkpt>
            <trkpt lat="58.1816700" lon="14.7221900"><ele>172.0</ele></trkpt>
            <trkpt lat="58.1818200" lon="14.7223200"><ele>172.0</ele></trkpt>
            <trkpt lat="58.1820200" lon="14.7225200"><ele>174.0</ele></trkpt>
            <trkpt lat="58.1821500" lon="14.7226400"><ele>174.0</ele></trkpt>
            <trkpt lat="58.1822400" lon="14.7227000"><ele>174.0</ele></trkpt>
            <trkpt lat="58.1823900" lon="14.7227500"><ele>174.0</ele></trkpt>
            <trkpt lat="58.1825300" lon="14.7227500"><ele>176.0</ele></trkpt>
            <trkpt lat="58.1826600" lon="14.7227100"><ele>176.0</ele></trkpt>
            <trkpt lat="58.1827900" lon="14.7226200"><ele>176.0</ele></trkpt>
            <trkpt lat="58.1828100" lon="14.7226000"><ele>176.0</ele></trkpt>
            <trkpt lat="58.1829800" lon="14.7224600"><ele>179.0</ele></trkpt>
            <trkpt lat="58.1831100" lon="14.7223700"><ele>179.0</ele></trkpt>
            <trkpt lat="58.1832200" lon="14.7223400"><ele>179.0</ele></trkpt>
            <trkpt lat="58.1833300" lon="14.7223500"><ele>187.0</ele></trkpt>
            <trkpt lat="58.1834300" lon="14.7223900"><ele>187.0</ele></trkpt>
            <trkpt lat="58.1836200" lon="14.7225400"><ele>179.0</ele></trkpt>
            <trkpt lat="58.1838100" lon="14.7226700"><ele>179.0</ele></trkpt>
            <trkpt lat="58.1840800" lon="14.7228600"><ele>179.0</ele></trkpt>
            <trkpt lat="58.1842000" lon="14.7229500"><ele>189.0</ele></trkpt>
            <trkpt lat="58.1843000" lon="14.7230600"><ele>189.0</ele></trkpt>
            <trkpt lat="58.1844400" lon="14.7232500"><ele>189.0</ele></trkpt>
            <trkpt lat="58.1846000" lon="14.7234900"><ele>189.0</ele></trkpt>
            <trkpt lat="58.1847100" lon="14.7236600"><ele>189.0</ele></trkpt>
            <trkpt lat="58.1848400" lon="14.7238500"><ele>184.0</ele></trkpt>
            <trkpt lat="58.1850300" lon="14.7241100"><ele>179.0</ele></trkpt>
            <trkpt lat="58.1851500" lon="14.7242700"><ele>179.0</ele></trkpt>
            <trkpt lat="58.1852900" lon="14.7244400"><ele>179.0</ele></trkpt>
            <trkpt lat="58.1854500" lon="14.7246200"><ele>179.0</ele></trkpt>
            <trkpt lat="58.1856400" lon="14.7247400"><ele>179.0</ele></trkpt>
            <trkpt lat="58.1858300" lon="14.7248500"><ele>181.0</ele></trkpt>
            <trkpt lat="58.1860100" lon="14.7249300"><ele>181.0</ele></trkpt>
            <trkpt lat="58.1862500" lon="14.7249500"><ele>181.0</ele></trkpt>
            <trkpt lat="58.1865700" lon="14.7248600"><ele>181.0</ele></trkpt>
            <trkpt lat="58.1869000" lon="14.7246800"><ele>181.0</ele></trkpt>
            <trkpt lat="58.1872700" lon="14.7243700"><ele>181.0</ele></trkpt>
            <trkpt lat="58.1874900" lon="14.7241700"><ele>181.0</ele></trkpt>
            <trkpt lat="58.1876500" lon="14.7240400"><ele>182.0</ele></trkpt>
            <trkpt lat="58.1877500" lon="14.7239800"><ele>182.0</ele></trkpt>
            <trkpt lat="58.1878400" lon="14.7239600"><ele>182.0</ele></trkpt>
            <trkpt lat="58.1879300" lon="14.7239600"><ele>182.0</ele></trkpt>
            <trkpt lat="58.1880800" lon="14.7239800"><ele>182.0</ele></trkpt>
            <trkpt lat="58.1884500" lon="14.7241300"><ele>181.0</ele></trkpt>
            <trkpt lat="58.1885800" lon="14.7241800"><ele>181.0</ele></trkpt>
            <trkpt lat="58.1889900" lon="14.7243500"><ele>181.0</ele></trkpt>
            <trkpt lat="58.1892500" lon="14.7244100"><ele>184.0</ele></trkpt>
            <trkpt lat="58.1895000" lon="14.7244500"><ele>184.0</ele></trkpt>
            <trkpt lat="58.1896400" lon="14.7244800"><ele>184.0</ele></trkpt>
            <trkpt lat="58.1897300" lon="14.7245100"><ele>184.0</ele></trkpt>
            <trkpt lat="58.1898900" lon="14.7245900"><ele>184.0</ele></trkpt>
            <trkpt lat="58.1901700" lon="14.7247400"><ele>187.0</ele></trkpt>
            <trkpt lat="58.1904000" lon="14.7248900"><ele>187.0</ele></trkpt>
            <trkpt lat="58.1905800" lon="14.7250800"><ele>181.0</ele></trkpt>
            <trkpt lat="58.1908000" lon="14.7253600"><ele>181.0</ele></trkpt>
            <trkpt lat="58.1909500" lon="14.7256200"><ele>183.0</ele></trkpt>
            <trkpt lat="58.1910700" lon="14.7258800"><ele>183.0</ele></trkpt>
            <trkpt lat="58.1911800" lon="14.7261000"><ele>183.0</ele></trkpt>
            <trkpt lat="58.1912600" lon="14.7262600"><ele>181.0</ele></trkpt>
            <trkpt lat="58.1913700" lon="14.7264100"><ele>181.0</ele></trkpt>
            <trkpt lat="58.1915100" lon="14.7265800"><ele>181.0</ele></trkpt>
            <trkpt lat="58.1916800" lon="14.7267500"><ele>174.0</ele></trkpt>
            <trkpt lat="58.1918900" lon="14.7269300"><ele>174.0</ele></trkpt>
            <trkpt lat="58.1922200" lon="14.7272200"><ele>174.0</ele></trkpt>
            <trkpt lat="58.1924600" lon="14.7274300"><ele>174.0</ele></trkpt>
            <trkpt lat="58.1926300" lon="14.7275600"><ele>165.0</ele></trkpt>
            <trkpt lat="58.1927800" lon="14.7276600"><ele>165.0</ele></trkpt>
            <trkpt lat="58.1930500" lon="14.7278000"><ele>165.0</ele></trkpt>
            <trkpt lat="58.1932400" lon="14.7279100"><ele>165.0</ele></trkpt>
            <trkpt lat="58.1933400" lon="14.7279700"><ele>167.0</ele></trkpt>
            <trkpt lat="58.1936700" lon="14.7281600"><ele>167.0</ele></trkpt>
            <trkpt lat="58.1938500" lon="14.7282900"><ele>167.0</ele></trkpt>
            <trkpt lat="58.1939700" lon="14.7283900"><ele>167.0</ele></trkpt>
            <trkpt lat="58.1940800" lon="14.7285100"><ele>167.0</ele></trkpt>
            <trkpt lat="58.1941600" lon="14.7286200"><ele>167.0</ele></trkpt>
            <trkpt lat="58.1943400" lon="14.7288700"><ele>167.0</ele></trkpt>
            <trkpt lat="58.1944900" lon="14.7290800"><ele>167.0</ele></trkpt>
            <trkpt lat="58.1946700" lon="14.7292700"><ele>167.0</ele></trkpt>
            <trkpt lat="58.1947900" lon="14.7293900"><ele>167.0</ele></trkpt>
            <trkpt lat="58.1950000" lon="14.7295200"><ele>162.0</ele></trkpt>
            <trkpt lat="58.1952400" lon="14.7296200"><ele>162.0</ele></trkpt>
            <trkpt lat="58.1954700" lon="14.7296800"><ele>162.0</ele></trkpt>
            <trkpt lat="58.1957600" lon="14.7297100"><ele>162.0</ele></trkpt>
            <trkpt lat="58.1960300" lon="14.7297100"><ele>162.0</ele></trkpt>
            <trkpt lat="58.1963300" lon="14.7296400"><ele>162.0</ele></trkpt>
            <trkpt lat="58.1965500" lon="14.7295600"><ele>162.0</ele></trkpt>
            <trkpt lat="58.1968200" lon="14.7294100"><ele>168.0</ele></trkpt>
            <trkpt lat="58.1970200" lon="14.7292500"><ele>168.0</ele></trkpt>
            <trkpt lat="58.1971400" lon="14.7291700"><ele>168.0</ele></trkpt>
            <trkpt lat="58.1972300" lon="14.7291500"><ele>168.0</ele></trkpt>
            <trkpt lat="58.1973300" lon="14.7291700"><ele>168.0</ele></trkpt>
            <trkpt lat="58.1973600" lon="14.7291700"><ele>168.0</ele></trkpt>
            <trkpt lat="58.1974800" lon="14.7292200"><ele>168.0</ele></trkpt>
            <trkpt lat="58.1979800" lon="14.7295200"><ele>181.0</ele></trkpt>
            <trkpt lat="58.1981400" lon="14.7296400"><ele>181.0</ele></trkpt>
            <trkpt lat="58.1983000" lon="14.7298100"><ele>181.0</ele></trkpt>
            <trkpt lat="58.1984300" lon="14.7300600"><ele>179.0</ele></trkpt>
            <trkpt lat="58.1986800" lon="14.7305400"><ele>179.0</ele></trkpt>
            <trkpt lat="58.1986900" lon="14.7305500"><ele>179.0</ele></trkpt>
            <trkpt lat="58.1988000" lon="14.7307000"><ele>179.0</ele></trkpt>
            <trkpt lat="58.1989600" lon="14.7309400"><ele>179.0</ele></trkpt>
            <trkpt lat="58.1990800" lon="14.7310700"><ele>179.0</ele></trkpt>
            <trkpt lat="58.1991800" lon="14.7311400"><ele>187.0</ele></trkpt>
            <trkpt lat="58.1993200" lon="14.7312100"><ele>187.0</ele></trkpt>
            <trkpt lat="58.1994500" lon="14.7313100"><ele>181.0</ele></trkpt>
            <trkpt lat="58.1995500" lon="14.7314600"><ele>181.0</ele></trkpt>
            <trkpt lat="58.1996500" lon="14.7317000"><ele>181.0</ele></trkpt>
            <trkpt lat="58.1998600" lon="14.7322300"><ele>181.0</ele></trkpt>
            <trkpt lat="58.2000200" lon="14.7325200"><ele>177.0</ele></trkpt>
            <trkpt lat="58.2002800" lon="14.7327900"><ele>177.0</ele></trkpt>
            <trkpt lat="58.2004800" lon="14.7329200"><ele>177.0</ele></trkpt>
            <trkpt lat="58.2007200" lon="14.7330000"><ele>177.0</ele></trkpt>
            <trkpt lat="58.2008300" lon="14.7330100"><ele>174.0</ele></trkpt>
            <trkpt lat="58.2009800" lon="14.7330200"><ele>174.0</ele></trkpt>
            <trkpt lat="58.2012200" lon="14.7329700"><ele>174.0</ele></trkpt>
            <trkpt lat="58.2014300" lon="14.7328600"><ele>174.0</ele></trkpt>
            <trkpt lat="58.2018300" lon="14.7326200"><ele>171.0</ele></trkpt>
            <trkpt lat="58.2025200" lon="14.7322200"><ele>169.0</ele></trkpt>
            <trkpt lat="58.2030500" lon="14.7319000"><ele>169.0</ele></trkpt>
            <trkpt lat="58.2035600" lon="14.7315900"><ele>170.0</ele></trkpt>
            <trkpt lat="58.2037500" lon="14.7314500"><ele>170.0</ele></trkpt>
            <trkpt lat="58.2039100" lon="14.7313100"><ele>170.0</ele></trkpt>
            <trkpt lat="58.2040300" lon="14.7311900"><ele>171.0</ele></trkpt>
            <trkpt lat="58.2041500" lon="14.7310000"><ele>171.0</ele></trkpt>
            <trkpt lat="58.2042400" lon="14.7308200"><ele>172.0</ele></trkpt>
            <trkpt lat="58.2043600" lon="14.7304700"><ele>172.0</ele></trkpt>
            <trkpt lat="58.2045100" lon="14.7301200"><ele>172.0</ele></trkpt>
            <trkpt lat="58.2046600" lon="14.7298600"><ele>168.0</ele></trkpt>
            <trkpt lat="58.2048300" lon="14.7296100"><ele>168.0</ele></trkpt>
            <trkpt lat="58.2050100" lon="14.7293700"><ele>178.0</ele></trkpt>
            <trkpt lat="58.2051400" lon="14.7291700"><ele>178.0</ele></trkpt>
            <trkpt lat="58.2052700" lon="14.7289500"><ele>178.0</ele></trkpt>
            <trkpt lat="58.2053600" lon="14.7287400"><ele>178.0</ele></trkpt>
            <trkpt lat="58.2054900" lon="14.7284000"><ele>175.0</ele></trkpt>
            <trkpt lat="58.2056000" lon="14.7280200"><ele>175.0</ele></trkpt>
            <trkpt lat="58.2057100" lon="14.7276300"><ele>175.0</ele></trkpt>
            <trkpt lat="58.2058100" lon="14.7272400"><ele>175.0</ele></trkpt>
            <trkpt lat="58.2058900" lon="14.7268900"><ele>176.0</ele></trkpt>
            <trkpt lat="58.2060000" lon="14.7263000"><ele>176.0</ele></trkpt>
            <trkpt lat="58.2060600" lon="14.7260800"><ele>174.0</ele></trkpt>
            <trkpt lat="58.2061100" lon="14.7259100"><ele>174.0</ele></trkpt>
            <trkpt lat="58.2061800" lon="14.7256800"><ele>174.0</ele></trkpt>
            <trkpt lat="58.2063100" lon="14.7252800"><ele>174.0</ele></trkpt>
            <trkpt lat="58.2064900" lon="14.7247100"><ele>177.0</ele></trkpt>
            <trkpt lat="58.2066000" lon="14.7243900"><ele>177.0</ele></trkpt>
            <trkpt lat="58.2066800" lon="14.7241700"><ele>175.0</ele></trkpt>
            <trkpt lat="58.2067900" lon="14.7239700"><ele>175.0</ele></trkpt>
            <trkpt lat="58.2069100" lon="14.7238100"><ele>175.0</ele></trkpt>
            <trkpt lat="58.2070400" lon="14.7236600"><ele>182.0</ele></trkpt>
            <trkpt lat="58.2073300" lon="14.7234100"><ele>182.0</ele></trkpt>
            <trkpt lat="58.2076600" lon="14.7232000"><ele>178.0</ele></trkpt>
            <trkpt lat="58.2078500" lon="14.7231000"><ele>178.0</ele></trkpt>
            <trkpt lat="58.2080000" lon="14.7230600"><ele>178.0</ele></trkpt>
            <trkpt lat="58.2081500" lon="14.7230500"><ele>178.0</ele></trkpt>
            <trkpt lat="58.2083000" lon="14.7230500"><ele>178.0</ele></trkpt>
            <trkpt lat="58.2084400" lon="14.7230200"><ele>178.0</ele></trkpt>
            <trkpt lat="58.2085800" lon="14.7229300"><ele>178.0</ele></trkpt>
            <trkpt lat="58.2087000" lon="14.7228100"><ele>178.0</ele></trkpt>
            <trkpt lat="58.2088000" lon="14.7226800"><ele>178.0</ele></trkpt>
            <trkpt lat="58.2090100" lon="14.7223300"><ele>173.0</ele></trkpt>
            <trkpt lat="58.2091900" lon="14.7219700"><ele>174.0</ele></trkpt>
            <trkpt lat="58.2092700" lon="14.7217200"><ele>174.0</ele></trkpt>
            <trkpt lat="58.2093100" lon="14.7215700"><ele>174.0</ele></trkpt>
            <trkpt lat="58.2093500" lon="14.7213900"><ele>174.0</ele></trkpt>
            <trkpt lat="58.2093900" lon="14.7210800"><ele>176.0</ele></trkpt>
            <trkpt lat="58.2094400" lon="14.7206700"><ele>176.0</ele></trkpt>
            <trkpt lat="58.2094900" lon="14.7203500"><ele>176.0</ele></trkpt>
            <trkpt lat="58.2095400" lon="14.7201000"><ele>176.0</ele></trkpt>
            <trkpt lat="58.2096500" lon="14.7196300"><ele>173.0</ele></trkpt>
            <trkpt lat="58.2098000" lon="14.7190900"><ele>173.0</ele></trkpt>
            <trkpt lat="58.2098900" lon="14.7188300"><ele>173.0</ele></trkpt>
            <trkpt lat="58.2099200" lon="14.7187600"><ele>173.0</ele></trkpt>
            <trkpt lat="58.2099600" lon="14.7186700"><ele>176.0</ele></trkpt>
            <trkpt lat="58.2100400" lon="14.7185200"><ele>174.0</ele></trkpt>
            <trkpt lat="58.2101700" lon="14.7183600"><ele>174.0</ele></trkpt>
            <trkpt lat="58.2104000" lon="14.7181300"><ele>174.0</ele></trkpt>
            <trkpt lat="58.2107200" lon="14.7178700"><ele>174.0</ele></trkpt>
            <trkpt lat="58.2115400" lon="14.7172100"><ele>166.0</ele></trkpt>
            <trkpt lat="58.2122200" lon="14.7166500"><ele>162.0</ele></trkpt>
            <trkpt lat="58.2124800" lon="14.7163900"><ele>162.0</ele></trkpt>
            <trkpt lat="58.2125800" lon="14.7162600"><ele>159.0</ele></trkpt>
            <trkpt lat="58.2126900" lon="14.7161100"><ele>159.0</ele></trkpt>
            <trkpt lat="58.2127700" lon="14.7159600"><ele>159.0</ele></trkpt>
            <trkpt lat="58.2128300" lon="14.7157700"><ele>159.0</ele></trkpt>
            <trkpt lat="58.2129200" lon="14.7154900"><ele>159.0</ele></trkpt>
            <trkpt lat="58.2130800" lon="14.7149500"><ele>162.0</ele></trkpt>
            <trkpt lat="58.2132200" lon="14.7144500"><ele>162.0</ele></trkpt>
            <trkpt lat="58.2133300" lon="14.7139700"><ele>161.0</ele></trkpt>
            <trkpt lat="58.2133900" lon="14.7138200"><ele>161.0</ele></trkpt>
            <trkpt lat="58.2134500" lon="14.7136600"><ele>156.0</ele></trkpt>
            <trkpt lat="58.2135400" lon="14.7134400"><ele>156.0</ele></trkpt>
            <trkpt lat="58.2137700" lon="14.7130000"><ele>156.0</ele></trkpt>
            <trkpt lat="58.2139300" lon="14.7127000"><ele>156.0</ele></trkpt>
            <trkpt lat="58.2140100" lon="14.7125400"><ele>156.0</ele></trkpt>
            <trkpt lat="58.2140800" lon="14.7124300"><ele>151.0</ele></trkpt>
            <trkpt lat="58.2141100" lon="14.7123800"><ele>151.0</ele></trkpt>
            <trkpt lat="58.2141400" lon="14.7123300"><ele>151.0</ele></trkpt>
            <trkpt lat="58.2142200" lon="14.7122300"><ele>150.0</ele></trkpt>
            <trkpt lat="58.2143100" lon="14.7121500"><ele>150.0</ele></trkpt>
            <trkpt lat="58.2144200" lon="14.7120700"><ele>150.0</ele></trkpt>
            <trkpt lat="58.2145400" lon="14.7120500"><ele>150.0</ele></trkpt>
            <trkpt lat="58.2146900" lon="14.7120500"><ele>150.0</ele></trkpt>
            <trkpt lat="58.2148800" lon="14.7120700"><ele>150.0</ele></trkpt>
            <trkpt lat="58.2149000" lon="14.7120700"><ele>150.0</ele></trkpt>
            <trkpt lat="58.2151900" lon="14.7121300"><ele>150.0</ele></trkpt>
            <trkpt lat="58.2155600" lon="14.7122500"><ele>150.0</ele></trkpt>
            <trkpt lat="58.2156700" lon="14.7122800"><ele>150.0</ele></trkpt>
            <trkpt lat="58.2157700" lon="14.7122900"><ele>150.0</ele></trkpt>
            <trkpt lat="58.2158700" lon="14.7122500"><ele>149.0</ele></trkpt>
            <trkpt lat="58.2160000" lon="14.7121700"><ele>149.0</ele></trkpt>
            <trkpt lat="58.2161300" lon="14.7121100"><ele>149.0</ele></trkpt>
            <trkpt lat="58.2162300" lon="14.7120700"><ele>149.0</ele></trkpt>
            <trkpt lat="58.2163300" lon="14.7120600"><ele>149.0</ele></trkpt>
            <trkpt lat="58.2164700" lon="14.7120900"><ele>149.0</ele></trkpt>
            <trkpt lat="58.2166700" lon="14.7121400"><ele>149.0</ele></trkpt>
            <trkpt lat="58.2167700" lon="14.7121500"><ele>149.0</ele></trkpt>
            <trkpt lat="58.2168600" lon="14.7121400"><ele>149.0</ele></trkpt>
            <trkpt lat="58.2170000" lon="14.7120900"><ele>149.0</ele></trkpt>
            <trkpt lat="58.2176300" lon="14.7118600"><ele>149.0</ele></trkpt>
            <trkpt lat="58.2180300" lon="14.7117200"><ele>149.0</ele></trkpt>
            <trkpt lat="58.2181400" lon="14.7116800"><ele>149.0</ele></trkpt>
            <trkpt lat="58.2183400" lon="14.7116100"><ele>156.0</ele></trkpt>
            <trkpt lat="58.2184600" lon="14.7115800"><ele>156.0</ele></trkpt>
            <trkpt lat="58.2185700" lon="14.7115700"><ele>156.0</ele></trkpt>
            <trkpt lat="58.2186400" lon="14.7115800"><ele>156.0</ele></trkpt>
            <trkpt lat="58.2187200" lon="14.7116100"><ele>156.0</ele></trkpt>
            <trkpt lat="58.2188200" lon="14.7116700"><ele>156.0</ele></trkpt>
            <trkpt lat="58.2190000" lon="14.7118200"><ele>156.0</ele></trkpt>
            <trkpt lat="58.2192700" lon="14.7120700"><ele>156.0</ele></trkpt>
            <trkpt lat="58.2194500" lon="14.7121800"><ele>156.0</ele></trkpt>
            <trkpt lat="58.2195700" lon="14.7122500"><ele>156.0</ele></trkpt>
            <trkpt lat="58.2197300" lon="14.7123300"><ele>156.0</ele></trkpt>
            <trkpt lat="58.2198700" lon="14.7123800"><ele>156.0</ele></trkpt>
            <trkpt lat="58.2201300" lon="14.7124000"><ele>154.0</ele></trkpt>
            <trkpt lat="58.2203400" lon="14.7123900"><ele>154.0</ele></trkpt>
            <trkpt lat="58.2205100" lon="14.7123400"><ele>154.0</ele></trkpt>
            <trkpt lat="58.2206500" lon="14.7122800"><ele>154.0</ele></trkpt>
            <trkpt lat="58.2207800" lon="14.7121600"><ele>154.0</ele></trkpt>
            <trkpt lat="58.2209100" lon="14.7120300"><ele>144.0</ele></trkpt>
            <trkpt lat="58.2210700" lon="14.7118600"><ele>144.0</ele></trkpt>
            <trkpt lat="58.2211900" lon="14.7117500"><ele>144.0</ele></trkpt>
            <trkpt lat="58.2213200" lon="14.7116500"><ele>144.0</ele></trkpt>
            <trkpt lat="58.2214700" lon="14.7115400"><ele>144.0</ele></trkpt>
            <trkpt lat="58.2215300" lon="14.7115100"><ele>144.0</ele></trkpt>
            <trkpt lat="58.2216700" lon="14.7114200"><ele>138.0</ele></trkpt>
            <trkpt lat="58.2218100" lon="14.7113100"><ele>138.0</ele></trkpt>
            <trkpt lat="58.2219300" lon="14.7112000"><ele>136.0</ele></trkpt>
            <trkpt lat="58.2220400" lon="14.7110900"><ele>136.0</ele></trkpt>
            <trkpt lat="58.2221700" lon="14.7109300"><ele>136.0</ele></trkpt>
            <trkpt lat="58.2223000" lon="14.7107700"><ele>136.0</ele></trkpt>
            <trkpt lat="58.2224100" lon="14.7106800"><ele>136.0</ele></trkpt>
            <trkpt lat="58.2225200" lon="14.7106200"><ele>138.0</ele></trkpt>
            <trkpt lat="58.2226400" lon="14.7106000"><ele>138.0</ele></trkpt>
            <trkpt lat="58.2228100" lon="14.7106000"><ele>138.0</ele></trkpt>
            <trkpt lat="58.2231000" lon="14.7105900"><ele>138.0</ele></trkpt>
            <trkpt lat="58.2233600" lon="14.7105900"><ele>137.0</ele></trkpt>
            <trkpt lat="58.2234800" lon="14.7106000"><ele>137.0</ele></trkpt>
            <trkpt lat="58.2236900" lon="14.7106500"><ele>137.0</ele></trkpt>
            <trkpt lat="58.2239100" lon="14.7107300"><ele>137.0</ele></trkpt>
            <trkpt lat="58.2241100" lon="14.7108200"><ele>137.0</ele></trkpt>
            <trkpt lat="58.2243400" lon="14.7109700"><ele>136.0</ele></trkpt>
            <trkpt lat="58.2245400" lon="14.7110600"><ele>136.0</ele></trkpt>
            <trkpt lat="58.2246500" lon="14.7110700"><ele>136.0</ele></trkpt>
            <trkpt lat="58.2247500" lon="14.7110400"><ele>136.0</ele></trkpt>
            <trkpt lat="58.2248400" lon="14.7109500"><ele>136.0</ele></trkpt>
            <trkpt lat="58.2249400" lon="14.7108500"><ele>136.0</ele></trkpt>
            <trkpt lat="58.2250900" lon="14.7106700"><ele>139.0</ele></trkpt>
            <trkpt lat="58.2252000" lon="14.7106100"><ele>139.0</ele></trkpt>
            <trkpt lat="58.2252800" lon="14.7105700"><ele>139.0</ele></trkpt>
            <trkpt lat="58.2254100" lon="14.7105400"><ele>139.0</ele></trkpt>
            <trkpt lat="58.2255500" lon="14.7105500"><ele>139.0</ele></trkpt>
            <trkpt lat="58.2256800" lon="14.7106000"><ele>139.0</ele></trkpt>
            <trkpt lat="58.2258900" lon="14.7107000"><ele>137.0</ele></trkpt>
            <trkpt lat="58.2261500" lon="14.7108100"><ele>137.0</ele></trkpt>
            <trkpt lat="58.2263300" lon="14.7108700"><ele>137.0</ele></trkpt>
            <trkpt lat="58.2264700" lon="14.7108800"><ele>137.0</ele></trkpt>
            <trkpt lat="58.2266400" lon="14.7108300"><ele>137.0</ele></trkpt>
            <trkpt lat="58.2268000" lon="14.7107100"><ele>137.0</ele></trkpt>
            <trkpt lat="58.2269700" lon="14.7105400"><ele>137.0</ele></trkpt>
            <trkpt lat="58.2271100" lon="14.7103800"><ele>137.0</ele></trkpt>
            <trkpt lat="58.2272700" lon="14.7101400"><ele>137.0</ele></trkpt>
            <trkpt lat="58.2274200" lon="14.7099500"><ele>136.0</ele></trkpt>
            <trkpt lat="58.2275300" lon="14.7098600"><ele>136.0</ele></trkpt>
            <trkpt lat="58.2276200" lon="14.7098300"><ele>136.0</ele></trkpt>
            <trkpt lat="58.2277200" lon="14.7098400"><ele>136.0</ele></trkpt>
            <trkpt lat="58.2278500" lon="14.7098900"><ele>136.0</ele></trkpt>
            <trkpt lat="58.2279900" lon="14.7099900"><ele>140.0</ele></trkpt>
            <trkpt lat="58.2282500" lon="14.7101500"><ele>140.0</ele></trkpt>
            <trkpt lat="58.2283800" lon="14.7102100"><ele>140.0</ele></trkpt>
            <trkpt lat="58.2284800" lon="14.7102500"><ele>140.0</ele></trkpt>
            <trkpt lat="58.2285800" lon="14.7102600"><ele>140.0</ele></trkpt>
            <trkpt lat="58.2286700" lon="14.7102600"><ele>140.0</ele></trkpt>
            <trkpt lat="58.2287400" lon="14.7102200"><ele>140.0</ele></trkpt>
            <trkpt lat="58.2288400" lon="14.7101800"><ele>140.0</ele></trkpt>
            <trkpt lat="58.2291000" lon="14.7100600"><ele>140.0</ele></trkpt>
            <trkpt lat="58.2295400" lon="14.7099000"><ele>134.0</ele></trkpt>
            <trkpt lat="58.2301100" lon="14.7096900"><ele>134.0</ele></trkpt>
            <trkpt lat="58.2306100" lon="14.7094800"><ele>134.0</ele></trkpt>
            <trkpt lat="58.2310000" lon="14.7093500"><ele>134.0</ele></trkpt>
            <trkpt lat="58.2311400" lon="14.7092900"><ele>134.0</ele></trkpt>
            <trkpt lat="58.2312900" lon="14.7092600"><ele>134.0</ele></trkpt>
            <trkpt lat="58.2314600" lon="14.7092400"><ele>134.0</ele></trkpt>
            <trkpt lat="58.2314800" lon="14.7092400"><ele>134.0</ele></trkpt>
            <trkpt lat="58.2319000" lon="14.7092300"><ele>134.0</ele></trkpt>
            <trkpt lat="58.2320500" lon="14.7092200"><ele>134.0</ele></trkpt>
            <trkpt lat="58.2320500" lon="14.7092190"><ele>134.0</ele></trkpt>
            <trkpt lat="58.2320500" lon="14.7092200"><ele>134.0</ele></trkpt>
            <trkpt lat="58.2326300" lon="14.7092000"><ele>134.0</ele></trkpt>
            <trkpt lat="58.2329300" lon="14.7091800"><ele>134.0</ele></trkpt>
            <trkpt lat="58.2334600" lon="14.7091600"><ele>136.0</ele></trkpt>
            <trkpt lat="58.2343200" lon="14.7090200"><ele>138.0</ele></trkpt>
            <trkpt lat="58.2346000" lon="14.7089800"><ele>138.0</ele></trkpt>
            <trkpt lat="58.2347000" lon="14.7089600"><ele>138.0</ele></trkpt>
            <trkpt lat="58.2349400" lon="14.7088900"><ele>138.0</ele></trkpt>
            <trkpt lat="58.2350300" lon="14.7088700"><ele>137.0</ele></trkpt>
            <trkpt lat="58.2352200" lon="14.7088200"><ele>137.0</ele></trkpt>
            <trkpt lat="58.2352700" lon="14.7088100"><ele>137.0</ele></trkpt>
            <trkpt lat="58.2353700" lon="14.7088000"><ele>137.0</ele></trkpt>
            <trkpt lat="58.2354000" lon="14.7088000"><ele>137.0</ele></trkpt>
            <trkpt lat="58.2356400" lon="14.7087900"><ele>137.0</ele></trkpt>
            <trkpt lat="58.2357700" lon="14.7087800"><ele>137.0</ele></trkpt>
            <trkpt lat="58.2362400" lon="14.7088900"><ele>140.0</ele></trkpt>
            <trkpt lat="58.2364900" lon="14.7089700"><ele>140.0</ele></trkpt>
            <trkpt lat="58.2367200" lon="14.7090600"><ele>143.0</ele></trkpt>
            <trkpt lat="58.2369500" lon="14.7091100"><ele>143.0</ele></trkpt>
            <trkpt lat="58.2369900" lon="14.7091200"><ele>143.0</ele></trkpt>
            <trkpt lat="58.2372900" lon="14.7092100"><ele>143.0</ele></trkpt>
            <trkpt lat="58.2376400" lon="14.7093100"><ele>141.0</ele></trkpt>
            <trkpt lat="58.2378400" lon="14.7093700"><ele>141.0</ele></trkpt>
            <trkpt lat="58.2383700" lon="14.7095200"><ele>144.0</ele></trkpt>
            <trkpt lat="58.2388100" lon="14.7096100"><ele>144.0</ele></trkpt>
            <trkpt lat="58.2391000" lon="14.7096700"><ele>144.0</ele></trkpt>
            <trkpt lat="58.2393000" lon="14.7096700"><ele>144.0</ele></trkpt>
            <trkpt lat="58.2395100" lon="14.7096300"><ele>144.0</ele></trkpt>
            <trkpt lat="58.2396800" lon="14.7096200"><ele>144.0</ele></trkpt>
            <trkpt lat="58.2398100" lon="14.7096100"><ele>144.0</ele></trkpt>
            <trkpt lat="58.2399500" lon="14.7096200"><ele>144.0</ele></trkpt>
            <trkpt lat="58.2401800" lon="14.7096700"><ele>138.0</ele></trkpt>
            <trkpt lat="58.2403500" lon="14.7097100"><ele>138.0</ele></trkpt>
            <trkpt lat="58.2405100" lon="14.7097000"><ele>138.0</ele></trkpt>
            <trkpt lat="58.2405100" lon="14.7096990"><ele>138.0</ele></trkpt>
            <trkpt lat="58.2405100" lon="14.7097000"><ele>138.0</ele></trkpt>
            <trkpt lat="58.2404400" lon="14.7090800"><ele>138.0</ele></trkpt>
            <trkpt lat="58.2403300" lon="14.7081500"><ele>137.0</ele></trkpt>
            <trkpt lat="58.2402500" lon="14.7074200"><ele>134.0</ele></trkpt>
            <trkpt lat="58.2401900" lon="14.7069100"><ele>134.0</ele></trkpt>
            <trkpt lat="58.2401700" lon="14.7068000"><ele>134.0</ele></trkpt>
            <trkpt lat="58.2401100" lon="14.7064500"><ele>134.0</ele></trkpt>
            <trkpt lat="58.2400100" lon="14.7060600"><ele>133.0</ele></trkpt>
            <trkpt lat="58.2398900" lon="14.7057100"><ele>134.0</ele></trkpt>
            <trkpt lat="58.2397700" lon="14.7054200"><ele>134.0</ele></trkpt>
            <trkpt lat="58.2395500" lon="14.7049500"><ele>135.0</ele></trkpt>
            <trkpt lat="58.2393500" lon="14.7045300"><ele>135.0</ele></trkpt>
            <trkpt lat="58.2391900" lon="14.7042200"><ele>135.0</ele></trkpt>
            <trkpt lat="58.2389600" lon="14.7038300"><ele>137.0</ele></trkpt>
            <trkpt lat="58.2385300" lon="14.7031000"><ele>136.0</ele></trkpt>
            <trkpt lat="58.2384700" lon="14.7030000"><ele>136.0</ele></trkpt>
            <trkpt lat="58.2382500" lon="14.7026400"><ele>138.0</ele></trkpt>
            <trkpt lat="58.2382000" lon="14.7025400"><ele>138.0</ele></trkpt>
            <trkpt lat="58.2380100" lon="14.7021600"><ele>136.0</ele></trkpt>
            <trkpt lat="58.2378600" lon="14.7017800"><ele>136.0</ele></trkpt>
            <trkpt lat="58.2377200" lon="14.7013600"><ele>136.0</ele></trkpt>
            <trkpt lat="58.2376500" lon="14.7010500"><ele>135.0</ele></trkpt>
            <trkpt lat="58.2375800" lon="14.7006100"><ele>135.0</ele></trkpt>
            <trkpt lat="58.2375800" lon="14.7005000"><ele>135.0</ele></trkpt>
            <trkpt lat="58.2375700" lon="14.7002600"><ele>135.0</ele></trkpt>
            <trkpt lat="58.2375900" lon="14.6999500"><ele>132.0</ele></trkpt>
            <trkpt lat="58.2376100" lon="14.6997100"><ele>132.0</ele></trkpt>
            <trkpt lat="58.2376700" lon="14.6992900"><ele>132.0</ele></trkpt>
            <trkpt lat="58.2377600" lon="14.6987700"><ele>132.0</ele></trkpt>
            <trkpt lat="58.2377900" lon="14.6986000"><ele>132.0</ele></trkpt>
            <trkpt lat="58.2379300" lon="14.6978700"><ele>132.0</ele></trkpt>
            <trkpt lat="58.2380500" lon="14.6972100"><ele>134.0</ele></trkpt>
            <trkpt lat="58.2381500" lon="14.6966400"><ele>134.0</ele></trkpt>
            <trkpt lat="58.2383000" lon="14.6957600"><ele>137.0</ele></trkpt>
            <trkpt lat="58.2383500" lon="14.6952700"><ele>137.0</ele></trkpt>
            <trkpt lat="58.2383800" lon="14.6947200"><ele>138.0</ele></trkpt>
            <trkpt lat="58.2383800" lon="14.6945200"><ele>138.0</ele></trkpt>
            <trkpt lat="58.2383500" lon="14.6942200"><ele>138.0</ele></trkpt>
            <trkpt lat="58.2383200" lon="14.6938900"><ele>142.0</ele></trkpt>
            <trkpt lat="58.2382400" lon="14.6934300"><ele>142.0</ele></trkpt>
            <trkpt lat="58.2381200" lon="14.6930100"><ele>142.0</ele></trkpt>
            <trkpt lat="58.2379700" lon="14.6926100"><ele>142.0</ele></trkpt>
            <trkpt lat="58.2378500" lon="14.6923100"><ele>142.0</ele></trkpt>
            <trkpt lat="58.2379600" lon="14.6922800"><ele>142.0</ele></trkpt>
            <trkpt lat="58.2382000" lon="14.6922900"><ele>142.0</ele></trkpt>
            <trkpt lat="58.2385400" lon="14.6923600"><ele>139.0</ele></trkpt>
            <trkpt lat="58.2389300" lon="14.6924700"><ele>139.0</ele></trkpt>
            <trkpt lat="58.2392900" lon="14.6925900"><ele>139.0</ele></trkpt>
            <trkpt lat="58.2397200" lon="14.6927600"><ele>139.0</ele></trkpt>
            <trkpt lat="58.2405100" lon="14.6930800"><ele>138.0</ele></trkpt>
            <trkpt lat="58.2417400" lon="14.6935800"><ele>133.0</ele></trkpt>
            <trkpt lat="58.2427500" lon="14.6939900"><ele>134.0</ele></trkpt>
            <trkpt lat="58.2439700" lon="14.6944900"><ele>133.0</ele></trkpt>
            <trkpt lat="58.2447000" lon="14.6947600"><ele>131.0</ele></trkpt>
            <trkpt lat="58.2451000" lon="14.6949000"><ele>133.0</ele></trkpt>
            <trkpt lat="58.2458100" lon="14.6951400"><ele>133.0</ele></trkpt>
            <trkpt lat="58.2464500" lon="14.6953700"><ele>134.0</ele></trkpt>
            <trkpt lat="58.2468400" lon="14.6955300"><ele>136.0</ele></trkpt>
            <trkpt lat="58.2471600" lon="14.6956800"><ele>136.0</ele></trkpt>
            <trkpt lat="58.2474700" lon="14.6958500"><ele>136.0</ele></trkpt>
            <trkpt lat="58.2477800" lon="14.6960900"><ele>134.0</ele></trkpt>
            <trkpt lat="58.2479500" lon="14.6962400"><ele>133.0</ele></trkpt>
            <trkpt lat="58.2481500" lon="14.6963500"><ele>133.0</ele></trkpt>
            <trkpt lat="58.2484600" lon="14.6964600"><ele>129.0</ele></trkpt>
            <trkpt lat="58.2490700" lon="14.6965800"><ele>129.0</ele></trkpt>
            <trkpt lat="58.2494500" lon="14.6966400"><ele>127.0</ele></trkpt>
            <trkpt lat="58.2498400" lon="14.6966500"><ele>127.0</ele></trkpt>
            <trkpt lat="58.2501400" lon="14.6966600"><ele>127.0</ele></trkpt>
            <trkpt lat="58.2504000" lon="14.6967100"><ele>127.0</ele></trkpt>
            <trkpt lat="58.2505600" lon="14.6967700"><ele>127.0</ele></trkpt>
            <trkpt lat="58.2508500" lon="14.6969500"><ele>131.0</ele></trkpt>
            <trkpt lat="58.2509600" lon="14.6970200"><ele>131.0</ele></trkpt>
            <trkpt lat="58.2511000" lon="14.6971000"><ele>131.0</ele></trkpt>
            <trkpt lat="58.2513400" lon="14.6971600"><ele>131.0</ele></trkpt>
            <trkpt lat="58.2515000" lon="14.6971600"><ele>131.0</ele></trkpt>
            <trkpt lat="58.2517500" lon="14.6971300"><ele>124.0</ele></trkpt>
            <trkpt lat="58.2522600" lon="14.6970100"><ele>124.0</ele></trkpt>
            <trkpt lat="58.2524700" lon="14.6969200"><ele>124.0</ele></trkpt>
            <trkpt lat="58.2525400" lon="14.6968500"><ele>125.0</ele></trkpt>
            <trkpt lat="58.2526900" lon="14.6967200"><ele>125.0</ele></trkpt>
            <trkpt lat="58.2529900" lon="14.6964100"><ele>125.0</ele></trkpt>
            <trkpt lat="58.2532100" lon="14.6962000"><ele>127.0</ele></trkpt>
            <trkpt lat="58.2533500" lon="14.6961200"><ele>129.0</ele></trkpt>
            <trkpt lat="58.2535100" lon="14.6961000"><ele>129.0</ele></trkpt>
            <trkpt lat="58.2538400" lon="14.6961700"><ele>129.0</ele></trkpt>
            <trkpt lat="58.2541300" lon="14.6962800"><ele>127.0</ele></trkpt>
            <trkpt lat="58.2546100" lon="14.6964600"><ele>124.0</ele></trkpt>
            <trkpt lat="58.2557900" lon="14.6969200"><ele>123.0</ele></trkpt>
            <trkpt lat="58.2564000" lon="14.6971400"><ele>124.0</ele></trkpt>
            <trkpt lat="58.2567100" lon="14.6972100"><ele>125.0</ele></trkpt>
            <trkpt lat="58.2568300" lon="14.6972100"><ele>125.0</ele></trkpt>
            <trkpt lat="58.2569400" lon="14.6971500"><ele>125.0</ele></trkpt>
            <trkpt lat="58.2570600" lon="14.6970800"><ele>125.0</ele></trkpt>
            <trkpt lat="58.2573200" lon="14.6968600"><ele>125.0</ele></trkpt>
            <trkpt lat="58.2575200" lon="14.6966900"><ele>123.0</ele></trkpt>
            <trkpt lat="58.2578300" lon="14.6964200"><ele>123.0</ele></trkpt>
            <trkpt lat="58.2581200" lon="14.6961800"><ele>121.0</ele></trkpt>
            <trkpt lat="58.2582700" lon="14.6960600"><ele>121.0</ele></trkpt>
            <trkpt lat="58.2584200" lon="14.6959300"><ele>121.0</ele></trkpt>
            <trkpt lat="58.2585100" lon="14.6958700"><ele>121.0</ele></trkpt>
            <trkpt lat="58.2586000" lon="14.6958100"><ele>121.0</ele></trkpt>
            <trkpt lat="58.2586800" lon="14.6957800"><ele>121.0</ele></trkpt>
            <trkpt lat="58.2587100" lon="14.6957600"><ele>121.0</ele></trkpt>
            <trkpt lat="58.2588200" lon="14.6957300"><ele>121.0</ele></trkpt>
            <trkpt lat="58.2590200" lon="14.6956600"><ele>121.0</ele></trkpt>
            <trkpt lat="58.2592200" lon="14.6956400"><ele>121.0</ele></trkpt>
            <trkpt lat="58.2593500" lon="14.6956200"><ele>121.0</ele></trkpt>
            <trkpt lat="58.2595000" lon="14.6956100"><ele>121.0</ele></trkpt>
            <trkpt lat="58.2596300" lon="14.6956300"><ele>121.0</ele></trkpt>
            <trkpt lat="58.2598200" lon="14.6956900"><ele>121.0</ele></trkpt>
            <trkpt lat="58.2599700" lon="14.6957700"><ele>121.0</ele></trkpt>
            <trkpt lat="58.2602000" lon="14.6958800"><ele>122.0</ele></trkpt>
            <trkpt lat="58.2603300" lon="14.6959200"><ele>122.0</ele></trkpt>
            <trkpt lat="58.2604700" lon="14.6959100"><ele>122.0</ele></trkpt>
            <trkpt lat="58.2606300" lon="14.6958700"><ele>122.0</ele></trkpt>
            <trkpt lat="58.2607500" lon="14.6958100"><ele>122.0</ele></trkpt>
            <trkpt lat="58.2608700" lon="14.6957700"><ele>121.0</ele></trkpt>
            <trkpt lat="58.2610000" lon="14.6957300"><ele>121.0</ele></trkpt>
            <trkpt lat="58.2610800" lon="14.6957300"><ele>121.0</ele></trkpt>
            <trkpt lat="58.2612600" lon="14.6957500"><ele>121.0</ele></trkpt>
            <trkpt lat="58.2613700" lon="14.6957600"><ele>121.0</ele></trkpt>
            <trkpt lat="58.2614900" lon="14.6957800"><ele>121.0</ele></trkpt>
            <trkpt lat="58.2616700" lon="14.6958300"><ele>117.0</ele></trkpt>
            <trkpt lat="58.2619400" lon="14.6959300"><ele>117.0</ele></trkpt>
            <trkpt lat="58.2620100" lon="14.6959400"><ele>117.0</ele></trkpt>
            <trkpt lat="58.2621000" lon="14.6959100"><ele>117.0</ele></trkpt>
            <trkpt lat="58.2621500" lon="14.6958700"><ele>117.0</ele></trkpt>
            <trkpt lat="58.2622100" lon="14.6957800"><ele>117.0</ele></trkpt>
            <trkpt lat="58.2622900" lon="14.6955400"><ele>117.0</ele></trkpt>
            <trkpt lat="58.2624000" lon="14.6952300"><ele>117.0</ele></trkpt>
            <trkpt lat="58.2625200" lon="14.6949200"><ele>114.0</ele></trkpt>
            <trkpt lat="58.2627900" lon="14.6941900"><ele>114.0</ele></trkpt>
            <trkpt lat="58.2630200" lon="14.6935000"><ele>113.0</ele></trkpt>
            <trkpt lat="58.2631500" lon="14.6931700"><ele>113.0</ele></trkpt>
            <trkpt lat="58.2632400" lon="14.6929400"><ele>113.0</ele></trkpt>
            <trkpt lat="58.2633400" lon="14.6927300"><ele>114.0</ele></trkpt>
            <trkpt lat="58.2634400" lon="14.6926100"><ele>114.0</ele></trkpt>
            <trkpt lat="58.2635400" lon="14.6924800"><ele>113.0</ele></trkpt>
            <trkpt lat="58.2638100" lon="14.6923000"><ele>113.0</ele></trkpt>
            <trkpt lat="58.2641700" lon="14.6920800"><ele>114.0</ele></trkpt>
            <trkpt lat="58.2645000" lon="14.6918800"><ele>114.0</ele></trkpt>
            <trkpt lat="58.2646900" lon="14.6917700"><ele>114.0</ele></trkpt>
            <trkpt lat="58.2647800" lon="14.6917100"><ele>114.0</ele></trkpt>
            <trkpt lat="58.2648300" lon="14.6916900"><ele>114.0</ele></trkpt>
            <trkpt lat="58.2650100" lon="14.6916400"><ele>115.0</ele></trkpt>
            <trkpt lat="58.2652800" lon="14.6916100"><ele>115.0</ele></trkpt>
            <trkpt lat="58.2656000" lon="14.6915400"><ele>115.0</ele></trkpt>
            <trkpt lat="58.2657700" lon="14.6914700"><ele>115.0</ele></trkpt>
            <trkpt lat="58.2659500" lon="14.6913700"><ele>120.0</ele></trkpt>
            <trkpt lat="58.2661900" lon="14.6912300"><ele>119.0</ele></trkpt>
            <trkpt lat="58.2664400" lon="14.6910700"><ele>119.0</ele></trkpt>
            <trkpt lat="58.2665800" lon="14.6909900"><ele>119.0</ele></trkpt>
            <trkpt lat="58.2667200" lon="14.6909200"><ele>113.0</ele></trkpt>
            <trkpt lat="58.2668600" lon="14.6908700"><ele>113.0</ele></trkpt>
            <trkpt lat="58.2669900" lon="14.6908500"><ele>113.0</ele></trkpt>
            <trkpt lat="58.2671000" lon="14.6908200"><ele>113.0</ele></trkpt>
            <trkpt lat="58.2672300" lon="14.6908000"><ele>113.0</ele></trkpt>
            <trkpt lat="58.2675800" lon="14.6907800"><ele>111.0</ele></trkpt>
            <trkpt lat="58.2678300" lon="14.6907700"><ele>111.0</ele></trkpt>
            <trkpt lat="58.2679300" lon="14.6907900"><ele>111.0</ele></trkpt>
            <trkpt lat="58.2680200" lon="14.6908200"><ele>111.0</ele></trkpt>
            <trkpt lat="58.2681500" lon="14.6909400"><ele>111.0</ele></trkpt>
            <trkpt lat="58.2682500" lon="14.6911200"><ele>111.0</ele></trkpt>
            <trkpt lat="58.2683400" lon="14.6913200"><ele>110.0</ele></trkpt>
            <trkpt lat="58.2684200" lon="14.6915100"><ele>110.0</ele></trkpt>
            <trkpt lat="58.2684800" lon="14.6916300"><ele>110.0</ele></trkpt>
            <trkpt lat="58.2685500" lon="14.6917500"><ele>110.0</ele></trkpt>
            <trkpt lat="58.2686000" lon="14.6918200"><ele>110.0</ele></trkpt>
            <trkpt lat="58.2687000" lon="14.6918900"><ele>110.0</ele></trkpt>
            <trkpt lat="58.2688300" lon="14.6919600"><ele>110.0</ele></trkpt>
            <trkpt lat="58.2690800" lon="14.6920100"><ele>110.0</ele></trkpt>
            <trkpt lat="58.2698700" lon="14.6921800"><ele>110.0</ele></trkpt>
            <trkpt lat="58.2704400" lon="14.6922900"><ele>110.0</ele></trkpt>
            <trkpt lat="58.2706000" lon="14.6923300"><ele>110.0</ele></trkpt>
            <trkpt lat="58.2707900" lon="14.6923800"><ele>110.0</ele></trkpt>
            <trkpt lat="58.2709200" lon="14.6924200"><ele>110.0</ele></trkpt>
            <trkpt lat="58.2711800" lon="14.6925300"><ele>110.0</ele></trkpt>
            <trkpt lat="58.2712500" lon="14.6925600"><ele>110.0</ele></trkpt>
            <trkpt lat="58.2713900" lon="14.6926400"><ele>110.0</ele></trkpt>
            <trkpt lat="58.2716100" lon="14.6927400"><ele>110.0</ele></trkpt>
            <trkpt lat="58.2718200" lon="14.6928400"><ele>110.0</ele></trkpt>
            <trkpt lat="58.2721100" lon="14.6930200"><ele>110.0</ele></trkpt>
            <trkpt lat="58.2725100" lon="14.6932900"><ele>109.0</ele></trkpt>
            <trkpt lat="58.2728600" lon="14.6935300"><ele>109.0</ele></trkpt>
            <trkpt lat="58.2732700" lon="14.6938300"><ele>109.0</ele></trkpt>
            <trkpt lat="58.2737700" lon="14.6941800"><ele>109.0</ele></trkpt>
            <trkpt lat="58.2738400" lon="14.6942200"><ele>109.0</ele></trkpt>
            <trkpt lat="58.2738600" lon="14.6942300"><ele>109.0</ele></trkpt>
            <trkpt lat="58.2743700" lon="14.6945600"><ele>109.0</ele></trkpt>
            <trkpt lat="58.2746900" lon="14.6947500"><ele>109.0</ele></trkpt>
            <trkpt lat="58.2749400" lon="14.6948400"><ele>109.0</ele></trkpt>
            <trkpt lat="58.2751300" lon="14.6949100"><ele>109.0</ele></trkpt>
            <trkpt lat="58.2752400" lon="14.6949800"><ele>109.0</ele></trkpt>
            <trkpt lat="58.2757100" lon="14.6952600"><ele>109.0</ele></trkpt>
            <trkpt lat="58.2760000" lon="14.6954600"><ele>109.0</ele></trkpt>
            <trkpt lat="58.2762700" lon="14.6956400"><ele>109.0</ele></trkpt>
            <trkpt lat="58.2764200" lon="14.6957500"><ele>109.0</ele></trkpt>
            <trkpt lat="58.2766100" lon="14.6959100"><ele>109.0</ele></trkpt>
            <trkpt lat="58.2768500" lon="14.6961400"><ele>109.0</ele></trkpt>
            <trkpt lat="58.2772000" lon="14.6965300"><ele>109.0</ele></trkpt>
            <trkpt lat="58.2775300" lon="14.6968900"><ele>109.0</ele></trkpt>
            <trkpt lat="58.2779600" lon="14.6973500"><ele>109.0</ele></trkpt>
            <trkpt lat="58.2780600" lon="14.6974500"><ele>109.0</ele></trkpt>
            <trkpt lat="58.2785000" lon="14.6978900"><ele>109.0</ele></trkpt>
            <trkpt lat="58.2789600" lon="14.6983300"><ele>109.0</ele></trkpt>
            <trkpt lat="58.2792300" lon="14.6985700"><ele>108.0</ele></trkpt>
            <trkpt lat="58.2793900" lon="14.6987100"><ele>108.0</ele></trkpt>
            <trkpt lat="58.2795600" lon="14.6988200"><ele>109.0</ele></trkpt>
            <trkpt lat="58.2799100" lon="14.6990400"><ele>109.0</ele></trkpt>
            <trkpt lat="58.2801600" lon="14.6992000"><ele>109.0</ele></trkpt>
            <trkpt lat="58.2805800" lon="14.6994800"><ele>109.0</ele></trkpt>
            <trkpt lat="58.2810100" lon="14.6997900"><ele>110.0</ele></trkpt>
            <trkpt lat="58.2815300" lon="14.7000900"><ele>110.0</ele></trkpt>
            <trkpt lat="58.2820100" lon="14.7003500"><ele>114.0</ele></trkpt>
            <trkpt lat="58.2821100" lon="14.7004100"><ele>114.0</ele></trkpt>
            <trkpt lat="58.2822400" lon="14.7004900"><ele>114.0</ele></trkpt>
            <trkpt lat="58.2822700" lon="14.7005100"><ele>114.0</ele></trkpt>
            <trkpt lat="58.2824600" lon="14.7006100"><ele>114.0</ele></trkpt>
            <trkpt lat="58.2824900" lon="14.7006300"><ele>114.0</ele></trkpt>
            <trkpt lat="58.2829500" lon="14.7008700"><ele>116.0</ele></trkpt>
            <trkpt lat="58.2834800" lon="14.7011700"><ele>121.0</ele></trkpt>
            <trkpt lat="58.2839000" lon="14.7014000"><ele>117.0</ele></trkpt>
            <trkpt lat="58.2841200" lon="14.7015200"><ele>117.0</ele></trkpt>
            <trkpt lat="58.2842800" lon="14.7016000"><ele>121.0</ele></trkpt>
            <trkpt lat="58.2844000" lon="14.7016200"><ele>121.0</ele></trkpt>
            <trkpt lat="58.2844900" lon="14.7016100"><ele>121.0</ele></trkpt>
            <trkpt lat="58.2845800" lon="14.7015900"><ele>121.0</ele></trkpt>
            <trkpt lat="58.2847700" lon="14.7015100"><ele>121.0</ele></trkpt>
            <trkpt lat="58.2849800" lon="14.7014300"><ele>121.0</ele></trkpt>
            <trkpt lat="58.2850400" lon="14.7014200"><ele>125.0</ele></trkpt>
            <trkpt lat="58.2850900" lon="14.7014100"><ele>125.0</ele></trkpt>
            <trkpt lat="58.2851300" lon="14.7014000"><ele>125.0</ele></trkpt>
            <trkpt lat="58.2852500" lon="14.7013800"><ele>125.0</ele></trkpt>
            <trkpt lat="58.2854000" lon="14.7014000"><ele>125.0</ele></trkpt>
            <trkpt lat="58.2856100" lon="14.7014600"><ele>125.0</ele></trkpt>
            <trkpt lat="58.2858100" lon="14.7015300"><ele>125.0</ele></trkpt>
            <trkpt lat="58.2859700" lon="14.7016000"><ele>126.0</ele></trkpt>
            <trkpt lat="58.2861600" lon="14.7016900"><ele>126.0</ele></trkpt>
            <trkpt lat="58.2864000" lon="14.7018300"><ele>126.0</ele></trkpt>
            <trkpt lat="58.2866300" lon="14.7019500"><ele>126.0</ele></trkpt>
            <trkpt lat="58.2867400" lon="14.7019900"><ele>122.0</ele></trkpt>
            <trkpt lat="58.2868800" lon="14.7020400"><ele>122.0</ele></trkpt>
            <trkpt lat="58.2868600" lon="14.7022500"><ele>122.0</ele></trkpt>
            <trkpt lat="58.2868500" lon="14.7023200"><ele>122.0</ele></trkpt>
            <trkpt lat="58.2868500" lon="14.7024600"><ele>122.0</ele></trkpt>
            <trkpt lat="58.2868600" lon="14.7027000"><ele>122.0</ele></trkpt>
            <trkpt lat="58.2868800" lon="14.7033000"><ele>122.0</ele></trkpt>
            <trkpt lat="58.2869000" lon="14.7036600"><ele>122.0</ele></trkpt>
            <trkpt lat="58.2869400" lon="14.7040100"><ele>121.0</ele></trkpt>
            <trkpt lat="58.2870000" lon="14.7043400"><ele>121.0</ele></trkpt>
            <trkpt lat="58.2870700" lon="14.7046900"><ele>121.0</ele></trkpt>
            <trkpt lat="58.2871100" lon="14.7048900"><ele>121.0</ele></trkpt>
            <trkpt lat="58.2871600" lon="14.7051400"><ele>117.0</ele></trkpt>
            <trkpt lat="58.2872400" lon="14.7055800"><ele>117.0</ele></trkpt>
            <trkpt lat="58.2872900" lon="14.7059500"><ele>117.0</ele></trkpt>
            <trkpt lat="58.2873300" lon="14.7063700"><ele>116.0</ele></trkpt>
            <trkpt lat="58.2874600" lon="14.7076900"><ele>113.0</ele></trkpt>
            <trkpt lat="58.2875500" lon="14.7087100"><ele>109.0</ele></trkpt>
            <trkpt lat="58.2876000" lon="14.7093500"><ele>108.0</ele></trkpt>
            <trkpt lat="58.2876100" lon="14.7093900"><ele>108.0</ele></trkpt>
            <trkpt lat="58.2876400" lon="14.7096500"><ele>108.0</ele></trkpt>
            <trkpt lat="58.2876900" lon="14.7099500"><ele>108.0</ele></trkpt>
            <trkpt lat="58.2877400" lon="14.7102300"><ele>107.0</ele></trkpt>
            <trkpt lat="58.2878500" lon="14.7106800"><ele>107.0</ele></trkpt>
            <trkpt lat="58.2879800" lon="14.7112700"><ele>106.0</ele></trkpt>
            <trkpt lat="58.2882400" lon="14.7124100"><ele>106.0</ele></trkpt>
            <trkpt lat="58.2884600" lon="14.7134700"><ele>105.0</ele></trkpt>
            <trkpt lat="58.2886600" lon="14.7143400"><ele>104.0</ele></trkpt>
            <trkpt lat="58.2887400" lon="14.7146800"><ele>104.0</ele></trkpt>
            <trkpt lat="58.2888300" lon="14.7150700"><ele>104.0</ele></trkpt>
            <trkpt lat="58.2888900" lon="14.7153500"><ele>104.0</ele></trkpt>
            <trkpt lat="58.2889300" lon="14.7155700"><ele>104.0</ele></trkpt>
            <trkpt lat="58.2889500" lon="14.7158000"><ele>104.0</ele></trkpt>
            <trkpt lat="58.2889700" lon="14.7160900"><ele>104.0</ele></trkpt>
            <trkpt lat="58.2890100" lon="14.7168000"><ele>102.0</ele></trkpt>
            <trkpt lat="58.2890400" lon="14.7175500"><ele>102.0</ele></trkpt>
            <trkpt lat="58.2890400" lon="14.7178300"><ele>102.0</ele></trkpt>
            <trkpt lat="58.2890300" lon="14.7180600"><ele>102.0</ele></trkpt>
            <trkpt lat="58.2890100" lon="14.7182700"><ele>102.0</ele></trkpt>
            <trkpt lat="58.2889300" lon="14.7188600"><ele>102.0</ele></trkpt>
            <trkpt lat="58.2889100" lon="14.7190900"><ele>102.0</ele></trkpt>
            <trkpt lat="58.2888900" lon="14.7192200"><ele>102.0</ele></trkpt>
            <trkpt lat="58.2889000" lon="14.7193500"><ele>102.0</ele></trkpt>
            <trkpt lat="58.2889300" lon="14.7196300"><ele>102.0</ele></trkpt>
            <trkpt lat="58.2889700" lon="14.7198300"><ele>102.0</ele></trkpt>
            <trkpt lat="58.2890200" lon="14.7200200"><ele>101.0</ele></trkpt>
            <trkpt lat="58.2891200" lon="14.7203000"><ele>101.0</ele></trkpt>
            <trkpt lat="58.2894000" lon="14.7210300"><ele>102.0</ele></trkpt>
            <trkpt lat="58.2895300" lon="14.7213400"><ele>102.0</ele></trkpt>
            <trkpt lat="58.2896700" lon="14.7216700"><ele>102.0</ele></trkpt>
            <trkpt lat="58.2898700" lon="14.7221500"><ele>102.0</ele></trkpt>
            <trkpt lat="58.2901400" lon="14.7228900"><ele>103.0</ele></trkpt>
            <trkpt lat="58.2903300" lon="14.7234200"><ele>103.0</ele></trkpt>
            <trkpt lat="58.2904500" lon="14.7237300"><ele>103.0</ele></trkpt>
            <trkpt lat="58.2905900" lon="14.7240400"><ele>103.0</ele></trkpt>
            <trkpt lat="58.2906600" lon="14.7242000"><ele>103.0</ele></trkpt>
            <trkpt lat="58.2907400" lon="14.7244400"><ele>103.0</ele></trkpt>
            <trkpt lat="58.2908800" lon="14.7248200"><ele>100.0</ele></trkpt>
            <trkpt lat="58.2910300" lon="14.7252800"><ele>99.0</ele></trkpt>
            <trkpt lat="58.2911300" lon="14.7255400"><ele>99.0</ele></trkpt>
            <trkpt lat="58.2911800" lon="14.7256600"><ele>99.0</ele></trkpt>
            <trkpt lat="58.2912700" lon="14.7258000"><ele>99.0</ele></trkpt>
            <trkpt lat="58.2913700" lon="14.7259400"><ele>99.0</ele></trkpt>
            <trkpt lat="58.2914200" lon="14.7260000"><ele>99.0</ele></trkpt>
            <trkpt lat="58.2914600" lon="14.7260600"><ele>99.0</ele></trkpt>
            <trkpt lat="58.2914900" lon="14.7261000"><ele>99.0</ele></trkpt>
            <trkpt lat="58.2915200" lon="14.7261600"><ele>99.0</ele></trkpt>
            <trkpt lat="58.2915400" lon="14.7262100"><ele>99.0</ele></trkpt>
            <trkpt lat="58.2915500" lon="14.7262800"><ele>100.0</ele></trkpt>
            <trkpt lat="58.2915600" lon="14.7263500"><ele>100.0</ele></trkpt>
            <trkpt lat="58.2915800" lon="14.7264500"><ele>100.0</ele></trkpt>
            <trkpt lat="58.2915800" lon="14.7265600"><ele>100.0</ele></trkpt>
            <trkpt lat="58.2916000" lon="14.7269700"><ele>100.0</ele></trkpt>
            <trkpt lat="58.2916000" lon="14.7275700"><ele>101.0</ele></trkpt>
            <trkpt lat="58.2916100" lon="14.7283200"><ele>101.0</ele></trkpt>
            <trkpt lat="58.2916200" lon="14.7289900"><ele>102.0</ele></trkpt>
            <trkpt lat="58.2916300" lon="14.7294100"><ele>102.0</ele></trkpt>
            <trkpt lat="58.2916300" lon="14.7296300"><ele>102.0</ele></trkpt>
            <trkpt lat="58.2916300" lon="14.7297100"><ele>102.0</ele></trkpt>
            <trkpt lat="58.2916500" lon="14.7299800"><ele>102.0</ele></trkpt>
            <trkpt lat="58.2917200" lon="14.7310600"><ele>103.0</ele></trkpt>
            <trkpt lat="58.2917200" lon="14.7311800"><ele>103.0</ele></trkpt>
            <trkpt lat="58.2917600" lon="14.7320300"><ele>104.0</ele></trkpt>
            <trkpt lat="58.2917900" lon="14.7323200"><ele>104.0</ele></trkpt>
            <trkpt lat="58.2918100" lon="14.7325100"><ele>104.0</ele></trkpt>
            <trkpt lat="58.2918300" lon="14.7326300"><ele>104.0</ele></trkpt>
            <trkpt lat="58.2918300" lon="14.7326600"><ele>104.0</ele></trkpt>
            <trkpt lat="58.2918800" lon="14.7328100"><ele>104.0</ele></trkpt>
            <trkpt lat="58.2919400" lon="14.7330100"><ele>104.0</ele></trkpt>
            <trkpt lat="58.2920700" lon="14.7333900"><ele>104.0</ele></trkpt>
            <trkpt lat="58.2923000" lon="14.7340800"><ele>104.0</ele></trkpt>
            <trkpt lat="58.2925300" lon="14.7347700"><ele>103.0</ele></trkpt>
            <trkpt lat="58.2926000" lon="14.7350300"><ele>103.0</ele></trkpt>
            <trkpt lat="58.2926700" lon="14.7352600"><ele>103.0</ele></trkpt>
            <trkpt lat="58.2927100" lon="14.7354600"><ele>103.0</ele></trkpt>
            <trkpt lat="58.2927500" lon="14.7357000"><ele>103.0</ele></trkpt>
            <trkpt lat="58.2928000" lon="14.7361500"><ele>103.0</ele></trkpt>
            <trkpt lat="58.2928600" lon="14.7366800"><ele>103.0</ele></trkpt>
            <trkpt lat="58.2929200" lon="14.7372700"><ele>103.0</ele></trkpt>
            <trkpt lat="58.2929800" lon="14.7381500"><ele>104.0</ele></trkpt>
            <trkpt lat="58.2929900" lon="14.7382900"><ele>104.0</ele></trkpt>
            <trkpt lat="58.2930400" lon="14.7391200"><ele>104.0</ele></trkpt>
            <trkpt lat="58.2930700" lon="14.7397700"><ele>104.0</ele></trkpt>
            <trkpt lat="58.2930800" lon="14.7401300"><ele>107.0</ele></trkpt>
            <trkpt lat="58.2930800" lon="14.7402800"><ele>107.0</ele></trkpt>
            <trkpt lat="58.2930800" lon="14.7404800"><ele>107.0</ele></trkpt>
            <trkpt lat="58.2930800" lon="14.7409100"><ele>107.0</ele></trkpt>
            <trkpt lat="58.2930600" lon="14.7415500"><ele>108.0</ele></trkpt>
            <trkpt lat="58.2930500" lon="14.7421500"><ele>108.0</ele></trkpt>
            <trkpt lat="58.2930500" lon="14.7425800"><ele>106.0</ele></trkpt>
            <trkpt lat="58.2930700" lon="14.7430900"><ele>106.0</ele></trkpt>
            <trkpt lat="58.2931100" lon="14.7436700"><ele>106.0</ele></trkpt>
            <trkpt lat="58.2931600" lon="14.7441900"><ele>106.0</ele></trkpt>
            <trkpt lat="58.2932300" lon="14.7447200"><ele>106.0</ele></trkpt>
            <trkpt lat="58.2932700" lon="14.7449600"><ele>106.0</ele></trkpt>
            <trkpt lat="58.2933100" lon="14.7451800"><ele>106.0</ele></trkpt>
            <trkpt lat="58.2933600" lon="14.7454100"><ele>107.0</ele></trkpt>
            <trkpt lat="58.2934300" lon="14.7456900"><ele>107.0</ele></trkpt>
            <trkpt lat="58.2934900" lon="14.7459200"><ele>107.0</ele></trkpt>
            <trkpt lat="58.2935000" lon="14.7460200"><ele>107.0</ele></trkpt>
            <trkpt lat="58.2935100" lon="14.7461000"><ele>107.0</ele></trkpt>
            <trkpt lat="58.2935200" lon="14.7462400"><ele>104.0</ele></trkpt>
            <trkpt lat="58.2935200" lon="14.7463700"><ele>104.0</ele></trkpt>
            <trkpt lat="58.2935100" lon="14.7464900"><ele>104.0</ele></trkpt>
            <trkpt lat="58.2935000" lon="14.7466100"><ele>104.0</ele></trkpt>
            <trkpt lat="58.2934800" lon="14.7467200"><ele>104.0</ele></trkpt>
            <trkpt lat="58.2934600" lon="14.7468400"><ele>104.0</ele></trkpt>
            <trkpt lat="58.2934200" lon="14.7471000"><ele>104.0</ele></trkpt>
            <trkpt lat="58.2934100" lon="14.7472400"><ele>104.0</ele></trkpt>
            <trkpt lat="58.2934000" lon="14.7473000"><ele>104.0</ele></trkpt>
            <trkpt lat="58.2934000" lon="14.7473600"><ele>104.0</ele></trkpt>
            <trkpt lat="58.2933900" lon="14.7476200"><ele>102.0</ele></trkpt>
            <trkpt lat="58.2933800" lon="14.7480900"><ele>102.0</ele></trkpt>
            <trkpt lat="58.2933700" lon="14.7490400"><ele>103.0</ele></trkpt>
            <trkpt lat="58.2933600" lon="14.7496200"><ele>103.0</ele></trkpt>
            <trkpt lat="58.2933700" lon="14.7501200"><ele>103.0</ele></trkpt>
            <trkpt lat="58.2933700" lon="14.7503800"><ele>103.0</ele></trkpt>
            <trkpt lat="58.2933900" lon="14.7506300"><ele>103.0</ele></trkpt>
            <trkpt lat="58.2934200" lon="14.7511000"><ele>103.0</ele></trkpt>
            <trkpt lat="58.2934600" lon="14.7515800"><ele>108.0</ele></trkpt>
            <trkpt lat="58.2934800" lon="14.7520200"><ele>108.0</ele></trkpt>
            <trkpt lat="58.2934900" lon="14.7521500"><ele>108.0</ele></trkpt>
            <trkpt lat="58.2934900" lon="14.7522600"><ele>108.0</ele></trkpt>
            <trkpt lat="58.2934900" lon="14.7524600"><ele>108.0</ele></trkpt>
            <trkpt lat="58.2934800" lon="14.7526200"><ele>109.0</ele></trkpt>
            <trkpt lat="58.2934800" lon="14.7527800"><ele>109.0</ele></trkpt>
            <trkpt lat="58.2934700" lon="14.7530700"><ele>109.0</ele></trkpt>
            <trkpt lat="58.2934400" lon="14.7536400"><ele>109.0</ele></trkpt>
            <trkpt lat="58.2934300" lon="14.7539100"><ele>108.0</ele></trkpt>
            <trkpt lat="58.2934100" lon="14.7542500"><ele>108.0</ele></trkpt>
            <trkpt lat="58.2934000" lon="14.7545100"><ele>108.0</ele></trkpt>
            <trkpt lat="58.2933900" lon="14.7547800"><ele>108.0</ele></trkpt>
            <trkpt lat="58.2934000" lon="14.7561000"><ele>107.0</ele></trkpt>
            <trkpt lat="58.2934000" lon="14.7569300"><ele>106.0</ele></trkpt>
            <trkpt lat="58.2933800" lon="14.7572500"><ele>106.0</ele></trkpt>
            <trkpt lat="58.2933600" lon="14.7574500"><ele>106.0</ele></trkpt>
            <trkpt lat="58.2933300" lon="14.7576000"><ele>105.0</ele></trkpt>
            <trkpt lat="58.2932600" lon="14.7579100"><ele>106.0</ele></trkpt>
            <trkpt lat="58.2932100" lon="14.7581500"><ele>106.0</ele></trkpt>
            <trkpt lat="58.2932000" lon="14.7582200"><ele>106.0</ele></trkpt>
            <trkpt lat="58.2932000" lon="14.7582800"><ele>106.0</ele></trkpt>
            <trkpt lat="58.2931900" lon="14.7583400"><ele>106.0</ele></trkpt>
            <trkpt lat="58.2931900" lon="14.7584000"><ele>106.0</ele></trkpt>
            <trkpt lat="58.2931900" lon="14.7584500"><ele>106.0</ele></trkpt>
            <trkpt lat="58.2932000" lon="14.7585100"><ele>106.0</ele></trkpt>
            <trkpt lat="58.2932400" lon="14.7590400"><ele>106.0</ele></trkpt>
            <trkpt lat="58.2932800" lon="14.7594300"><ele>106.0</ele></trkpt>
            <trkpt lat="58.2933100" lon="14.7597300"><ele>106.0</ele></trkpt>
            <trkpt lat="58.2933300" lon="14.7601800"><ele>106.0</ele></trkpt>
            <trkpt lat="58.2933800" lon="14.7614700"><ele>106.0</ele></trkpt>
            <trkpt lat="58.2934100" lon="14.7621000"><ele>106.0</ele></trkpt>
            <trkpt lat="58.2934200" lon="14.7625100"><ele>107.0</ele></trkpt>
            <trkpt lat="58.2934200" lon="14.7628300"><ele>107.0</ele></trkpt>
            <trkpt lat="58.2934200" lon="14.7635900"><ele>107.0</ele></trkpt>
            <trkpt lat="58.2934200" lon="14.7638900"><ele>108.0</ele></trkpt>
            <trkpt lat="58.2934200" lon="14.7642700"><ele>108.0</ele></trkpt>
            <trkpt lat="58.2934400" lon="14.7646200"><ele>108.0</ele></trkpt>
            <trkpt lat="58.2934900" lon="14.7650300"><ele>108.0</ele></trkpt>
            <trkpt lat="58.2935300" lon="14.7653500"><ele>108.0</ele></trkpt>
            <trkpt lat="58.2936000" lon="14.7658500"><ele>108.0</ele></trkpt>
            <trkpt lat="58.2936400" lon="14.7661400"><ele>108.0</ele></trkpt>
            <trkpt lat="58.2936700" lon="14.7663300"><ele>108.0</ele></trkpt>
            <trkpt lat="58.2936800" lon="14.7665100"><ele>108.0</ele></trkpt>
            <trkpt lat="58.2936900" lon="14.7668300"><ele>108.0</ele></trkpt>
            <trkpt lat="58.2936900" lon="14.7672400"><ele>108.0</ele></trkpt>
            <trkpt lat="58.2937000" lon="14.7674000"><ele>108.0</ele></trkpt>
            <trkpt lat="58.2937000" lon="14.7678200"><ele>109.0</ele></trkpt>
            <trkpt lat="58.2937100" lon="14.7684000"><ele>109.0</ele></trkpt>
            <trkpt lat="58.2937500" lon="14.7692500"><ele>110.0</ele></trkpt>
            <trkpt lat="58.2937800" lon="14.7702400"><ele>109.0</ele></trkpt>
            <trkpt lat="58.2937900" lon="14.7709900"><ele>109.0</ele></trkpt>
            <trkpt lat="58.2938000" lon="14.7715700"><ele>109.0</ele></trkpt>
            <trkpt lat="58.2938100" lon="14.7718400"><ele>109.0</ele></trkpt>
            <trkpt lat="58.2938300" lon="14.7721000"><ele>109.0</ele></trkpt>
            <trkpt lat="58.2938500" lon="14.7722500"><ele>109.0</ele></trkpt>
            <trkpt lat="58.2938600" lon="14.7723200"><ele>109.0</ele></trkpt>
            <trkpt lat="58.2938800" lon="14.7724800"><ele>109.0</ele></trkpt>
            <trkpt lat="58.2941000" lon="14.7739400"><ele>112.0</ele></trkpt>
            <trkpt lat="58.2942200" lon="14.7747900"><ele>109.0</ele></trkpt>
            <trkpt lat="58.2943000" lon="14.7753000"><ele>112.0</ele></trkpt>
            <trkpt lat="58.2943400" lon="14.7755900"><ele>112.0</ele></trkpt>
            <trkpt lat="58.2943700" lon="14.7757800"><ele>112.0</ele></trkpt>
            <trkpt lat="58.2944100" lon="14.7761100"><ele>112.0</ele></trkpt>
            <trkpt lat="58.2944500" lon="14.7765000"><ele>110.0</ele></trkpt>
            <trkpt lat="58.2944500" lon="14.7765800"><ele>110.0</ele></trkpt>
            <trkpt lat="58.2944800" lon="14.7769100"><ele>110.0</ele></trkpt>
            <trkpt lat="58.2945300" lon="14.7776700"><ele>107.0</ele></trkpt>
            <trkpt lat="58.2945400" lon="14.7778800"><ele>107.0</ele></trkpt>
            <trkpt lat="58.2945300" lon="14.7781000"><ele>107.0</ele></trkpt>
            <trkpt lat="58.2945100" lon="14.7782900"><ele>107.0</ele></trkpt>
            <trkpt lat="58.2944500" lon="14.7784900"><ele>107.0</ele></trkpt>
            <trkpt lat="58.2942400" lon="14.7790100"><ele>107.0</ele></trkpt>
            <trkpt lat="58.2940600" lon="14.7794800"><ele>111.0</ele></trkpt>
            <trkpt lat="58.2939700" lon="14.7797600"><ele>111.0</ele></trkpt>
            <trkpt lat="58.2939100" lon="14.7799800"><ele>111.0</ele></trkpt>
            <trkpt lat="58.2939000" lon="14.7800100"><ele>107.0</ele></trkpt>
            <trkpt lat="58.2938500" lon="14.7802100"><ele>107.0</ele></trkpt>
            <trkpt lat="58.2938400" lon="14.7803200"><ele>107.0</ele></trkpt>
            <trkpt lat="58.2938300" lon="14.7805500"><ele>107.0</ele></trkpt>
            <trkpt lat="58.2938000" lon="14.7813400"><ele>107.0</ele></trkpt>
            <trkpt lat="58.2937600" lon="14.7821200"><ele>107.0</ele></trkpt>
            <trkpt lat="58.2937200" lon="14.7829400"><ele>107.0</ele></trkpt>
            <trkpt lat="58.2936800" lon="14.7833800"><ele>107.0</ele></trkpt>
            <trkpt lat="58.2936200" lon="14.7839000"><ele>108.0</ele></trkpt>
            <trkpt lat="58.2935800" lon="14.7841700"><ele>108.0</ele></trkpt>
            <trkpt lat="58.2935000" lon="14.7845100"><ele>108.0</ele></trkpt>
            <trkpt lat="58.2934200" lon="14.7847700"><ele>108.0</ele></trkpt>
            <trkpt lat="58.2934000" lon="14.7848400"><ele>108.0</ele></trkpt>
            <trkpt lat="58.2933800" lon="14.7849000"><ele>108.0</ele></trkpt>
            <trkpt lat="58.2933200" lon="14.7851100"><ele>108.0</ele></trkpt>
            <trkpt lat="58.2932200" lon="14.7855600"><ele>108.0</ele></trkpt>
            <trkpt lat="58.2931600" lon="14.7858600"><ele>108.0</ele></trkpt>
            <trkpt lat="58.2931400" lon="14.7860800"><ele>108.0</ele></trkpt>
            <trkpt lat="58.2931300" lon="14.7861700"><ele>108.0</ele></trkpt>
            <trkpt lat="58.2931400" lon="14.7862500"><ele>108.0</ele></trkpt>
            <trkpt lat="58.2931500" lon="14.7863800"><ele>108.0</ele></trkpt>
            <trkpt lat="58.2931600" lon="14.7864600"><ele>108.0</ele></trkpt>
            <trkpt lat="58.2932400" lon="14.7868200"><ele>108.0</ele></trkpt>
            <trkpt lat="58.2933700" lon="14.7871700"><ele>109.0</ele></trkpt>
            <trkpt lat="58.2933700" lon="14.7871900"><ele>109.0</ele></trkpt>
            <trkpt lat="58.2934900" lon="14.7874800"><ele>109.0</ele></trkpt>
            <trkpt lat="58.2936100" lon="14.7878000"><ele>111.0</ele></trkpt>
            <trkpt lat="58.2936300" lon="14.7878500"><ele>111.0</ele></trkpt>
            <trkpt lat="58.2936300" lon="14.7878490"><ele>111.0</ele></trkpt>
            <trkpt lat="58.2936300" lon="14.7878500"><ele>111.0</ele></trkpt>
            <trkpt lat="58.2933300" lon="14.7881900"><ele>111.0</ele></trkpt>
            <trkpt lat="58.2933300" lon="14.7881890"><ele>111.0</ele></trkpt>
            <trkpt lat="58.2933300" lon="14.7881900"><ele>111.0</ele></trkpt>
            <trkpt lat="58.2933500" lon="14.7882500"><ele>111.0</ele></trkpt>
            <trkpt lat="58.2936500" lon="14.7890100"><ele>112.0</ele></trkpt>
            <trkpt lat="58.2940700" lon="14.7902200"><ele>110.0</ele></trkpt>
            <trkpt lat="58.2945600" lon="14.7917300"><ele>108.0</ele></trkpt>
            <trkpt lat="58.2951000" lon="14.7934900"><ele>108.0</ele></trkpt>
            <trkpt lat="58.2957000" lon="14.7954400"><ele>108.0</ele></trkpt>
            <trkpt lat="58.2959100" lon="14.7961200"><ele>108.0</ele></trkpt>
            <trkpt lat="58.2961900" lon="14.7970500"><ele>108.0</ele></trkpt>
            <trkpt lat="58.2967400" lon="14.7988100"><ele>110.0</ele></trkpt>
            <trkpt lat="58.2970100" lon="14.7996900"><ele>110.0</ele></trkpt>
            <trkpt lat="58.2971700" lon="14.8002200"><ele>112.0</ele></trkpt>
            <trkpt lat="58.2975000" lon="14.8013000"><ele>111.0</ele></trkpt>
            <trkpt lat="58.2977500" lon="14.8021800"><ele>111.0</ele></trkpt>
            <trkpt lat="58.2980000" lon="14.8030900"><ele>113.0</ele></trkpt>
            <trkpt lat="58.2981800" lon="14.8038300"><ele>112.0</ele></trkpt>
            <trkpt lat="58.2983100" lon="14.8043900"><ele>112.0</ele></trkpt>
            <trkpt lat="58.2984800" lon="14.8051700"><ele>112.0</ele></trkpt>
            <trkpt lat="58.2986500" lon="14.8060000"><ele>112.0</ele></trkpt>
            <trkpt lat="58.2989800" lon="14.8076500"><ele>113.0</ele></trkpt>
            <trkpt lat="58.2992900" lon="14.8091800"><ele>113.0</ele></trkpt>
            <trkpt lat="58.2993800" lon="14.8095800"><ele>113.0</ele></trkpt>
            <trkpt lat="58.2999100" lon="14.8122200"><ele>113.0</ele></trkpt>
            <trkpt lat="58.3003700" lon="14.8144900"><ele>114.0</ele></trkpt>
            <trkpt lat="58.3007900" lon="14.8166000"><ele>114.0</ele></trkpt>
            <trkpt lat="58.3011500" lon="14.8183400"><ele>115.0</ele></trkpt>
            <trkpt lat="58.3014600" lon="14.8198700"><ele>115.0</ele></trkpt>
            <trkpt lat="58.3018400" lon="14.8218100"><ele>116.0</ele></trkpt>
            <trkpt lat="58.3019800" lon="14.8226000"><ele>117.0</ele></trkpt>
            <trkpt lat="58.3020000" lon="14.8227000"><ele>117.0</ele></trkpt>
            <trkpt lat="58.3021400" lon="14.8235200"><ele>117.0</ele></trkpt>
            <trkpt lat="58.3021800" lon="14.8237600"><ele>117.0</ele></trkpt>
            <trkpt lat="58.3026300" lon="14.8263200"><ele>116.0</ele></trkpt>
            <trkpt lat="58.3028300" lon="14.8274400"><ele>116.0</ele></trkpt>
            <trkpt lat="58.3030300" lon="14.8286100"><ele>116.0</ele></trkpt>
            <trkpt lat="58.3033600" lon="14.8305200"><ele>117.0</ele></trkpt>
            <trkpt lat="58.3034000" lon="14.8307400"><ele>117.0</ele></trkpt>
            <trkpt lat="58.3036200" lon="14.8320500"><ele>118.0</ele></trkpt>
            <trkpt lat="58.3036200" lon="14.8320700"><ele>118.0</ele></trkpt>
            <trkpt lat="58.3036600" lon="14.8323100"><ele>118.0</ele></trkpt>
            <trkpt lat="58.3038800" lon="14.8336100"><ele>118.0</ele></trkpt>
            <trkpt lat="58.3039500" lon="14.8340500"><ele>120.0</ele></trkpt>
            <trkpt lat="58.3040500" lon="14.8346400"><ele>120.0</ele></trkpt>
            <trkpt lat="58.3041900" lon="14.8356300"><ele>116.0</ele></trkpt>
            <trkpt lat="58.3045100" lon="14.8379400"><ele>115.0</ele></trkpt>
            <trkpt lat="58.3047000" lon="14.8392600"><ele>116.0</ele></trkpt>
            <trkpt lat="58.3047500" lon="14.8396500"><ele>116.0</ele></trkpt>
            <trkpt lat="58.3047600" lon="14.8397200"><ele>116.0</ele></trkpt>
            <trkpt lat="58.3047700" lon="14.8398100"><ele>116.0</ele></trkpt>
            <trkpt lat="58.3048200" lon="14.8401900"><ele>117.0</ele></trkpt>
            <trkpt lat="58.3049800" lon="14.8413900"><ele>117.0</ele></trkpt>
            <trkpt lat="58.3051800" lon="14.8429800"><ele>115.0</ele></trkpt>
            <trkpt lat="58.3053200" lon="14.8440100"><ele>116.0</ele></trkpt>
            <trkpt lat="58.3054900" lon="14.8453800"><ele>117.0</ele></trkpt>
            <trkpt lat="58.3056900" lon="14.8469400"><ele>118.0</ele></trkpt>
            <trkpt lat="58.3058200" lon="14.8480100"><ele>118.0</ele></trkpt>
            <trkpt lat="58.3059600" lon="14.8491700"><ele>118.0</ele></trkpt>
            <trkpt lat="58.3061400" lon="14.8506500"><ele>118.0</ele></trkpt>
            <trkpt lat="58.3063300" lon="14.8521400"><ele>117.0</ele></trkpt>
            <trkpt lat="58.3064800" lon="14.8533000"><ele>117.0</ele></trkpt>
            <trkpt lat="58.3066600" lon="14.8546300"><ele>117.0</ele></trkpt>
            <trkpt lat="58.3066700" lon="14.8547000"><ele>117.0</ele></trkpt>
            <trkpt lat="58.3068600" lon="14.8561400"><ele>117.0</ele></trkpt>
            <trkpt lat="58.3070400" lon="14.8574400"><ele>118.0</ele></trkpt>
            <trkpt lat="58.3072000" lon="14.8586300"><ele>119.0</ele></trkpt>
            <trkpt lat="58.3073100" lon="14.8594200"><ele>123.0</ele></trkpt>
            <trkpt lat="58.3073600" lon="14.8598300"><ele>123.0</ele></trkpt>
            <trkpt lat="58.3074600" lon="14.8605600"><ele>121.0</ele></trkpt>
            <trkpt lat="58.3074600" lon="14.8605800"><ele>121.0</ele></trkpt>
            <trkpt lat="58.3074600" lon="14.8606000"><ele>121.0</ele></trkpt>
            <trkpt lat="58.3074900" lon="14.8608200"><ele>119.0</ele></trkpt>
            <trkpt lat="58.3076500" lon="14.8620100"><ele>119.0</ele></trkpt>
            <trkpt lat="58.3077300" lon="14.8626500"><ele>119.0</ele></trkpt>
            <trkpt lat="58.3078100" lon="14.8632500"><ele>119.0</ele></trkpt>
            <trkpt lat="58.3079100" lon="14.8639700"><ele>120.0</ele></trkpt>
            <trkpt lat="58.3079700" lon="14.8644700"><ele>120.0</ele></trkpt>
            <trkpt lat="58.3080700" lon="14.8651900"><ele>120.0</ele></trkpt>
            <trkpt lat="58.3082600" lon="14.8666800"><ele>119.0</ele></trkpt>
            <trkpt lat="58.3083000" lon="14.8669900"><ele>119.0</ele></trkpt>
            <trkpt lat="58.3084000" lon="14.8678300"><ele>118.0</ele></trkpt>
            <trkpt lat="58.3085800" lon="14.8693300"><ele>116.0</ele></trkpt>
            <trkpt lat="58.3087100" lon="14.8703500"><ele>115.0</ele></trkpt>
            <trkpt lat="58.3088700" lon="14.8716600"><ele>116.0</ele></trkpt>
            <trkpt lat="58.3091000" lon="14.8735600"><ele>117.0</ele></trkpt>
            <trkpt lat="58.3093200" lon="14.8753300"><ele>118.0</ele></trkpt>
            <trkpt lat="58.3094400" lon="14.8763700"><ele>119.0</ele></trkpt>
            <trkpt lat="58.3095700" lon="14.8774600"><ele>119.0</ele></trkpt>
            <trkpt lat="58.3096900" lon="14.8784000"><ele>122.0</ele></trkpt>
            <trkpt lat="58.3097400" lon="14.8789000"><ele>119.0</ele></trkpt>
            <trkpt lat="58.3097600" lon="14.8791200"><ele>119.0</ele></trkpt>
            <trkpt lat="58.3097800" lon="14.8793300"><ele>119.0</ele></trkpt>
            <trkpt lat="58.3098300" lon="14.8797500"><ele>119.0</ele></trkpt>
            <trkpt lat="58.3098700" lon="14.8803000"><ele>118.0</ele></trkpt>
            <trkpt lat="58.3099100" lon="14.8809700"><ele>118.0</ele></trkpt>
            <trkpt lat="58.3099500" lon="14.8815000"><ele>117.0</ele></trkpt>
            <trkpt lat="58.3099800" lon="14.8819700"><ele>117.0</ele></trkpt>
            <trkpt lat="58.3099900" lon="14.8821100"><ele>117.0</ele></trkpt>
            <trkpt lat="58.3100200" lon="14.8824500"><ele>117.0</ele></trkpt>
            <trkpt lat="58.3100500" lon="14.8830200"><ele>117.0</ele></trkpt>
            <trkpt lat="58.3101000" lon="14.8836900"><ele>117.0</ele></trkpt>
            <trkpt lat="58.3101500" lon="14.8845800"><ele>118.0</ele></trkpt>
            <trkpt lat="58.3102200" lon="14.8855800"><ele>117.0</ele></trkpt>
            <trkpt lat="58.3102900" lon="14.8865900"><ele>117.0</ele></trkpt>
            <trkpt lat="58.3103500" lon="14.8876300"><ele>117.0</ele></trkpt>
            <trkpt lat="58.3104100" lon="14.8885800"><ele>117.0</ele></trkpt>
            <trkpt lat="58.3104600" lon="14.8892800"><ele>116.0</ele></trkpt>
            <trkpt lat="58.3104900" lon="14.8897600"><ele>116.0</ele></trkpt>
            <trkpt lat="58.3105300" lon="14.8903000"><ele>117.0</ele></trkpt>
            <trkpt lat="58.3105700" lon="14.8907400"><ele>117.0</ele></trkpt>
            <trkpt lat="58.3106200" lon="14.8912500"><ele>117.0</ele></trkpt>
            <trkpt lat="58.3106600" lon="14.8916600"><ele>117.0</ele></trkpt>
            <trkpt lat="58.3107000" lon="14.8920200"><ele>117.0</ele></trkpt>
            <trkpt lat="58.3107600" lon="14.8924800"><ele>117.0</ele></trkpt>
            <trkpt lat="58.3108100" lon="14.8929400"><ele>117.0</ele></trkpt>
            <trkpt lat="58.3108500" lon="14.8933500"><ele>116.0</ele></trkpt>
            <trkpt lat="58.3108900" lon="14.8938100"><ele>117.0</ele></trkpt>
            <trkpt lat="58.3109200" lon="14.8941400"><ele>117.0</ele></trkpt>
            <trkpt lat="58.3109500" lon="14.8945300"><ele>117.0</ele></trkpt>
            <trkpt lat="58.3109600" lon="14.8947000"><ele>117.0</ele></trkpt>
            <trkpt lat="58.3109800" lon="14.8949700"><ele>117.0</ele></trkpt>
            <trkpt lat="58.3110000" lon="14.8954500"><ele>118.0</ele></trkpt>
            <trkpt lat="58.3110200" lon="14.8958200"><ele>118.0</ele></trkpt>
            <trkpt lat="58.3110400" lon="14.8962500"><ele>115.0</ele></trkpt>
            <trkpt lat="58.3110600" lon="14.8966900"><ele>115.0</ele></trkpt>
            <trkpt lat="58.3110800" lon="14.8975300"><ele>115.0</ele></trkpt>
            <trkpt lat="58.3111200" lon="14.8984200"><ele>115.0</ele></trkpt>
            <trkpt lat="58.3111300" lon="14.8989700"><ele>114.0</ele></trkpt>
            <trkpt lat="58.3111500" lon="14.8997100"><ele>114.0</ele></trkpt>
            <trkpt lat="58.3111600" lon="14.9004600"><ele>114.0</ele></trkpt>
            <trkpt lat="58.3111500" lon="14.9011800"><ele>114.0</ele></trkpt>
            <trkpt lat="58.3111400" lon="14.9015100"><ele>114.0</ele></trkpt>
            <trkpt lat="58.3111300" lon="14.9017900"><ele>114.0</ele></trkpt>
            <trkpt lat="58.3110900" lon="14.9025500"><ele>118.0</ele></trkpt>
            <trkpt lat="58.3110400" lon="14.9031000"><ele>118.0</ele></trkpt>
            <trkpt lat="58.3110100" lon="14.9033600"><ele>118.0</ele></trkpt>
            <trkpt lat="58.3112600" lon="14.9034800"><ele>118.0</ele></trkpt>
            <trkpt lat="58.3113300" lon="14.9035600"><ele>118.0</ele></trkpt>
            <trkpt lat="58.3113800" lon="14.9036400"><ele>118.0</ele></trkpt>
            <trkpt lat="58.3114300" lon="14.9037300"><ele>118.0</ele></trkpt>
            <trkpt lat="58.3114600" lon="14.9038400"><ele>117.0</ele></trkpt>
            <trkpt lat="58.3114700" lon="14.9039800"><ele>117.0</ele></trkpt>
            <trkpt lat="58.3114900" lon="14.9043000"><ele>117.0</ele></trkpt>
            <trkpt lat="58.3115600" lon="14.9052400"><ele>114.0</ele></trkpt>
            <trkpt lat="58.3116500" lon="14.9064300"><ele>113.0</ele></trkpt>
            <trkpt lat="58.3117300" lon="14.9073900"><ele>113.0</ele></trkpt>
            <trkpt lat="58.3118200" lon="14.9085000"><ele>113.0</ele></trkpt>
            <trkpt lat="58.3119200" lon="14.9096000"><ele>113.0</ele></trkpt>
            <trkpt lat="58.3120000" lon="14.9106500"><ele>113.0</ele></trkpt>
            <trkpt lat="58.3120900" lon="14.9116300"><ele>116.0</ele></trkpt>
            <trkpt lat="58.3121600" lon="14.9124000"><ele>116.0</ele></trkpt>
            <trkpt lat="58.3122000" lon="14.9129500"><ele>114.0</ele></trkpt>
            <trkpt lat="58.3122300" lon="14.9133600"><ele>114.0</ele></trkpt>
            <trkpt lat="58.3123000" lon="14.9141600"><ele>113.0</ele></trkpt>
            <trkpt lat="58.3123900" lon="14.9151900"><ele>112.0</ele></trkpt>
            <trkpt lat="58.3124000" lon="14.9153700"><ele>112.0</ele></trkpt>
            <trkpt lat="58.3124200" lon="14.9156100"><ele>112.0</ele></trkpt>
            <trkpt lat="58.3124600" lon="14.9160500"><ele>112.0</ele></trkpt>
            <trkpt lat="58.3125000" lon="14.9166000"><ele>114.0</ele></trkpt>
            <trkpt lat="58.3125600" lon="14.9174500"><ele>114.0</ele></trkpt>
            <trkpt lat="58.3126100" lon="14.9181200"><ele>114.0</ele></trkpt>
            <trkpt lat="58.3126700" lon="14.9188200"><ele>114.0</ele></trkpt>
            <trkpt lat="58.3127200" lon="14.9194800"><ele>114.0</ele></trkpt>
            <trkpt lat="58.3127700" lon="14.9200500"><ele>115.0</ele></trkpt>
            <trkpt lat="58.3128100" lon="14.9204300"><ele>115.0</ele></trkpt>
            <trkpt lat="58.3128300" lon="14.9206500"><ele>115.0</ele></trkpt>
            <trkpt lat="58.3128800" lon="14.9212800"><ele>114.0</ele></trkpt>
            <trkpt lat="58.3129400" lon="14.9219000"><ele>114.0</ele></trkpt>
            <trkpt lat="58.3129600" lon="14.9220900"><ele>114.0</ele></trkpt>
            <trkpt lat="58.3129700" lon="14.9222500"><ele>114.0</ele></trkpt>
            <trkpt lat="58.3129900" lon="14.9224200"><ele>114.0</ele></trkpt>
            <trkpt lat="58.3130100" lon="14.9225500"><ele>115.0</ele></trkpt>
            <trkpt lat="58.3130700" lon="14.9231600"><ele>115.0</ele></trkpt>
            <trkpt lat="58.3131100" lon="14.9236100"><ele>115.0</ele></trkpt>
            <trkpt lat="58.3134500" lon="14.9236100"><ele>115.0</ele></trkpt>
            <trkpt lat="58.3134700" lon="14.9236100"><ele>115.0</ele></trkpt>
            <trkpt lat="58.3135800" lon="14.9236400"><ele>115.0</ele></trkpt>
            <trkpt lat="58.3138100" lon="14.9237000"><ele>115.0</ele></trkpt>
            <trkpt lat="58.3138900" lon="14.9237100"><ele>115.0</ele></trkpt>
            <trkpt lat="58.3141800" lon="14.9237900"><ele>115.0</ele></trkpt>
            <trkpt lat="58.3144800" lon="14.9238300"><ele>115.0</ele></trkpt>
            <trkpt lat="58.3146100" lon="14.9238600"><ele>115.0</ele></trkpt>
            <trkpt lat="58.3150100" lon="14.9239300"><ele>114.0</ele></trkpt>
            <trkpt lat="58.3151200" lon="14.9239400"><ele>114.0</ele></trkpt>
            <trkpt lat="58.3156100" lon="14.9240200"><ele>114.0</ele></trkpt>
            <trkpt lat="58.3157100" lon="14.9240400"><ele>114.0</ele></trkpt>
            <trkpt lat="58.3162300" lon="14.9241300"><ele>114.0</ele></trkpt>
            <trkpt lat="58.3169700" lon="14.9242600"><ele>112.0</ele></trkpt>
            <trkpt lat="58.3174600" lon="14.9243400"><ele>112.0</ele></trkpt>
            <trkpt lat="58.3176800" lon="14.9243400"><ele>112.0</ele></trkpt>
            <trkpt lat="58.3177400" lon="14.9243500"><ele>112.0</ele></trkpt>
            <trkpt lat="58.3179500" lon="14.9243200"><ele>112.0</ele></trkpt>
            <trkpt lat="58.3181400" lon="14.9242800"><ele>112.0</ele></trkpt>
            <trkpt lat="58.3183300" lon="14.9242100"><ele>111.0</ele></trkpt>
            <trkpt lat="58.3184700" lon="14.9241600"><ele>111.0</ele></trkpt>
            <trkpt lat="58.3186300" lon="14.9240700"><ele>111.0</ele></trkpt>
            <trkpt lat="58.3187500" lon="14.9239900"><ele>111.0</ele></trkpt>
            <trkpt lat="58.3189400" lon="14.9238400"><ele>111.0</ele></trkpt>
            <trkpt lat="58.3191200" lon="14.9236600"><ele>111.0</ele></trkpt>
            <trkpt lat="58.3192900" lon="14.9234700"><ele>110.0</ele></trkpt>
            <trkpt lat="58.3194600" lon="14.9232700"><ele>110.0</ele></trkpt>
            <trkpt lat="58.3196700" lon="14.9230000"><ele>110.0</ele></trkpt>
            <trkpt lat="58.3199900" lon="14.9225900"><ele>110.0</ele></trkpt>
            <trkpt lat="58.3202100" lon="14.9223100"><ele>110.0</ele></trkpt>
            <trkpt lat="58.3204500" lon="14.9220100"><ele>110.0</ele></trkpt>
            <trkpt lat="58.3208100" lon="14.9215800"><ele>110.0</ele></trkpt>
            <trkpt lat="58.3211000" lon="14.9212100"><ele>110.0</ele></trkpt>
            <trkpt lat="58.3214600" lon="14.9207500"><ele>110.0</ele></trkpt>
            <trkpt lat="58.3216300" lon="14.9205200"><ele>110.0</ele></trkpt>
            <trkpt lat="58.3217600" lon="14.9203500"><ele>108.0</ele></trkpt>
            <trkpt lat="58.3219200" lon="14.9201300"><ele>108.0</ele></trkpt>
            <trkpt lat="58.3221300" lon="14.9198300"><ele>108.0</ele></trkpt>
            <trkpt lat="58.3222200" lon="14.9197100"><ele>108.0</ele></trkpt>
            <trkpt lat="58.3223900" lon="14.9194700"><ele>108.0</ele></trkpt>
            <trkpt lat="58.3226100" lon="14.9191700"><ele>106.0</ele></trkpt>
            <trkpt lat="58.3226200" lon="14.9191600"><ele>106.0</ele></trkpt>
            <trkpt lat="58.3227600" lon="14.9189500"><ele>106.0</ele></trkpt>
            <trkpt lat="58.3229000" lon="14.9187700"><ele>106.0</ele></trkpt>
            <trkpt lat="58.3230200" lon="14.9186400"><ele>105.0</ele></trkpt>
            <trkpt lat="58.3231500" lon="14.9185200"><ele>105.0</ele></trkpt>
            <trkpt lat="58.3232900" lon="14.9184100"><ele>105.0</ele></trkpt>
            <trkpt lat="58.3234800" lon="14.9182700"><ele>105.0</ele></trkpt>
            <trkpt lat="58.3238600" lon="14.9180400"><ele>105.0</ele></trkpt>
            <trkpt lat="58.3242200" lon="14.9178400"><ele>105.0</ele></trkpt>
            <trkpt lat="58.3245800" lon="14.9176100"><ele>105.0</ele></trkpt>
            <trkpt lat="58.3245800" lon="14.9176090"><ele>105.0</ele></trkpt>
            <trkpt lat="58.3245800" lon="14.9176100"><ele>105.0</ele></trkpt>
            <trkpt lat="58.3247600" lon="14.9179100"><ele>105.0</ele></trkpt>
            <trkpt lat="58.3249300" lon="14.9181600"><ele>105.0</ele></trkpt>
            <trkpt lat="58.3251200" lon="14.9184500"><ele>107.0</ele></trkpt>
            <trkpt lat="58.3253000" lon="14.9187400"><ele>105.0</ele></trkpt>
            <trkpt lat="58.3255300" lon="14.9191200"><ele>105.0</ele></trkpt>
            <trkpt lat="58.3259000" lon="14.9197300"><ele>105.0</ele></trkpt>
            <trkpt lat="58.3262900" lon="14.9203700"><ele>103.0</ele></trkpt>
            <trkpt lat="58.3266600" lon="14.9209800"><ele>103.0</ele></trkpt>
            <trkpt lat="58.3269400" lon="14.9214300"><ele>102.0</ele></trkpt>
            <trkpt lat="58.3271600" lon="14.9218100"><ele>102.0</ele></trkpt>
            <trkpt lat="58.3273200" lon="14.9220800"><ele>102.0</ele></trkpt>
            <trkpt lat="58.3274500" lon="14.9223000"><ele>102.0</ele></trkpt>
            <trkpt lat="58.3275500" lon="14.9224800"><ele>102.0</ele></trkpt>
            <trkpt lat="58.3276700" lon="14.9227300"><ele>101.0</ele></trkpt>
            <trkpt lat="58.3277700" lon="14.9229800"><ele>101.0</ele></trkpt>
            <trkpt lat="58.3279900" lon="14.9235300"><ele>101.0</ele></trkpt>
            <trkpt lat="58.3283200" lon="14.9243400"><ele>101.0</ele></trkpt>
            <trkpt lat="58.3286000" lon="14.9250500"><ele>101.0</ele></trkpt>
            <trkpt lat="58.3290400" lon="14.9261400"><ele>101.0</ele></trkpt>
            <trkpt lat="58.3292000" lon="14.9265300"><ele>101.0</ele></trkpt>
            <trkpt lat="58.3292000" lon="14.9265290"><ele>101.0</ele></trkpt>
            <trkpt lat="58.3292000" lon="14.9265300"><ele>101.0</ele></trkpt>
            <trkpt lat="58.3295500" lon="14.9274100"><ele>101.0</ele></trkpt>
            <trkpt lat="58.3298500" lon="14.9281700"><ele>100.0</ele></trkpt>
            <trkpt lat="58.3302300" lon="14.9291500"><ele>100.0</ele></trkpt>
            <trkpt lat="58.3305300" lon="14.9299000"><ele>100.0</ele></trkpt>
            <trkpt lat="58.3309700" lon="14.9310500"><ele>99.0</ele></trkpt>
            <trkpt lat="58.3312600" lon="14.9317700"><ele>99.0</ele></trkpt>
            <trkpt lat="58.3315800" lon="14.9326100"><ele>100.0</ele></trkpt>
            <trkpt lat="58.3318800" lon="14.9334000"><ele>101.0</ele></trkpt>
            <trkpt lat="58.3323600" lon="14.9346500"><ele>101.0</ele></trkpt>
            <trkpt lat="58.3327400" lon="14.9356600"><ele>104.0</ele></trkpt>
            <trkpt lat="58.3333200" lon="14.9371200"><ele>105.0</ele></trkpt>
            <trkpt lat="58.3337300" lon="14.9382200"><ele>108.0</ele></trkpt>
            <trkpt lat="58.3341300" lon="14.9392600"><ele>110.0</ele></trkpt>
            <trkpt lat="58.3344200" lon="14.9400100"><ele>110.0</ele></trkpt>
            <trkpt lat="58.3344800" lon="14.9401600"><ele>110.0</ele></trkpt>
            <trkpt lat="58.3345100" lon="14.9402500"><ele>110.0</ele></trkpt>
            <trkpt lat="58.3345600" lon="14.9403900"><ele>110.0</ele></trkpt>
            <trkpt lat="58.3347300" lon="14.9408300"><ele>110.0</ele></trkpt>
            <trkpt lat="58.3348700" lon="14.9411900"><ele>110.0</ele></trkpt>
            <trkpt lat="58.3352700" lon="14.9422200"><ele>109.0</ele></trkpt>
            <trkpt lat="58.3355800" lon="14.9430500"><ele>110.0</ele></trkpt>
            <trkpt lat="58.3359500" lon="14.9440000"><ele>110.0</ele></trkpt>
            <trkpt lat="58.3362300" lon="14.9447500"><ele>110.0</ele></trkpt>
            <trkpt lat="58.3365700" lon="14.9456100"><ele>111.0</ele></trkpt>
            <trkpt lat="58.3369400" lon="14.9465600"><ele>113.0</ele></trkpt>
            <trkpt lat="58.3372700" lon="14.9474000"><ele>113.0</ele></trkpt>
            <trkpt lat="58.3374600" lon="14.9479100"><ele>115.0</ele></trkpt>
            <trkpt lat="58.3376100" lon="14.9483200"><ele>114.0</ele></trkpt>
            <trkpt lat="58.3379600" lon="14.9492400"><ele>114.0</ele></trkpt>
            <trkpt lat="58.3382700" lon="14.9500900"><ele>114.0</ele></trkpt>
            <trkpt lat="58.3383000" lon="14.9501500"><ele>114.0</ele></trkpt>
            <trkpt lat="58.3383800" lon="14.9503700"><ele>114.0</ele></trkpt>
            <trkpt lat="58.3384700" lon="14.9506100"><ele>114.0</ele></trkpt>
            <trkpt lat="58.3385500" lon="14.9508300"><ele>114.0</ele></trkpt>
            <trkpt lat="58.3386300" lon="14.9510400"><ele>114.0</ele></trkpt>
            <trkpt lat="58.3386900" lon="14.9512100"><ele>114.0</ele></trkpt>
            <trkpt lat="58.3387700" lon="14.9514300"><ele>114.0</ele></trkpt>
            <trkpt lat="58.3388100" lon="14.9515500"><ele>114.0</ele></trkpt>
            <trkpt lat="58.3390600" lon="14.9522300"><ele>114.0</ele></trkpt>
            <trkpt lat="58.3392100" lon="14.9526700"><ele>114.0</ele></trkpt>
            <trkpt lat="58.3394600" lon="14.9533900"><ele>114.0</ele></trkpt>
            <trkpt lat="58.3397100" lon="14.9541500"><ele>115.0</ele></trkpt>
            <trkpt lat="58.3398600" lon="14.9545800"><ele>115.0</ele></trkpt>
            <trkpt lat="58.3400600" lon="14.9551600"><ele>115.0</ele></trkpt>
            <trkpt lat="58.3402700" lon="14.9557900"><ele>115.0</ele></trkpt>
            <trkpt lat="58.3405300" lon="14.9566000"><ele>115.0</ele></trkpt>
            <trkpt lat="58.3408200" lon="14.9574400"><ele>115.0</ele></trkpt>
            <trkpt lat="58.3410100" lon="14.9580100"><ele>116.0</ele></trkpt>
            <trkpt lat="58.3411900" lon="14.9585300"><ele>116.0</ele></trkpt>
            <trkpt lat="58.3413200" lon="14.9589400"><ele>118.0</ele></trkpt>
            <trkpt lat="58.3415200" lon="14.9595200"><ele>118.0</ele></trkpt>
            <trkpt lat="58.3416500" lon="14.9599400"><ele>118.0</ele></trkpt>
            <trkpt lat="58.3418000" lon="14.9603800"><ele>119.0</ele></trkpt>
            <trkpt lat="58.3419800" lon="14.9609000"><ele>119.0</ele></trkpt>
            <trkpt lat="58.3420700" lon="14.9611400"><ele>119.0</ele></trkpt>
            <trkpt lat="58.3421100" lon="14.9612400"><ele>122.0</ele></trkpt>
            <trkpt lat="58.3422400" lon="14.9616600"><ele>122.0</ele></trkpt>
            <trkpt lat="58.3423700" lon="14.9620900"><ele>122.0</ele></trkpt>
            <trkpt lat="58.3425300" lon="14.9625600"><ele>119.0</ele></trkpt>
            <trkpt lat="58.3426300" lon="14.9628600"><ele>119.0</ele></trkpt>
            <trkpt lat="58.3428400" lon="14.9635000"><ele>119.0</ele></trkpt>
            <trkpt lat="58.3429800" lon="14.9640200"><ele>119.0</ele></trkpt>
            <trkpt lat="58.3431200" lon="14.9644700"><ele>119.0</ele></trkpt>
            <trkpt lat="58.3432100" lon="14.9647700"><ele>119.0</ele></trkpt>
            <trkpt lat="58.3433100" lon="14.9650800"><ele>121.0</ele></trkpt>
            <trkpt lat="58.3434000" lon="14.9654100"><ele>118.0</ele></trkpt>
            <trkpt lat="58.3434900" lon="14.9656900"><ele>118.0</ele></trkpt>
            <trkpt lat="58.3435600" lon="14.9659500"><ele>118.0</ele></trkpt>
            <trkpt lat="58.3436600" lon="14.9662600"><ele>118.0</ele></trkpt>
            <trkpt lat="58.3438000" lon="14.9667600"><ele>118.0</ele></trkpt>
            <trkpt lat="58.3439700" lon="14.9673300"><ele>118.0</ele></trkpt>
            <trkpt lat="58.3440700" lon="14.9676600"><ele>119.0</ele></trkpt>
            <trkpt lat="58.3441600" lon="14.9679500"><ele>116.0</ele></trkpt>
            <trkpt lat="58.3442500" lon="14.9682500"><ele>116.0</ele></trkpt>
            <trkpt lat="58.3443800" lon="14.9686400"><ele>116.0</ele></trkpt>
            <trkpt lat="58.3444200" lon="14.9687500"><ele>117.0</ele></trkpt>
            <trkpt lat="58.3445000" lon="14.9689900"><ele>117.0</ele></trkpt>
            <trkpt lat="58.3445900" lon="14.9691900"><ele>117.0</ele></trkpt>
            <trkpt lat="58.3447400" lon="14.9695000"><ele>117.0</ele></trkpt>
            <trkpt lat="58.3448900" lon="14.9698400"><ele>117.0</ele></trkpt>
            <trkpt lat="58.3451400" lon="14.9703100"><ele>116.0</ele></trkpt>
            <trkpt lat="58.3452600" lon="14.9705400"><ele>116.0</ele></trkpt>
            <trkpt lat="58.3454800" lon="14.9710000"><ele>116.0</ele></trkpt>
            <trkpt lat="58.3457400" lon="14.9715000"><ele>116.0</ele></trkpt>
            <trkpt lat="58.3460500" lon="14.9721100"><ele>116.0</ele></trkpt>
            <trkpt lat="58.3462200" lon="14.9724300"><ele>116.0</ele></trkpt>
            <trkpt lat="58.3465200" lon="14.9730000"><ele>115.0</ele></trkpt>
            <trkpt lat="58.3468300" lon="14.9736100"><ele>114.0</ele></trkpt>
            <trkpt lat="58.3470200" lon="14.9739700"><ele>115.0</ele></trkpt>
            <trkpt lat="58.3472100" lon="14.9743500"><ele>115.0</ele></trkpt>
            <trkpt lat="58.3475100" lon="14.9749100"><ele>113.0</ele></trkpt>
            <trkpt lat="58.3477100" lon="14.9753200"><ele>113.0</ele></trkpt>
            <trkpt lat="58.3479500" lon="14.9758000"><ele>113.0</ele></trkpt>
            <trkpt lat="58.3481200" lon="14.9761500"><ele>113.0</ele></trkpt>
            <trkpt lat="58.3482900" lon="14.9764700"><ele>114.0</ele></trkpt>
            <trkpt lat="58.3483800" lon="14.9766700"><ele>112.0</ele></trkpt>
            <trkpt lat="58.3485800" lon="14.9770600"><ele>112.0</ele></trkpt>
            <trkpt lat="58.3488300" lon="14.9775400"><ele>113.0</ele></trkpt>
            <trkpt lat="58.3491200" lon="14.9781100"><ele>113.0</ele></trkpt>
            <trkpt lat="58.3492800" lon="14.9784300"><ele>113.0</ele></trkpt>
            <trkpt lat="58.3496100" lon="14.9790600"><ele>116.0</ele></trkpt>
            <trkpt lat="58.3499000" lon="14.9796100"><ele>116.0</ele></trkpt>
            <trkpt lat="58.3501800" lon="14.9801700"><ele>121.0</ele></trkpt>
            <trkpt lat="58.3503400" lon="14.9804600"><ele>121.0</ele></trkpt>
            <trkpt lat="58.3504900" lon="14.9807500"><ele>121.0</ele></trkpt>
            <trkpt lat="58.3506200" lon="14.9809700"><ele>121.0</ele></trkpt>
            <trkpt lat="58.3506700" lon="14.9810500"><ele>121.0</ele></trkpt>
            <trkpt lat="58.3507100" lon="14.9811300"><ele>121.0</ele></trkpt>
            <trkpt lat="58.3508100" lon="14.9812800"><ele>117.0</ele></trkpt>
            <trkpt lat="58.3509800" lon="14.9815200"><ele>115.0</ele></trkpt>
            <trkpt lat="58.3512200" lon="14.9818100"><ele>115.0</ele></trkpt>
            <trkpt lat="58.3515700" lon="14.9822200"><ele>115.0</ele></trkpt>
            <trkpt lat="58.3518400" lon="14.9825300"><ele>115.0</ele></trkpt>
            <trkpt lat="58.3520800" lon="14.9828100"><ele>115.0</ele></trkpt>
            <trkpt lat="58.3523800" lon="14.9831700"><ele>115.0</ele></trkpt>
            <trkpt lat="58.3525300" lon="14.9833400"><ele>114.0</ele></trkpt>
            <trkpt lat="58.3527400" lon="14.9836000"><ele>114.0</ele></trkpt>
            <trkpt lat="58.3530700" lon="14.9840300"><ele>111.0</ele></trkpt>
            <trkpt lat="58.3533200" lon="14.9843400"><ele>111.0</ele></trkpt>
            <trkpt lat="58.3535700" lon="14.9846300"><ele>107.0</ele></trkpt>
            <trkpt lat="58.3538000" lon="14.9848800"><ele>107.0</ele></trkpt>
            <trkpt lat="58.3539500" lon="14.9850500"><ele>106.0</ele></trkpt>
            <trkpt lat="58.3541400" lon="14.9852500"><ele>106.0</ele></trkpt>
            <trkpt lat="58.3543200" lon="14.9854600"><ele>106.0</ele></trkpt>
            <trkpt lat="58.3545700" lon="14.9857400"><ele>106.0</ele></trkpt>
            <trkpt lat="58.3549100" lon="14.9861100"><ele>106.0</ele></trkpt>
            <trkpt lat="58.3553100" lon="14.9865700"><ele>105.0</ele></trkpt>
            <trkpt lat="58.3557100" lon="14.9870000"><ele>105.0</ele></trkpt>
            <trkpt lat="58.3561600" lon="14.9875100"><ele>105.0</ele></trkpt>
            <trkpt lat="58.3564900" lon="14.9878800"><ele>105.0</ele></trkpt>
            <trkpt lat="58.3568800" lon="14.9883200"><ele>106.0</ele></trkpt>
            <trkpt lat="58.3572200" lon="14.9887100"><ele>106.0</ele></trkpt>
            <trkpt lat="58.3578100" lon="14.9893600"><ele>106.0</ele></trkpt>
            <trkpt lat="58.3582900" lon="14.9898900"><ele>106.0</ele></trkpt>
            <trkpt lat="58.3586400" lon="14.9902900"><ele>106.0</ele></trkpt>
            <trkpt lat="58.3591000" lon="14.9907900"><ele>106.0</ele></trkpt>
            <trkpt lat="58.3595200" lon="14.9912700"><ele>104.0</ele></trkpt>
            <trkpt lat="58.3600000" lon="14.9918100"><ele>103.0</ele></trkpt>
            <trkpt lat="58.3605000" lon="14.9923700"><ele>103.0</ele></trkpt>
            <trkpt lat="58.3608100" lon="14.9927200"><ele>103.0</ele></trkpt>
            <trkpt lat="58.3612600" lon="14.9932200"><ele>103.0</ele></trkpt>
            <trkpt lat="58.3617200" lon="14.9937300"><ele>103.0</ele></trkpt>
            <trkpt lat="58.3620100" lon="14.9940100"><ele>103.0</ele></trkpt>
            <trkpt lat="58.3625000" lon="14.9944500"><ele>103.0</ele></trkpt>
            <trkpt lat="58.3630100" lon="14.9948900"><ele>103.0</ele></trkpt>
            <trkpt lat="58.3633300" lon="14.9951800"><ele>103.0</ele></trkpt>
            <trkpt lat="58.3635500" lon="14.9953700"><ele>103.0</ele></trkpt>
            <trkpt lat="58.3640100" lon="14.9957800"><ele>103.0</ele></trkpt>
            <trkpt lat="58.3644300" lon="14.9961600"><ele>102.0</ele></trkpt>
            <trkpt lat="58.3648400" lon="14.9965300"><ele>102.0</ele></trkpt>
            <trkpt lat="58.3650800" lon="14.9967700"><ele>102.0</ele></trkpt>
            <trkpt lat="58.3651800" lon="14.9969100"><ele>102.0</ele></trkpt>
            <trkpt lat="58.3652700" lon="14.9970700"><ele>102.0</ele></trkpt>
            <trkpt lat="58.3653400" lon="14.9972100"><ele>102.0</ele></trkpt>
            <trkpt lat="58.3655900" lon="14.9977700"><ele>101.0</ele></trkpt>
            <trkpt lat="58.3656900" lon="14.9980000"><ele>101.0</ele></trkpt>
            <trkpt lat="58.3659200" lon="14.9985100"><ele>102.0</ele></trkpt>
            <trkpt lat="58.3662000" lon="14.9991500"><ele>102.0</ele></trkpt>
            <trkpt lat="58.3665100" lon="14.9998300"><ele>102.0</ele></trkpt>
            <trkpt lat="58.3667800" lon="15.0004300"><ele>102.0</ele></trkpt>
            <trkpt lat="58.3669900" lon="15.0009100"><ele>102.0</ele></trkpt>
            <trkpt lat="58.3672600" lon="15.0015200"><ele>101.0</ele></trkpt>
            <trkpt lat="58.3675600" lon="15.0021900"><ele>102.0</ele></trkpt>
            <trkpt lat="58.3677400" lon="15.0026000"><ele>101.0</ele></trkpt>
            <trkpt lat="58.3679900" lon="15.0031700"><ele>101.0</ele></trkpt>
            <trkpt lat="58.3683300" lon="15.0039100"><ele>101.0</ele></trkpt>
            <trkpt lat="58.3686400" lon="15.0046000"><ele>101.0</ele></trkpt>
            <trkpt lat="58.3688400" lon="15.0050300"><ele>101.0</ele></trkpt>
            <trkpt lat="58.3689300" lon="15.0052400"><ele>101.0</ele></trkpt>
            <trkpt lat="58.3689900" lon="15.0053600"><ele>101.0</ele></trkpt>
            <trkpt lat="58.3690900" lon="15.0056000"><ele>101.0</ele></trkpt>
            <trkpt lat="58.3692400" lon="15.0059100"><ele>103.0</ele></trkpt>
            <trkpt lat="58.3695300" lon="15.0065600"><ele>101.0</ele></trkpt>
            <trkpt lat="58.3698300" lon="15.0072600"><ele>101.0</ele></trkpt>
            <trkpt lat="58.3700800" lon="15.0078200"><ele>107.0</ele></trkpt>
            <trkpt lat="58.3702900" lon="15.0082800"><ele>107.0</ele></trkpt>
            <trkpt lat="58.3704600" lon="15.0086900"><ele>107.0</ele></trkpt>
            <trkpt lat="58.3705700" lon="15.0089400"><ele>106.0</ele></trkpt>
            <trkpt lat="58.3707200" lon="15.0093000"><ele>106.0</ele></trkpt>
            <trkpt lat="58.3707800" lon="15.0095300"><ele>106.0</ele></trkpt>
            <trkpt lat="58.3708000" lon="15.0095800"><ele>106.0</ele></trkpt>
            <trkpt lat="58.3708600" lon="15.0098300"><ele>107.0</ele></trkpt>
            <trkpt lat="58.3709400" lon="15.0102700"><ele>106.0</ele></trkpt>
            <trkpt lat="58.3709600" lon="15.0103500"><ele>106.0</ele></trkpt>
            <trkpt lat="58.3710500" lon="15.0108200"><ele>106.0</ele></trkpt>
            <trkpt lat="58.3711600" lon="15.0114100"><ele>107.0</ele></trkpt>
            <trkpt lat="58.3712400" lon="15.0119100"><ele>107.0</ele></trkpt>
            <trkpt lat="58.3712500" lon="15.0119600"><ele>107.0</ele></trkpt>
            <trkpt lat="58.3713600" lon="15.0128300"><ele>101.0</ele></trkpt>
            <trkpt lat="58.3714400" lon="15.0135300"><ele>101.0</ele></trkpt>
            <trkpt lat="58.3714800" lon="15.0138000"><ele>99.0</ele></trkpt>
            <trkpt lat="58.3715300" lon="15.0142300"><ele>99.0</ele></trkpt>
            <trkpt lat="58.3715700" lon="15.0146100"><ele>99.0</ele></trkpt>
            <trkpt lat="58.3716300" lon="15.0150400"><ele>98.0</ele></trkpt>
            <trkpt lat="58.3716800" lon="15.0153000"><ele>97.0</ele></trkpt>
            <trkpt lat="58.3717600" lon="15.0155600"><ele>97.0</ele></trkpt>
            <trkpt lat="58.3718500" lon="15.0158100"><ele>97.0</ele></trkpt>
            <trkpt lat="58.3719700" lon="15.0161000"><ele>97.0</ele></trkpt>
            <trkpt lat="58.3721000" lon="15.0163900"><ele>97.0</ele></trkpt>
            <trkpt lat="58.3723000" lon="15.0168100"><ele>97.0</ele></trkpt>
            <trkpt lat="58.3725400" lon="15.0173400"><ele>97.0</ele></trkpt>
            <trkpt lat="58.3727600" lon="15.0178200"><ele>96.0</ele></trkpt>
            <trkpt lat="58.3728900" lon="15.0181100"><ele>96.0</ele></trkpt>
            <trkpt lat="58.3730900" lon="15.0185400"><ele>96.0</ele></trkpt>
            <trkpt lat="58.3732700" lon="15.0189400"><ele>96.0</ele></trkpt>
            <trkpt lat="58.3735800" lon="15.0196300"><ele>96.0</ele></trkpt>
            <trkpt lat="58.3738200" lon="15.0201500"><ele>96.0</ele></trkpt>
            <trkpt lat="58.3740900" lon="15.0207300"><ele>96.0</ele></trkpt>
            <trkpt lat="58.3743600" lon="15.0213200"><ele>95.0</ele></trkpt>
            <trkpt lat="58.3746200" lon="15.0218800"><ele>95.0</ele></trkpt>
            <trkpt lat="58.3747300" lon="15.0221200"><ele>95.0</ele></trkpt>
            <trkpt lat="58.3750200" lon="15.0227800"><ele>95.0</ele></trkpt>
            <trkpt lat="58.3752700" lon="15.0233300"><ele>95.0</ele></trkpt>
            <trkpt lat="58.3755700" lon="15.0239900"><ele>95.0</ele></trkpt>
            <trkpt lat="58.3759300" lon="15.0247400"><ele>94.0</ele></trkpt>
            <trkpt lat="58.3761700" lon="15.0252400"><ele>94.0</ele></trkpt>
            <trkpt lat="58.3764600" lon="15.0258600"><ele>94.0</ele></trkpt>
            <trkpt lat="58.3768700" lon="15.0267600"><ele>94.0</ele></trkpt>
            <trkpt lat="58.3772100" lon="15.0275100"><ele>95.0</ele></trkpt>
            <trkpt lat="58.3775000" lon="15.0281400"><ele>94.0</ele></trkpt>
            <trkpt lat="58.3777900" lon="15.0287800"><ele>94.0</ele></trkpt>
            <trkpt lat="58.3780800" lon="15.0294300"><ele>94.0</ele></trkpt>
            <trkpt lat="58.3783700" lon="15.0300700"><ele>94.0</ele></trkpt>
            <trkpt lat="58.3787400" lon="15.0308700"><ele>94.0</ele></trkpt>
            <trkpt lat="58.3790300" lon="15.0314800"><ele>94.0</ele></trkpt>
            <trkpt lat="58.3792800" lon="15.0320200"><ele>94.0</ele></trkpt>
            <trkpt lat="58.3793800" lon="15.0322400"><ele>94.0</ele></trkpt>
            <trkpt lat="58.3794500" lon="15.0324100"><ele>94.0</ele></trkpt>
            <trkpt lat="58.3795100" lon="15.0326200"><ele>94.0</ele></trkpt>
            <trkpt lat="58.3795700" lon="15.0328900"><ele>94.0</ele></trkpt>
            <trkpt lat="58.3796000" lon="15.0331400"><ele>94.0</ele></trkpt>
            <trkpt lat="58.3796300" lon="15.0335700"><ele>94.0</ele></trkpt>
            <trkpt lat="58.3796700" lon="15.0341300"><ele>94.0</ele></trkpt>
            <trkpt lat="58.3796900" lon="15.0344300"><ele>94.0</ele></trkpt>
            <trkpt lat="58.3797200" lon="15.0348500"><ele>94.0</ele></trkpt>
            <trkpt lat="58.3797400" lon="15.0352100"><ele>94.0</ele></trkpt>
            <trkpt lat="58.3797600" lon="15.0354600"><ele>94.0</ele></trkpt>
            <trkpt lat="58.3797700" lon="15.0355500"><ele>94.0</ele></trkpt>
            <trkpt lat="58.3797800" lon="15.0357700"><ele>94.0</ele></trkpt>
            <trkpt lat="58.3797800" lon="15.0360200"><ele>94.0</ele></trkpt>
            <trkpt lat="58.3797800" lon="15.0361300"><ele>94.0</ele></trkpt>
            <trkpt lat="58.3797800" lon="15.0364200"><ele>94.0</ele></trkpt>
            <trkpt lat="58.3797900" lon="15.0366800"><ele>94.0</ele></trkpt>
            <trkpt lat="58.3798000" lon="15.0368800"><ele>94.0</ele></trkpt>
            <trkpt lat="58.3798200" lon="15.0370900"><ele>94.0</ele></trkpt>
            <trkpt lat="58.3798400" lon="15.0372500"><ele>94.0</ele></trkpt>
            <trkpt lat="58.3798800" lon="15.0374700"><ele>94.0</ele></trkpt>
            <trkpt lat="58.3799700" lon="15.0379100"><ele>94.0</ele></trkpt>
            <trkpt lat="58.3800800" lon="15.0384200"><ele>94.0</ele></trkpt>
            <trkpt lat="58.3801600" lon="15.0388000"><ele>94.0</ele></trkpt>
            <trkpt lat="58.3802900" lon="15.0393400"><ele>94.0</ele></trkpt>
            <trkpt lat="58.3803700" lon="15.0396700"><ele>94.0</ele></trkpt>
            <trkpt lat="58.3805200" lon="15.0402300"><ele>94.0</ele></trkpt>
            <trkpt lat="58.3806300" lon="15.0406800"><ele>94.0</ele></trkpt>
            <trkpt lat="58.3807300" lon="15.0410600"><ele>94.0</ele></trkpt>
            <trkpt lat="58.3808300" lon="15.0414600"><ele>94.0</ele></trkpt>
            <trkpt lat="58.3809500" lon="15.0419000"><ele>94.0</ele></trkpt>
            <trkpt lat="58.3811000" lon="15.0424000"><ele>94.0</ele></trkpt>
            <trkpt lat="58.3812400" lon="15.0428900"><ele>94.0</ele></trkpt>
            <trkpt lat="58.3813800" lon="15.0433400"><ele>94.0</ele></trkpt>
            <trkpt lat="58.3815300" lon="15.0438100"><ele>95.0</ele></trkpt>
            <trkpt lat="58.3816400" lon="15.0442000"><ele>95.0</ele></trkpt>
            <trkpt lat="58.3817700" lon="15.0446200"><ele>94.0</ele></trkpt>
            <trkpt lat="58.3818700" lon="15.0449400"><ele>94.0</ele></trkpt>
            <trkpt lat="58.3820300" lon="15.0454600"><ele>95.0</ele></trkpt>
            <trkpt lat="58.3821700" lon="15.0459200"><ele>95.0</ele></trkpt>
            <trkpt lat="58.3822700" lon="15.0462500"><ele>95.0</ele></trkpt>
            <trkpt lat="58.3823600" lon="15.0465400"><ele>95.0</ele></trkpt>
            <trkpt lat="58.3824900" lon="15.0469600"><ele>95.0</ele></trkpt>
            <trkpt lat="58.3826400" lon="15.0474500"><ele>95.0</ele></trkpt>
            <trkpt lat="58.3827700" lon="15.0478900"><ele>96.0</ele></trkpt>
            <trkpt lat="58.3829600" lon="15.0485400"><ele>96.0</ele></trkpt>
            <trkpt lat="58.3830600" lon="15.0488800"><ele>96.0</ele></trkpt>
            <trkpt lat="58.3831600" lon="15.0492300"><ele>96.0</ele></trkpt>
            <trkpt lat="58.3832300" lon="15.0495200"><ele>96.0</ele></trkpt>
            <trkpt lat="58.3833300" lon="15.0499100"><ele>95.0</ele></trkpt>
            <trkpt lat="58.3834300" lon="15.0503400"><ele>95.0</ele></trkpt>
            <trkpt lat="58.3835200" lon="15.0507900"><ele>95.0</ele></trkpt>
            <trkpt lat="58.3836400" lon="15.0514000"><ele>96.0</ele></trkpt>
            <trkpt lat="58.3837200" lon="15.0517500"><ele>96.0</ele></trkpt>
            <trkpt lat="58.3838200" lon="15.0522700"><ele>96.0</ele></trkpt>
            <trkpt lat="58.3839300" lon="15.0528400"><ele>98.0</ele></trkpt>
            <trkpt lat="58.3840700" lon="15.0535200"><ele>98.0</ele></trkpt>
            <trkpt lat="58.3841700" lon="15.0540400"><ele>99.0</ele></trkpt>
            <trkpt lat="58.3842000" lon="15.0541600"><ele>99.0</ele></trkpt>
            <trkpt lat="58.3842400" lon="15.0543500"><ele>99.0</ele></trkpt>
            <trkpt lat="58.3843300" lon="15.0546900"><ele>99.0</ele></trkpt>
            <trkpt lat="58.3844400" lon="15.0551100"><ele>100.0</ele></trkpt>
            <trkpt lat="58.3845700" lon="15.0555700"><ele>100.0</ele></trkpt>
            <trkpt lat="58.3846900" lon="15.0559900"><ele>100.0</ele></trkpt>
            <trkpt lat="58.3848300" lon="15.0565000"><ele>100.0</ele></trkpt>
            <trkpt lat="58.3849600" lon="15.0569600"><ele>100.0</ele></trkpt>
            <trkpt lat="58.3851000" lon="15.0574300"><ele>101.0</ele></trkpt>
            <trkpt lat="58.3852300" lon="15.0578900"><ele>102.0</ele></trkpt>
            <trkpt lat="58.3853000" lon="15.0581400"><ele>102.0</ele></trkpt>
            <trkpt lat="58.3853700" lon="15.0583700"><ele>102.0</ele></trkpt>
            <trkpt lat="58.3854500" lon="15.0586600"><ele>102.0</ele></trkpt>
            <trkpt lat="58.3855400" lon="15.0589800"><ele>103.0</ele></trkpt>
            <trkpt lat="58.3856300" lon="15.0593200"><ele>103.0</ele></trkpt>
            <trkpt lat="58.3857700" lon="15.0597800"><ele>103.0</ele></trkpt>
            <trkpt lat="58.3858800" lon="15.0601500"><ele>99.0</ele></trkpt>
            <trkpt lat="58.3859900" lon="15.0605400"><ele>99.0</ele></trkpt>
            <trkpt lat="58.3861000" lon="15.0609100"><ele>99.0</ele></trkpt>
            <trkpt lat="58.3861200" lon="15.0609800"><ele>99.0</ele></trkpt>
            <trkpt lat="58.3862500" lon="15.0614600"><ele>99.0</ele></trkpt>
            <trkpt lat="58.3863800" lon="15.0619000"><ele>99.0</ele></trkpt>
            <trkpt lat="58.3865600" lon="15.0625000"><ele>98.0</ele></trkpt>
            <trkpt lat="58.3866800" lon="15.0629000"><ele>96.0</ele></trkpt>
            <trkpt lat="58.3867900" lon="15.0632900"><ele>96.0</ele></trkpt>
            <trkpt lat="58.3869100" lon="15.0636900"><ele>96.0</ele></trkpt>
            <trkpt lat="58.3870100" lon="15.0640300"><ele>96.0</ele></trkpt>
            <trkpt lat="58.3871500" lon="15.0644900"><ele>96.0</ele></trkpt>
            <trkpt lat="58.3872700" lon="15.0648900"><ele>96.0</ele></trkpt>
            <trkpt lat="58.3874000" lon="15.0653900"><ele>98.0</ele></trkpt>
            <trkpt lat="58.3875500" lon="15.0658800"><ele>96.0</ele></trkpt>
            <trkpt lat="58.3876900" lon="15.0663600"><ele>96.0</ele></trkpt>
            <trkpt lat="58.3878500" lon="15.0668800"><ele>96.0</ele></trkpt>
            <trkpt lat="58.3879900" lon="15.0673600"><ele>96.0</ele></trkpt>
            <trkpt lat="58.3881400" lon="15.0678700"><ele>96.0</ele></trkpt>
            <trkpt lat="58.3884000" lon="15.0687500"><ele>96.0</ele></trkpt>
            <trkpt lat="58.3885800" lon="15.0693700"><ele>96.0</ele></trkpt>
            <trkpt lat="58.3886700" lon="15.0696500"><ele>96.0</ele></trkpt>
            <trkpt lat="58.3888000" lon="15.0701600"><ele>101.0</ele></trkpt>
            <trkpt lat="58.3889700" lon="15.0707300"><ele>101.0</ele></trkpt>
            <trkpt lat="58.3891500" lon="15.0713600"><ele>98.0</ele></trkpt>
            <trkpt lat="58.3893200" lon="15.0719200"><ele>94.0</ele></trkpt>
            <trkpt lat="58.3894300" lon="15.0722900"><ele>94.0</ele></trkpt>
            <trkpt lat="58.3895100" lon="15.0725600"><ele>93.0</ele></trkpt>
            <trkpt lat="58.3896300" lon="15.0729600"><ele>93.0</ele></trkpt>
            <trkpt lat="58.3897100" lon="15.0732600"><ele>93.0</ele></trkpt>
            <trkpt lat="58.3897600" lon="15.0734600"><ele>93.0</ele></trkpt>
            <trkpt lat="58.3898200" lon="15.0736800"><ele>93.0</ele></trkpt>
            <trkpt lat="58.3898700" lon="15.0739400"><ele>96.0</ele></trkpt>
            <trkpt lat="58.3899300" lon="15.0743500"><ele>96.0</ele></trkpt>
            <trkpt lat="58.3900000" lon="15.0747500"><ele>93.0</ele></trkpt>
            <trkpt lat="58.3901100" lon="15.0754800"><ele>96.0</ele></trkpt>
            <trkpt lat="58.3901800" lon="15.0759100"><ele>96.0</ele></trkpt>
            <trkpt lat="58.3903700" lon="15.0771000"><ele>96.0</ele></trkpt>
            <trkpt lat="58.3904500" lon="15.0776000"><ele>96.0</ele></trkpt>
            <trkpt lat="58.3905100" lon="15.0780200"><ele>96.0</ele></trkpt>
            <trkpt lat="58.3906300" lon="15.0787400"><ele>96.0</ele></trkpt>
            <trkpt lat="58.3906900" lon="15.0791500"><ele>99.0</ele></trkpt>
            <trkpt lat="58.3907200" lon="15.0793100"><ele>99.0</ele></trkpt>
            <trkpt lat="58.3907800" lon="15.0797200"><ele>99.0</ele></trkpt>
            <trkpt lat="58.3909300" lon="15.0806500"><ele>96.0</ele></trkpt>
            <trkpt lat="58.3910500" lon="15.0813700"><ele>95.0</ele></trkpt>
            <trkpt lat="58.3910700" lon="15.0814800"><ele>95.0</ele></trkpt>
            <trkpt lat="58.3910900" lon="15.0816400"><ele>95.0</ele></trkpt>
            <trkpt lat="58.3911100" lon="15.0818700"><ele>95.0</ele></trkpt>
            <trkpt lat="58.3911100" lon="15.0820600"><ele>95.0</ele></trkpt>
            <trkpt lat="58.3910900" lon="15.0823200"><ele>95.0</ele></trkpt>
            <trkpt lat="58.3910900" lon="15.0823190"><ele>95.0</ele></trkpt>
            <trkpt lat="58.3910900" lon="15.0823200"><ele>95.0</ele></trkpt>
            <trkpt lat="58.3911900" lon="15.0823900"><ele>95.0</ele></trkpt>
            <trkpt lat="58.3913200" lon="15.0825100"><ele>96.0</ele></trkpt>
            <trkpt lat="58.3914400" lon="15.0826500"><ele>96.0</ele></trkpt>
            <trkpt lat="58.3915700" lon="15.0828700"><ele>96.0</ele></trkpt>
            <trkpt lat="58.3917500" lon="15.0831700"><ele>93.0</ele></trkpt>
            <trkpt lat="58.3918300" lon="15.0833500"><ele>93.0</ele></trkpt>
            <trkpt lat="58.3919500" lon="15.0836400"><ele>93.0</ele></trkpt>
            <trkpt lat="58.3920100" lon="15.0836200"><ele>93.0</ele></trkpt>
            <trkpt lat="58.3920600" lon="15.0836200"><ele>93.0</ele></trkpt>
            <trkpt lat="58.3921100" lon="15.0836300"><ele>93.0</ele></trkpt>
            <trkpt lat="58.3921600" lon="15.0836700"><ele>93.0</ele></trkpt>
            <trkpt lat="58.3923400" lon="15.0838500"><ele>98.0</ele></trkpt>
            <trkpt lat="58.3925200" lon="15.0840400"><ele>97.0</ele></trkpt>
            <trkpt lat="58.3926500" lon="15.0841700"><ele>97.0</ele></trkpt>
            <trkpt lat="58.3928500" lon="15.0843400"><ele>97.0</ele></trkpt>
            <trkpt lat="58.3931600" lon="15.0845700"><ele>97.0</ele></trkpt>
            <trkpt lat="58.3933700" lon="15.0847300"><ele>97.0</ele></trkpt>
            <trkpt lat="58.3934400" lon="15.0843800"><ele>97.0</ele></trkpt>
            <trkpt lat="58.3936100" lon="15.0836100"><ele>95.0</ele></trkpt>
            <trkpt lat="58.3936800" lon="15.0832700"><ele>95.0</ele></trkpt>
            <trkpt lat="58.3937400" lon="15.0829800"><ele>95.0</ele></trkpt>
            <trkpt lat="58.3937900" lon="15.0828200"><ele>95.0</ele></trkpt>
            <trkpt lat="58.3939400" lon="15.0824800"><ele>97.0</ele></trkpt>
            <trkpt lat="58.3940400" lon="15.0821800"><ele>97.0</ele></trkpt>
            <trkpt lat="58.3940400" lon="15.0821790"><ele>97.0</ele></trkpt>
            <trkpt lat="58.3940400" lon="15.0821800"><ele>97.0</ele></trkpt>
            <trkpt lat="58.3942500" lon="15.0824500"><ele>97.0</ele></trkpt>
            <trkpt lat="58.3943400" lon="15.0825400"><ele>96.0</ele></trkpt>
            <trkpt lat="58.3944400" lon="15.0825900"><ele>96.0</ele></trkpt>
            <trkpt lat="58.3945400" lon="15.0826100"><ele>96.0</ele></trkpt>
            <trkpt lat="58.3947000" lon="15.0826200"><ele>96.0</ele></trkpt>
            <trkpt lat="58.3948700" lon="15.0826300"><ele>96.0</ele></trkpt>
            <trkpt lat="58.3951100" lon="15.0826300"><ele>96.0</ele></trkpt>
            <trkpt lat="58.3954400" lon="15.0826200"><ele>96.0</ele></trkpt>
            <trkpt lat="58.3957400" lon="15.0826300"><ele>96.0</ele></trkpt>
            <trkpt lat="58.3958700" lon="15.0826900"><ele>98.0</ele></trkpt>
            <trkpt lat="58.3958700" lon="15.0826890"><ele>98.0</ele></trkpt>
            <trkpt lat="58.3958700" lon="15.0826900"><ele>98.0</ele></trkpt>
            <trkpt lat="58.3959700" lon="15.0819900"><ele>102.0</ele></trkpt>
            <trkpt lat="58.3960700" lon="15.0812600"><ele>102.0</ele></trkpt>
            <trkpt lat="58.3961000" lon="15.0810700"><ele>99.0</ele></trkpt>
            <trkpt lat="58.3961200" lon="15.0809600"><ele>99.0</ele></trkpt>
            <trkpt lat="58.3961800" lon="15.0805400"><ele>99.0</ele></trkpt>
            <trkpt lat="58.3963300" lon="15.0793800"><ele>100.0</ele></trkpt>
            <trkpt lat="58.3966300" lon="15.0771200"><ele>100.0</ele></trkpt>
            <trkpt lat="58.3969300" lon="15.0748400"><ele>104.0</ele></trkpt>
            <trkpt lat="58.3970200" lon="15.0740800"><ele>104.0</ele></trkpt>
            <trkpt lat="58.3970900" lon="15.0736500"><ele>110.0</ele></trkpt>
            <trkpt lat="58.3971300" lon="15.0734400"><ele>110.0</ele></trkpt>
            <trkpt lat="58.3971900" lon="15.0732000"><ele>110.0</ele></trkpt>
            <trkpt lat="58.3972700" lon="15.0729300"><ele>110.0</ele></trkpt>
            <trkpt lat="58.3973700" lon="15.0726500"><ele>110.0</ele></trkpt>
            <trkpt lat="58.3976100" lon="15.0720500"><ele>107.0</ele></trkpt>
            <trkpt lat="58.3980000" lon="15.0710800"><ele>108.0</ele></trkpt>
            <trkpt lat="58.3984500" lon="15.0700200"><ele>104.0</ele></trkpt>
            <trkpt lat="58.3986400" lon="15.0695500"><ele>103.0</ele></trkpt>
            <trkpt lat="58.3989200" lon="15.0688600"><ele>103.0</ele></trkpt>
            <trkpt lat="58.3991900" lon="15.0682000"><ele>103.0</ele></trkpt>
            <trkpt lat="58.3999500" lon="15.0663000"><ele>104.0</ele></trkpt>
            <trkpt lat="58.4004500" lon="15.0650700"><ele>110.0</ele></trkpt>
            <trkpt lat="58.4010600" lon="15.0635600"><ele>111.0</ele></trkpt>
            <trkpt lat="58.4014000" lon="15.0627600"><ele>111.0</ele></trkpt>
            <trkpt lat="58.4015600" lon="15.0624500"><ele>106.0</ele></trkpt>
            <trkpt lat="58.4017200" lon="15.0621900"><ele>109.0</ele></trkpt>
            <trkpt lat="58.4018500" lon="15.0620300"><ele>109.0</ele></trkpt>
            <trkpt lat="58.4019900" lon="15.0618900"><ele>109.0</ele></trkpt>
            <trkpt lat="58.4021300" lon="15.0617800"><ele>109.0</ele></trkpt>
            <trkpt lat="58.4023400" lon="15.0616600"><ele>109.0</ele></trkpt>
            <trkpt lat="58.4032200" lon="15.0611900"><ele>103.0</ele></trkpt>
            <trkpt lat="58.4038300" lon="15.0608600"><ele>103.0</ele></trkpt>
            <trkpt lat="58.4045600" lon="15.0604800"><ele>105.0</ele></trkpt>
            <trkpt lat="58.4051500" lon="15.0601800"><ele>107.0</ele></trkpt>
            <trkpt lat="58.4058400" lon="15.0598100"><ele>105.0</ele></trkpt>
            <trkpt lat="58.4061600" lon="15.0596400"><ele>105.0</ele></trkpt>
            <trkpt lat="58.4065300" lon="15.0594400"><ele>105.0</ele></trkpt>
            <trkpt lat="58.4069300" lon="15.0592300"><ele>109.0</ele></trkpt>
            <trkpt lat="58.4072400" lon="15.0590600"><ele>109.0</ele></trkpt>
            <trkpt lat="58.4073900" lon="15.0589800"><ele>109.0</ele></trkpt>
            <trkpt lat="58.4076800" lon="15.0588200"><ele>109.0</ele></trkpt>
            <trkpt lat="58.4081000" lon="15.0585700"><ele>105.0</ele></trkpt>
            <trkpt lat="58.4082500" lon="15.0584900"><ele>105.0</ele></trkpt>
            <trkpt lat="58.4085000" lon="15.0583200"><ele>104.0</ele></trkpt>
            <trkpt lat="58.4089400" lon="15.0580100"><ele>104.0</ele></trkpt>
            <trkpt lat="58.4097700" lon="15.0574200"><ele>103.0</ele></trkpt>
            <trkpt lat="58.4100300" lon="15.0572400"><ele>103.0</ele></trkpt>
            <trkpt lat="58.4101700" lon="15.0571500"><ele>103.0</ele></trkpt>
            <trkpt lat="58.4102800" lon="15.0571200"><ele>103.0</ele></trkpt>
            <trkpt lat="58.4103100" lon="15.0571200"><ele>103.0</ele></trkpt>
            <trkpt lat="58.4103600" lon="15.0571400"><ele>103.0</ele></trkpt>
            <trkpt lat="58.4104200" lon="15.0571700"><ele>103.0</ele></trkpt>
            <trkpt lat="58.4104600" lon="15.0572000"><ele>103.0</ele></trkpt>
            <trkpt lat="58.4104900" lon="15.0572400"><ele>103.0</ele></trkpt>
            <trkpt lat="58.4105300" lon="15.0572800"><ele>103.0</ele></trkpt>
            <trkpt lat="58.4105700" lon="15.0573500"><ele>103.0</ele></trkpt>
            <trkpt lat="58.4106900" lon="15.0575700"><ele>104.0</ele></trkpt>
            <trkpt lat="58.4106900" lon="15.0575690"><ele>104.0</ele></trkpt>
            <trkpt lat="58.4106900" lon="15.0575700"><ele>104.0</ele></trkpt>
            <trkpt lat="58.4109200" lon="15.0572300"><ele>103.0</ele></trkpt>
            <trkpt lat="58.4111300" lon="15.0569400"><ele>103.0</ele></trkpt>
            <trkpt lat="58.4113200" lon="15.0566900"><ele>103.0</ele></trkpt>
            <trkpt lat="58.4115300" lon="15.0564400"><ele>103.0</ele></trkpt>
            <trkpt lat="58.4116900" lon="15.0562400"><ele>102.0</ele></trkpt>
            <trkpt lat="58.4118100" lon="15.0561200"><ele>102.0</ele></trkpt>
            <trkpt lat="58.4119900" lon="15.0559400"><ele>102.0</ele></trkpt>
            <trkpt lat="58.4122700" lon="15.0556800"><ele>102.0</ele></trkpt>
            <trkpt lat="58.4125600" lon="15.0554400"><ele>101.0</ele></trkpt>
            <trkpt lat="58.4128500" lon="15.0552300"><ele>101.0</ele></trkpt>
            <trkpt lat="58.4133400" lon="15.0548800"><ele>102.0</ele></trkpt>
            <trkpt lat="58.4136200" lon="15.0546800"><ele>102.0</ele></trkpt>
            <trkpt lat="58.4138000" lon="15.0545400"><ele>102.0</ele></trkpt>
            <trkpt lat="58.4140200" lon="15.0543400"><ele>102.0</ele></trkpt>
            <trkpt lat="58.4143000" lon="15.0540600"><ele>107.0</ele></trkpt>
            <trkpt lat="58.4145800" lon="15.0537500"><ele>107.0</ele></trkpt>
            <trkpt lat="58.4153200" lon="15.0529100"><ele>108.0</ele></trkpt>
            <trkpt lat="58.4155400" lon="15.0526300"><ele>108.0</ele></trkpt>
            <trkpt lat="58.4159600" lon="15.0520500"><ele>106.0</ele></trkpt>
            <trkpt lat="58.4165100" lon="15.0512000"><ele>105.0</ele></trkpt>
            <trkpt lat="58.4168400" lon="15.0506900"><ele>105.0</ele></trkpt>
            <trkpt lat="58.4174400" lon="15.0497500"><ele>111.0</ele></trkpt>
            <trkpt lat="58.4183300" lon="15.0483700"><ele>109.0</ele></trkpt>
            <trkpt lat="58.4184900" lon="15.0481100"><ele>109.0</ele></trkpt>
            <trkpt lat="58.4185800" lon="15.0479300"><ele>109.0</ele></trkpt>
            <trkpt lat="58.4187500" lon="15.0475500"><ele>109.0</ele></trkpt>
            <trkpt lat="58.4190900" lon="15.0467600"><ele>112.0</ele></trkpt>
            <trkpt lat="58.4191000" lon="15.0467400"><ele>112.0</ele></trkpt>
            <trkpt lat="58.4192600" lon="15.0463200"><ele>112.0</ele></trkpt>
            <trkpt lat="58.4192700" lon="15.0463000"><ele>112.0</ele></trkpt>
            <trkpt lat="58.4194300" lon="15.0458600"><ele>113.0</ele></trkpt>
            <trkpt lat="58.4195300" lon="15.0455200"><ele>113.0</ele></trkpt>
            <trkpt lat="58.4197000" lon="15.0449300"><ele>113.0</ele></trkpt>
            <trkpt lat="58.4198300" lon="15.0444900"><ele>113.0</ele></trkpt>
            <trkpt lat="58.4198900" lon="15.0442900"><ele>113.0</ele></trkpt>
            <trkpt lat="58.4200100" lon="15.0439000"><ele>114.0</ele></trkpt>
            <trkpt lat="58.4203400" lon="15.0428600"><ele>114.0</ele></trkpt>
            <trkpt lat="58.4207900" lon="15.0414700"><ele>115.0</ele></trkpt>
            <trkpt lat="58.4211300" lon="15.0403800"><ele>115.0</ele></trkpt>
            <trkpt lat="58.4213900" lon="15.0395400"><ele>116.0</ele></trkpt>
            <trkpt lat="58.4216600" lon="15.0386800"><ele>118.0</ele></trkpt>
            <trkpt lat="58.4218400" lon="15.0381400"><ele>118.0</ele></trkpt>
            <trkpt lat="58.4220100" lon="15.0376500"><ele>118.0</ele></trkpt>
            <trkpt lat="58.4221500" lon="15.0372600"><ele>118.0</ele></trkpt>
            <trkpt lat="58.4222700" lon="15.0369200"><ele>118.0</ele></trkpt>
            <trkpt lat="58.4224700" lon="15.0363900"><ele>118.0</ele></trkpt>
            <trkpt lat="58.4225900" lon="15.0361000"><ele>119.0</ele></trkpt>
            <trkpt lat="58.4226900" lon="15.0359000"><ele>119.0</ele></trkpt>
            <trkpt lat="58.4227800" lon="15.0357000"><ele>119.0</ele></trkpt>
            <trkpt lat="58.4228900" lon="15.0355000"><ele>119.0</ele></trkpt>
            <trkpt lat="58.4229800" lon="15.0353600"><ele>119.0</ele></trkpt>
            <trkpt lat="58.4230900" lon="15.0351600"><ele>119.0</ele></trkpt>
            <trkpt lat="58.4231300" lon="15.0350700"><ele>119.0</ele></trkpt>
            <trkpt lat="58.4232000" lon="15.0349400"><ele>118.0</ele></trkpt>
            <trkpt lat="58.4232900" lon="15.0347800"><ele>118.0</ele></trkpt>
            <trkpt lat="58.4234700" lon="15.0344600"><ele>118.0</ele></trkpt>
            <trkpt lat="58.4236100" lon="15.0342200"><ele>118.0</ele></trkpt>
            <trkpt lat="58.4238100" lon="15.0338500"><ele>118.0</ele></trkpt>
            <trkpt lat="58.4239000" lon="15.0336900"><ele>119.0</ele></trkpt>
            <trkpt lat="58.4239900" lon="15.0335200"><ele>119.0</ele></trkpt>
            <trkpt lat="58.4241200" lon="15.0332700"><ele>119.0</ele></trkpt>
            <trkpt lat="58.4242500" lon="15.0330300"><ele>128.0</ele></trkpt>
            <trkpt lat="58.4244400" lon="15.0326800"><ele>128.0</ele></trkpt>
            <trkpt lat="58.4245800" lon="15.0324000"><ele>122.0</ele></trkpt>
            <trkpt lat="58.4247100" lon="15.0321600"><ele>122.0</ele></trkpt>
            <trkpt lat="58.4248800" lon="15.0318500"><ele>122.0</ele></trkpt>
            <trkpt lat="58.4249800" lon="15.0316400"><ele>122.0</ele></trkpt>
            <trkpt lat="58.4251200" lon="15.0314000"><ele>127.0</ele></trkpt>
            <trkpt lat="58.4252300" lon="15.0312200"><ele>122.0</ele></trkpt>
            <trkpt lat="58.4253400" lon="15.0310200"><ele>122.0</ele></trkpt>
            <trkpt lat="58.4254400" lon="15.0308800"><ele>122.0</ele></trkpt>
            <trkpt lat="58.4255600" lon="15.0306700"><ele>122.0</ele></trkpt>
            <trkpt lat="58.4257400" lon="15.0303300"><ele>122.0</ele></trkpt>
            <trkpt lat="58.4258300" lon="15.0301500"><ele>130.0</ele></trkpt>
            <trkpt lat="58.4259400" lon="15.0298900"><ele>129.0</ele></trkpt>
            <trkpt lat="58.4260300" lon="15.0296700"><ele>129.0</ele></trkpt>
            <trkpt lat="58.4261500" lon="15.0293400"><ele>129.0</ele></trkpt>
            <trkpt lat="58.4262900" lon="15.0290100"><ele>129.0</ele></trkpt>
            <trkpt lat="58.4263800" lon="15.0287800"><ele>129.0</ele></trkpt>
            <trkpt lat="58.4265400" lon="15.0283600"><ele>125.0</ele></trkpt>
            <trkpt lat="58.4266600" lon="15.0280300"><ele>133.0</ele></trkpt>
            <trkpt lat="58.4268000" lon="15.0276600"><ele>133.0</ele></trkpt>
            <trkpt lat="58.4269300" lon="15.0272700"><ele>133.0</ele></trkpt>
            <trkpt lat="58.4270600" lon="15.0269100"><ele>133.0</ele></trkpt>
            <trkpt lat="58.4270800" lon="15.0268600"><ele>133.0</ele></trkpt>
            <trkpt lat="58.4270900" lon="15.0268400"><ele>133.0</ele></trkpt>
            <trkpt lat="58.4271000" lon="15.0268000"><ele>133.0</ele></trkpt>
            <trkpt lat="58.4272100" lon="15.0264900"><ele>133.0</ele></trkpt>
            <trkpt lat="58.4273000" lon="15.0262200"><ele>129.0</ele></trkpt>
            <trkpt lat="58.4274100" lon="15.0259200"><ele>129.0</ele></trkpt>
            <trkpt lat="58.4275300" lon="15.0255800"><ele>135.0</ele></trkpt>
            <trkpt lat="58.4276200" lon="15.0253200"><ele>135.0</ele></trkpt>
            <trkpt lat="58.4277300" lon="15.0250400"><ele>135.0</ele></trkpt>
            <trkpt lat="58.4277900" lon="15.0248700"><ele>132.0</ele></trkpt>
            <trkpt lat="58.4278600" lon="15.0246800"><ele>132.0</ele></trkpt>
            <trkpt lat="58.4279500" lon="15.0244300"><ele>132.0</ele></trkpt>
            <trkpt lat="58.4281100" lon="15.0240300"><ele>132.0</ele></trkpt>
            <trkpt lat="58.4282300" lon="15.0237700"><ele>132.0</ele></trkpt>
            <trkpt lat="58.4283400" lon="15.0235300"><ele>134.0</ele></trkpt>
            <trkpt lat="58.4285000" lon="15.0231600"><ele>134.0</ele></trkpt>
            <trkpt lat="58.4286200" lon="15.0228700"><ele>134.0</ele></trkpt>
            <trkpt lat="58.4287600" lon="15.0225700"><ele>134.0</ele></trkpt>
            <trkpt lat="58.4288800" lon="15.0223100"><ele>128.0</ele></trkpt>
            <trkpt lat="58.4290500" lon="15.0219600"><ele>128.0</ele></trkpt>
            <trkpt lat="58.4291300" lon="15.0217800"><ele>128.0</ele></trkpt>
            <trkpt lat="58.4293100" lon="15.0214000"><ele>127.0</ele></trkpt>
            <trkpt lat="58.4294000" lon="15.0212100"><ele>127.0</ele></trkpt>
            <trkpt lat="58.4294100" lon="15.0211700"><ele>127.0</ele></trkpt>
            <trkpt lat="58.4296400" lon="15.0206900"><ele>127.0</ele></trkpt>
            <trkpt lat="58.4296900" lon="15.0205800"><ele>127.0</ele></trkpt>
            <trkpt lat="58.4298600" lon="15.0202300"><ele>127.0</ele></trkpt>
            <trkpt lat="58.4300100" lon="15.0199000"><ele>129.0</ele></trkpt>
            <trkpt lat="58.4302100" lon="15.0194700"><ele>129.0</ele></trkpt>
            <trkpt lat="58.4304100" lon="15.0190600"><ele>129.0</ele></trkpt>
            <trkpt lat="58.4304200" lon="15.0190500"><ele>129.0</ele></trkpt>
            <trkpt lat="58.4305100" lon="15.0188800"><ele>129.0</ele></trkpt>
            <trkpt lat="58.4306400" lon="15.0186200"><ele>130.0</ele></trkpt>
            <trkpt lat="58.4307500" lon="15.0184100"><ele>130.0</ele></trkpt>
            <trkpt lat="58.4308300" lon="15.0182700"><ele>129.0</ele></trkpt>
            <trkpt lat="58.4309400" lon="15.0181100"><ele>129.0</ele></trkpt>
            <trkpt lat="58.4310800" lon="15.0179200"><ele>129.0</ele></trkpt>
            <trkpt lat="58.4312100" lon="15.0177600"><ele>129.0</ele></trkpt>
            <trkpt lat="58.4312800" lon="15.0176500"><ele>129.0</ele></trkpt>
            <trkpt lat="58.4314300" lon="15.0174800"><ele>126.0</ele></trkpt>
            <trkpt lat="58.4315500" lon="15.0173500"><ele>126.0</ele></trkpt>
            <trkpt lat="58.4317200" lon="15.0171900"><ele>127.0</ele></trkpt>
            <trkpt lat="58.4318400" lon="15.0170900"><ele>127.0</ele></trkpt>
            <trkpt lat="58.4319800" lon="15.0170100"><ele>127.0</ele></trkpt>
            <trkpt lat="58.4321400" lon="15.0169200"><ele>127.0</ele></trkpt>
            <trkpt lat="58.4323100" lon="15.0168500"><ele>127.0</ele></trkpt>
            <trkpt lat="58.4323500" lon="15.0168200"><ele>127.0</ele></trkpt>
            <trkpt lat="58.4325400" lon="15.0167400"><ele>128.0</ele></trkpt>
            <trkpt lat="58.4326500" lon="15.0167000"><ele>128.0</ele></trkpt>
            <trkpt lat="58.4328200" lon="15.0166200"><ele>128.0</ele></trkpt>
            <trkpt lat="58.4329300" lon="15.0165700"><ele>128.0</ele></trkpt>
            <trkpt lat="58.4330500" lon="15.0165100"><ele>128.0</ele></trkpt>
            <trkpt lat="58.4332500" lon="15.0164200"><ele>128.0</ele></trkpt>
            <trkpt lat="58.4334700" lon="15.0163300"><ele>128.0</ele></trkpt>
            <trkpt lat="58.4336500" lon="15.0162700"><ele>128.0</ele></trkpt>
            <trkpt lat="58.4338200" lon="15.0162000"><ele>123.0</ele></trkpt>
            <trkpt lat="58.4339500" lon="15.0161500"><ele>123.0</ele></trkpt>
            <trkpt lat="58.4340600" lon="15.0161000"><ele>123.0</ele></trkpt>
            <trkpt lat="58.4341200" lon="15.0160700"><ele>123.0</ele></trkpt>
            <trkpt lat="58.4342400" lon="15.0160100"><ele>122.0</ele></trkpt>
            <trkpt lat="58.4344300" lon="15.0159000"><ele>122.0</ele></trkpt>
            <trkpt lat="58.4345600" lon="15.0158000"><ele>122.0</ele></trkpt>
            <trkpt lat="58.4346800" lon="15.0157000"><ele>122.0</ele></trkpt>
            <trkpt lat="58.4347600" lon="15.0156100"><ele>122.0</ele></trkpt>
            <trkpt lat="58.4348900" lon="15.0154800"><ele>122.0</ele></trkpt>
            <trkpt lat="58.4351200" lon="15.0152400"><ele>126.0</ele></trkpt>
            <trkpt lat="58.4352600" lon="15.0150600"><ele>126.0</ele></trkpt>
            <trkpt lat="58.4353600" lon="15.0149500"><ele>124.0</ele></trkpt>
            <trkpt lat="58.4354600" lon="15.0148100"><ele>124.0</ele></trkpt>
            <trkpt lat="58.4359600" lon="15.0141600"><ele>122.0</ele></trkpt>
            <trkpt lat="58.4360300" lon="15.0140800"><ele>122.0</ele></trkpt>
            <trkpt lat="58.4360300" lon="15.0140700"><ele>122.0</ele></trkpt>
            <trkpt lat="58.4361500" lon="15.0139200"><ele>122.0</ele></trkpt>
            <trkpt lat="58.4362900" lon="15.0137400"><ele>119.0</ele></trkpt>
            <trkpt lat="58.4363800" lon="15.0136300"><ele>119.0</ele></trkpt>
            <trkpt lat="58.4364000" lon="15.0136000"><ele>119.0</ele></trkpt>
            <trkpt lat="58.4365200" lon="15.0134300"><ele>119.0</ele></trkpt>
            <trkpt lat="58.4365500" lon="15.0134000"><ele>119.0</ele></trkpt>
            <trkpt lat="58.4367400" lon="15.0131500"><ele>119.0</ele></trkpt>
            <trkpt lat="58.4368800" lon="15.0129600"><ele>119.0</ele></trkpt>
            <trkpt lat="58.4369600" lon="15.0128500"><ele>119.0</ele></trkpt>
            <trkpt lat="58.4371500" lon="15.0126100"><ele>119.0</ele></trkpt>
            <trkpt lat="58.4372400" lon="15.0124900"><ele>119.0</ele></trkpt>
            <trkpt lat="58.4372600" lon="15.0124600"><ele>117.0</ele></trkpt>
            <trkpt lat="58.4374100" lon="15.0122800"><ele>117.0</ele></trkpt>
            <trkpt lat="58.4374900" lon="15.0121900"><ele>117.0</ele></trkpt>
            <trkpt lat="58.4375900" lon="15.0120700"><ele>119.0</ele></trkpt>
            <trkpt lat="58.4377600" lon="15.0118900"><ele>119.0</ele></trkpt>
            <trkpt lat="58.4380800" lon="15.0115600"><ele>119.0</ele></trkpt>
            <trkpt lat="58.4382900" lon="15.0113600"><ele>119.0</ele></trkpt>
            <trkpt lat="58.4385600" lon="15.0110900"><ele>117.0</ele></trkpt>
            <trkpt lat="58.4388500" lon="15.0108300"><ele>117.0</ele></trkpt>
            <trkpt lat="58.4390500" lon="15.0106000"><ele>117.0</ele></trkpt>
            <trkpt lat="58.4392000" lon="15.0104100"><ele>119.0</ele></trkpt>
            <trkpt lat="58.4392900" lon="15.0102700"><ele>119.0</ele></trkpt>
            <trkpt lat="58.4393900" lon="15.0101200"><ele>119.0</ele></trkpt>
            <trkpt lat="58.4395200" lon="15.0098800"><ele>117.0</ele></trkpt>
            <trkpt lat="58.4396900" lon="15.0095400"><ele>117.0</ele></trkpt>
            <trkpt lat="58.4399400" lon="15.0090100"><ele>117.0</ele></trkpt>
            <trkpt lat="58.4401700" lon="15.0085000"><ele>114.0</ele></trkpt>
            <trkpt lat="58.4403900" lon="15.0079900"><ele>114.0</ele></trkpt>
            <trkpt lat="58.4405700" lon="15.0075800"><ele>114.0</ele></trkpt>
            <trkpt lat="58.4405800" lon="15.0075700"><ele>114.0</ele></trkpt>
            <trkpt lat="58.4407400" lon="15.0071800"><ele>113.0</ele></trkpt>
            <trkpt lat="58.4409000" lon="15.0067800"><ele>116.0</ele></trkpt>
            <trkpt lat="58.4410300" lon="15.0064400"><ele>116.0</ele></trkpt>
            <trkpt lat="58.4411800" lon="15.0060100"><ele>117.0</ele></trkpt>
            <trkpt lat="58.4418800" lon="15.0068600"><ele>118.0</ele></trkpt>
            <trkpt lat="58.4419900" lon="15.0070000"><ele>118.0</ele></trkpt>
            <trkpt lat="58.4424400" lon="15.0075300"><ele>117.0</ele></trkpt>
            <trkpt lat="58.4428100" lon="15.0079600"><ele>119.0</ele></trkpt>
            <trkpt lat="58.4432400" lon="15.0084800"><ele>119.0</ele></trkpt>
            <trkpt lat="58.4435700" lon="15.0088700"><ele>123.0</ele></trkpt>
            <trkpt lat="58.4442000" lon="15.0096600"><ele>122.0</ele></trkpt>
            <trkpt lat="58.4447600" lon="15.0103300"><ele>125.0</ele></trkpt>
            <trkpt lat="58.4451000" lon="15.0107500"><ele>123.0</ele></trkpt>
            <trkpt lat="58.4457600" lon="15.0115100"><ele>126.0</ele></trkpt>
            <trkpt lat="58.4464500" lon="15.0123200"><ele>123.0</ele></trkpt>
            <trkpt lat="58.4465400" lon="15.0124300"><ele>123.0</ele></trkpt>
            <trkpt lat="58.4466400" lon="15.0125700"><ele>126.0</ele></trkpt>
            <trkpt lat="58.4468600" lon="15.0129100"><ele>121.0</ele></trkpt>
            <trkpt lat="58.4471100" lon="15.0133900"><ele>121.0</ele></trkpt>
            <trkpt lat="58.4472000" lon="15.0135600"><ele>121.0</ele></trkpt>
            <trkpt lat="58.4473700" lon="15.0139300"><ele>126.0</ele></trkpt>
            <trkpt lat="58.4476900" lon="15.0147500"><ele>119.0</ele></trkpt>
            <trkpt lat="58.4486600" lon="15.0171300"><ele>120.0</ele></trkpt>
            <trkpt lat="58.4488900" lon="15.0177100"><ele>124.0</ele></trkpt>
            <trkpt lat="58.4490900" lon="15.0182000"><ele>124.0</ele></trkpt>
            <trkpt lat="58.4492800" lon="15.0186700"><ele>117.0</ele></trkpt>
            <trkpt lat="58.4493500" lon="15.0188700"><ele>120.0</ele></trkpt>
            <trkpt lat="58.4494400" lon="15.0191200"><ele>120.0</ele></trkpt>
            <trkpt lat="58.4495100" lon="15.0193500"><ele>120.0</ele></trkpt>
            <trkpt lat="58.4496100" lon="15.0197300"><ele>120.0</ele></trkpt>
            <trkpt lat="58.4496700" lon="15.0200000"><ele>127.0</ele></trkpt>
            <trkpt lat="58.4497400" lon="15.0203000"><ele>127.0</ele></trkpt>
            <trkpt lat="58.4498100" lon="15.0207500"><ele>127.0</ele></trkpt>
            <trkpt lat="58.4498800" lon="15.0213000"><ele>128.0</ele></trkpt>
            <trkpt lat="58.4500500" lon="15.0225700"><ele>122.0</ele></trkpt>
            <trkpt lat="58.4502400" lon="15.0239400"><ele>123.0</ele></trkpt>
            <trkpt lat="58.4504500" lon="15.0254400"><ele>126.0</ele></trkpt>
            <trkpt lat="58.4505400" lon="15.0259200"><ele>126.0</ele></trkpt>
            <trkpt lat="58.4505700" lon="15.0261200"><ele>126.0</ele></trkpt>
            <trkpt lat="58.4506100" lon="15.0263200"><ele>128.0</ele></trkpt>
            <trkpt lat="58.4506800" lon="15.0266300"><ele>128.0</ele></trkpt>
            <trkpt lat="58.4507400" lon="15.0268500"><ele>128.0</ele></trkpt>
            <trkpt lat="58.4508300" lon="15.0271300"><ele>127.0</ele></trkpt>
            <trkpt lat="58.4510100" lon="15.0277000"><ele>127.0</ele></trkpt>
            <trkpt lat="58.4513000" lon="15.0286300"><ele>127.0</ele></trkpt>
            <trkpt lat="58.4515400" lon="15.0294000"><ele>128.0</ele></trkpt>
            <trkpt lat="58.4515600" lon="15.0294600"><ele>128.0</ele></trkpt>
            <trkpt lat="58.4519400" lon="15.0307000"><ele>133.0</ele></trkpt>
            <trkpt lat="58.4523200" lon="15.0319000"><ele>136.0</ele></trkpt>
            <trkpt lat="58.4525500" lon="15.0326200"><ele>138.0</ele></trkpt>
            <trkpt lat="58.4528600" lon="15.0335900"><ele>138.0</ele></trkpt>
            <trkpt lat="58.4529800" lon="15.0339800"><ele>135.0</ele></trkpt>
            <trkpt lat="58.4531000" lon="15.0344200"><ele>135.0</ele></trkpt>
            <trkpt lat="58.4531700" lon="15.0346800"><ele>135.0</ele></trkpt>
            <trkpt lat="58.4532200" lon="15.0348800"><ele>135.0</ele></trkpt>
            <trkpt lat="58.4533500" lon="15.0355100"><ele>123.0</ele></trkpt>
            <trkpt lat="58.4534500" lon="15.0361600"><ele>123.0</ele></trkpt>
            <trkpt lat="58.4535300" lon="15.0368300"><ele>123.0</ele></trkpt>
            <trkpt lat="58.4536600" lon="15.0380200"><ele>120.0</ele></trkpt>
            <trkpt lat="58.4537400" lon="15.0387200"><ele>120.0</ele></trkpt>
            <trkpt lat="58.4538200" lon="15.0393500"><ele>119.0</ele></trkpt>
            <trkpt lat="58.4539400" lon="15.0401000"><ele>118.0</ele></trkpt>
            <trkpt lat="58.4540400" lon="15.0406200"><ele>118.0</ele></trkpt>
            <trkpt lat="58.4540400" lon="15.0406190"><ele>118.0</ele></trkpt>
            <trkpt lat="58.4540400" lon="15.0406200"><ele>118.0</ele></trkpt>
            <trkpt lat="58.4542500" lon="15.0419100"><ele>117.0</ele></trkpt>
            <trkpt lat="58.4543300" lon="15.0423900"><ele>117.0</ele></trkpt>
            <trkpt lat="58.4543900" lon="15.0428100"><ele>116.0</ele></trkpt>
            <trkpt lat="58.4544200" lon="15.0429900"><ele>116.0</ele></trkpt>
            <trkpt lat="58.4545100" lon="15.0435000"><ele>116.0</ele></trkpt>
            <trkpt lat="58.4545600" lon="15.0437200"><ele>116.0</ele></trkpt>
            <trkpt lat="58.4546400" lon="15.0439600"><ele>118.0</ele></trkpt>
            <trkpt lat="58.4547700" lon="15.0441800"><ele>118.0</ele></trkpt>
            <trkpt lat="58.4549500" lon="15.0443200"><ele>118.0</ele></trkpt>
            <trkpt lat="58.4551700" lon="15.0444400"><ele>120.0</ele></trkpt>
            <trkpt lat="58.4554600" lon="15.0445600"><ele>120.0</ele></trkpt>
            <trkpt lat="58.4557800" lon="15.0446500"><ele>120.0</ele></trkpt>
            <trkpt lat="58.4558500" lon="15.0446700"><ele>118.0</ele></trkpt>
            <trkpt lat="58.4561400" lon="15.0447500"><ele>118.0</ele></trkpt>
            <trkpt lat="58.4563400" lon="15.0448000"><ele>118.0</ele></trkpt>
            <trkpt lat="58.4566900" lon="15.0448900"><ele>119.0</ele></trkpt>
            <trkpt lat="58.4569400" lon="15.0449100"><ele>119.0</ele></trkpt>
            <trkpt lat="58.4570500" lon="15.0449100"><ele>119.0</ele></trkpt>
            <trkpt lat="58.4573800" lon="15.0448900"><ele>119.0</ele></trkpt>
            <trkpt lat="58.4580900" lon="15.0448500"><ele>116.0</ele></trkpt>
            <trkpt lat="58.4588400" lon="15.0448100"><ele>118.0</ele></trkpt>
            <trkpt lat="58.4592900" lon="15.0447700"><ele>120.0</ele></trkpt>
            <trkpt lat="58.4596900" lon="15.0447800"><ele>120.0</ele></trkpt>
            <trkpt lat="58.4600700" lon="15.0447800"><ele>121.0</ele></trkpt>
            <trkpt lat="58.4602900" lon="15.0448000"><ele>121.0</ele></trkpt>
            <trkpt lat="58.4604000" lon="15.0448100"><ele>121.0</ele></trkpt>
            <trkpt lat="58.4607400" lon="15.0448500"><ele>121.0</ele></trkpt>
            <trkpt lat="58.4610600" lon="15.0449300"><ele>121.0</ele></trkpt>
            <trkpt lat="58.4611200" lon="15.0449500"><ele>121.0</ele></trkpt>
            <trkpt lat="58.4611800" lon="15.0449800"><ele>121.0</ele></trkpt>
            <trkpt lat="58.4615100" lon="15.0451800"><ele>119.0</ele></trkpt>
            <trkpt lat="58.4617200" lon="15.0453500"><ele>121.0</ele></trkpt>
            <trkpt lat="58.4617200" lon="15.0453490"><ele>121.0</ele></trkpt>
            <trkpt lat="58.4617200" lon="15.0453500"><ele>121.0</ele></trkpt>
            <trkpt lat="58.4619000" lon="15.0454900"><ele>121.0</ele></trkpt>
            <trkpt lat="58.4623100" lon="15.0458100"><ele>121.0</ele></trkpt>
            <trkpt lat="58.4624900" lon="15.0459400"><ele>121.0</ele></trkpt>
            <trkpt lat="58.4627000" lon="15.0460600"><ele>119.0</ele></trkpt>
            <trkpt lat="58.4629500" lon="15.0461200"><ele>119.0</ele></trkpt>
            <trkpt lat="58.4630100" lon="15.0461200"><ele>119.0</ele></trkpt>
            <trkpt lat="58.4631800" lon="15.0461300"><ele>119.0</ele></trkpt>
            <trkpt lat="58.4634400" lon="15.0460600"><ele>121.0</ele></trkpt>
            <trkpt lat="58.4637400" lon="15.0458800"><ele>121.0</ele></trkpt>
            <trkpt lat="58.4638900" lon="15.0457500"><ele>121.0</ele></trkpt>
            <trkpt lat="58.4640300" lon="15.0455800"><ele>121.0</ele></trkpt>
            <trkpt lat="58.4643200" lon="15.0451400"><ele>123.0</ele></trkpt>
            <trkpt lat="58.4645900" lon="15.0446400"><ele>122.0</ele></trkpt>
            <trkpt lat="58.4649100" lon="15.0440700"><ele>122.0</ele></trkpt>
            <trkpt lat="58.4652400" lon="15.0434500"><ele>123.0</ele></trkpt>
            <trkpt lat="58.4654900" lon="15.0430000"><ele>123.0</ele></trkpt>
            <trkpt lat="58.4657300" lon="15.0426300"><ele>123.0</ele></trkpt>
            <trkpt lat="58.4660400" lon="15.0422700"><ele>123.0</ele></trkpt>
            <trkpt lat="58.4662000" lon="15.0421200"><ele>123.0</ele></trkpt>
            <trkpt lat="58.4664700" lon="15.0419300"><ele>123.0</ele></trkpt>
            <trkpt lat="58.4666500" lon="15.0418600"><ele>123.0</ele></trkpt>
            <trkpt lat="58.4668500" lon="15.0418300"><ele>121.0</ele></trkpt>
            <trkpt lat="58.4671200" lon="15.0418300"><ele>121.0</ele></trkpt>
            <trkpt lat="58.4675900" lon="15.0419100"><ele>120.0</ele></trkpt>
            <trkpt lat="58.4687600" lon="15.0421500"><ele>115.0</ele></trkpt>
            <trkpt lat="58.4699800" lon="15.0424300"><ele>114.0</ele></trkpt>
            <trkpt lat="58.4707700" lon="15.0427000"><ele>115.0</ele></trkpt>
            <trkpt lat="58.4714300" lon="15.0429100"><ele>117.0</ele></trkpt>
            <trkpt lat="58.4716600" lon="15.0429900"><ele>115.0</ele></trkpt>
            <trkpt lat="58.4718800" lon="15.0430700"><ele>115.0</ele></trkpt>
            <trkpt lat="58.4721500" lon="15.0431700"><ele>115.0</ele></trkpt>
            <trkpt lat="58.4723600" lon="15.0432900"><ele>115.0</ele></trkpt>
            <trkpt lat="58.4725500" lon="15.0434600"><ele>113.0</ele></trkpt>
            <trkpt lat="58.4727800" lon="15.0437200"><ele>113.0</ele></trkpt>
            <trkpt lat="58.4732300" lon="15.0443400"><ele>113.0</ele></trkpt>
            <trkpt lat="58.4736900" lon="15.0449500"><ele>113.0</ele></trkpt>
            <trkpt lat="58.4740800" lon="15.0454300"><ele>114.0</ele></trkpt>
            <trkpt lat="58.4744500" lon="15.0458000"><ele>113.0</ele></trkpt>
            <trkpt lat="58.4749500" lon="15.0462000"><ele>113.0</ele></trkpt>
            <trkpt lat="58.4753200" lon="15.0463700"><ele>113.0</ele></trkpt>
            <trkpt lat="58.4758200" lon="15.0465000"><ele>113.0</ele></trkpt>
            <trkpt lat="58.4761400" lon="15.0465500"><ele>113.0</ele></trkpt>
            <trkpt lat="58.4763500" lon="15.0465400"><ele>113.0</ele></trkpt>
            <trkpt lat="58.4765700" lon="15.0464500"><ele>113.0</ele></trkpt>
            <trkpt lat="58.4772200" lon="15.0460100"><ele>116.0</ele></trkpt>
            <trkpt lat="58.4776400" lon="15.0456900"><ele>111.0</ele></trkpt>
            <trkpt lat="58.4777300" lon="15.0456300"><ele>111.0</ele></trkpt>
            <trkpt lat="58.4779700" lon="15.0454400"><ele>111.0</ele></trkpt>
            <trkpt lat="58.4788100" lon="15.0448400"><ele>106.0</ele></trkpt>
            <trkpt lat="58.4792700" lon="15.0444800"><ele>106.0</ele></trkpt>
            <trkpt lat="58.4795100" lon="15.0442500"><ele>106.0</ele></trkpt>
            <trkpt lat="58.4797200" lon="15.0439700"><ele>106.0</ele></trkpt>
            <trkpt lat="58.4799300" lon="15.0436400"><ele>106.0</ele></trkpt>
            <trkpt lat="58.4801400" lon="15.0432400"><ele>107.0</ele></trkpt>
            <trkpt lat="58.4807900" lon="15.0420000"><ele>106.0</ele></trkpt>
            <trkpt lat="58.4815400" lon="15.0406100"><ele>105.0</ele></trkpt>
            <trkpt lat="58.4821100" lon="15.0395900"><ele>105.0</ele></trkpt>
            <trkpt lat="58.4824100" lon="15.0390900"><ele>105.0</ele></trkpt>
            <trkpt lat="58.4827200" lon="15.0385600"><ele>105.0</ele></trkpt>
            <trkpt lat="58.4831200" lon="15.0380000"><ele>105.0</ele></trkpt>
            <trkpt lat="58.4834100" lon="15.0376900"><ele>106.0</ele></trkpt>
            <trkpt lat="58.4840200" lon="15.0372300"><ele>107.0</ele></trkpt>
            <trkpt lat="58.4846100" lon="15.0368100"><ele>110.0</ele></trkpt>
            <trkpt lat="58.4851600" lon="15.0364200"><ele>112.0</ele></trkpt>
            <trkpt lat="58.4856400" lon="15.0360600"><ele>111.0</ele></trkpt>
            <trkpt lat="58.4857700" lon="15.0359600"><ele>111.0</ele></trkpt>
            <trkpt lat="58.4861100" lon="15.0356900"><ele>107.0</ele></trkpt>
            <trkpt lat="58.4866400" lon="15.0352900"><ele>107.0</ele></trkpt>
            <trkpt lat="58.4874100" lon="15.0347000"><ele>104.0</ele></trkpt>
            <trkpt lat="58.4877400" lon="15.0344500"><ele>103.0</ele></trkpt>
            <trkpt lat="58.4881800" lon="15.0341500"><ele>103.0</ele></trkpt>
            <trkpt lat="58.4888600" lon="15.0336900"><ele>102.0</ele></trkpt>
            <trkpt lat="58.4889500" lon="15.0336300"><ele>102.0</ele></trkpt>
            <trkpt lat="58.4893600" lon="15.0333600"><ele>101.0</ele></trkpt>
            <trkpt lat="58.4900000" lon="15.0329600"><ele>100.0</ele></trkpt>
            <trkpt lat="58.4914400" lon="15.0320300"><ele>100.0</ele></trkpt>
            <trkpt lat="58.4919000" lon="15.0317300"><ele>102.0</ele></trkpt>
            <trkpt lat="58.4928300" lon="15.0311300"><ele>98.0</ele></trkpt>
            <trkpt lat="58.4933600" lon="15.0307900"><ele>97.0</ele></trkpt>
            <trkpt lat="58.4938200" lon="15.0304900"><ele>97.0</ele></trkpt>
            <trkpt lat="58.4944900" lon="15.0300500"><ele>96.0</ele></trkpt>
            <trkpt lat="58.4949300" lon="15.0297700"><ele>96.0</ele></trkpt>
            <trkpt lat="58.4951600" lon="15.0296100"><ele>96.0</ele></trkpt>
            <trkpt lat="58.4955200" lon="15.0293100"><ele>96.0</ele></trkpt>
            <trkpt lat="58.4964900" lon="15.0284600"><ele>95.0</ele></trkpt>
            <trkpt lat="58.4966400" lon="15.0283200"><ele>95.0</ele></trkpt>
            <trkpt lat="58.4967500" lon="15.0282500"><ele>95.0</ele></trkpt>
            <trkpt lat="58.4968700" lon="15.0281900"><ele>95.0</ele></trkpt>
            <trkpt lat="58.4969600" lon="15.0281700"><ele>95.0</ele></trkpt>
            <trkpt lat="58.4970700" lon="15.0281500"><ele>95.0</ele></trkpt>
            <trkpt lat="58.4971800" lon="15.0281500"><ele>95.0</ele></trkpt>
            <trkpt lat="58.4974000" lon="15.0281900"><ele>95.0</ele></trkpt>
            <trkpt lat="58.4984300" lon="15.0284600"><ele>95.0</ele></trkpt>
            <trkpt lat="58.4987100" lon="15.0285200"><ele>95.0</ele></trkpt>
            <trkpt lat="58.4988200" lon="15.0285400"><ele>95.0</ele></trkpt>
            <trkpt lat="58.4989200" lon="15.0285400"><ele>95.0</ele></trkpt>
            <trkpt lat="58.4990100" lon="15.0285400"><ele>95.0</ele></trkpt>
            <trkpt lat="58.4991000" lon="15.0285100"><ele>95.0</ele></trkpt>
            <trkpt lat="58.4992900" lon="15.0284300"><ele>97.0</ele></trkpt>
            <trkpt lat="58.4996800" lon="15.0282000"><ele>97.0</ele></trkpt>
            <trkpt lat="58.5000400" lon="15.0280000"><ele>100.0</ele></trkpt>
            <trkpt lat="58.5002400" lon="15.0278900"><ele>100.0</ele></trkpt>
            <trkpt lat="58.5004100" lon="15.0278000"><ele>100.0</ele></trkpt>
            <trkpt lat="58.5005900" lon="15.0277000"><ele>100.0</ele></trkpt>
            <trkpt lat="58.5007300" lon="15.0276100"><ele>100.0</ele></trkpt>
            <trkpt lat="58.5008600" lon="15.0275300"><ele>99.0</ele></trkpt>
            <trkpt lat="58.5009700" lon="15.0274300"><ele>101.0</ele></trkpt>
            <trkpt lat="58.5011200" lon="15.0272500"><ele>101.0</ele></trkpt>
            <trkpt lat="58.5014200" lon="15.0268700"><ele>101.0</ele></trkpt>
            <trkpt lat="58.5016300" lon="15.0265600"><ele>101.0</ele></trkpt>
            <trkpt lat="58.5018800" lon="15.0261300"><ele>99.0</ele></trkpt>
            <trkpt lat="58.5020600" lon="15.0258000"><ele>99.0</ele></trkpt>
            <trkpt lat="58.5022000" lon="15.0255300"><ele>99.0</ele></trkpt>
            <trkpt lat="58.5023400" lon="15.0252700"><ele>99.0</ele></trkpt>
            <trkpt lat="58.5025100" lon="15.0249900"><ele>97.0</ele></trkpt>
            <trkpt lat="58.5026000" lon="15.0248500"><ele>98.0</ele></trkpt>
            <trkpt lat="58.5027200" lon="15.0246700"><ele>98.0</ele></trkpt>
            <trkpt lat="58.5028600" lon="15.0244700"><ele>98.0</ele></trkpt>
            <trkpt lat="58.5030300" lon="15.0242300"><ele>98.0</ele></trkpt>
            <trkpt lat="58.5033100" lon="15.0238500"><ele>98.0</ele></trkpt>
            <trkpt lat="58.5036800" lon="15.0233500"><ele>100.0</ele></trkpt>
            <trkpt lat="58.5038200" lon="15.0231800"><ele>100.0</ele></trkpt>
            <trkpt lat="58.5039800" lon="15.0230300"><ele>100.0</ele></trkpt>
            <trkpt lat="58.5042000" lon="15.0228300"><ele>103.0</ele></trkpt>
            <trkpt lat="58.5044400" lon="15.0226100"><ele>103.0</ele></trkpt>
            <trkpt lat="58.5046500" lon="15.0224800"><ele>101.0</ele></trkpt>
            <trkpt lat="58.5049300" lon="15.0223100"><ele>101.0</ele></trkpt>
            <trkpt lat="58.5050900" lon="15.0222400"><ele>99.0</ele></trkpt>
            <trkpt lat="58.5052900" lon="15.0221700"><ele>99.0</ele></trkpt>
            <trkpt lat="58.5054500" lon="15.0221500"><ele>99.0</ele></trkpt>
            <trkpt lat="58.5055200" lon="15.0221500"><ele>99.0</ele></trkpt>
            <trkpt lat="58.5056000" lon="15.0221700"><ele>99.0</ele></trkpt>
            <trkpt lat="58.5057100" lon="15.0222100"><ele>99.0</ele></trkpt>
            <trkpt lat="58.5057300" lon="15.0222200"><ele>99.0</ele></trkpt>
            <trkpt lat="58.5058300" lon="15.0222600"><ele>97.0</ele></trkpt>
            <trkpt lat="58.5059400" lon="15.0223200"><ele>97.0</ele></trkpt>
            <trkpt lat="58.5060400" lon="15.0224000"><ele>97.0</ele></trkpt>
            <trkpt lat="58.5061600" lon="15.0225200"><ele>97.0</ele></trkpt>
            <trkpt lat="58.5062500" lon="15.0226200"><ele>97.0</ele></trkpt>
            <trkpt lat="58.5063500" lon="15.0227800"><ele>97.0</ele></trkpt>
            <trkpt lat="58.5064500" lon="15.0229700"><ele>97.0</ele></trkpt>
            <trkpt lat="58.5065800" lon="15.0232000"><ele>97.0</ele></trkpt>
            <trkpt lat="58.5066900" lon="15.0233800"><ele>97.0</ele></trkpt>
            <trkpt lat="58.5067700" lon="15.0235000"><ele>97.0</ele></trkpt>
            <trkpt lat="58.5068700" lon="15.0236300"><ele>97.0</ele></trkpt>
            <trkpt lat="58.5070000" lon="15.0238000"><ele>99.0</ele></trkpt>
            <trkpt lat="58.5071600" lon="15.0239700"><ele>99.0</ele></trkpt>
            <trkpt lat="58.5072600" lon="15.0240700"><ele>99.0</ele></trkpt>
            <trkpt lat="58.5074400" lon="15.0242300"><ele>99.0</ele></trkpt>
            <trkpt lat="58.5075700" lon="15.0243200"><ele>99.0</ele></trkpt>
            <trkpt lat="58.5076800" lon="15.0244000"><ele>99.0</ele></trkpt>
            <trkpt lat="58.5078000" lon="15.0244700"><ele>99.0</ele></trkpt>
            <trkpt lat="58.5079200" lon="15.0245400"><ele>99.0</ele></trkpt>
            <trkpt lat="58.5081500" lon="15.0246200"><ele>99.0</ele></trkpt>
            <trkpt lat="58.5083500" lon="15.0246700"><ele>97.0</ele></trkpt>
            <trkpt lat="58.5085000" lon="15.0247100"><ele>97.0</ele></trkpt>
            <trkpt lat="58.5086300" lon="15.0247200"><ele>97.0</ele></trkpt>
            <trkpt lat="58.5087500" lon="15.0247300"><ele>97.0</ele></trkpt>
            <trkpt lat="58.5088900" lon="15.0247200"><ele>97.0</ele></trkpt>
            <trkpt lat="58.5090200" lon="15.0247000"><ele>97.0</ele></trkpt>
            <trkpt lat="58.5092300" lon="15.0246400"><ele>98.0</ele></trkpt>
            <trkpt lat="58.5094200" lon="15.0245700"><ele>98.0</ele></trkpt>
            <trkpt lat="58.5096000" lon="15.0244800"><ele>98.0</ele></trkpt>
            <trkpt lat="58.5097400" lon="15.0243900"><ele>98.0</ele></trkpt>
            <trkpt lat="58.5098900" lon="15.0242800"><ele>98.0</ele></trkpt>
            <trkpt lat="58.5100900" lon="15.0240900"><ele>102.0</ele></trkpt>
            <trkpt lat="58.5102500" lon="15.0239200"><ele>102.0</ele></trkpt>
            <trkpt lat="58.5104000" lon="15.0237300"><ele>102.0</ele></trkpt>
            <trkpt lat="58.5106000" lon="15.0234400"><ele>102.0</ele></trkpt>
            <trkpt lat="58.5107900" lon="15.0231300"><ele>102.0</ele></trkpt>
            <trkpt lat="58.5109200" lon="15.0228900"><ele>105.0</ele></trkpt>
            <trkpt lat="58.5110000" lon="15.0227300"><ele>105.0</ele></trkpt>
            <trkpt lat="58.5110500" lon="15.0225700"><ele>105.0</ele></trkpt>
            <trkpt lat="58.5110700" lon="15.0224400"><ele>103.0</ele></trkpt>
            <trkpt lat="58.5110800" lon="15.0223100"><ele>103.0</ele></trkpt>
            <trkpt lat="58.5110900" lon="15.0222000"><ele>103.0</ele></trkpt>
            <trkpt lat="58.5110900" lon="15.0221500"><ele>103.0</ele></trkpt>
            <trkpt lat="58.5110900" lon="15.0220700"><ele>103.0</ele></trkpt>
            <trkpt lat="58.5110800" lon="15.0219800"><ele>103.0</ele></trkpt>
            <trkpt lat="58.5110800" lon="15.0218500"><ele>103.0</ele></trkpt>
            <trkpt lat="58.5110700" lon="15.0217800"><ele>103.0</ele></trkpt>
            <trkpt lat="58.5111400" lon="15.0217500"><ele>103.0</ele></trkpt>
            <trkpt lat="58.5112800" lon="15.0216600"><ele>103.0</ele></trkpt>
            <trkpt lat="58.5114700" lon="15.0215300"><ele>103.0</ele></trkpt>
            <trkpt lat="58.5116100" lon="15.0214200"><ele>103.0</ele></trkpt>
            <trkpt lat="58.5117900" lon="15.0212400"><ele>110.0</ele></trkpt>
            <trkpt lat="58.5120900" lon="15.0209000"><ele>104.0</ele></trkpt>
            <trkpt lat="58.5123900" lon="15.0205100"><ele>104.0</ele></trkpt>
            <trkpt lat="58.5125700" lon="15.0202500"><ele>110.0</ele></trkpt>
            <trkpt lat="58.5129000" lon="15.0197200"><ele>104.0</ele></trkpt>
            <trkpt lat="58.5129200" lon="15.0196000"><ele>104.0</ele></trkpt>
            <trkpt lat="58.5132300" lon="15.0190900"><ele>104.0</ele></trkpt>
            <trkpt lat="58.5139200" lon="15.0179500"><ele>103.0</ele></trkpt>
            <trkpt lat="58.5144300" lon="15.0171000"><ele>104.0</ele></trkpt>
            <trkpt lat="58.5145000" lon="15.0169800"><ele>104.0</ele></trkpt>
            <trkpt lat="58.5148100" lon="15.0164700"><ele>104.0</ele></trkpt>
            <trkpt lat="58.5149700" lon="15.0162000"><ele>99.0</ele></trkpt>
            <trkpt lat="58.5151300" lon="15.0159300"><ele>106.0</ele></trkpt>
            <trkpt lat="58.5153500" lon="15.0155700"><ele>106.0</ele></trkpt>
            <trkpt lat="58.5155200" lon="15.0153100"><ele>106.0</ele></trkpt>
            <trkpt lat="58.5156600" lon="15.0151200"><ele>106.0</ele></trkpt>
            <trkpt lat="58.5157600" lon="15.0149900"><ele>99.0</ele></trkpt>
            <trkpt lat="58.5158200" lon="15.0149200"><ele>99.0</ele></trkpt>
            <trkpt lat="58.5159000" lon="15.0148300"><ele>103.0</ele></trkpt>
            <trkpt lat="58.5160200" lon="15.0147100"><ele>103.0</ele></trkpt>
            <trkpt lat="58.5161500" lon="15.0146000"><ele>103.0</ele></trkpt>
            <trkpt lat="58.5162800" lon="15.0145000"><ele>103.0</ele></trkpt>
            <trkpt lat="58.5164500" lon="15.0144000"><ele>103.0</ele></trkpt>
            <trkpt lat="58.5166800" lon="15.0142700"><ele>104.0</ele></trkpt>
            <trkpt lat="58.5170700" lon="15.0140800"><ele>104.0</ele></trkpt>
            <trkpt lat="58.5177500" lon="15.0137500"><ele>103.0</ele></trkpt>
            <trkpt lat="58.5180200" lon="15.0136300"><ele>99.0</ele></trkpt>
            <trkpt lat="58.5181500" lon="15.0135900"><ele>99.0</ele></trkpt>
            <trkpt lat="58.5182800" lon="15.0135700"><ele>99.0</ele></trkpt>
            <trkpt lat="58.5184100" lon="15.0135400"><ele>98.0</ele></trkpt>
            <trkpt lat="58.5185300" lon="15.0135300"><ele>98.0</ele></trkpt>
            <trkpt lat="58.5186400" lon="15.0135400"><ele>98.0</ele></trkpt>
            <trkpt lat="58.5187900" lon="15.0135500"><ele>98.0</ele></trkpt>
            <trkpt lat="58.5189300" lon="15.0135800"><ele>98.0</ele></trkpt>
            <trkpt lat="58.5190600" lon="15.0136100"><ele>98.0</ele></trkpt>
            <trkpt lat="58.5192400" lon="15.0136700"><ele>98.0</ele></trkpt>
            <trkpt lat="58.5193900" lon="15.0137400"><ele>98.0</ele></trkpt>
            <trkpt lat="58.5196100" lon="15.0138700"><ele>103.0</ele></trkpt>
            <trkpt lat="58.5197600" lon="15.0139700"><ele>103.0</ele></trkpt>
            <trkpt lat="58.5199000" lon="15.0140700"><ele>103.0</ele></trkpt>
            <trkpt lat="58.5199800" lon="15.0141400"><ele>103.0</ele></trkpt>
            <trkpt lat="58.5201700" lon="15.0143300"><ele>100.0</ele></trkpt>
            <trkpt lat="58.5206700" lon="15.0148900"><ele>100.0</ele></trkpt>
            <trkpt lat="58.5211200" lon="15.0154200"><ele>99.0</ele></trkpt>
            <trkpt lat="58.5216500" lon="15.0160300"><ele>99.0</ele></trkpt>
            <trkpt lat="58.5219700" lon="15.0164200"><ele>104.0</ele></trkpt>
            <trkpt lat="58.5220500" lon="15.0165400"><ele>104.0</ele></trkpt>
            <trkpt lat="58.5221400" lon="15.0166400"><ele>104.0</ele></trkpt>
            <trkpt lat="58.5223000" lon="15.0169200"><ele>104.0</ele></trkpt>
            <trkpt lat="58.5224100" lon="15.0171400"><ele>104.0</ele></trkpt>
            <trkpt lat="58.5225000" lon="15.0173000"><ele>101.0</ele></trkpt>
            <trkpt lat="58.5225500" lon="15.0174200"><ele>101.0</ele></trkpt>
            <trkpt lat="58.5226600" lon="15.0177000"><ele>103.0</ele></trkpt>
            <trkpt lat="58.5227700" lon="15.0179600"><ele>103.0</ele></trkpt>
            <trkpt lat="58.5228800" lon="15.0183000"><ele>103.0</ele></trkpt>
            <trkpt lat="58.5230100" lon="15.0188000"><ele>101.0</ele></trkpt>
            <trkpt lat="58.5231400" lon="15.0194100"><ele>101.0</ele></trkpt>
            <trkpt lat="58.5235400" lon="15.0213100"><ele>99.0</ele></trkpt>
            <trkpt lat="58.5240100" lon="15.0233500"><ele>101.0</ele></trkpt>
            <trkpt lat="58.5244600" lon="15.0255700"><ele>98.0</ele></trkpt>
            <trkpt lat="58.5248200" lon="15.0272300"><ele>98.0</ele></trkpt>
            <trkpt lat="58.5248600" lon="15.0274000"><ele>98.0</ele></trkpt>
            <trkpt lat="58.5251600" lon="15.0288600"><ele>95.0</ele></trkpt>
            <trkpt lat="58.5256000" lon="15.0309200"><ele>99.0</ele></trkpt>
            <trkpt lat="58.5261100" lon="15.0332300"><ele>97.0</ele></trkpt>
            <trkpt lat="58.5263700" lon="15.0343100"><ele>98.0</ele></trkpt>
            <trkpt lat="58.5266000" lon="15.0352000"><ele>101.0</ele></trkpt>
            <trkpt lat="58.5267000" lon="15.0356100"><ele>95.0</ele></trkpt>
            <trkpt lat="58.5268900" lon="15.0363800"><ele>96.0</ele></trkpt>
            <trkpt lat="58.5270400" lon="15.0369500"><ele>96.0</ele></trkpt>
            <trkpt lat="58.5271200" lon="15.0372400"><ele>96.0</ele></trkpt>
            <trkpt lat="58.5274200" lon="15.0383900"><ele>97.0</ele></trkpt>
            <trkpt lat="58.5277700" lon="15.0397100"><ele>94.0</ele></trkpt>
            <trkpt lat="58.5279200" lon="15.0403100"><ele>94.0</ele></trkpt>
            <trkpt lat="58.5280000" lon="15.0405900"><ele>94.0</ele></trkpt>
            <trkpt lat="58.5281700" lon="15.0412500"><ele>99.0</ele></trkpt>
            <trkpt lat="58.5282100" lon="15.0414100"><ele>99.0</ele></trkpt>
            <trkpt lat="58.5283600" lon="15.0419700"><ele>93.0</ele></trkpt>
            <trkpt lat="58.5286600" lon="15.0430000"><ele>94.0</ele></trkpt>
            <trkpt lat="58.5287100" lon="15.0430100"><ele>94.0</ele></trkpt>
            <trkpt lat="58.5288100" lon="15.0433000"><ele>94.0</ele></trkpt>
            <trkpt lat="58.5288900" lon="15.0432000"><ele>94.0</ele></trkpt>
            <trkpt lat="58.5292600" lon="15.0427700"><ele>92.0</ele></trkpt>
            <trkpt lat="58.5294400" lon="15.0426500"><ele>92.0</ele></trkpt>
            <trkpt lat="58.5300500" lon="15.0420900"><ele>92.0</ele></trkpt>
            <trkpt lat="58.5303200" lon="15.0418100"><ele>92.0</ele></trkpt>
            <trkpt lat="58.5303200" lon="15.0418090"><ele>92.0</ele></trkpt>
            <trkpt lat="58.5303200" lon="15.0418100"><ele>92.0</ele></trkpt>
            <trkpt lat="58.5312500" lon="15.0434400"><ele>93.0</ele></trkpt>
            <trkpt lat="58.5315300" lon="15.0432100"><ele>93.0</ele></trkpt>
            <trkpt lat="58.5317300" lon="15.0430400"><ele>93.0</ele></trkpt>
            <trkpt lat="58.5319800" lon="15.0429000"><ele>93.0</ele></trkpt>
            <trkpt lat="58.5321500" lon="15.0428500"><ele>93.0</ele></trkpt>
            <trkpt lat="58.5323500" lon="15.0428200"><ele>93.0</ele></trkpt>
            <trkpt lat="58.5326300" lon="15.0428000"><ele>88.0</ele></trkpt>
            <trkpt lat="58.5326300" lon="15.0427990"><ele>88.0</ele></trkpt>
            <trkpt lat="58.5326300" lon="15.0428000"><ele>88.0</ele></trkpt>
            <trkpt lat="58.5327500" lon="15.0428100"><ele>88.0</ele></trkpt>
            <trkpt lat="58.5327600" lon="15.0428100"><ele>88.0</ele></trkpt>
            <trkpt lat="58.5327700" lon="15.0428100"><ele>88.0</ele></trkpt>
            <trkpt lat="58.5327800" lon="15.0428100"><ele>88.0</ele></trkpt>
            <trkpt lat="58.5327900" lon="15.0428100"><ele>88.0</ele></trkpt>
            <trkpt lat="58.5328000" lon="15.0428100"><ele>88.0</ele></trkpt>
            <trkpt lat="58.5328100" lon="15.0428100"><ele>88.0</ele></trkpt>
            <trkpt lat="58.5328200" lon="15.0428100"><ele>88.0</ele></trkpt>
            <trkpt lat="58.5328300" lon="15.0428100"><ele>88.0</ele></trkpt>
            <trkpt lat="58.5328400" lon="15.0428100"><ele>88.0</ele></trkpt>
            <trkpt lat="58.5328400" lon="15.0428000"><ele>88.0</ele></trkpt>
            <trkpt lat="58.5328500" lon="15.0428000"><ele>88.0</ele></trkpt>
            <trkpt lat="58.5328600" lon="15.0428000"><ele>88.0</ele></trkpt>
            <trkpt lat="58.5328700" lon="15.0428000"><ele>88.0</ele></trkpt>
            <trkpt lat="58.5328700" lon="15.0427900"><ele>88.0</ele></trkpt>
            <trkpt lat="58.5328800" lon="15.0427900"><ele>88.0</ele></trkpt>
            <trkpt lat="58.5328900" lon="15.0427900"><ele>88.0</ele></trkpt>
            <trkpt lat="58.5328900" lon="15.0427800"><ele>88.0</ele></trkpt>
            <trkpt lat="58.5329000" lon="15.0427800"><ele>88.0</ele></trkpt>
            <trkpt lat="58.5329100" lon="15.0427800"><ele>88.0</ele></trkpt>
            <trkpt lat="58.5329100" lon="15.0427700"><ele>88.0</ele></trkpt>
            <trkpt lat="58.5329200" lon="15.0427700"><ele>88.0</ele></trkpt>
            <trkpt lat="58.5329200" lon="15.0427600"><ele>88.0</ele></trkpt>
            <trkpt lat="58.5329300" lon="15.0427600"><ele>88.0</ele></trkpt>
            <trkpt lat="58.5329400" lon="15.0427600"><ele>88.0</ele></trkpt>
            <trkpt lat="58.5329400" lon="15.0427500"><ele>88.0</ele></trkpt>
            <trkpt lat="58.5329500" lon="15.0427500"><ele>88.0</ele></trkpt>
            <trkpt lat="58.5329500" lon="15.0427400"><ele>88.0</ele></trkpt>
            <trkpt lat="58.5329600" lon="15.0427400"><ele>88.0</ele></trkpt>
            <trkpt lat="58.5329600" lon="15.0427300"><ele>88.0</ele></trkpt>
            <trkpt lat="58.5329700" lon="15.0427300"><ele>88.0</ele></trkpt>
            <trkpt lat="58.5329700" lon="15.0427200"><ele>88.0</ele></trkpt>
            <trkpt lat="58.5329800" lon="15.0427200"><ele>88.0</ele></trkpt>
            <trkpt lat="58.5329800" lon="15.0427100"><ele>88.0</ele></trkpt>
            <trkpt lat="58.5331100" lon="15.0425700"><ele>88.0</ele></trkpt>
            <trkpt lat="58.5340400" lon="15.0414900"><ele>92.0</ele></trkpt>
            <trkpt lat="58.5343900" lon="15.0410700"><ele>99.0</ele></trkpt>
            <trkpt lat="58.5345900" lon="15.0408100"><ele>99.0</ele></trkpt>
            <trkpt lat="58.5348600" lon="15.0404900"><ele>99.0</ele></trkpt>
            <trkpt lat="58.5353200" lon="15.0399200"><ele>104.0</ele></trkpt>
            <trkpt lat="58.5356500" lon="15.0392500"><ele>104.0</ele></trkpt>
            <trkpt lat="58.5360300" lon="15.0379900"><ele>105.0</ele></trkpt>
            <trkpt lat="58.5363700" lon="15.0363200"><ele>106.0</ele></trkpt>
            <trkpt lat="58.5363700" lon="15.0363190"><ele>106.0</ele></trkpt>
            <trkpt lat="58.5363700" lon="15.0363200"><ele>106.0</ele></trkpt>
            <trkpt lat="58.5356900" lon="15.0360100"><ele>98.0</ele></trkpt>
            <trkpt lat="58.5352900" lon="15.0358100"><ele>98.0</ele></trkpt>
        </trkseg>
    </trk>
</gpx>
