<?xml version="1.0" encoding="UTF-8" standalone="yes"?>
<gpx version="1.1" creator="OS Maps - Web" xmlns="http://www.topografix.com/GPX/1/1"
xmlns:xsi="http://www.w3.org/2001/XMLSchema-instance"
xsi:schemaLocation="http://www.topografix.com/GPX/1/1 http://www.topografix.com/GPX/1/1/gpx.xsd"
xmlns:gs="http://www.topografix.com/GPX/gpx_style/0/2"
xmlns:gh="https://graphhopper.com/public/schema/gpx/1.1"
xmlns:os="https://ordnancesurvey.co.uk/public/schema/route/0.1">
    <metadata>
        <name>Pargue-to-Berlin Only</name>
        <desc>Converted from a KML file KML2GPX.COM</desc>
        <bounds minlat="50.0860400" minlon="12.6375390" maxlat="52.4961590" maxlon="14.4143800"/>
    </metadata>
    <wpt lat="50.0860400" lon="14.4143800">
        <name>1</name>
    </wpt>
    <wpt lat="50.0868990" lon="14.4083600">
        <name>2</name>
    </wpt>
    <wpt lat="50.0872310" lon="14.4081100">
        <name>3</name>
    </wpt>
    <wpt lat="50.0882420" lon="14.4093300">
        <name>4</name>
    </wpt>
    <wpt lat="50.0892410" lon="14.4100300">
        <name>5</name>
    </wpt>
    <wpt lat="50.0899810" lon="14.4100900">
        <name>6</name>
    </wpt>
    <wpt lat="50.0903890" lon="14.4115400">
        <name>7</name>
    </wpt>
    <wpt lat="50.0913810" lon="14.4102400">
        <name>8</name>
    </wpt>
    <wpt lat="50.0911600" lon="14.4098000">
        <name>9</name>
    </wpt>
    <wpt lat="50.0922580" lon="14.4093500">
        <name>10</name>
    </wpt>
    <wpt lat="50.0928380" lon="14.4091700">
        <name>11</name>
    </wpt>
    <wpt lat="50.0942500" lon="14.4096200">
        <name>12</name>
    </wpt>
    <wpt lat="50.0976300" lon="14.4075900">
        <name>13</name>
    </wpt>
    <wpt lat="50.0985490" lon="14.4073300">
        <name>14</name>
    </wpt>
    <wpt lat="50.0982590" lon="14.4053800">
        <name>15</name>
    </wpt>
    <wpt lat="50.0985980" lon="14.4058500">
        <name>16</name>
    </wpt>
    <wpt lat="50.0993610" lon="14.4052800">
        <name>17</name>
    </wpt>
    <wpt lat="50.0985790" lon="14.4000700">
        <name>18</name>
    </wpt>
    <wpt lat="50.0986900" lon="14.3998200">
        <name>19</name>
    </wpt>
    <wpt lat="50.0995900" lon="14.4001600">
        <name>20</name>
    </wpt>
    <wpt lat="50.0997310" lon="14.3993200">
        <name>21</name>
    </wpt>
    <wpt lat="50.1002080" lon="14.3983200">
        <name>22</name>
    </wpt>
    <wpt lat="50.1008110" lon="14.3980200">
        <name>23</name>
    </wpt>
    <wpt lat="50.1007610" lon="14.3970200">
        <name>24</name>
    </wpt>
    <wpt lat="50.1015510" lon="14.3954800">
        <name>25</name>
    </wpt>
    <wpt lat="50.1058310" lon="14.3949800">
        <name>26</name>
    </wpt>
    <wpt lat="50.1086880" lon="14.3945900">
        <name>27</name>
    </wpt>
    <wpt lat="50.1093790" lon="14.3948100">
        <name>28</name>
    </wpt>
    <wpt lat="50.1104090" lon="14.3943100">
        <name>29</name>
    </wpt>
    <wpt lat="50.1127890" lon="14.3938900">
        <name>30</name>
    </wpt>
    <wpt lat="50.1140210" lon="14.3943900">
        <name>31</name>
    </wpt>
    <wpt lat="50.1152380" lon="14.3934000">
        <name>32</name>
    </wpt>
    <wpt lat="50.1162110" lon="14.3923500">
        <name>33</name>
    </wpt>
    <wpt lat="50.1172710" lon="14.3918700">
        <name>34</name>
    </wpt>
    <wpt lat="50.1187590" lon="14.3924000">
        <name>35</name>
    </wpt>
    <wpt lat="50.1218490" lon="14.3938800">
        <name>36</name>
    </wpt>
    <wpt lat="50.1225090" lon="14.3944200">
        <name>37</name>
    </wpt>
    <wpt lat="50.1224900" lon="14.3947600">
        <name>38</name>
    </wpt>
    <wpt lat="50.1227110" lon="14.3949800">
        <name>39</name>
    </wpt>
    <wpt lat="50.1226620" lon="14.3953000">
        <name>40</name>
    </wpt>
    <wpt lat="50.1228410" lon="14.3955800">
        <name>41</name>
    </wpt>
    <wpt lat="50.1223980" lon="14.3978300">
        <name>42</name>
    </wpt>
    <wpt lat="50.1227800" lon="14.3983000">
        <name>43</name>
    </wpt>
    <wpt lat="50.1226500" lon="14.4007500">
        <name>44</name>
    </wpt>
    <wpt lat="50.1252590" lon="14.4002600">
        <name>45</name>
    </wpt>
    <wpt lat="50.1271590" lon="14.4015100">
        <name>46</name>
    </wpt>
    <wpt lat="50.1288910" lon="14.4021500">
        <name>47</name>
    </wpt>
    <wpt lat="50.1302190" lon="14.4017200">
        <name>48</name>
    </wpt>
    <wpt lat="50.1313210" lon="14.4005900">
        <name>49</name>
    </wpt>
    <wpt lat="50.1324010" lon="14.3984500">
        <name>50</name>
    </wpt>
    <wpt lat="50.1340290" lon="14.3955200">
        <name>51</name>
    </wpt>
    <wpt lat="50.1357380" lon="14.3938100">
        <name>52</name>
    </wpt>
    <wpt lat="50.1373600" lon="14.3948900">
        <name>53</name>
    </wpt>
    <wpt lat="50.1377110" lon="14.3946600">
        <name>54</name>
    </wpt>
    <wpt lat="50.1382710" lon="14.3949600">
        <name>55</name>
    </wpt>
    <wpt lat="50.1404420" lon="14.3976000">
        <name>56</name>
    </wpt>
    <wpt lat="50.1432500" lon="14.3991600">
        <name>57</name>
    </wpt>
    <wpt lat="50.1452790" lon="14.3994200">
        <name>58</name>
    </wpt>
    <wpt lat="50.1499710" lon="14.4002200">
        <name>59</name>
    </wpt>
    <wpt lat="50.1549800" lon="14.4016300">
        <name>60</name>
    </wpt>
    <wpt lat="50.1595990" lon="14.4036900">
        <name>61</name>
    </wpt>
    <wpt lat="50.1637310" lon="14.4057800">
        <name>62</name>
    </wpt>
    <wpt lat="50.1707120" lon="14.4030900">
        <name>63</name>
    </wpt>
    <wpt lat="50.1731300" lon="14.3984600">
        <name>64</name>
    </wpt>
    <wpt lat="50.1734310" lon="14.3915500">
        <name>65</name>
    </wpt>
    <wpt lat="50.1732710" lon="14.3866100">
        <name>66</name>
    </wpt>
    <wpt lat="50.1726910" lon="14.3832900">
        <name>67</name>
    </wpt>
    <wpt lat="50.1724510" lon="14.3759900">
        <name>68</name>
    </wpt>
    <wpt lat="50.1731300" lon="14.3738700">
        <name>69</name>
    </wpt>
    <wpt lat="50.1720090" lon="14.3697300">
        <name>70</name>
    </wpt>
    <wpt lat="50.1707380" lon="14.3659500">
        <name>71</name>
    </wpt>
    <wpt lat="50.1701890" lon="14.3654600">
        <name>72</name>
    </wpt>
    <wpt lat="50.1692500" lon="14.3614200">
        <name>73</name>
    </wpt>
    <wpt lat="50.1697620" lon="14.3616600">
        <name>74</name>
    </wpt>
    <wpt lat="50.1702310" lon="14.3606500">
        <name>75</name>
    </wpt>
    <wpt lat="50.1707120" lon="14.3587200">
        <name>76</name>
    </wpt>
    <wpt lat="50.1719210" lon="14.3560400">
        <name>77</name>
    </wpt>
    <wpt lat="50.1713980" lon="14.3551600">
        <name>78</name>
    </wpt>
    <wpt lat="50.1726910" lon="14.3560100">
        <name>79</name>
    </wpt>
    <wpt lat="50.1747090" lon="14.3558200">
        <name>80</name>
    </wpt>
    <wpt lat="50.1770710" lon="14.3581200">
        <name>81</name>
    </wpt>
    <wpt lat="50.1775890" lon="14.3581600">
        <name>82</name>
    </wpt>
    <wpt lat="50.1782300" lon="14.3598100">
        <name>83</name>
    </wpt>
    <wpt lat="50.1789090" lon="14.3590200">
        <name>84</name>
    </wpt>
    <wpt lat="50.1806490" lon="14.3657800">
        <name>85</name>
    </wpt>
    <wpt lat="50.1825790" lon="14.3705000">
        <name>86</name>
    </wpt>
    <wpt lat="50.1853410" lon="14.3739300">
        <name>87</name>
    </wpt>
    <wpt lat="50.1905900" lon="14.3771700">
        <name>88</name>
    </wpt>
    <wpt lat="50.1936300" lon="14.3781600">
        <name>89</name>
    </wpt>
    <wpt lat="50.1964990" lon="14.3764200">
        <name>90</name>
    </wpt>
    <wpt lat="50.1982380" lon="14.3729700">
        <name>91</name>
    </wpt>
    <wpt lat="50.2009390" lon="14.3681000">
        <name>92</name>
    </wpt>
    <wpt lat="50.2041510" lon="14.3648600">
        <name>93</name>
    </wpt>
    <wpt lat="50.2065390" lon="14.3638500">
        <name>94</name>
    </wpt>
    <wpt lat="50.2086490" lon="14.3606500">
        <name>95</name>
    </wpt>
    <wpt lat="50.2119220" lon="14.3568500">
        <name>96</name>
    </wpt>
    <wpt lat="50.2165180" lon="14.3543800">
        <name>97</name>
    </wpt>
    <wpt lat="50.2203480" lon="14.3536100">
        <name>98</name>
    </wpt>
    <wpt lat="50.2254600" lon="14.3521700">
        <name>99</name>
    </wpt>
    <wpt lat="50.2285120" lon="14.3496200">
        <name>100</name>
    </wpt>
    <wpt lat="50.2305490" lon="14.3433800">
        <name>101</name>
    </wpt>
    <wpt lat="50.2318800" lon="14.3409500">
        <name>102</name>
    </wpt>
    <wpt lat="50.2338290" lon="14.3402900">
        <name>103</name>
    </wpt>
    <wpt lat="50.2348400" lon="14.3386300">
        <name>104</name>
    </wpt>
    <wpt lat="50.2331700" lon="14.3357600">
        <name>105</name>
    </wpt>
    <wpt lat="50.2371290" lon="14.3311700">
        <name>106</name>
    </wpt>
    <wpt lat="50.2407190" lon="14.3240600">
        <name>107</name>
    </wpt>
    <wpt lat="50.2418290" lon="14.3217700">
        <name>108</name>
    </wpt>
    <wpt lat="50.2425800" lon="14.3211000">
        <name>109</name>
    </wpt>
    <wpt lat="50.2453800" lon="14.3143200">
        <name>110</name>
    </wpt>
    <wpt lat="50.2419590" lon="14.3105700">
        <name>111</name>
    </wpt>
    <wpt lat="50.2448080" lon="14.3067700">
        <name>112</name>
    </wpt>
    <wpt lat="50.2445910" lon="14.3054000">
        <name>113</name>
    </wpt>
    <wpt lat="50.2461700" lon="14.3042200">
        <name>114</name>
    </wpt>
    <wpt lat="50.2468300" lon="14.3046900">
        <name>115</name>
    </wpt>
    <wpt lat="50.2478220" lon="14.3034900">
        <name>116</name>
    </wpt>
    <wpt lat="50.2506900" lon="14.3022000">
        <name>117</name>
    </wpt>
    <wpt lat="50.2541810" lon="14.3020100">
        <name>118</name>
    </wpt>
    <wpt lat="50.2580720" lon="14.3014900">
        <name>119</name>
    </wpt>
    <wpt lat="50.2625500" lon="14.3024800">
        <name>120</name>
    </wpt>
    <wpt lat="50.2664990" lon="14.3035700">
        <name>121</name>
    </wpt>
    <wpt lat="50.2674900" lon="14.3045400">
        <name>122</name>
    </wpt>
    <wpt lat="50.2714000" lon="14.3065100">
        <name>123</name>
    </wpt>
    <wpt lat="50.2677190" lon="14.3028400">
        <name>124</name>
    </wpt>
    <wpt lat="50.2709500" lon="14.3032900">
        <name>125</name>
    </wpt>
    <wpt lat="50.2752110" lon="14.3045400">
        <name>126</name>
    </wpt>
    <wpt lat="50.2774510" lon="14.3048000">
        <name>127</name>
    </wpt>
    <wpt lat="50.2805600" lon="14.3052500">
        <name>128</name>
    </wpt>
    <wpt lat="50.2833790" lon="14.3061300">
        <name>129</name>
    </wpt>
    <wpt lat="50.2854120" lon="14.3081600">
        <name>130</name>
    </wpt>
    <wpt lat="50.2862890" lon="14.3093900">
        <name>131</name>
    </wpt>
    <wpt lat="50.2911610" lon="14.3101400">
        <name>132</name>
    </wpt>
    <wpt lat="50.2964520" lon="14.3123900">
        <name>133</name>
    </wpt>
    <wpt lat="50.3003810" lon="14.3142600">
        <name>134</name>
    </wpt>
    <wpt lat="50.3039510" lon="14.3175400">
        <name>135</name>
    </wpt>
    <wpt lat="50.3115390" lon="14.3108900">
        <name>136</name>
    </wpt>
    <wpt lat="50.3171200" lon="14.3022800">
        <name>137</name>
    </wpt>
    <wpt lat="50.3211590" lon="14.2946500">
        <name>138</name>
    </wpt>
    <wpt lat="50.3282390" lon="14.2892200">
        <name>139</name>
    </wpt>
    <wpt lat="50.3371010" lon="14.2819200">
        <name>140</name>
    </wpt>
    <wpt lat="50.3450010" lon="14.2746900">
        <name>141</name>
    </wpt>
    <wpt lat="50.3507120" lon="14.2704600">
        <name>142</name>
    </wpt>
    <wpt lat="50.3576010" lon="14.2652500">
        <name>143</name>
    </wpt>
    <wpt lat="50.3611980" lon="14.2626500">
        <name>144</name>
    </wpt>
    <wpt lat="50.3641820" lon="14.2583200">
        <name>145</name>
    </wpt>
    <wpt lat="50.3641280" lon="14.2495600">
        <name>146</name>
    </wpt>
    <wpt lat="50.3679620" lon="14.2447600">
        <name>147</name>
    </wpt>
    <wpt lat="50.3800320" lon="14.2335100">
        <name>148</name>
    </wpt>
    <wpt lat="50.3952480" lon="14.2207200">
        <name>149</name>
    </wpt>
    <wpt lat="50.4106480" lon="14.2063000">
        <name>150</name>
    </wpt>
    <wpt lat="50.4216380" lon="14.1966900">
        <name>151</name>
    </wpt>
    <wpt lat="50.4334790" lon="14.1806400">
        <name>152</name>
    </wpt>
    <wpt lat="50.4418410" lon="14.1736000">
        <name>153</name>
    </wpt>
    <wpt lat="50.4504810" lon="14.1679400">
        <name>154</name>
    </wpt>
    <wpt lat="50.4534000" lon="14.1672500">
        <name>155</name>
    </wpt>
    <wpt lat="50.4543800" lon="14.1606000">
        <name>156</name>
    </wpt>
    <wpt lat="50.4637300" lon="14.1657100">
        <name>157</name>
    </wpt>
    <wpt lat="50.4693790" lon="14.1627900">
        <name>158</name>
    </wpt>
    <wpt lat="50.4748990" lon="14.1662600">
        <name>159</name>
    </wpt>
    <wpt lat="50.4809610" lon="14.1720600">
        <name>160</name>
    </wpt>
    <wpt lat="50.4829600" lon="14.1732600">
        <name>161</name>
    </wpt>
    <wpt lat="50.4836390" lon="14.1697800">
        <name>162</name>
    </wpt>
    <wpt lat="50.4870800" lon="14.1706900">
        <name>163</name>
    </wpt>
    <wpt lat="50.4881210" lon="14.1687500">
        <name>164</name>
    </wpt>
    <wpt lat="50.4884680" lon="14.1642000">
        <name>165</name>
    </wpt>
    <wpt lat="50.4897000" lon="14.1612900">
        <name>166</name>
    </wpt>
    <wpt lat="50.4924580" lon="14.1601700">
        <name>167</name>
    </wpt>
    <wpt lat="50.4933280" lon="14.1552800">
        <name>168</name>
    </wpt>
    <wpt lat="50.4939610" lon="14.1499600">
        <name>169</name>
    </wpt>
    <wpt lat="50.4943700" lon="14.1470800">
        <name>170</name>
    </wpt>
    <wpt lat="50.5012210" lon="14.1460500">
        <name>171</name>
    </wpt>
    <wpt lat="50.5039480" lon="14.1448500">
        <name>172</name>
    </wpt>
    <wpt lat="50.5074690" lon="14.1403400">
        <name>173</name>
    </wpt>
    <wpt lat="50.5105020" lon="14.1387100">
        <name>174</name>
    </wpt>
    <wpt lat="50.5134810" lon="14.1391400">
        <name>175</name>
    </wpt>
    <wpt lat="50.5186880" lon="14.1368700">
        <name>176</name>
    </wpt>
    <wpt lat="50.5238490" lon="14.1372500">
        <name>177</name>
    </wpt>
    <wpt lat="50.5267910" lon="14.1348500">
        <name>178</name>
    </wpt>
    <wpt lat="50.5305600" lon="14.1345330">
        <name>179</name>
    </wpt>
    <wpt lat="50.5316660" lon="14.1387180">
        <name>180</name>
    </wpt>
    <wpt lat="50.5315400" lon="14.1388400">
        <name>1</name>
    </wpt>
    <wpt lat="50.5308610" lon="14.1357500">
        <name>2</name>
    </wpt>
    <wpt lat="50.5309490" lon="14.1341000">
        <name>3</name>
    </wpt>
    <wpt lat="50.5314290" lon="14.1337300">
        <name>4</name>
    </wpt>
    <wpt lat="50.5311580" lon="14.1308800">
        <name>5</name>
    </wpt>
    <wpt lat="50.5305710" lon="14.1306000">
        <name>6</name>
    </wpt>
    <wpt lat="50.5307080" lon="14.1266500">
        <name>7</name>
    </wpt>
    <wpt lat="50.5310290" lon="14.1242700">
        <name>8</name>
    </wpt>
    <wpt lat="50.5312880" lon="14.1210100">
        <name>9</name>
    </wpt>
    <wpt lat="50.5314710" lon="14.1173000">
        <name>10</name>
    </wpt>
    <wpt lat="50.5313490" lon="14.1152400">
        <name>11</name>
    </wpt>
    <wpt lat="50.5305600" lon="14.1123200">
        <name>12</name>
    </wpt>
    <wpt lat="50.5303380" lon="14.1111800">
        <name>13</name>
    </wpt>
    <wpt lat="50.5295980" lon="14.1100500">
        <name>14</name>
    </wpt>
    <wpt lat="50.5289690" lon="14.1077300">
        <name>15</name>
    </wpt>
    <wpt lat="50.5279390" lon="14.1056500">
        <name>16</name>
    </wpt>
    <wpt lat="50.5271680" lon="14.1044700">
        <name>17</name>
    </wpt>
    <wpt lat="50.5263290" lon="14.1034400">
        <name>18</name>
    </wpt>
    <wpt lat="50.5249400" lon="14.1014000">
        <name>19</name>
    </wpt>
    <wpt lat="50.5238000" lon="14.0988000">
        <name>20</name>
    </wpt>
    <wpt lat="50.5229910" lon="14.0953300">
        <name>21</name>
    </wpt>
    <wpt lat="50.5226900" lon="14.0938500">
        <name>22</name>
    </wpt>
    <wpt lat="50.5223010" lon="14.0928800">
        <name>23</name>
    </wpt>
    <wpt lat="50.5219920" lon="14.0912300">
        <name>24</name>
    </wpt>
    <wpt lat="50.5220300" lon="14.0893800">
        <name>25</name>
    </wpt>
    <wpt lat="50.5223200" lon="14.0875800">
        <name>26</name>
    </wpt>
    <wpt lat="50.5219190" lon="14.0859100">
        <name>27</name>
    </wpt>
    <wpt lat="50.5222400" lon="14.0851500">
        <name>28</name>
    </wpt>
    <wpt lat="50.5218700" lon="14.0842300">
        <name>29</name>
    </wpt>
    <wpt lat="50.5217020" lon="14.0828600">
        <name>30</name>
    </wpt>
    <wpt lat="50.5215680" lon="14.0797000">
        <name>31</name>
    </wpt>
    <wpt lat="50.5223620" lon="14.0797000">
        <name>32</name>
    </wpt>
    <wpt lat="50.5231510" lon="14.0808600">
        <name>33</name>
    </wpt>
    <wpt lat="50.5238990" lon="14.0810300">
        <name>34</name>
    </wpt>
    <wpt lat="50.5246580" lon="14.0809500">
        <name>35</name>
    </wpt>
    <wpt lat="50.5255510" lon="14.0801300">
        <name>36</name>
    </wpt>
    <wpt lat="50.5266610" lon="14.0783100">
        <name>37</name>
    </wpt>
    <wpt lat="50.5280490" lon="14.0762900">
        <name>38</name>
    </wpt>
    <wpt lat="50.5289920" lon="14.0744000">
        <name>39</name>
    </wpt>
    <wpt lat="50.5299190" lon="14.0713100">
        <name>40</name>
    </wpt>
    <wpt lat="50.5308300" lon="14.0696200">
        <name>41</name>
    </wpt>
    <wpt lat="50.5326000" lon="14.0685700">
        <name>42</name>
    </wpt>
    <wpt lat="50.5333400" lon="14.0675400">
        <name>43</name>
    </wpt>
    <wpt lat="50.5336490" lon="14.0664700">
        <name>44</name>
    </wpt>
    <wpt lat="50.5387120" lon="14.0629600">
        <name>45</name>
    </wpt>
    <wpt lat="50.5419080" lon="14.0611300">
        <name>46</name>
    </wpt>
    <wpt lat="50.5434190" lon="14.0599800">
        <name>47</name>
    </wpt>
    <wpt lat="50.5445590" lon="14.0583600">
        <name>48</name>
    </wpt>
    <wpt lat="50.5451510" lon="14.0563200">
        <name>49</name>
    </wpt>
    <wpt lat="50.5456090" lon="14.0535900">
        <name>50</name>
    </wpt>
    <wpt lat="50.5457190" lon="14.0513900">
        <name>51</name>
    </wpt>
    <wpt lat="50.5457380" lon="14.0502100">
        <name>52</name>
    </wpt>
    <wpt lat="50.5458790" lon="14.0489100">
        <name>53</name>
    </wpt>
    <wpt lat="50.5467990" lon="14.0453900">
        <name>54</name>
    </wpt>
    <wpt lat="50.5473210" lon="14.0438500">
        <name>55</name>
    </wpt>
    <wpt lat="50.5482900" lon="14.0424400">
        <name>56</name>
    </wpt>
    <wpt lat="50.5493700" lon="14.0416400">
        <name>57</name>
    </wpt>
    <wpt lat="50.5502890" lon="14.0414200">
        <name>58</name>
    </wpt>
    <wpt lat="50.5508120" lon="14.0410200">
        <name>59</name>
    </wpt>
    <wpt lat="50.5520590" lon="14.0407900">
        <name>60</name>
    </wpt>
    <wpt lat="50.5532420" lon="14.0403500">
        <name>61</name>
    </wpt>
    <wpt lat="50.5547410" lon="14.0394000">
        <name>62</name>
    </wpt>
    <wpt lat="50.5554500" lon="14.0388500">
        <name>63</name>
    </wpt>
    <wpt lat="50.5563580" lon="14.0384200">
        <name>64</name>
    </wpt>
    <wpt lat="50.5575600" lon="14.0385700">
        <name>65</name>
    </wpt>
    <wpt lat="50.5592690" lon="14.0391200">
        <name>66</name>
    </wpt>
    <wpt lat="50.5615620" lon="14.0390900">
        <name>67</name>
    </wpt>
    <wpt lat="50.5618590" lon="14.0396500">
        <name>68</name>
    </wpt>
    <wpt lat="50.5640720" lon="14.0404000">
        <name>69</name>
    </wpt>
    <wpt lat="50.5650410" lon="14.0405300">
        <name>70</name>
    </wpt>
    <wpt lat="50.5659790" lon="14.0404000">
        <name>71</name>
    </wpt>
    <wpt lat="50.5664600" lon="14.0401900">
        <name>72</name>
    </wpt>
    <wpt lat="50.5678480" lon="14.0408900">
        <name>73</name>
    </wpt>
    <wpt lat="50.5680620" lon="14.0404500">
        <name>74</name>
    </wpt>
    <wpt lat="50.5704190" lon="14.0433600">
        <name>75</name>
    </wpt>
    <wpt lat="50.5730400" lon="14.0434400">
        <name>76</name>
    </wpt>
    <wpt lat="50.5770680" lon="14.0409500">
        <name>77</name>
    </wpt>
    <wpt lat="50.5792500" lon="14.0391600">
        <name>78</name>
    </wpt>
    <wpt lat="50.5809100" lon="14.0375600">
        <name>79</name>
    </wpt>
    <wpt lat="50.5816500" lon="14.0363200">
        <name>80</name>
    </wpt>
    <wpt lat="50.5835000" lon="14.0347800">
        <name>81</name>
    </wpt>
    <wpt lat="50.5844380" lon="14.0339400">
        <name>82</name>
    </wpt>
    <wpt lat="50.5853610" lon="14.0338300">
        <name>83</name>
    </wpt>
    <wpt lat="50.5874790" lon="14.0353000">
        <name>84</name>
    </wpt>
    <wpt lat="50.5887720" lon="14.0367500">
        <name>85</name>
    </wpt>
    <wpt lat="50.5889820" lon="14.0375200">
        <name>86</name>
    </wpt>
    <wpt lat="50.5901110" lon="14.0393600">
        <name>87</name>
    </wpt>
    <wpt lat="50.5915410" lon="14.0419900">
        <name>88</name>
    </wpt>
    <wpt lat="50.5924610" lon="14.0438600">
        <name>89</name>
    </wpt>
    <wpt lat="50.5928800" lon="14.0462700">
        <name>90</name>
    </wpt>
    <wpt lat="50.5926020" lon="14.0527100">
        <name>91</name>
    </wpt>
    <wpt lat="50.5924420" lon="14.0585500">
        <name>92</name>
    </wpt>
    <wpt lat="50.5932620" lon="14.0584600">
        <name>93</name>
    </wpt>
    <wpt lat="50.5933110" lon="14.0618900">
        <name>94</name>
    </wpt>
    <wpt lat="50.5949520" lon="14.0656700">
        <name>95</name>
    </wpt>
    <wpt lat="50.5956610" lon="14.0674700">
        <name>96</name>
    </wpt>
    <wpt lat="50.5970190" lon="14.0700500">
        <name>97</name>
    </wpt>
    <wpt lat="50.6003420" lon="14.0724500">
        <name>98</name>
    </wpt>
    <wpt lat="50.6059490" lon="14.0746800">
        <name>99</name>
    </wpt>
    <wpt lat="50.6099820" lon="14.0769200">
        <name>100</name>
    </wpt>
    <wpt lat="50.6170080" lon="14.0780300">
        <name>101</name>
    </wpt>
    <wpt lat="50.6203310" lon="14.0753700">
        <name>102</name>
    </wpt>
    <wpt lat="50.6244700" lon="14.0719400">
        <name>103</name>
    </wpt>
    <wpt lat="50.6268690" lon="14.0652400">
        <name>104</name>
    </wpt>
    <wpt lat="50.6289900" lon="14.0580300">
        <name>105</name>
    </wpt>
    <wpt lat="50.6380310" lon="14.0503100">
        <name>106</name>
    </wpt>
    <wpt lat="50.6549000" lon="14.0446400">
        <name>107</name>
    </wpt>
    <wpt lat="50.6596910" lon="14.0492800">
        <name>108</name>
    </wpt>
    <wpt lat="50.6594700" lon="14.0561400">
        <name>109</name>
    </wpt>
    <wpt lat="50.6586490" lon="14.0570000">
        <name>110</name>
    </wpt>
    <wpt lat="50.6595190" lon="14.0602600">
        <name>111</name>
    </wpt>
    <wpt lat="50.6594700" lon="14.0654100">
        <name>112</name>
    </wpt>
    <wpt lat="50.6582720" lon="14.0684200">
        <name>113</name>
    </wpt>
    <wpt lat="50.6581610" lon="14.0755400">
        <name>114</name>
    </wpt>
    <wpt lat="50.6607210" lon="14.0862700">
        <name>115</name>
    </wpt>
    <wpt lat="50.6615910" lon="14.0955400">
        <name>116</name>
    </wpt>
    <wpt lat="50.6638790" lon="14.1028400">
        <name>117</name>
    </wpt>
    <wpt lat="50.6665380" lon="14.1100500">
        <name>118</name>
    </wpt>
    <wpt lat="50.6697010" lon="14.1163100">
        <name>119</name>
    </wpt>
    <wpt lat="50.6727980" lon="14.1195700">
        <name>120</name>
    </wpt>
    <wpt lat="50.6747020" lon="14.1220600">
        <name>121</name>
    </wpt>
    <wpt lat="50.6739880" lon="14.1274700">
        <name>122</name>
    </wpt>
    <wpt lat="50.6679000" lon="14.1322800">
        <name>123</name>
    </wpt>
    <wpt lat="50.6660500" lon="14.1310700">
        <name>124</name>
    </wpt>
    <wpt lat="50.6637690" lon="14.1422300">
        <name>125</name>
    </wpt>
    <wpt lat="50.6655620" lon="14.1422300">
        <name>126</name>
    </wpt>
    <wpt lat="50.6655080" lon="14.1479800">
        <name>127</name>
    </wpt>
    <wpt lat="50.6661610" lon="14.1498700">
        <name>128</name>
    </wpt>
    <wpt lat="50.6663820" lon="14.1593100">
        <name>129</name>
    </wpt>
    <wpt lat="50.6697500" lon="14.1660100">
        <name>130</name>
    </wpt>
    <wpt lat="50.6732900" lon="14.1694400">
        <name>131</name>
    </wpt>
    <wpt lat="50.6800920" lon="14.1788000">
        <name>132</name>
    </wpt>
    <wpt lat="50.6843800" lon="14.1844600">
        <name>133</name>
    </wpt>
    <wpt lat="50.6856920" lon="14.1913300">
        <name>134</name>
    </wpt>
    <wpt lat="50.6889000" lon="14.1965600">
        <name>135</name>
    </wpt>
    <wpt lat="50.6949310" lon="14.2031700">
        <name>136</name>
    </wpt>
    <wpt lat="50.6987380" lon="14.2016300">
        <name>137</name>
    </wpt>
    <wpt lat="50.7038990" lon="14.1987900">
        <name>138</name>
    </wpt>
    <wpt lat="50.7122690" lon="14.1981100">
        <name>139</name>
    </wpt>
    <wpt lat="50.7160800" lon="14.1978500">
        <name>140</name>
    </wpt>
    <wpt lat="50.7212910" lon="14.1943300">
        <name>141</name>
    </wpt>
    <wpt lat="50.7264520" lon="14.1901300">
        <name>142</name>
    </wpt>
    <wpt lat="50.7299880" lon="14.1898700">
        <name>143</name>
    </wpt>
    <wpt lat="50.7316700" lon="14.1907300">
        <name>144</name>
    </wpt>
    <wpt lat="50.7380790" lon="14.1905500">
        <name>145</name>
    </wpt>
    <wpt lat="50.7424320" lon="14.1915800">
        <name>146</name>
    </wpt>
    <wpt lat="50.7482910" lon="14.1951000">
        <name>147</name>
    </wpt>
    <wpt lat="50.7513310" lon="14.1975900">
        <name>148</name>
    </wpt>
    <wpt lat="50.7565990" lon="14.2033400">
        <name>149</name>
    </wpt>
    <wpt lat="50.7597500" lon="14.2066900">
        <name>150</name>
    </wpt>
    <wpt lat="50.7605090" lon="14.2066100">
        <name>151</name>
    </wpt>
    <wpt lat="50.7670210" lon="14.2133900">
        <name>152</name>
    </wpt>
    <wpt lat="50.7746200" lon="14.2127000">
        <name>153</name>
    </wpt>
    <wpt lat="50.7767910" lon="14.2131300">
        <name>154</name>
    </wpt>
    <wpt lat="50.7785800" lon="14.2125300">
        <name>155</name>
    </wpt>
    <wpt lat="50.7792400" lon="14.2152700">
        <name>156</name>
    </wpt>
    <wpt lat="50.7801590" lon="14.2115000">
        <name>157</name>
    </wpt>
    <wpt lat="50.7816200" lon="14.2060000">
        <name>158</name>
    </wpt>
    <wpt lat="50.7845500" lon="14.2084900">
        <name>159</name>
    </wpt>
    <wpt lat="50.7867810" lon="14.2147600">
        <name>160</name>
    </wpt>
    <wpt lat="50.7888980" lon="14.2243700">
        <name>161</name>
    </wpt>
    <wpt lat="50.7954600" lon="14.2346700">
        <name>162</name>
    </wpt>
    <wpt lat="50.8023990" lon="14.2358700">
        <name>163</name>
    </wpt>
    <wpt lat="50.8071780" lon="14.2326100">
        <name>164</name>
    </wpt>
    <wpt lat="50.8117900" lon="14.2247200">
        <name>165</name>
    </wpt>
    <wpt lat="50.8182980" lon="14.2214500">
        <name>166</name>
    </wpt>
    <wpt lat="50.8270300" lon="14.2237700">
        <name>167</name>
    </wpt>
    <wpt lat="50.8334200" lon="14.2263500">
        <name>168</name>
    </wpt>
    <wpt lat="50.8390080" lon="14.2219700">
        <name>169</name>
    </wpt>
    <wpt lat="50.8440510" lon="14.2163000">
        <name>170</name>
    </wpt>
    <wpt lat="50.8498380" lon="14.2147600">
        <name>171</name>
    </wpt>
    <wpt lat="50.8572080" lon="14.2212000">
        <name>172</name>
    </wpt>
    <wpt lat="50.8659400" lon="14.2276300">
        <name>173</name>
    </wpt>
    <wpt lat="50.8773610" lon="14.2349300">
        <name>174</name>
    </wpt>
    <wpt lat="50.8851590" lon="14.2339000">
        <name>175</name>
    </wpt>
    <wpt lat="50.8947490" lon="14.2236000">
        <name>176</name>
    </wpt>
    <wpt lat="50.9020000" lon="14.2102100">
        <name>177</name>
    </wpt>
    <wpt lat="50.9056820" lon="14.1967300">
        <name>178</name>
    </wpt>
    <wpt lat="50.9099620" lon="14.1769900">
        <name>179</name>
    </wpt>
    <wpt lat="50.9146120" lon="14.1535600">
        <name>180</name>
    </wpt>
    <wpt lat="50.9208300" lon="14.1336500">
        <name>181</name>
    </wpt>
    <wpt lat="50.9205090" lon="14.1303900">
        <name>182</name>
    </wpt>
    <wpt lat="50.9215890" lon="14.1281600">
        <name>183</name>
    </wpt>
    <wpt lat="50.9274290" lon="14.1102200">
        <name>184</name>
    </wpt>
    <wpt lat="50.9276500" lon="14.1047200">
        <name>185</name>
    </wpt>
    <wpt lat="50.9254910" lon="14.0971700">
        <name>186</name>
    </wpt>
    <wpt lat="50.9203490" lon="14.0845500">
        <name>187</name>
    </wpt>
    <wpt lat="50.9191590" lon="14.0688500">
        <name>188</name>
    </wpt>
    <wpt lat="50.9259680" lon="14.0557100">
        <name>189</name>
    </wpt>
    <wpt lat="50.9348410" lon="14.0583800">
        <name>190</name>
    </wpt>
    <wpt lat="50.9405780" lon="14.0748600">
        <name>191</name>
    </wpt>
    <wpt lat="50.9456100" lon="14.0806100">
        <name>192</name>
    </wpt>
    <wpt lat="50.9562110" lon="14.0790600">
        <name>193</name>
    </wpt>
    <wpt lat="50.9579390" lon="14.0643800">
        <name>194</name>
    </wpt>
    <wpt lat="50.9567490" lon="14.0494500">
        <name>195</name>
    </wpt>
    <wpt lat="50.9544180" lon="14.0349400">
        <name>196</name>
    </wpt>
    <wpt lat="50.9515000" lon="14.0237000">
        <name>197</name>
    </wpt>
    <wpt lat="50.9453890" lon="14.0140000">
        <name>198</name>
    </wpt>
    <wpt lat="50.9438210" lon="14.0037000">
        <name>199</name>
    </wpt>
    <wpt lat="50.9465790" lon="13.9982100">
        <name>200</name>
    </wpt>
    <wpt lat="50.9487990" lon="13.9928000">
        <name>201</name>
    </wpt>
    <wpt lat="50.9517210" lon="13.9854200">
        <name>202</name>
    </wpt>
    <wpt lat="50.9541510" lon="13.9789800">
        <name>203</name>
    </wpt>
    <wpt lat="50.9592900" lon="13.9718600">
        <name>204</name>
    </wpt>
    <wpt lat="50.9632910" lon="13.9568400">
        <name>205</name>
    </wpt>
    <wpt lat="50.9633410" lon="13.9460200">
        <name>206</name>
    </wpt>
    <wpt lat="50.9640390" lon="13.9346900">
        <name>207</name>
    </wpt>
    <wpt lat="50.9643100" lon="13.9285100">
        <name>208</name>
    </wpt>
    <wpt lat="50.9626390" lon="13.9201000">
        <name>209</name>
    </wpt>
    <wpt lat="50.9610210" lon="13.9111800">
        <name>210</name>
    </wpt>
    <wpt lat="50.9603120" lon="13.9039700">
        <name>211</name>
    </wpt>
    <wpt lat="50.9614980" lon="13.8953000">
        <name>212</name>
    </wpt>
    <wpt lat="50.9676090" lon="13.8842300">
        <name>213</name>
    </wpt>
    <wpt lat="50.9732890" lon="13.8807100">
        <name>214</name>
    </wpt>
    <wpt lat="50.9776610" lon="13.8816500">
        <name>215</name>
    </wpt>
    <wpt lat="50.9821010" lon="13.8831100">
        <name>216</name>
    </wpt>
    <wpt lat="50.9905820" lon="13.8786500">
        <name>217</name>
    </wpt>
    <wpt lat="50.9909590" lon="13.8760700">
        <name>218</name>
    </wpt>
    <wpt lat="50.9931180" lon="13.8759900">
        <name>219</name>
    </wpt>
    <wpt lat="50.9980890" lon="13.8739300">
        <name>220</name>
    </wpt>
    <wpt lat="51.0009000" lon="13.8704100">
        <name>221</name>
    </wpt>
    <wpt lat="51.0071110" lon="13.8648300">
        <name>222</name>
    </wpt>
    <wpt lat="51.0089420" lon="13.8609700">
        <name>223</name>
    </wpt>
    <wpt lat="51.0145610" lon="13.8501500">
        <name>224</name>
    </wpt>
    <wpt lat="51.0176390" lon="13.8457700">
        <name>225</name>
    </wpt>
    <wpt lat="51.0178490" lon="13.8425100">
        <name>226</name>
    </wpt>
    <wpt lat="51.0249790" lon="13.8376200">
        <name>227</name>
    </wpt>
    <wpt lat="51.0260580" lon="13.8395900">
        <name>228</name>
    </wpt>
    <wpt lat="51.0313490" lon="13.8372800">
        <name>229</name>
    </wpt>
    <wpt lat="51.0355110" lon="13.8298900">
        <name>230</name>
    </wpt>
    <wpt lat="51.0397190" lon="13.8200200">
        <name>231</name>
    </wpt>
    <wpt lat="51.0514300" lon="13.8103200">
        <name>232</name>
    </wpt>
    <wpt lat="51.0581210" lon="13.8044000">
        <name>233</name>
    </wpt>
    <wpt lat="51.0595210" lon="13.8025100">
        <name>234</name>
    </wpt>
    <wpt lat="51.0614090" lon="13.7956500">
        <name>235</name>
    </wpt>
    <wpt lat="51.0629690" lon="13.7753900">
        <name>236</name>
    </wpt>
    <wpt lat="51.0594100" lon="13.7622600">
        <name>237</name>
    </wpt>
    <wpt lat="51.0536380" lon="13.7476700">
        <name>238</name>
    </wpt>
    <wpt lat="51.0583650" lon="13.7462780">
        <name>239</name>
    </wpt>
    <wpt lat="51.0611420" lon="13.7461280">
        <name>240</name>
    </wpt>
    <wpt lat="51.0620990" lon="13.7461710">
        <name>241</name>
    </wpt>
    <wpt lat="51.0630680" lon="13.7472870">
        <name>242</name>
    </wpt>
    <wpt lat="51.0638120" lon="13.7469650">
        <name>243</name>
    </wpt>
    <wpt lat="51.0641630" lon="13.7450120">
        <name>244</name>
    </wpt>
    <wpt lat="51.0645260" lon="13.7434890">
        <name>245</name>
    </wpt>
    <wpt lat="51.0651210" lon="13.7437890">
        <name>246</name>
    </wpt>
    <wpt lat="51.0644800" lon="13.7406300">
        <name>1</name>
    </wpt>
    <wpt lat="51.0629690" lon="13.7366800">
        <name>2</name>
    </wpt>
    <wpt lat="51.0598410" lon="13.7289600">
        <name>3</name>
    </wpt>
    <wpt lat="51.0653380" lon="13.7172800">
        <name>4</name>
    </wpt>
    <wpt lat="51.0661010" lon="13.7083600">
        <name>5</name>
    </wpt>
    <wpt lat="51.0632900" lon="13.6953100">
        <name>6</name>
    </wpt>
    <wpt lat="51.0620000" lon="13.6899900">
        <name>7</name>
    </wpt>
    <wpt lat="51.0623210" lon="13.6800300">
        <name>8</name>
    </wpt>
    <wpt lat="51.0673900" lon="13.6743700">
        <name>9</name>
    </wpt>
    <wpt lat="51.0761300" lon="13.6661300">
        <name>10</name>
    </wpt>
    <wpt lat="51.0862690" lon="13.6422700">
        <name>11</name>
    </wpt>
    <wpt lat="51.0890690" lon="13.6266500">
        <name>12</name>
    </wpt>
    <wpt lat="51.0884210" lon="13.6175500">
        <name>13</name>
    </wpt>
    <wpt lat="51.0919800" lon="13.6055300">
        <name>14</name>
    </wpt>
    <wpt lat="51.0972710" lon="13.5967800">
        <name>15</name>
    </wpt>
    <wpt lat="51.0999600" lon="13.5873400">
        <name>16</name>
    </wpt>
    <wpt lat="51.1157000" lon="13.5574700">
        <name>17</name>
    </wpt>
    <wpt lat="51.1255000" lon="13.5303500">
        <name>18</name>
    </wpt>
    <wpt lat="51.1281890" lon="13.5274300">
        <name>19</name>
    </wpt>
    <wpt lat="51.1339000" lon="13.5114600">
        <name>20</name>
    </wpt>
    <wpt lat="51.1488690" lon="13.4874300">
        <name>21</name>
    </wpt>
    <wpt lat="51.1551210" lon="13.4764400">
        <name>22</name>
    </wpt>
    <wpt lat="51.1708410" lon="13.4704400">
        <name>23</name>
    </wpt>
    <wpt lat="51.1742780" lon="13.4597900">
        <name>24</name>
    </wpt>
    <wpt lat="51.1837500" lon="13.4462300">
        <name>25</name>
    </wpt>
    <wpt lat="51.1880490" lon="13.4288900">
        <name>26</name>
    </wpt>
    <wpt lat="51.1965480" lon="13.4100100">
        <name>27</name>
    </wpt>
    <wpt lat="51.2110710" lon="13.4024600">
        <name>28</name>
    </wpt>
    <wpt lat="51.2223590" lon="13.3971400">
        <name>29</name>
    </wpt>
    <wpt lat="51.2266620" lon="13.4029700">
        <name>30</name>
    </wpt>
    <wpt lat="51.2365490" lon="13.3993700">
        <name>31</name>
    </wpt>
    <wpt lat="51.2398800" lon="13.4074400">
        <name>32</name>
    </wpt>
    <wpt lat="51.2496600" lon="13.3993700">
        <name>33</name>
    </wpt>
    <wpt lat="51.2568590" lon="13.4005700">
        <name>34</name>
    </wpt>
    <wpt lat="51.2640610" lon="13.3966200">
        <name>35</name>
    </wpt>
    <wpt lat="51.2656710" lon="13.4012600">
        <name>36</name>
    </wpt>
    <wpt lat="51.2712520" lon="13.4009100">
        <name>37</name>
    </wpt>
    <wpt lat="51.2716790" lon="13.3976500">
        <name>38</name>
    </wpt>
    <wpt lat="51.2759820" lon="13.3911300">
        <name>39</name>
    </wpt>
    <wpt lat="51.2818910" lon="13.3870100">
        <name>40</name>
    </wpt>
    <wpt lat="51.2873610" lon="13.3901000">
        <name>41</name>
    </wpt>
    <wpt lat="51.2955210" lon="13.3799700">
        <name>42</name>
    </wpt>
    <wpt lat="51.2927280" lon="13.3770500">
        <name>43</name>
    </wpt>
    <wpt lat="51.3008920" lon="13.3564500">
        <name>44</name>
    </wpt>
    <wpt lat="51.3032490" lon="13.3557700">
        <name>45</name>
    </wpt>
    <wpt lat="51.3076520" lon="13.3440900">
        <name>46</name>
    </wpt>
    <wpt lat="51.3058200" lon="13.3243500">
        <name>47</name>
    </wpt>
    <wpt lat="51.3055000" lon="13.3058100">
        <name>48</name>
    </wpt>
    <wpt lat="51.3092610" lon="13.2944800">
        <name>49</name>
    </wpt>
    <wpt lat="51.3146210" lon="13.3005800">
        <name>50</name>
    </wpt>
    <wpt lat="51.3185390" lon="13.3083900">
        <name>51</name>
    </wpt>
    <wpt lat="51.3183210" lon="13.3143100">
        <name>52</name>
    </wpt>
    <wpt lat="51.3211710" lon="13.3181700">
        <name>53</name>
    </wpt>
    <wpt lat="51.3236310" lon="13.3176600">
        <name>54</name>
    </wpt>
    <wpt lat="51.3271710" lon="13.3235800">
        <name>55</name>
    </wpt>
    <wpt lat="51.3306080" lon="13.3355100">
        <name>56</name>
    </wpt>
    <wpt lat="51.3321110" lon="13.3385100">
        <name>57</name>
    </wpt>
    <wpt lat="51.3332900" lon="13.3385100">
        <name>58</name>
    </wpt>
    <wpt lat="51.3339310" lon="13.3416900">
        <name>59</name>
    </wpt>
    <wpt lat="51.3362390" lon="13.3440100">
        <name>60</name>
    </wpt>
    <wpt lat="51.3366090" lon="13.3449500">
        <name>61</name>
    </wpt>
    <wpt lat="51.3387600" lon="13.3456400">
        <name>62</name>
    </wpt>
    <wpt lat="51.3402600" lon="13.3470100">
        <name>63</name>
    </wpt>
    <wpt lat="51.3421900" lon="13.3490700">
        <name>64</name>
    </wpt>
    <wpt lat="51.3447610" lon="13.3504400">
        <name>65</name>
    </wpt>
    <wpt lat="51.3486210" lon="13.3531900">
        <name>66</name>
    </wpt>
    <wpt lat="51.3572010" lon="13.3600600">
        <name>67</name>
    </wpt>
    <wpt lat="51.3636280" lon="13.3634900">
        <name>68</name>
    </wpt>
    <wpt lat="51.3739200" lon="13.3648600">
        <name>69</name>
    </wpt>
    <wpt lat="51.3786320" lon="13.3717300">
        <name>70</name>
    </wpt>
    <wpt lat="51.3818510" lon="13.3761100">
        <name>71</name>
    </wpt>
    <wpt lat="51.3970600" lon="13.3744800">
        <name>72</name>
    </wpt>
    <wpt lat="51.4073410" lon="13.3703600">
        <name>73</name>
    </wpt>
    <wpt lat="51.4180490" lon="13.3634900">
        <name>74</name>
    </wpt>
    <wpt lat="51.4240420" lon="13.3614300">
        <name>75</name>
    </wpt>
    <wpt lat="51.4304620" lon="13.3573100">
        <name>76</name>
    </wpt>
    <wpt lat="51.4351690" lon="13.3566200">
        <name>77</name>
    </wpt>
    <wpt lat="51.4368780" lon="13.3565400">
        <name>78</name>
    </wpt>
    <wpt lat="51.4422910" lon="13.3662400">
        <name>79</name>
    </wpt>
    <wpt lat="51.4447520" lon="13.3701900">
        <name>80</name>
    </wpt>
    <wpt lat="51.4522400" lon="13.3866600">
        <name>81</name>
    </wpt>
    <wpt lat="51.4642720" lon="13.3922400">
        <name>82</name>
    </wpt>
    <wpt lat="51.4712720" lon="13.3890700">
        <name>83</name>
    </wpt>
    <wpt lat="51.4735180" lon="13.4113000">
        <name>84</name>
    </wpt>
    <wpt lat="51.4776380" lon="13.4220300">
        <name>85</name>
    </wpt>
    <wpt lat="51.4799120" lon="13.4252070">
        <name>86</name>
    </wpt>
    <wpt lat="51.4823190" lon="13.4262370">
        <name>87</name>
    </wpt>
    <wpt lat="51.4819720" lon="13.4300570">
        <name>88</name>
    </wpt>
    <wpt lat="51.4840010" lon="13.4345630">
        <name>89</name>
    </wpt>
    <wpt lat="51.4862210" lon="13.4375670">
        <name>90</name>
    </wpt>
    <wpt lat="51.4879300" lon="13.4353350">
        <name>91</name>
    </wpt>
    <wpt lat="51.4922870" lon="13.4333610">
        <name>92</name>
    </wpt>
    <wpt lat="51.4966960" lon="13.4283400">
        <name>93</name>
    </wpt>
    <wpt lat="51.4983790" lon="13.4278680">
        <name>94</name>
    </wpt>
    <wpt lat="51.5001140" lon="13.4261510">
        <name>95</name>
    </wpt>
    <wpt lat="51.5004080" lon="13.4313440">
        <name>96</name>
    </wpt>
    <wpt lat="51.5001490" lon="13.4261000">
        <name>1</name>
    </wpt>
    <wpt lat="51.5003200" lon="13.4241300">
        <name>2</name>
    </wpt>
    <wpt lat="51.5015300" lon="13.4230100">
        <name>3</name>
    </wpt>
    <wpt lat="51.5033420" lon="13.4216400">
        <name>4</name>
    </wpt>
    <wpt lat="51.5039600" lon="13.4207000">
        <name>5</name>
    </wpt>
    <wpt lat="51.5066300" lon="13.4192800">
        <name>6</name>
    </wpt>
    <wpt lat="51.5074810" lon="13.4178200">
        <name>7</name>
    </wpt>
    <wpt lat="51.5081210" lon="13.4168800">
        <name>8</name>
    </wpt>
    <wpt lat="51.5098110" lon="13.4141300">
        <name>9</name>
    </wpt>
    <wpt lat="51.5113600" lon="13.4111700">
        <name>10</name>
    </wpt>
    <wpt lat="51.5119710" lon="13.4103500">
        <name>11</name>
    </wpt>
    <wpt lat="51.5151710" lon="13.4091500">
        <name>12</name>
    </wpt>
    <wpt lat="51.5152020" lon="13.4056300">
        <name>13</name>
    </wpt>
    <wpt lat="51.5148010" lon="13.4029700">
        <name>14</name>
    </wpt>
    <wpt lat="51.5150110" lon="13.4018600">
        <name>15</name>
    </wpt>
    <wpt lat="51.5151210" lon="13.4006100">
        <name>16</name>
    </wpt>
    <wpt lat="51.5155490" lon="13.4000100">
        <name>17</name>
    </wpt>
    <wpt lat="51.5158390" lon="13.3986000">
        <name>18</name>
    </wpt>
    <wpt lat="51.5161400" lon="13.3966600">
        <name>19</name>
    </wpt>
    <wpt lat="51.5166210" lon="13.3947800">
        <name>20</name>
    </wpt>
    <wpt lat="51.5166700" lon="13.3913000">
        <name>21</name>
    </wpt>
    <wpt lat="51.5161400" lon="13.3902300">
        <name>22</name>
    </wpt>
    <wpt lat="51.5176580" lon="13.3860400">
        <name>23</name>
    </wpt>
    <wpt lat="51.5167620" lon="13.3839600">
        <name>24</name>
    </wpt>
    <wpt lat="51.5163190" lon="13.3826500">
        <name>25</name>
    </wpt>
    <wpt lat="51.5112000" lon="13.3741300">
        <name>26</name>
    </wpt>
    <wpt lat="51.5100210" lon="13.3638300">
        <name>27</name>
    </wpt>
    <wpt lat="51.5082590" lon="13.3540500">
        <name>28</name>
    </wpt>
    <wpt lat="51.5064890" lon="13.3517300">
        <name>29</name>
    </wpt>
    <wpt lat="51.5045700" lon="13.3180000">
        <name>30</name>
    </wpt>
    <wpt lat="51.5030210" lon="13.3134500">
        <name>31</name>
    </wpt>
    <wpt lat="51.5030210" lon="13.2978300">
        <name>32</name>
    </wpt>
    <wpt lat="51.5025900" lon="13.2896800">
        <name>33</name>
    </wpt>
    <wpt lat="51.5025710" lon="13.2871000">
        <name>34</name>
    </wpt>
    <wpt lat="51.5017810" lon="13.2859000">
        <name>35</name>
    </wpt>
    <wpt lat="51.5023800" lon="13.2846800">
        <name>36</name>
    </wpt>
    <wpt lat="51.5026590" lon="13.2824000">
        <name>37</name>
    </wpt>
    <wpt lat="51.5011900" lon="13.2794800">
        <name>38</name>
    </wpt>
    <wpt lat="51.4983220" lon="13.2712200">
        <name>39</name>
    </wpt>
    <wpt lat="51.4977610" lon="13.2692900">
        <name>40</name>
    </wpt>
    <wpt lat="51.4956210" lon="13.2647900">
        <name>41</name>
    </wpt>
    <wpt lat="51.4946900" lon="13.2622500">
        <name>42</name>
    </wpt>
    <wpt lat="51.4951100" lon="13.2604900">
        <name>43</name>
    </wpt>
    <wpt lat="51.4955900" lon="13.2588600">
        <name>44</name>
    </wpt>
    <wpt lat="51.4981310" lon="13.2491200">
        <name>45</name>
    </wpt>
    <wpt lat="51.4998210" lon="13.2419500">
        <name>46</name>
    </wpt>
    <wpt lat="51.4977300" lon="13.2295100">
        <name>47</name>
    </wpt>
    <wpt lat="51.4977490" lon="13.2283100">
        <name>48</name>
    </wpt>
    <wpt lat="51.4972800" lon="13.2281100">
        <name>49</name>
    </wpt>
    <wpt lat="51.4952700" lon="13.2153000">
        <name>50</name>
    </wpt>
    <wpt lat="51.4926680" lon="13.1983300">
        <name>51</name>
    </wpt>
    <wpt lat="51.4929810" lon="13.1931800">
        <name>52</name>
    </wpt>
    <wpt lat="51.4928400" lon="13.1917200">
        <name>53</name>
    </wpt>
    <wpt lat="51.4927410" lon="13.1883500">
        <name>54</name>
    </wpt>
    <wpt lat="51.4933010" lon="13.1825200">
        <name>55</name>
    </wpt>
    <wpt lat="51.4957500" lon="13.1765100">
        <name>56</name>
    </wpt>
    <wpt lat="51.4966390" lon="13.1699900">
        <name>57</name>
    </wpt>
    <wpt lat="51.4955410" lon="13.1642300">
        <name>58</name>
    </wpt>
    <wpt lat="51.4942280" lon="13.1570700">
        <name>59</name>
    </wpt>
    <wpt lat="51.4914020" lon="13.1514000">
        <name>60</name>
    </wpt>
    <wpt lat="51.4896090" lon="13.1481000">
        <name>61</name>
    </wpt>
    <wpt lat="51.4866710" lon="13.1450500">
        <name>62</name>
    </wpt>
    <wpt lat="51.4870990" lon="13.1410600">
        <name>63</name>
    </wpt>
    <wpt lat="51.4883000" lon="13.1402900">
        <name>64</name>
    </wpt>
    <wpt lat="51.4882510" lon="13.1371500">
        <name>65</name>
    </wpt>
    <wpt lat="51.4854700" lon="13.1335900">
        <name>66</name>
    </wpt>
    <wpt lat="51.4848290" lon="13.1338400">
        <name>67</name>
    </wpt>
    <wpt lat="51.4847490" lon="13.1328800">
        <name>68</name>
    </wpt>
    <wpt lat="51.4844510" lon="13.1315500">
        <name>69</name>
    </wpt>
    <wpt lat="51.4841380" lon="13.1311100">
        <name>70</name>
    </wpt>
    <wpt lat="51.4844890" lon="13.1303700">
        <name>71</name>
    </wpt>
    <wpt lat="51.4853100" lon="13.1291700">
        <name>72</name>
    </wpt>
    <wpt lat="51.4892620" lon="13.1244600">
        <name>73</name>
    </wpt>
    <wpt lat="51.4929700" lon="13.1195600">
        <name>74</name>
    </wpt>
    <wpt lat="51.4892690" lon="13.1163400">
        <name>75</name>
    </wpt>
    <wpt lat="51.4888690" lon="13.1161700">
        <name>76</name>
    </wpt>
    <wpt lat="51.4909710" lon="13.1123500">
        <name>77</name>
    </wpt>
    <wpt lat="51.4925990" lon="13.1100300">
        <name>78</name>
    </wpt>
    <wpt lat="51.4940410" lon="13.1075400">
        <name>79</name>
    </wpt>
    <wpt lat="51.4955410" lon="13.1027800">
        <name>80</name>
    </wpt>
    <wpt lat="51.4970090" lon="13.0996000">
        <name>81</name>
    </wpt>
    <wpt lat="51.4978710" lon="13.0980200">
        <name>82</name>
    </wpt>
    <wpt lat="51.4995500" lon="13.0955300">
        <name>83</name>
    </wpt>
    <wpt lat="51.5014500" lon="13.0938100">
        <name>84</name>
    </wpt>
    <wpt lat="51.5043600" lon="13.0929500">
        <name>85</name>
    </wpt>
    <wpt lat="51.5072210" lon="13.0922700">
        <name>86</name>
    </wpt>
    <wpt lat="51.5088390" lon="13.0890900">
        <name>87</name>
    </wpt>
    <wpt lat="51.5091710" lon="13.0850600">
        <name>88</name>
    </wpt>
    <wpt lat="51.5074620" lon="13.0773700">
        <name>89</name>
    </wpt>
    <wpt lat="51.5070610" lon="13.0733800">
        <name>90</name>
    </wpt>
    <wpt lat="51.5053480" lon="13.0700400">
        <name>91</name>
    </wpt>
    <wpt lat="51.5054280" lon="13.0677100">
        <name>92</name>
    </wpt>
    <wpt lat="51.5040820" lon="13.0663400">
        <name>93</name>
    </wpt>
    <wpt lat="51.5050200" lon="13.0644900">
        <name>94</name>
    </wpt>
    <wpt lat="51.5057110" lon="13.0652800">
        <name>95</name>
    </wpt>
    <wpt lat="51.5064510" lon="13.0657300">
        <name>96</name>
    </wpt>
    <wpt lat="51.5175020" lon="13.0488400">
        <name>97</name>
    </wpt>
    <wpt lat="51.5269010" lon="13.0239400">
        <name>98</name>
    </wpt>
    <wpt lat="51.5335200" lon="13.0045500">
        <name>99</name>
    </wpt>
    <wpt lat="51.5514490" lon="13.0038600">
        <name>100</name>
    </wpt>
    <wpt lat="51.5547600" lon="13.0002500">
        <name>101</name>
    </wpt>
    <wpt lat="51.5567890" lon="13.0098700">
        <name>102</name>
    </wpt>
    <wpt lat="51.5717320" lon="13.0033400">
        <name>103</name>
    </wpt>
    <wpt lat="51.5816500" lon="13.0035200">
        <name>104</name>
    </wpt>
    <wpt lat="51.5841100" lon="13.0148500">
        <name>105</name>
    </wpt>
    <wpt lat="51.5940210" lon="13.0102100">
        <name>106</name>
    </wpt>
    <wpt lat="51.5978580" lon="13.0024900">
        <name>107</name>
    </wpt>
    <wpt lat="51.5942920" lon="12.9950800">
        <name>108</name>
    </wpt>
    <wpt lat="51.5936390" lon="12.9946300">
        <name>109</name>
    </wpt>
    <wpt lat="51.5944600" lon="12.9930500">
        <name>110</name>
    </wpt>
    <wpt lat="51.5975800" lon="12.9906400">
        <name>111</name>
    </wpt>
    <wpt lat="51.5996090" lon="12.9903800">
        <name>112</name>
    </wpt>
    <wpt lat="51.6004910" lon="12.9910100">
        <name>113</name>
    </wpt>
    <wpt lat="51.6016500" lon="12.9898100">
        <name>114</name>
    </wpt>
    <wpt lat="51.6025510" lon="12.9879400">
        <name>115</name>
    </wpt>
    <wpt lat="51.6040690" lon="12.9862400">
        <name>116</name>
    </wpt>
    <wpt lat="51.6038280" lon="12.9846600">
        <name>117</name>
    </wpt>
    <wpt lat="51.6032980" lon="12.9838800">
        <name>118</name>
    </wpt>
    <wpt lat="51.6029280" lon="12.9820600">
        <name>119</name>
    </wpt>
    <wpt lat="51.6024700" lon="12.9770400">
        <name>120</name>
    </wpt>
    <wpt lat="51.6028520" lon="12.9752800">
        <name>121</name>
    </wpt>
    <wpt lat="51.6027790" lon="12.9682200">
        <name>122</name>
    </wpt>
    <wpt lat="51.6042590" lon="12.9660100">
        <name>123</name>
    </wpt>
    <wpt lat="51.6055720" lon="12.9636300">
        <name>124</name>
    </wpt>
    <wpt lat="51.6046910" lon="12.9630300">
        <name>125</name>
    </wpt>
    <wpt lat="51.6029890" lon="12.9609200">
        <name>126</name>
    </wpt>
    <wpt lat="51.6028210" lon="12.9613300">
        <name>127</name>
    </wpt>
    <wpt lat="51.6014600" lon="12.9619700">
        <name>128</name>
    </wpt>
    <wpt lat="51.6005710" lon="12.9602400">
        <name>129</name>
    </wpt>
    <wpt lat="51.6000900" lon="12.9574700">
        <name>130</name>
    </wpt>
    <wpt lat="51.5997200" lon="12.9524900">
        <name>131</name>
    </wpt>
    <wpt lat="51.5987700" lon="12.9524500">
        <name>132</name>
    </wpt>
    <wpt lat="51.5983700" lon="12.9493600">
        <name>133</name>
    </wpt>
    <wpt lat="51.5972520" lon="12.9493100">
        <name>134</name>
    </wpt>
    <wpt lat="51.5970990" lon="12.9457500">
        <name>135</name>
    </wpt>
    <wpt lat="51.6035800" lon="12.9371900">
        <name>136</name>
    </wpt>
    <wpt lat="51.6050300" lon="12.9344900">
        <name>137</name>
    </wpt>
    <wpt lat="51.6086620" lon="12.9377100">
        <name>138</name>
    </wpt>
    <wpt lat="51.6092800" lon="12.9341200">
        <name>139</name>
    </wpt>
    <wpt lat="51.6101420" lon="12.9341900">
        <name>140</name>
    </wpt>
    <wpt lat="51.6112400" lon="12.9283300">
        <name>141</name>
    </wpt>
    <wpt lat="51.6121220" lon="12.9263300">
        <name>142</name>
    </wpt>
    <wpt lat="51.6127590" lon="12.9269300">
        <name>143</name>
    </wpt>
    <wpt lat="51.6141590" lon="12.9260500">
        <name>144</name>
    </wpt>
    <wpt lat="51.6144290" lon="12.9264600">
        <name>145</name>
    </wpt>
    <wpt lat="51.6169590" lon="12.9248100">
        <name>146</name>
    </wpt>
    <wpt lat="51.6183590" lon="12.9255600">
        <name>147</name>
    </wpt>
    <wpt lat="51.6192590" lon="12.9269100">
        <name>148</name>
    </wpt>
    <wpt lat="51.6193390" lon="12.9279600">
        <name>149</name>
    </wpt>
    <wpt lat="51.6196400" lon="12.9285600">
        <name>150</name>
    </wpt>
    <wpt lat="51.6207010" lon="12.9271300">
        <name>151</name>
    </wpt>
    <wpt lat="51.6213190" lon="12.9259700">
        <name>152</name>
    </wpt>
    <wpt lat="51.6229520" lon="12.9246400">
        <name>153</name>
    </wpt>
    <wpt lat="51.6246300" lon="12.9223900">
        <name>154</name>
    </wpt>
    <wpt lat="51.6262820" lon="12.9207500">
        <name>155</name>
    </wpt>
    <wpt lat="51.6277010" lon="12.9202400">
        <name>156</name>
    </wpt>
    <wpt lat="51.6283490" lon="12.9201700">
        <name>157</name>
    </wpt>
    <wpt lat="51.6281390" lon="12.9194000">
        <name>158</name>
    </wpt>
    <wpt lat="51.6277200" lon="12.9191900">
        <name>159</name>
    </wpt>
    <wpt lat="51.6267010" lon="12.9193200">
        <name>160</name>
    </wpt>
    <wpt lat="51.6265790" lon="12.9165100">
        <name>161</name>
    </wpt>
    <wpt lat="51.6273120" lon="12.9141200">
        <name>162</name>
    </wpt>
    <wpt lat="51.6275480" lon="12.9130900">
        <name>163</name>
    </wpt>
    <wpt lat="51.6411400" lon="12.9152800">
        <name>164</name>
    </wpt>
    <wpt lat="51.6431310" lon="12.9125400">
        <name>165</name>
    </wpt>
    <wpt lat="51.6444090" lon="12.9097900">
        <name>166</name>
    </wpt>
    <wpt lat="51.6445390" lon="12.9027900">
        <name>167</name>
    </wpt>
    <wpt lat="51.6459010" lon="12.8985500">
        <name>168</name>
    </wpt>
    <wpt lat="51.6472590" lon="12.8953700">
        <name>169</name>
    </wpt>
    <wpt lat="51.6446500" lon="12.8926200">
        <name>170</name>
    </wpt>
    <wpt lat="51.6418500" lon="12.8900100">
        <name>171</name>
    </wpt>
    <wpt lat="51.6400990" lon="12.8845100">
        <name>172</name>
    </wpt>
    <wpt lat="51.6394620" lon="12.8834400">
        <name>173</name>
    </wpt>
    <wpt lat="51.6401100" lon="12.8821900">
        <name>174</name>
    </wpt>
    <wpt lat="51.6479000" lon="12.8720700">
        <name>175</name>
    </wpt>
    <wpt lat="51.6535680" lon="12.8637800">
        <name>176</name>
    </wpt>
    <wpt lat="51.6552200" lon="12.8599200">
        <name>177</name>
    </wpt>
    <wpt lat="51.6595120" lon="12.8570900">
        <name>178</name>
    </wpt>
    <wpt lat="51.6612590" lon="12.8540000">
        <name>179</name>
    </wpt>
    <wpt lat="51.6638490" lon="12.8489800">
        <name>180</name>
    </wpt>
    <wpt lat="51.6660000" lon="12.8435700">
        <name>181</name>
    </wpt>
    <wpt lat="51.6670680" lon="12.8413800">
        <name>182</name>
    </wpt>
    <wpt lat="51.6694110" lon="12.8406100">
        <name>183</name>
    </wpt>
    <wpt lat="51.6721990" lon="12.8346000">
        <name>184</name>
    </wpt>
    <wpt lat="51.6758500" lon="12.8304800">
        <name>185</name>
    </wpt>
    <wpt lat="51.6788790" lon="12.8281600">
        <name>186</name>
    </wpt>
    <wpt lat="51.6810910" lon="12.8266600">
        <name>187</name>
    </wpt>
    <wpt lat="51.6840520" lon="12.8272600">
        <name>188</name>
    </wpt>
    <wpt lat="51.6863290" lon="12.8264000">
        <name>189</name>
    </wpt>
    <wpt lat="51.6895790" lon="12.8258500">
        <name>190</name>
    </wpt>
    <wpt lat="51.6960980" lon="12.8220700">
        <name>191</name>
    </wpt>
    <wpt lat="51.7001690" lon="12.8206500">
        <name>192</name>
    </wpt>
    <wpt lat="51.7032810" lon="12.8170900">
        <name>193</name>
    </wpt>
    <wpt lat="51.7061500" lon="12.8115100">
        <name>194</name>
    </wpt>
    <wpt lat="51.7068710" lon="12.8091500">
        <name>195</name>
    </wpt>
    <wpt lat="51.7084880" lon="12.8071800">
        <name>196</name>
    </wpt>
    <wpt lat="51.7108920" lon="12.8064500">
        <name>197</name>
    </wpt>
    <wpt lat="51.7133600" lon="12.8061900">
        <name>198</name>
    </wpt>
    <wpt lat="51.7139400" lon="12.8056800">
        <name>199</name>
    </wpt>
    <wpt lat="51.7146610" lon="12.8051600">
        <name>200</name>
    </wpt>
    <wpt lat="51.7158010" lon="12.8050800">
        <name>201</name>
    </wpt>
    <wpt lat="51.7170490" lon="12.8043900">
        <name>202</name>
    </wpt>
    <wpt lat="51.7213100" lon="12.7923300">
        <name>203</name>
    </wpt>
    <wpt lat="51.7247390" lon="12.7831900">
        <name>204</name>
    </wpt>
    <wpt lat="51.7281420" lon="12.7799300">
        <name>205</name>
    </wpt>
    <wpt lat="51.7317810" lon="12.7723300">
        <name>206</name>
    </wpt>
    <wpt lat="51.7351000" lon="12.7649100">
        <name>207</name>
    </wpt>
    <wpt lat="51.7374380" lon="12.7617300">
        <name>208</name>
    </wpt>
    <wpt lat="51.7450980" lon="12.7532300">
        <name>209</name>
    </wpt>
    <wpt lat="51.7491910" lon="12.7488600">
        <name>210</name>
    </wpt>
    <wpt lat="51.7507290" lon="12.7501900">
        <name>211</name>
    </wpt>
    <wpt lat="51.7552490" lon="12.7515200">
        <name>212</name>
    </wpt>
    <wpt lat="51.7558590" lon="12.7526300">
        <name>213</name>
    </wpt>
    <wpt lat="51.7557180" lon="12.7543900">
        <name>214</name>
    </wpt>
    <wpt lat="51.7565500" lon="12.7560200">
        <name>215</name>
    </wpt>
    <wpt lat="51.7551380" lon="12.7571400">
        <name>216</name>
    </wpt>
    <wpt lat="51.7554590" lon="12.7700100">
        <name>217</name>
    </wpt>
    <wpt lat="51.7576410" lon="12.7756800">
        <name>218</name>
    </wpt>
    <wpt lat="51.7596510" lon="12.7783000">
        <name>219</name>
    </wpt>
    <wpt lat="51.7612500" lon="12.7789000">
        <name>220</name>
    </wpt>
    <wpt lat="51.7628400" lon="12.7807000">
        <name>221</name>
    </wpt>
    <wpt lat="51.7659490" lon="12.7767900">
        <name>222</name>
    </wpt>
    <wpt lat="51.7703780" lon="12.7729800">
        <name>223</name>
    </wpt>
    <wpt lat="51.7740520" lon="12.7715200">
        <name>224</name>
    </wpt>
    <wpt lat="51.7778210" lon="12.7666700">
        <name>225</name>
    </wpt>
    <wpt lat="51.7781410" lon="12.7572300">
        <name>226</name>
    </wpt>
    <wpt lat="51.7785110" lon="12.7474400">
        <name>227</name>
    </wpt>
    <wpt lat="51.7815900" lon="12.7476600">
        <name>228</name>
    </wpt>
    <wpt lat="51.7862090" lon="12.7455100">
        <name>229</name>
    </wpt>
    <wpt lat="51.7876210" lon="12.7453400">
        <name>230</name>
    </wpt>
    <wpt lat="51.7892420" lon="12.7482600">
        <name>231</name>
    </wpt>
    <wpt lat="51.7898710" lon="12.7462800">
        <name>232</name>
    </wpt>
    <wpt lat="51.7890210" lon="12.7437900">
        <name>233</name>
    </wpt>
    <wpt lat="51.7907490" lon="12.7446100">
        <name>234</name>
    </wpt>
    <wpt lat="51.7920490" lon="12.7436200">
        <name>235</name>
    </wpt>
    <wpt lat="51.7954480" lon="12.7460200">
        <name>236</name>
    </wpt>
    <wpt lat="51.8034100" lon="12.7431100">
        <name>237</name>
    </wpt>
    <wpt lat="51.8059310" lon="12.7388100">
        <name>238</name>
    </wpt>
    <wpt lat="51.8089290" lon="12.7365800">
        <name>239</name>
    </wpt>
    <wpt lat="51.8148190" lon="12.7318600">
        <name>240</name>
    </wpt>
    <wpt lat="51.8221890" lon="12.7275300">
        <name>241</name>
    </wpt>
    <wpt lat="51.8231200" lon="12.7244800">
        <name>242</name>
    </wpt>
    <wpt lat="51.8231510" lon="12.7210500">
        <name>243</name>
    </wpt>
    <wpt lat="51.8313220" lon="12.7144400">
        <name>244</name>
    </wpt>
    <wpt lat="51.8343890" lon="12.7062000">
        <name>245</name>
    </wpt>
    <wpt lat="51.8358310" lon="12.7065470">
        <name>246</name>
    </wpt>
    <wpt lat="51.8383480" lon="12.7051310">
        <name>247</name>
    </wpt>
    <wpt lat="51.8402860" lon="12.7055170">
        <name>248</name>
    </wpt>
    <wpt lat="51.8407630" lon="12.7047440">
        <name>249</name>
    </wpt>
    <wpt lat="51.8405760" lon="12.6970620">
        <name>250</name>
    </wpt>
    <wpt lat="51.8406830" lon="12.6911830">
        <name>251</name>
    </wpt>
    <wpt lat="51.8414540" lon="12.6849600">
        <name>252</name>
    </wpt>
    <wpt lat="51.8406300" lon="12.6807980">
        <name>253</name>
    </wpt>
    <wpt lat="51.8420640" lon="12.6756910">
        <name>254</name>
    </wpt>
    <wpt lat="51.8449780" lon="12.6726010">
        <name>255</name>
    </wpt>
    <wpt lat="51.8461460" lon="12.6688240">
        <name>256</name>
    </wpt>
    <wpt lat="51.8459510" lon="12.6663700">
        <name>257</name>
    </wpt>
    <wpt lat="51.8456690" lon="12.6630740">
        <name>258</name>
    </wpt>
    <wpt lat="51.8443950" lon="12.6587820">
        <name>259</name>
    </wpt>
    <wpt lat="51.8436550" lon="12.6546190">
        <name>260</name>
    </wpt>
    <wpt lat="51.8441050" lon="12.6483110">
        <name>261</name>
    </wpt>
    <wpt lat="51.8436550" lon="12.6441050">
        <name>262</name>
    </wpt>
    <wpt lat="51.8429110" lon="12.6430750">
        <name>263</name>
    </wpt>
    <wpt lat="51.8431210" lon="12.6405000">
        <name>264</name>
    </wpt>
    <wpt lat="51.8443680" lon="12.6375390">
        <name>265</name>
    </wpt>
    <wpt lat="51.8465960" lon="12.6422600">
        <name>266</name>
    </wpt>
    <wpt lat="51.8492200" lon="12.6474520">
        <name>267</name>
    </wpt>
    <wpt lat="51.8520050" lon="12.6467230">
        <name>268</name>
    </wpt>
    <wpt lat="51.8519250" lon="12.6455210">
        <name>269</name>
    </wpt>
    <wpt lat="51.8532750" lon="12.6453500">
        <name>270</name>
    </wpt>
    <wpt lat="51.8529320" lon="12.6441480">
        <name>271</name>
    </wpt>
    <wpt lat="51.8523750" lon="12.6433320">
        <name>272</name>
    </wpt>
    <wpt lat="51.8526610" lon="12.6418700">
        <name>273</name>
    </wpt>
    <wpt lat="51.8571890" lon="12.6469800">
        <name>1</name>
    </wpt>
    <wpt lat="51.8635600" lon="12.6638000">
        <name>2</name>
    </wpt>
    <wpt lat="51.8652500" lon="12.6967600">
        <name>3</name>
    </wpt>
    <wpt lat="51.8739400" lon="12.6967600">
        <name>4</name>
    </wpt>
    <wpt lat="51.8805080" lon="12.7183900">
        <name>5</name>
    </wpt>
    <wpt lat="51.9044610" lon="12.7681700">
        <name>6</name>
    </wpt>
    <wpt lat="51.9161000" lon="12.7836200">
        <name>7</name>
    </wpt>
    <wpt lat="51.9122890" lon="12.7966600">
        <name>8</name>
    </wpt>
    <wpt lat="51.9237290" lon="12.8155500">
        <name>9</name>
    </wpt>
    <wpt lat="51.9366420" lon="12.8330600">
        <name>10</name>
    </wpt>
    <wpt lat="51.9548420" lon="12.8430100">
        <name>11</name>
    </wpt>
    <wpt lat="51.9685900" lon="12.8591500">
        <name>12</name>
    </wpt>
    <wpt lat="51.9696010" lon="12.8620700">
        <name>13</name>
    </wpt>
    <wpt lat="51.9747810" lon="12.8619800">
        <name>14</name>
    </wpt>
    <wpt lat="51.9796410" lon="12.8604400">
        <name>15</name>
    </wpt>
    <wpt lat="51.9852490" lon="12.8588100">
        <name>16</name>
    </wpt>
    <wpt lat="51.9907990" lon="12.8593200">
        <name>17</name>
    </wpt>
    <wpt lat="51.9899480" lon="12.8689300">
        <name>18</name>
    </wpt>
    <wpt lat="51.9962880" lon="12.8979400">
        <name>19</name>
    </wpt>
    <wpt lat="52.0119290" lon="12.9281600">
        <name>20</name>
    </wpt>
    <wpt lat="52.0266190" lon="12.9244700">
        <name>21</name>
    </wpt>
    <wpt lat="52.0335310" lon="12.9237800">
        <name>22</name>
    </wpt>
    <wpt lat="52.0346980" lon="12.9374300">
        <name>23</name>
    </wpt>
    <wpt lat="52.0346180" lon="12.9413800">
        <name>24</name>
    </wpt>
    <wpt lat="52.0358580" lon="12.9424500">
        <name>25</name>
    </wpt>
    <wpt lat="52.0364110" lon="12.9404700">
        <name>26</name>
    </wpt>
    <wpt lat="52.0391310" lon="12.9433100">
        <name>27</name>
    </wpt>
    <wpt lat="52.0446210" lon="12.9428300">
        <name>28</name>
    </wpt>
    <wpt lat="52.0515590" lon="12.9423600">
        <name>29</name>
    </wpt>
    <wpt lat="52.0560000" lon="12.9433900">
        <name>30</name>
    </wpt>
    <wpt lat="52.0592690" lon="12.9409000">
        <name>31</name>
    </wpt>
    <wpt lat="52.1006010" lon="12.9501300">
        <name>32</name>
    </wpt>
    <wpt lat="52.1208380" lon="12.9769100">
        <name>33</name>
    </wpt>
    <wpt lat="52.1389620" lon="12.9885800">
        <name>34</name>
    </wpt>
    <wpt lat="52.1482320" lon="12.9994800">
        <name>35</name>
    </wpt>
    <wpt lat="52.1556090" lon="13.0047200">
        <name>36</name>
    </wpt>
    <wpt lat="52.1633990" lon="13.0138200">
        <name>37</name>
    </wpt>
    <wpt lat="52.1708180" lon="13.0213300">
        <name>38</name>
    </wpt>
    <wpt lat="52.1835590" lon="13.0281900">
        <name>39</name>
    </wpt>
    <wpt lat="52.1970790" lon="13.0414500">
        <name>40</name>
    </wpt>
    <wpt lat="52.2109720" lon="13.0510700">
        <name>41</name>
    </wpt>
    <wpt lat="52.2307400" lon="13.0593100">
        <name>42</name>
    </wpt>
    <wpt lat="52.2446210" lon="13.0805900">
        <name>43</name>
    </wpt>
    <wpt lat="52.2698290" lon="13.0833400">
        <name>44</name>
    </wpt>
    <wpt lat="52.2727200" lon="13.0741600">
        <name>45</name>
    </wpt>
    <wpt lat="52.2794420" lon="13.0797300">
        <name>46</name>
    </wpt>
    <wpt lat="52.2884220" lon="13.0922700">
        <name>47</name>
    </wpt>
    <wpt lat="52.2959290" lon="13.0982700">
        <name>48</name>
    </wpt>
    <wpt lat="52.2977710" lon="13.1038500">
        <name>49</name>
    </wpt>
    <wpt lat="52.3023300" lon="13.1140700">
        <name>50</name>
    </wpt>
    <wpt lat="52.3023300" lon="13.1168100">
        <name>51</name>
    </wpt>
    <wpt lat="52.3077890" lon="13.1202500">
        <name>52</name>
    </wpt>
    <wpt lat="52.3139310" lon="13.1229900">
        <name>53</name>
    </wpt>
    <wpt lat="52.3412090" lon="13.1526900">
        <name>54</name>
    </wpt>
    <wpt lat="52.3579900" lon="13.1863400">
        <name>55</name>
    </wpt>
    <wpt lat="52.3936200" lon="13.2199800">
        <name>56</name>
    </wpt>
    <wpt lat="52.4304700" lon="13.2591200">
        <name>57</name>
    </wpt>
    <wpt lat="52.4501500" lon="13.3016900">
        <name>58</name>
    </wpt>
    <wpt lat="52.4557500" lon="13.3253000">
        <name>59</name>
    </wpt>
    <wpt lat="52.4517210" lon="13.3336260">
        <name>60</name>
    </wpt>
    <wpt lat="52.4504660" lon="13.3439250">
        <name>61</name>
    </wpt>
    <wpt lat="52.4485820" lon="13.3588600">
        <name>62</name>
    </wpt>
    <wpt lat="52.4471170" lon="13.3611770">
        <name>63</name>
    </wpt>
    <wpt lat="52.4518780" lon="13.3709620">
        <name>64</name>
    </wpt>
    <wpt lat="52.4554860" lon="13.3755970">
        <name>65</name>
    </wpt>
    <wpt lat="52.4660490" lon="13.3778290">
        <name>66</name>
    </wpt>
    <wpt lat="52.4660490" lon="13.3856390">
        <name>67</name>
    </wpt>
    <wpt lat="52.4695550" lon="13.3857250">
        <name>68</name>
    </wpt>
    <wpt lat="52.4886860" lon="13.3860680">
        <name>69</name>
    </wpt>
    <wpt lat="52.4932860" lon="13.3883860">
        <name>70</name>
    </wpt>
    <wpt lat="52.4957920" lon="13.3906170">
        <name>71</name>
    </wpt>
    <wpt lat="52.4961590" lon="13.3955100">
        <name>72</name>
    </wpt>
    <wpt lat="52.4940190" lon="13.4024620">
        <name>73</name>
    </wpt>
    <wpt lat="52.4917180" lon="13.4133630">
        <name>74</name>
    </wpt>
    <wpt lat="52.4882700" lon="13.4239200">
        <name>75</name>
    </wpt>
    <wpt lat="52.4879530" lon="13.4250350">
        <name>76</name>
    </wpt>
    <trk>
        <name>Pargue-to-Berlin Only</name>
        <trkseg>
            <trkpt lat="50.0860400" lon="14.4143800"><ele>195.0</ele></trkpt>
            <trkpt lat="50.0868990" lon="14.4083600"><ele>198.0</ele></trkpt>
            <trkpt lat="50.0872310" lon="14.4081100"><ele>198.0</ele></trkpt>
            <trkpt lat="50.0882420" lon="14.4093300"><ele>193.0</ele></trkpt>
            <trkpt lat="50.0892410" lon="14.4100300"><ele>191.0</ele></trkpt>
            <trkpt lat="50.0899810" lon="14.4100900"><ele>191.0</ele></trkpt>
            <trkpt lat="50.0903890" lon="14.4115400"><ele>194.0</ele></trkpt>
            <trkpt lat="50.0913810" lon="14.4102400"><ele>197.0</ele></trkpt>
            <trkpt lat="50.0911600" lon="14.4098000"><ele>196.0</ele></trkpt>
            <trkpt lat="50.0922580" lon="14.4093500"><ele>207.0</ele></trkpt>
            <trkpt lat="50.0928380" lon="14.4091700"><ele>218.0</ele></trkpt>
            <trkpt lat="50.0942500" lon="14.4096200"><ele>234.0</ele></trkpt>
            <trkpt lat="50.0976300" lon="14.4075900"><ele>228.0</ele></trkpt>
            <trkpt lat="50.0985490" lon="14.4073300"><ele>231.0</ele></trkpt>
            <trkpt lat="50.0982590" lon="14.4053800"><ele>231.0</ele></trkpt>
            <trkpt lat="50.0985980" lon="14.4058500"><ele>228.0</ele></trkpt>
            <trkpt lat="50.0993610" lon="14.4052800"><ele>225.0</ele></trkpt>
            <trkpt lat="50.0985790" lon="14.4000700"><ele>234.0</ele></trkpt>
            <trkpt lat="50.0986900" lon="14.3998200"><ele>232.0</ele></trkpt>
            <trkpt lat="50.0995900" lon="14.4001600"><ele>230.0</ele></trkpt>
            <trkpt lat="50.0997310" lon="14.3993200"><ele>231.0</ele></trkpt>
            <trkpt lat="50.1002080" lon="14.3983200"><ele>229.0</ele></trkpt>
            <trkpt lat="50.1008110" lon="14.3980200"><ele>229.0</ele></trkpt>
            <trkpt lat="50.1007610" lon="14.3970200"><ele>222.0</ele></trkpt>
            <trkpt lat="50.1015510" lon="14.3954800"><ele>219.0</ele></trkpt>
            <trkpt lat="50.1058310" lon="14.3949800"><ele>213.0</ele></trkpt>
            <trkpt lat="50.1086880" lon="14.3945900"><ele>203.0</ele></trkpt>
            <trkpt lat="50.1093790" lon="14.3948100"><ele>198.0</ele></trkpt>
            <trkpt lat="50.1104090" lon="14.3943100"><ele>197.0</ele></trkpt>
            <trkpt lat="50.1127890" lon="14.3938900"><ele>186.0</ele></trkpt>
            <trkpt lat="50.1140210" lon="14.3943900"><ele>184.0</ele></trkpt>
            <trkpt lat="50.1152380" lon="14.3934000"><ele>185.0</ele></trkpt>
            <trkpt lat="50.1162110" lon="14.3923500"><ele>197.0</ele></trkpt>
            <trkpt lat="50.1172710" lon="14.3918700"><ele>204.0</ele></trkpt>
            <trkpt lat="50.1187590" lon="14.3924000"><ele>240.0</ele></trkpt>
            <trkpt lat="50.1218490" lon="14.3938800"><ele>188.0</ele></trkpt>
            <trkpt lat="50.1225090" lon="14.3944200"><ele>219.0</ele></trkpt>
            <trkpt lat="50.1224900" lon="14.3947600"><ele>188.0</ele></trkpt>
            <trkpt lat="50.1227110" lon="14.3949800"><ele>219.0</ele></trkpt>
            <trkpt lat="50.1226620" lon="14.3953000"><ele>192.0</ele></trkpt>
            <trkpt lat="50.1228410" lon="14.3955800"><ele>192.0</ele></trkpt>
            <trkpt lat="50.1223980" lon="14.3978300"><ele>175.0</ele></trkpt>
            <trkpt lat="50.1227800" lon="14.3983000"><ele>175.0</ele></trkpt>
            <trkpt lat="50.1226500" lon="14.4007500"><ele>187.0</ele></trkpt>
            <trkpt lat="50.1252590" lon="14.4002600"><ele>175.0</ele></trkpt>
            <trkpt lat="50.1271590" lon="14.4015100"><ele>175.0</ele></trkpt>
            <trkpt lat="50.1288910" lon="14.4021500"><ele>175.0</ele></trkpt>
            <trkpt lat="50.1302190" lon="14.4017200"><ele>186.0</ele></trkpt>
            <trkpt lat="50.1313210" lon="14.4005900"><ele>175.0</ele></trkpt>
            <trkpt lat="50.1324010" lon="14.3984500"><ele>175.0</ele></trkpt>
            <trkpt lat="50.1340290" lon="14.3955200"><ele>175.0</ele></trkpt>
            <trkpt lat="50.1357380" lon="14.3938100"><ele>178.0</ele></trkpt>
            <trkpt lat="50.1373600" lon="14.3948900"><ele>174.0</ele></trkpt>
            <trkpt lat="50.1377110" lon="14.3946600"><ele>174.0</ele></trkpt>
            <trkpt lat="50.1382710" lon="14.3949600"><ele>174.0</ele></trkpt>
            <trkpt lat="50.1404420" lon="14.3976000"><ele>174.0</ele></trkpt>
            <trkpt lat="50.1432500" lon="14.3991600"><ele>174.0</ele></trkpt>
            <trkpt lat="50.1452790" lon="14.3994200"><ele>174.0</ele></trkpt>
            <trkpt lat="50.1499710" lon="14.4002200"><ele>174.0</ele></trkpt>
            <trkpt lat="50.1549800" lon="14.4016300"><ele>173.0</ele></trkpt>
            <trkpt lat="50.1595990" lon="14.4036900"><ele>173.0</ele></trkpt>
            <trkpt lat="50.1637310" lon="14.4057800"><ele>177.0</ele></trkpt>
            <trkpt lat="50.1707120" lon="14.4030900"><ele>178.0</ele></trkpt>
            <trkpt lat="50.1731300" lon="14.3984600"><ele>191.0</ele></trkpt>
            <trkpt lat="50.1734310" lon="14.3915500"><ele>192.0</ele></trkpt>
            <trkpt lat="50.1732710" lon="14.3866100"><ele>180.0</ele></trkpt>
            <trkpt lat="50.1726910" lon="14.3832900"><ele>204.0</ele></trkpt>
            <trkpt lat="50.1724510" lon="14.3759900"><ele>175.0</ele></trkpt>
            <trkpt lat="50.1731300" lon="14.3738700"><ele>186.0</ele></trkpt>
            <trkpt lat="50.1720090" lon="14.3697300"><ele>224.0</ele></trkpt>
            <trkpt lat="50.1707380" lon="14.3659500"><ele>209.0</ele></trkpt>
            <trkpt lat="50.1701890" lon="14.3654600"><ele>209.0</ele></trkpt>
            <trkpt lat="50.1692500" lon="14.3614200"><ele>183.0</ele></trkpt>
            <trkpt lat="50.1697620" lon="14.3616600"><ele>183.0</ele></trkpt>
            <trkpt lat="50.1702310" lon="14.3606500"><ele>192.0</ele></trkpt>
            <trkpt lat="50.1707120" lon="14.3587200"><ele>183.0</ele></trkpt>
            <trkpt lat="50.1719210" lon="14.3560400"><ele>183.0</ele></trkpt>
            <trkpt lat="50.1713980" lon="14.3551600"><ele>182.0</ele></trkpt>
            <trkpt lat="50.1726910" lon="14.3560100"><ele>183.0</ele></trkpt>
            <trkpt lat="50.1747090" lon="14.3558200"><ele>179.0</ele></trkpt>
            <trkpt lat="50.1770710" lon="14.3581200"><ele>183.0</ele></trkpt>
            <trkpt lat="50.1775890" lon="14.3581600"><ele>178.0</ele></trkpt>
            <trkpt lat="50.1782300" lon="14.3598100"><ele>183.0</ele></trkpt>
            <trkpt lat="50.1789090" lon="14.3590200"><ele>175.0</ele></trkpt>
            <trkpt lat="50.1806490" lon="14.3657800"><ele>171.0</ele></trkpt>
            <trkpt lat="50.1825790" lon="14.3705000"><ele>171.0</ele></trkpt>
            <trkpt lat="50.1853410" lon="14.3739300"><ele>171.0</ele></trkpt>
            <trkpt lat="50.1905900" lon="14.3771700"><ele>171.0</ele></trkpt>
            <trkpt lat="50.1936300" lon="14.3781600"><ele>184.0</ele></trkpt>
            <trkpt lat="50.1964990" lon="14.3764200"><ele>192.0</ele></trkpt>
            <trkpt lat="50.1982380" lon="14.3729700"><ele>171.0</ele></trkpt>
            <trkpt lat="50.2009390" lon="14.3681000"><ele>183.0</ele></trkpt>
            <trkpt lat="50.2041510" lon="14.3648600"><ele>170.0</ele></trkpt>
            <trkpt lat="50.2065390" lon="14.3638500"><ele>176.0</ele></trkpt>
            <trkpt lat="50.2086490" lon="14.3606500"><ele>170.0</ele></trkpt>
            <trkpt lat="50.2119220" lon="14.3568500"><ele>174.0</ele></trkpt>
            <trkpt lat="50.2165180" lon="14.3543800"><ele>169.0</ele></trkpt>
            <trkpt lat="50.2203480" lon="14.3536100"><ele>169.0</ele></trkpt>
            <trkpt lat="50.2254600" lon="14.3521700"><ele>168.0</ele></trkpt>
            <trkpt lat="50.2285120" lon="14.3496200"><ele>181.0</ele></trkpt>
            <trkpt lat="50.2305490" lon="14.3433800"><ele>170.0</ele></trkpt>
            <trkpt lat="50.2318800" lon="14.3409500"><ele>175.0</ele></trkpt>
            <trkpt lat="50.2338290" lon="14.3402900"><ele>187.0</ele></trkpt>
            <trkpt lat="50.2348400" lon="14.3386300"><ele>177.0</ele></trkpt>
            <trkpt lat="50.2331700" lon="14.3357600"><ele>168.0</ele></trkpt>
            <trkpt lat="50.2371290" lon="14.3311700"><ele>168.0</ele></trkpt>
            <trkpt lat="50.2407190" lon="14.3240600"><ele>171.0</ele></trkpt>
            <trkpt lat="50.2418290" lon="14.3217700"><ele>178.0</ele></trkpt>
            <trkpt lat="50.2425800" lon="14.3211000"><ele>178.0</ele></trkpt>
            <trkpt lat="50.2453800" lon="14.3143200"><ele>179.0</ele></trkpt>
            <trkpt lat="50.2419590" lon="14.3105700"><ele>176.0</ele></trkpt>
            <trkpt lat="50.2448080" lon="14.3067700"><ele>176.0</ele></trkpt>
            <trkpt lat="50.2445910" lon="14.3054000"><ele>177.0</ele></trkpt>
            <trkpt lat="50.2461700" lon="14.3042200"><ele>184.0</ele></trkpt>
            <trkpt lat="50.2468300" lon="14.3046900"><ele>184.0</ele></trkpt>
            <trkpt lat="50.2478220" lon="14.3034900"><ele>204.0</ele></trkpt>
            <trkpt lat="50.2506900" lon="14.3022000"><ele>231.0</ele></trkpt>
            <trkpt lat="50.2541810" lon="14.3020100"><ele>213.0</ele></trkpt>
            <trkpt lat="50.2580720" lon="14.3014900"><ele>211.0</ele></trkpt>
            <trkpt lat="50.2625500" lon="14.3024800"><ele>194.0</ele></trkpt>
            <trkpt lat="50.2664990" lon="14.3035700"><ele>187.0</ele></trkpt>
            <trkpt lat="50.2674900" lon="14.3045400"><ele>177.0</ele></trkpt>
            <trkpt lat="50.2714000" lon="14.3065100"><ele>174.0</ele></trkpt>
            <trkpt lat="50.2677190" lon="14.3028400"><ele>191.0</ele></trkpt>
            <trkpt lat="50.2709500" lon="14.3032900"><ele>221.0</ele></trkpt>
            <trkpt lat="50.2752110" lon="14.3045400"><ele>206.0</ele></trkpt>
            <trkpt lat="50.2774510" lon="14.3048000"><ele>216.0</ele></trkpt>
            <trkpt lat="50.2805600" lon="14.3052500"><ele>183.0</ele></trkpt>
            <trkpt lat="50.2833790" lon="14.3061300"><ele>201.0</ele></trkpt>
            <trkpt lat="50.2854120" lon="14.3081600"><ele>177.0</ele></trkpt>
            <trkpt lat="50.2862890" lon="14.3093900"><ele>171.0</ele></trkpt>
            <trkpt lat="50.2911610" lon="14.3101400"><ele>174.0</ele></trkpt>
            <trkpt lat="50.2964520" lon="14.3123900"><ele>175.0</ele></trkpt>
            <trkpt lat="50.3003810" lon="14.3142600"><ele>175.0</ele></trkpt>
            <trkpt lat="50.3039510" lon="14.3175400"><ele>179.0</ele></trkpt>
            <trkpt lat="50.3115390" lon="14.3108900"><ele>187.0</ele></trkpt>
            <trkpt lat="50.3171200" lon="14.3022800"><ele>222.0</ele></trkpt>
            <trkpt lat="50.3211590" lon="14.2946500"><ele>232.0</ele></trkpt>
            <trkpt lat="50.3282390" lon="14.2892200"><ele>238.0</ele></trkpt>
            <trkpt lat="50.3371010" lon="14.2819200"><ele>233.0</ele></trkpt>
            <trkpt lat="50.3450010" lon="14.2746900"><ele>227.0</ele></trkpt>
            <trkpt lat="50.3507120" lon="14.2704600"><ele>217.0</ele></trkpt>
            <trkpt lat="50.3576010" lon="14.2652500"><ele>211.0</ele></trkpt>
            <trkpt lat="50.3611980" lon="14.2626500"><ele>217.0</ele></trkpt>
            <trkpt lat="50.3641820" lon="14.2583200"><ele>227.0</ele></trkpt>
            <trkpt lat="50.3641280" lon="14.2495600"><ele>212.0</ele></trkpt>
            <trkpt lat="50.3679620" lon="14.2447600"><ele>204.0</ele></trkpt>
            <trkpt lat="50.3800320" lon="14.2335100"><ele>220.0</ele></trkpt>
            <trkpt lat="50.3952480" lon="14.2207200"><ele>216.0</ele></trkpt>
            <trkpt lat="50.4106480" lon="14.2063000"><ele>219.0</ele></trkpt>
            <trkpt lat="50.4216380" lon="14.1966900"><ele>215.0</ele></trkpt>
            <trkpt lat="50.4334790" lon="14.1806400"><ele>168.0</ele></trkpt>
            <trkpt lat="50.4418410" lon="14.1736000"><ele>160.0</ele></trkpt>
            <trkpt lat="50.4504810" lon="14.1679400"><ele>158.0</ele></trkpt>
            <trkpt lat="50.4534000" lon="14.1672500"><ele>158.0</ele></trkpt>
            <trkpt lat="50.4543800" lon="14.1606000"><ele>164.0</ele></trkpt>
            <trkpt lat="50.4637300" lon="14.1657100"><ele>159.0</ele></trkpt>
            <trkpt lat="50.4693790" lon="14.1627900"><ele>164.0</ele></trkpt>
            <trkpt lat="50.4748990" lon="14.1662600"><ele>166.0</ele></trkpt>
            <trkpt lat="50.4809610" lon="14.1720600"><ele>160.0</ele></trkpt>
            <trkpt lat="50.4829600" lon="14.1732600"><ele>161.0</ele></trkpt>
            <trkpt lat="50.4836390" lon="14.1697800"><ele>161.0</ele></trkpt>
            <trkpt lat="50.4870800" lon="14.1706900"><ele>150.0</ele></trkpt>
            <trkpt lat="50.4881210" lon="14.1687500"><ele>150.0</ele></trkpt>
            <trkpt lat="50.4884680" lon="14.1642000"><ele>150.0</ele></trkpt>
            <trkpt lat="50.4897000" lon="14.1612900"><ele>151.0</ele></trkpt>
            <trkpt lat="50.4924580" lon="14.1601700"><ele>150.0</ele></trkpt>
            <trkpt lat="50.4933280" lon="14.1552800"><ele>149.0</ele></trkpt>
            <trkpt lat="50.4939610" lon="14.1499600"><ele>152.0</ele></trkpt>
            <trkpt lat="50.4943700" lon="14.1470800"><ele>151.0</ele></trkpt>
            <trkpt lat="50.5012210" lon="14.1460500"><ele>150.0</ele></trkpt>
            <trkpt lat="50.5039480" lon="14.1448500"><ele>149.0</ele></trkpt>
            <trkpt lat="50.5074690" lon="14.1403400"><ele>150.0</ele></trkpt>
            <trkpt lat="50.5105020" lon="14.1387100"><ele>149.0</ele></trkpt>
            <trkpt lat="50.5134810" lon="14.1391400"><ele>150.0</ele></trkpt>
            <trkpt lat="50.5186880" lon="14.1368700"><ele>147.0</ele></trkpt>
            <trkpt lat="50.5238490" lon="14.1372500"><ele>148.0</ele></trkpt>
            <trkpt lat="50.5267910" lon="14.1348500"><ele>147.0</ele></trkpt>
            <trkpt lat="50.5305600" lon="14.1345330"><ele>149.0</ele></trkpt>
            <trkpt lat="50.5316660" lon="14.1387180"><ele>154.0</ele></trkpt>
            <trkpt lat="50.5315400" lon="14.1388400"><ele>150.0</ele></trkpt>
            <trkpt lat="50.5308610" lon="14.1357500"><ele>150.0</ele></trkpt>
            <trkpt lat="50.5309490" lon="14.1341000"><ele>154.0</ele></trkpt>
            <trkpt lat="50.5314290" lon="14.1337300"><ele>152.0</ele></trkpt>
            <trkpt lat="50.5311580" lon="14.1308800"><ele>161.0</ele></trkpt>
            <trkpt lat="50.5305710" lon="14.1306000"><ele>149.0</ele></trkpt>
            <trkpt lat="50.5307080" lon="14.1266500"><ele>149.0</ele></trkpt>
            <trkpt lat="50.5310290" lon="14.1242700"><ele>165.0</ele></trkpt>
            <trkpt lat="50.5312880" lon="14.1210100"><ele>161.0</ele></trkpt>
            <trkpt lat="50.5314710" lon="14.1173000"><ele>156.0</ele></trkpt>
            <trkpt lat="50.5313490" lon="14.1152400"><ele>159.0</ele></trkpt>
            <trkpt lat="50.5305600" lon="14.1123200"><ele>161.0</ele></trkpt>
            <trkpt lat="50.5303380" lon="14.1111800"><ele>165.0</ele></trkpt>
            <trkpt lat="50.5295980" lon="14.1100500"><ele>156.0</ele></trkpt>
            <trkpt lat="50.5289690" lon="14.1077300"><ele>157.0</ele></trkpt>
            <trkpt lat="50.5279390" lon="14.1056500"><ele>171.0</ele></trkpt>
            <trkpt lat="50.5271680" lon="14.1044700"><ele>170.0</ele></trkpt>
            <trkpt lat="50.5263290" lon="14.1034400"><ele>164.0</ele></trkpt>
            <trkpt lat="50.5249400" lon="14.1014000"><ele>152.0</ele></trkpt>
            <trkpt lat="50.5238000" lon="14.0988000"><ele>151.0</ele></trkpt>
            <trkpt lat="50.5229910" lon="14.0953300"><ele>152.0</ele></trkpt>
            <trkpt lat="50.5226900" lon="14.0938500"><ele>154.0</ele></trkpt>
            <trkpt lat="50.5223010" lon="14.0928800"><ele>150.0</ele></trkpt>
            <trkpt lat="50.5219920" lon="14.0912300"><ele>152.0</ele></trkpt>
            <trkpt lat="50.5220300" lon="14.0893800"><ele>153.0</ele></trkpt>
            <trkpt lat="50.5223200" lon="14.0875800"><ele>153.0</ele></trkpt>
            <trkpt lat="50.5219190" lon="14.0859100"><ele>151.0</ele></trkpt>
            <trkpt lat="50.5222400" lon="14.0851500"><ele>151.0</ele></trkpt>
            <trkpt lat="50.5218700" lon="14.0842300"><ele>150.0</ele></trkpt>
            <trkpt lat="50.5217020" lon="14.0828600"><ele>149.0</ele></trkpt>
            <trkpt lat="50.5215680" lon="14.0797000"><ele>149.0</ele></trkpt>
            <trkpt lat="50.5223620" lon="14.0797000"><ele>149.0</ele></trkpt>
            <trkpt lat="50.5231510" lon="14.0808600"><ele>149.0</ele></trkpt>
            <trkpt lat="50.5238990" lon="14.0810300"><ele>149.0</ele></trkpt>
            <trkpt lat="50.5246580" lon="14.0809500"><ele>149.0</ele></trkpt>
            <trkpt lat="50.5255510" lon="14.0801300"><ele>150.0</ele></trkpt>
            <trkpt lat="50.5266610" lon="14.0783100"><ele>151.0</ele></trkpt>
            <trkpt lat="50.5280490" lon="14.0762900"><ele>152.0</ele></trkpt>
            <trkpt lat="50.5289920" lon="14.0744000"><ele>152.0</ele></trkpt>
            <trkpt lat="50.5299190" lon="14.0713100"><ele>151.0</ele></trkpt>
            <trkpt lat="50.5308300" lon="14.0696200"><ele>151.0</ele></trkpt>
            <trkpt lat="50.5326000" lon="14.0685700"><ele>151.0</ele></trkpt>
            <trkpt lat="50.5333400" lon="14.0675400"><ele>152.0</ele></trkpt>
            <trkpt lat="50.5336490" lon="14.0664700"><ele>148.0</ele></trkpt>
            <trkpt lat="50.5387120" lon="14.0629600"><ele>144.0</ele></trkpt>
            <trkpt lat="50.5419080" lon="14.0611300"><ele>141.0</ele></trkpt>
            <trkpt lat="50.5434190" lon="14.0599800"><ele>141.0</ele></trkpt>
            <trkpt lat="50.5445590" lon="14.0583600"><ele>154.0</ele></trkpt>
            <trkpt lat="50.5451510" lon="14.0563200"><ele>177.0</ele></trkpt>
            <trkpt lat="50.5456090" lon="14.0535900"><ele>150.0</ele></trkpt>
            <trkpt lat="50.5457190" lon="14.0513900"><ele>152.0</ele></trkpt>
            <trkpt lat="50.5457380" lon="14.0502100"><ele>155.0</ele></trkpt>
            <trkpt lat="50.5458790" lon="14.0489100"><ele>196.0</ele></trkpt>
            <trkpt lat="50.5467990" lon="14.0453900"><ele>170.0</ele></trkpt>
            <trkpt lat="50.5473210" lon="14.0438500"><ele>150.0</ele></trkpt>
            <trkpt lat="50.5482900" lon="14.0424400"><ele>141.0</ele></trkpt>
            <trkpt lat="50.5493700" lon="14.0416400"><ele>141.0</ele></trkpt>
            <trkpt lat="50.5502890" lon="14.0414200"><ele>141.0</ele></trkpt>
            <trkpt lat="50.5508120" lon="14.0410200"><ele>141.0</ele></trkpt>
            <trkpt lat="50.5520590" lon="14.0407900"><ele>141.0</ele></trkpt>
            <trkpt lat="50.5532420" lon="14.0403500"><ele>141.0</ele></trkpt>
            <trkpt lat="50.5547410" lon="14.0394000"><ele>141.0</ele></trkpt>
            <trkpt lat="50.5554500" lon="14.0388500"><ele>141.0</ele></trkpt>
            <trkpt lat="50.5563580" lon="14.0384200"><ele>141.0</ele></trkpt>
            <trkpt lat="50.5575600" lon="14.0385700"><ele>141.0</ele></trkpt>
            <trkpt lat="50.5592690" lon="14.0391200"><ele>148.0</ele></trkpt>
            <trkpt lat="50.5615620" lon="14.0390900"><ele>149.0</ele></trkpt>
            <trkpt lat="50.5618590" lon="14.0396500"><ele>150.0</ele></trkpt>
            <trkpt lat="50.5640720" lon="14.0404000"><ele>149.0</ele></trkpt>
            <trkpt lat="50.5650410" lon="14.0405300"><ele>150.0</ele></trkpt>
            <trkpt lat="50.5659790" lon="14.0404000"><ele>149.0</ele></trkpt>
            <trkpt lat="50.5664600" lon="14.0401900"><ele>149.0</ele></trkpt>
            <trkpt lat="50.5678480" lon="14.0408900"><ele>150.0</ele></trkpt>
            <trkpt lat="50.5680620" lon="14.0404500"><ele>150.0</ele></trkpt>
            <trkpt lat="50.5704190" lon="14.0433600"><ele>148.0</ele></trkpt>
            <trkpt lat="50.5730400" lon="14.0434400"><ele>147.0</ele></trkpt>
            <trkpt lat="50.5770680" lon="14.0409500"><ele>147.0</ele></trkpt>
            <trkpt lat="50.5792500" lon="14.0391600"><ele>150.0</ele></trkpt>
            <trkpt lat="50.5809100" lon="14.0375600"><ele>164.0</ele></trkpt>
            <trkpt lat="50.5816500" lon="14.0363200"><ele>145.0</ele></trkpt>
            <trkpt lat="50.5835000" lon="14.0347800"><ele>141.0</ele></trkpt>
            <trkpt lat="50.5844380" lon="14.0339400"><ele>147.0</ele></trkpt>
            <trkpt lat="50.5853610" lon="14.0338300"><ele>149.0</ele></trkpt>
            <trkpt lat="50.5874790" lon="14.0353000"><ele>155.0</ele></trkpt>
            <trkpt lat="50.5887720" lon="14.0367500"><ele>154.0</ele></trkpt>
            <trkpt lat="50.5889820" lon="14.0375200"><ele>159.0</ele></trkpt>
            <trkpt lat="50.5901110" lon="14.0393600"><ele>151.0</ele></trkpt>
            <trkpt lat="50.5915410" lon="14.0419900"><ele>153.0</ele></trkpt>
            <trkpt lat="50.5924610" lon="14.0438600"><ele>158.0</ele></trkpt>
            <trkpt lat="50.5928800" lon="14.0462700"><ele>155.0</ele></trkpt>
            <trkpt lat="50.5926020" lon="14.0527100"><ele>157.0</ele></trkpt>
            <trkpt lat="50.5924420" lon="14.0585500"><ele>163.0</ele></trkpt>
            <trkpt lat="50.5932620" lon="14.0584600"><ele>153.0</ele></trkpt>
            <trkpt lat="50.5933110" lon="14.0618900"><ele>155.0</ele></trkpt>
            <trkpt lat="50.5949520" lon="14.0656700"><ele>144.0</ele></trkpt>
            <trkpt lat="50.5956610" lon="14.0674700"><ele>141.0</ele></trkpt>
            <trkpt lat="50.5970190" lon="14.0700500"><ele>141.0</ele></trkpt>
            <trkpt lat="50.6003420" lon="14.0724500"><ele>141.0</ele></trkpt>
            <trkpt lat="50.6059490" lon="14.0746800"><ele>141.0</ele></trkpt>
            <trkpt lat="50.6099820" lon="14.0769200"><ele>141.0</ele></trkpt>
            <trkpt lat="50.6170080" lon="14.0780300"><ele>145.0</ele></trkpt>
            <trkpt lat="50.6203310" lon="14.0753700"><ele>140.0</ele></trkpt>
            <trkpt lat="50.6244700" lon="14.0719400"><ele>151.0</ele></trkpt>
            <trkpt lat="50.6268690" lon="14.0652400"><ele>161.0</ele></trkpt>
            <trkpt lat="50.6289900" lon="14.0580300"><ele>162.0</ele></trkpt>
            <trkpt lat="50.6380310" lon="14.0503100"><ele>149.0</ele></trkpt>
            <trkpt lat="50.6549000" lon="14.0446400"><ele>133.0</ele></trkpt>
            <trkpt lat="50.6596910" lon="14.0492800"><ele>133.0</ele></trkpt>
            <trkpt lat="50.6594700" lon="14.0561400"><ele>133.0</ele></trkpt>
            <trkpt lat="50.6586490" lon="14.0570000"><ele>142.0</ele></trkpt>
            <trkpt lat="50.6595190" lon="14.0602600"><ele>132.0</ele></trkpt>
            <trkpt lat="50.6594700" lon="14.0654100"><ele>132.0</ele></trkpt>
            <trkpt lat="50.6582720" lon="14.0684200"><ele>153.0</ele></trkpt>
            <trkpt lat="50.6581610" lon="14.0755400"><ele>139.0</ele></trkpt>
            <trkpt lat="50.6607210" lon="14.0862700"><ele>148.0</ele></trkpt>
            <trkpt lat="50.6615910" lon="14.0955400"><ele>143.0</ele></trkpt>
            <trkpt lat="50.6638790" lon="14.1028400"><ele>145.0</ele></trkpt>
            <trkpt lat="50.6665380" lon="14.1100500"><ele>139.0</ele></trkpt>
            <trkpt lat="50.6697010" lon="14.1163100"><ele>136.0</ele></trkpt>
            <trkpt lat="50.6727980" lon="14.1195700"><ele>131.0</ele></trkpt>
            <trkpt lat="50.6747020" lon="14.1220600"><ele>140.0</ele></trkpt>
            <trkpt lat="50.6739880" lon="14.1274700"><ele>144.0</ele></trkpt>
            <trkpt lat="50.6679000" lon="14.1322800"><ele>141.0</ele></trkpt>
            <trkpt lat="50.6660500" lon="14.1310700"><ele>144.0</ele></trkpt>
            <trkpt lat="50.6637690" lon="14.1422300"><ele>142.0</ele></trkpt>
            <trkpt lat="50.6655620" lon="14.1422300"><ele>138.0</ele></trkpt>
            <trkpt lat="50.6655080" lon="14.1479800"><ele>137.0</ele></trkpt>
            <trkpt lat="50.6661610" lon="14.1498700"><ele>133.0</ele></trkpt>
            <trkpt lat="50.6663820" lon="14.1593100"><ele>144.0</ele></trkpt>
            <trkpt lat="50.6697500" lon="14.1660100"><ele>132.0</ele></trkpt>
            <trkpt lat="50.6732900" lon="14.1694400"><ele>136.0</ele></trkpt>
            <trkpt lat="50.6800920" lon="14.1788000"><ele>150.0</ele></trkpt>
            <trkpt lat="50.6843800" lon="14.1844600"><ele>128.0</ele></trkpt>
            <trkpt lat="50.6856920" lon="14.1913300"><ele>142.0</ele></trkpt>
            <trkpt lat="50.6889000" lon="14.1965600"><ele>132.0</ele></trkpt>
            <trkpt lat="50.6949310" lon="14.2031700"><ele>137.0</ele></trkpt>
            <trkpt lat="50.6987380" lon="14.2016300"><ele>133.0</ele></trkpt>
            <trkpt lat="50.7038990" lon="14.1987900"><ele>133.0</ele></trkpt>
            <trkpt lat="50.7122690" lon="14.1981100"><ele>135.0</ele></trkpt>
            <trkpt lat="50.7160800" lon="14.1978500"><ele>163.0</ele></trkpt>
            <trkpt lat="50.7212910" lon="14.1943300"><ele>130.0</ele></trkpt>
            <trkpt lat="50.7264520" lon="14.1901300"><ele>136.0</ele></trkpt>
            <trkpt lat="50.7299880" lon="14.1898700"><ele>134.0</ele></trkpt>
            <trkpt lat="50.7316700" lon="14.1907300"><ele>140.0</ele></trkpt>
            <trkpt lat="50.7380790" lon="14.1905500"><ele>141.0</ele></trkpt>
            <trkpt lat="50.7424320" lon="14.1915800"><ele>154.0</ele></trkpt>
            <trkpt lat="50.7482910" lon="14.1951000"><ele>144.0</ele></trkpt>
            <trkpt lat="50.7513310" lon="14.1975900"><ele>144.0</ele></trkpt>
            <trkpt lat="50.7565990" lon="14.2033400"><ele>144.0</ele></trkpt>
            <trkpt lat="50.7597500" lon="14.2066900"><ele>139.0</ele></trkpt>
            <trkpt lat="50.7605090" lon="14.2066100"><ele>128.0</ele></trkpt>
            <trkpt lat="50.7670210" lon="14.2133900"><ele>122.0</ele></trkpt>
            <trkpt lat="50.7746200" lon="14.2127000"><ele>134.0</ele></trkpt>
            <trkpt lat="50.7767910" lon="14.2131300"><ele>133.0</ele></trkpt>
            <trkpt lat="50.7785800" lon="14.2125300"><ele>151.0</ele></trkpt>
            <trkpt lat="50.7792400" lon="14.2152700"><ele>143.0</ele></trkpt>
            <trkpt lat="50.7801590" lon="14.2115000"><ele>137.0</ele></trkpt>
            <trkpt lat="50.7816200" lon="14.2060000"><ele>152.0</ele></trkpt>
            <trkpt lat="50.7845500" lon="14.2084900"><ele>195.0</ele></trkpt>
            <trkpt lat="50.7867810" lon="14.2147600"><ele>208.0</ele></trkpt>
            <trkpt lat="50.7888980" lon="14.2243700"><ele>177.0</ele></trkpt>
            <trkpt lat="50.7954600" lon="14.2346700"><ele>134.0</ele></trkpt>
            <trkpt lat="50.8023990" lon="14.2358700"><ele>128.0</ele></trkpt>
            <trkpt lat="50.8071780" lon="14.2326100"><ele>120.0</ele></trkpt>
            <trkpt lat="50.8117900" lon="14.2247200"><ele>169.0</ele></trkpt>
            <trkpt lat="50.8182980" lon="14.2214500"><ele>141.0</ele></trkpt>
            <trkpt lat="50.8270300" lon="14.2237700"><ele>170.0</ele></trkpt>
            <trkpt lat="50.8334200" lon="14.2263500"><ele>134.0</ele></trkpt>
            <trkpt lat="50.8390080" lon="14.2219700"><ele>128.0</ele></trkpt>
            <trkpt lat="50.8440510" lon="14.2163000"><ele>132.0</ele></trkpt>
            <trkpt lat="50.8498380" lon="14.2147600"><ele>237.0</ele></trkpt>
            <trkpt lat="50.8572080" lon="14.2212000"><ele>188.0</ele></trkpt>
            <trkpt lat="50.8659400" lon="14.2276300"><ele>174.0</ele></trkpt>
            <trkpt lat="50.8773610" lon="14.2349300"><ele>205.0</ele></trkpt>
            <trkpt lat="50.8851590" lon="14.2339000"><ele>118.0</ele></trkpt>
            <trkpt lat="50.8947490" lon="14.2236000"><ele>148.0</ele></trkpt>
            <trkpt lat="50.9020000" lon="14.2102100"><ele>117.0</ele></trkpt>
            <trkpt lat="50.9056820" lon="14.1967300"><ele>139.0</ele></trkpt>
            <trkpt lat="50.9099620" lon="14.1769900"><ele>125.0</ele></trkpt>
            <trkpt lat="50.9146120" lon="14.1535600"><ele>134.0</ele></trkpt>
            <trkpt lat="50.9208300" lon="14.1336500"><ele>127.0</ele></trkpt>
            <trkpt lat="50.9205090" lon="14.1303900"><ele>165.0</ele></trkpt>
            <trkpt lat="50.9215890" lon="14.1281600"><ele>138.0</ele></trkpt>
            <trkpt lat="50.9274290" lon="14.1102200"><ele>158.0</ele></trkpt>
            <trkpt lat="50.9276500" lon="14.1047200"><ele>145.0</ele></trkpt>
            <trkpt lat="50.9254910" lon="14.0971700"><ele>131.0</ele></trkpt>
            <trkpt lat="50.9203490" lon="14.0845500"><ele>118.0</ele></trkpt>
            <trkpt lat="50.9191590" lon="14.0688500"><ele>121.0</ele></trkpt>
            <trkpt lat="50.9259680" lon="14.0557100"><ele>166.0</ele></trkpt>
            <trkpt lat="50.9348410" lon="14.0583800"><ele>233.0</ele></trkpt>
            <trkpt lat="50.9405780" lon="14.0748600"><ele>149.0</ele></trkpt>
            <trkpt lat="50.9456100" lon="14.0806100"><ele>134.0</ele></trkpt>
            <trkpt lat="50.9562110" lon="14.0790600"><ele>118.0</ele></trkpt>
            <trkpt lat="50.9579390" lon="14.0643800"><ele>116.0</ele></trkpt>
            <trkpt lat="50.9567490" lon="14.0494500"><ele>112.0</ele></trkpt>
            <trkpt lat="50.9544180" lon="14.0349400"><ele>117.0</ele></trkpt>
            <trkpt lat="50.9515000" lon="14.0237000"><ele>118.0</ele></trkpt>
            <trkpt lat="50.9453890" lon="14.0140000"><ele>116.0</ele></trkpt>
            <trkpt lat="50.9438210" lon="14.0037000"><ele>147.0</ele></trkpt>
            <trkpt lat="50.9465790" lon="13.9982100"><ele>123.0</ele></trkpt>
            <trkpt lat="50.9487990" lon="13.9928000"><ele>126.0</ele></trkpt>
            <trkpt lat="50.9517210" lon="13.9854200"><ele>110.0</ele></trkpt>
            <trkpt lat="50.9541510" lon="13.9789800"><ele>157.0</ele></trkpt>
            <trkpt lat="50.9592900" lon="13.9718600"><ele>110.0</ele></trkpt>
            <trkpt lat="50.9632910" lon="13.9568400"><ele>110.0</ele></trkpt>
            <trkpt lat="50.9633410" lon="13.9460200"><ele>114.0</ele></trkpt>
            <trkpt lat="50.9640390" lon="13.9346900"><ele>119.0</ele></trkpt>
            <trkpt lat="50.9643100" lon="13.9285100"><ele>109.0</ele></trkpt>
            <trkpt lat="50.9626390" lon="13.9201000"><ele>109.0</ele></trkpt>
            <trkpt lat="50.9610210" lon="13.9111800"><ele>109.0</ele></trkpt>
            <trkpt lat="50.9603120" lon="13.9039700"><ele>108.0</ele></trkpt>
            <trkpt lat="50.9614980" lon="13.8953000"><ele>117.0</ele></trkpt>
            <trkpt lat="50.9676090" lon="13.8842300"><ele>116.0</ele></trkpt>
            <trkpt lat="50.9732890" lon="13.8807100"><ele>118.0</ele></trkpt>
            <trkpt lat="50.9776610" lon="13.8816500"><ele>112.0</ele></trkpt>
            <trkpt lat="50.9821010" lon="13.8831100"><ele>114.0</ele></trkpt>
            <trkpt lat="50.9905820" lon="13.8786500"><ele>113.0</ele></trkpt>
            <trkpt lat="50.9909590" lon="13.8760700"><ele>115.0</ele></trkpt>
            <trkpt lat="50.9931180" lon="13.8759900"><ele>114.0</ele></trkpt>
            <trkpt lat="50.9980890" lon="13.8739300"><ele>112.0</ele></trkpt>
            <trkpt lat="51.0009000" lon="13.8704100"><ele>116.0</ele></trkpt>
            <trkpt lat="51.0071110" lon="13.8648300"><ele>120.0</ele></trkpt>
            <trkpt lat="51.0089420" lon="13.8609700"><ele>118.0</ele></trkpt>
            <trkpt lat="51.0145610" lon="13.8501500"><ele>119.0</ele></trkpt>
            <trkpt lat="51.0176390" lon="13.8457700"><ele>117.0</ele></trkpt>
            <trkpt lat="51.0178490" lon="13.8425100"><ele>119.0</ele></trkpt>
            <trkpt lat="51.0249790" lon="13.8376200"><ele>116.0</ele></trkpt>
            <trkpt lat="51.0260580" lon="13.8395900"><ele>116.0</ele></trkpt>
            <trkpt lat="51.0313490" lon="13.8372800"><ele>111.0</ele></trkpt>
            <trkpt lat="51.0355110" lon="13.8298900"><ele>108.0</ele></trkpt>
            <trkpt lat="51.0397190" lon="13.8200200"><ele>105.0</ele></trkpt>
            <trkpt lat="51.0514300" lon="13.8103200"><ele>109.0</ele></trkpt>
            <trkpt lat="51.0581210" lon="13.8044000"><ele>109.0</ele></trkpt>
            <trkpt lat="51.0595210" lon="13.8025100"><ele>104.0</ele></trkpt>
            <trkpt lat="51.0614090" lon="13.7956500"><ele>108.0</ele></trkpt>
            <trkpt lat="51.0629690" lon="13.7753900"><ele>103.0</ele></trkpt>
            <trkpt lat="51.0594100" lon="13.7622600"><ele>102.0</ele></trkpt>
            <trkpt lat="51.0536380" lon="13.7476700"><ele>102.0</ele></trkpt>
            <trkpt lat="51.0583650" lon="13.7462780"><ele>119.0</ele></trkpt>
            <trkpt lat="51.0611420" lon="13.7461280"><ele>117.0</ele></trkpt>
            <trkpt lat="51.0620990" lon="13.7461710"><ele>116.0</ele></trkpt>
            <trkpt lat="51.0630680" lon="13.7472870"><ele>115.0</ele></trkpt>
            <trkpt lat="51.0638120" lon="13.7469650"><ele>116.0</ele></trkpt>
            <trkpt lat="51.0641630" lon="13.7450120"><ele>116.0</ele></trkpt>
            <trkpt lat="51.0645260" lon="13.7434890"><ele>117.0</ele></trkpt>
            <trkpt lat="51.0651210" lon="13.7437890"><ele>114.0</ele></trkpt>
            <trkpt lat="51.0644800" lon="13.7406300"><ele>117.0</ele></trkpt>
            <trkpt lat="51.0629690" lon="13.7366800"><ele>116.0</ele></trkpt>
            <trkpt lat="51.0598410" lon="13.7289600"><ele>113.0</ele></trkpt>
            <trkpt lat="51.0653380" lon="13.7172800"><ele>109.0</ele></trkpt>
            <trkpt lat="51.0661010" lon="13.7083600"><ele>108.0</ele></trkpt>
            <trkpt lat="51.0632900" lon="13.6953100"><ele>113.0</ele></trkpt>
            <trkpt lat="51.0620000" lon="13.6899900"><ele>113.0</ele></trkpt>
            <trkpt lat="51.0623210" lon="13.6800300"><ele>119.0</ele></trkpt>
            <trkpt lat="51.0673900" lon="13.6743700"><ele>127.0</ele></trkpt>
            <trkpt lat="51.0761300" lon="13.6661300"><ele>112.0</ele></trkpt>
            <trkpt lat="51.0862690" lon="13.6422700"><ele>112.0</ele></trkpt>
            <trkpt lat="51.0890690" lon="13.6266500"><ele>108.0</ele></trkpt>
            <trkpt lat="51.0884210" lon="13.6175500"><ele>108.0</ele></trkpt>
            <trkpt lat="51.0919800" lon="13.6055300"><ele>125.0</ele></trkpt>
            <trkpt lat="51.0972710" lon="13.5967800"><ele>114.0</ele></trkpt>
            <trkpt lat="51.0999600" lon="13.5873400"><ele>123.0</ele></trkpt>
            <trkpt lat="51.1157000" lon="13.5574700"><ele>110.0</ele></trkpt>
            <trkpt lat="51.1255000" lon="13.5303500"><ele>121.0</ele></trkpt>
            <trkpt lat="51.1281890" lon="13.5274300"><ele>166.0</ele></trkpt>
            <trkpt lat="51.1339000" lon="13.5114600"><ele>104.0</ele></trkpt>
            <trkpt lat="51.1488690" lon="13.4874300"><ele>108.0</ele></trkpt>
            <trkpt lat="51.1551210" lon="13.4764400"><ele>163.0</ele></trkpt>
            <trkpt lat="51.1708410" lon="13.4704400"><ele>100.0</ele></trkpt>
            <trkpt lat="51.1742780" lon="13.4597900"><ele>106.0</ele></trkpt>
            <trkpt lat="51.1837500" lon="13.4462300"><ele>109.0</ele></trkpt>
            <trkpt lat="51.1880490" lon="13.4288900"><ele>112.0</ele></trkpt>
            <trkpt lat="51.1965480" lon="13.4100100"><ele>116.0</ele></trkpt>
            <trkpt lat="51.2110710" lon="13.4024600"><ele>120.0</ele></trkpt>
            <trkpt lat="51.2223590" lon="13.3971400"><ele>130.0</ele></trkpt>
            <trkpt lat="51.2266620" lon="13.4029700"><ele>115.0</ele></trkpt>
            <trkpt lat="51.2365490" lon="13.3993700"><ele>112.0</ele></trkpt>
            <trkpt lat="51.2398800" lon="13.4074400"><ele>116.0</ele></trkpt>
            <trkpt lat="51.2496600" lon="13.3993700"><ele>134.0</ele></trkpt>
            <trkpt lat="51.2568590" lon="13.4005700"><ele>106.0</ele></trkpt>
            <trkpt lat="51.2640610" lon="13.3966200"><ele>102.0</ele></trkpt>
            <trkpt lat="51.2656710" lon="13.4012600"><ele>96.0</ele></trkpt>
            <trkpt lat="51.2712520" lon="13.4009100"><ele>100.0</ele></trkpt>
            <trkpt lat="51.2716790" lon="13.3976500"><ele>98.0</ele></trkpt>
            <trkpt lat="51.2759820" lon="13.3911300"><ele>101.0</ele></trkpt>
            <trkpt lat="51.2818910" lon="13.3870100"><ele>102.0</ele></trkpt>
            <trkpt lat="51.2873610" lon="13.3901000"><ele>97.0</ele></trkpt>
            <trkpt lat="51.2955210" lon="13.3799700"><ele>95.0</ele></trkpt>
            <trkpt lat="51.2927280" lon="13.3770500"><ele>98.0</ele></trkpt>
            <trkpt lat="51.3008920" lon="13.3564500"><ele>96.0</ele></trkpt>
            <trkpt lat="51.3032490" lon="13.3557700"><ele>96.0</ele></trkpt>
            <trkpt lat="51.3076520" lon="13.3440900"><ele>99.0</ele></trkpt>
            <trkpt lat="51.3058200" lon="13.3243500"><ele>95.0</ele></trkpt>
            <trkpt lat="51.3055000" lon="13.3058100"><ele>103.0</ele></trkpt>
            <trkpt lat="51.3092610" lon="13.2944800"><ele>105.0</ele></trkpt>
            <trkpt lat="51.3146210" lon="13.3005800"><ele>100.0</ele></trkpt>
            <trkpt lat="51.3185390" lon="13.3083900"><ele>95.0</ele></trkpt>
            <trkpt lat="51.3183210" lon="13.3143100"><ele>95.0</ele></trkpt>
            <trkpt lat="51.3211710" lon="13.3181700"><ele>98.0</ele></trkpt>
            <trkpt lat="51.3236310" lon="13.3176600"><ele>100.0</ele></trkpt>
            <trkpt lat="51.3271710" lon="13.3235800"><ele>99.0</ele></trkpt>
            <trkpt lat="51.3306080" lon="13.3355100"><ele>98.0</ele></trkpt>
            <trkpt lat="51.3321110" lon="13.3385100"><ele>98.0</ele></trkpt>
            <trkpt lat="51.3332900" lon="13.3385100"><ele>97.0</ele></trkpt>
            <trkpt lat="51.3339310" lon="13.3416900"><ele>98.0</ele></trkpt>
            <trkpt lat="51.3362390" lon="13.3440100"><ele>99.0</ele></trkpt>
            <trkpt lat="51.3366090" lon="13.3449500"><ele>99.0</ele></trkpt>
            <trkpt lat="51.3387600" lon="13.3456400"><ele>99.0</ele></trkpt>
            <trkpt lat="51.3402600" lon="13.3470100"><ele>100.0</ele></trkpt>
            <trkpt lat="51.3421900" lon="13.3490700"><ele>99.0</ele></trkpt>
            <trkpt lat="51.3447610" lon="13.3504400"><ele>98.0</ele></trkpt>
            <trkpt lat="51.3486210" lon="13.3531900"><ele>99.0</ele></trkpt>
            <trkpt lat="51.3572010" lon="13.3600600"><ele>109.0</ele></trkpt>
            <trkpt lat="51.3636280" lon="13.3634900"><ele>105.0</ele></trkpt>
            <trkpt lat="51.3739200" lon="13.3648600"><ele>96.0</ele></trkpt>
            <trkpt lat="51.3786320" lon="13.3717300"><ele>97.0</ele></trkpt>
            <trkpt lat="51.3818510" lon="13.3761100"><ele>94.0</ele></trkpt>
            <trkpt lat="51.3970600" lon="13.3744800"><ele>108.0</ele></trkpt>
            <trkpt lat="51.4073410" lon="13.3703600"><ele>107.0</ele></trkpt>
            <trkpt lat="51.4180490" lon="13.3634900"><ele>92.0</ele></trkpt>
            <trkpt lat="51.4240420" lon="13.3614300"><ele>92.0</ele></trkpt>
            <trkpt lat="51.4304620" lon="13.3573100"><ele>92.0</ele></trkpt>
            <trkpt lat="51.4351690" lon="13.3566200"><ele>92.0</ele></trkpt>
            <trkpt lat="51.4368780" lon="13.3565400"><ele>94.0</ele></trkpt>
            <trkpt lat="51.4422910" lon="13.3662400"><ele>94.0</ele></trkpt>
            <trkpt lat="51.4447520" lon="13.3701900"><ele>92.0</ele></trkpt>
            <trkpt lat="51.4522400" lon="13.3866600"><ele>91.0</ele></trkpt>
            <trkpt lat="51.4642720" lon="13.3922400"><ele>90.0</ele></trkpt>
            <trkpt lat="51.4712720" lon="13.3890700"><ele>90.0</ele></trkpt>
            <trkpt lat="51.4735180" lon="13.4113000"><ele>94.0</ele></trkpt>
            <trkpt lat="51.4776380" lon="13.4220300"><ele>92.0</ele></trkpt>
            <trkpt lat="51.4799120" lon="13.4252070"><ele>91.0</ele></trkpt>
            <trkpt lat="51.4823190" lon="13.4262370"><ele>90.0</ele></trkpt>
            <trkpt lat="51.4819720" lon="13.4300570"><ele>88.0</ele></trkpt>
            <trkpt lat="51.4840010" lon="13.4345630"><ele>91.0</ele></trkpt>
            <trkpt lat="51.4862210" lon="13.4375670"><ele>101.0</ele></trkpt>
            <trkpt lat="51.4879300" lon="13.4353350"><ele>94.0</ele></trkpt>
            <trkpt lat="51.4922870" lon="13.4333610"><ele>93.0</ele></trkpt>
            <trkpt lat="51.4966960" lon="13.4283400"><ele>91.0</ele></trkpt>
            <trkpt lat="51.4983790" lon="13.4278680"><ele>92.0</ele></trkpt>
            <trkpt lat="51.5001140" lon="13.4261510"><ele>91.0</ele></trkpt>
            <trkpt lat="51.5004080" lon="13.4313440"><ele>101.0</ele></trkpt>
            <trkpt lat="51.5001490" lon="13.4261000"><ele>91.0</ele></trkpt>
            <trkpt lat="51.5003200" lon="13.4241300"><ele>89.0</ele></trkpt>
            <trkpt lat="51.5015300" lon="13.4230100"><ele>89.0</ele></trkpt>
            <trkpt lat="51.5033420" lon="13.4216400"><ele>88.0</ele></trkpt>
            <trkpt lat="51.5039600" lon="13.4207000"><ele>87.0</ele></trkpt>
            <trkpt lat="51.5066300" lon="13.4192800"><ele>88.0</ele></trkpt>
            <trkpt lat="51.5074810" lon="13.4178200"><ele>88.0</ele></trkpt>
            <trkpt lat="51.5081210" lon="13.4168800"><ele>89.0</ele></trkpt>
            <trkpt lat="51.5098110" lon="13.4141300"><ele>92.0</ele></trkpt>
            <trkpt lat="51.5113600" lon="13.4111700"><ele>88.0</ele></trkpt>
            <trkpt lat="51.5119710" lon="13.4103500"><ele>87.0</ele></trkpt>
            <trkpt lat="51.5151710" lon="13.4091500"><ele>88.0</ele></trkpt>
            <trkpt lat="51.5152020" lon="13.4056300"><ele>98.0</ele></trkpt>
            <trkpt lat="51.5148010" lon="13.4029700"><ele>97.0</ele></trkpt>
            <trkpt lat="51.5150110" lon="13.4018600"><ele>102.0</ele></trkpt>
            <trkpt lat="51.5151210" lon="13.4006100"><ele>97.0</ele></trkpt>
            <trkpt lat="51.5155490" lon="13.4000100"><ele>97.0</ele></trkpt>
            <trkpt lat="51.5158390" lon="13.3986000"><ele>92.0</ele></trkpt>
            <trkpt lat="51.5161400" lon="13.3966600"><ele>91.0</ele></trkpt>
            <trkpt lat="51.5166210" lon="13.3947800"><ele>89.0</ele></trkpt>
            <trkpt lat="51.5166700" lon="13.3913000"><ele>89.0</ele></trkpt>
            <trkpt lat="51.5161400" lon="13.3902300"><ele>90.0</ele></trkpt>
            <trkpt lat="51.5176580" lon="13.3860400"><ele>89.0</ele></trkpt>
            <trkpt lat="51.5167620" lon="13.3839600"><ele>88.0</ele></trkpt>
            <trkpt lat="51.5163190" lon="13.3826500"><ele>88.0</ele></trkpt>
            <trkpt lat="51.5112000" lon="13.3741300"><ele>87.0</ele></trkpt>
            <trkpt lat="51.5100210" lon="13.3638300"><ele>87.0</ele></trkpt>
            <trkpt lat="51.5082590" lon="13.3540500"><ele>87.0</ele></trkpt>
            <trkpt lat="51.5064890" lon="13.3517300"><ele>87.0</ele></trkpt>
            <trkpt lat="51.5045700" lon="13.3180000"><ele>103.0</ele></trkpt>
            <trkpt lat="51.5030210" lon="13.3134500"><ele>98.0</ele></trkpt>
            <trkpt lat="51.5030210" lon="13.2978300"><ele>89.0</ele></trkpt>
            <trkpt lat="51.5025900" lon="13.2896800"><ele>90.0</ele></trkpt>
            <trkpt lat="51.5025710" lon="13.2871000"><ele>89.0</ele></trkpt>
            <trkpt lat="51.5017810" lon="13.2859000"><ele>90.0</ele></trkpt>
            <trkpt lat="51.5023800" lon="13.2846800"><ele>91.0</ele></trkpt>
            <trkpt lat="51.5026590" lon="13.2824000"><ele>88.0</ele></trkpt>
            <trkpt lat="51.5011900" lon="13.2794800"><ele>88.0</ele></trkpt>
            <trkpt lat="51.4983220" lon="13.2712200"><ele>87.0</ele></trkpt>
            <trkpt lat="51.4977610" lon="13.2692900"><ele>87.0</ele></trkpt>
            <trkpt lat="51.4956210" lon="13.2647900"><ele>87.0</ele></trkpt>
            <trkpt lat="51.4946900" lon="13.2622500"><ele>89.0</ele></trkpt>
            <trkpt lat="51.4951100" lon="13.2604900"><ele>88.0</ele></trkpt>
            <trkpt lat="51.4955900" lon="13.2588600"><ele>89.0</ele></trkpt>
            <trkpt lat="51.4981310" lon="13.2491200"><ele>88.0</ele></trkpt>
            <trkpt lat="51.4998210" lon="13.2419500"><ele>89.0</ele></trkpt>
            <trkpt lat="51.4977300" lon="13.2295100"><ele>90.0</ele></trkpt>
            <trkpt lat="51.4977490" lon="13.2283100"><ele>94.0</ele></trkpt>
            <trkpt lat="51.4972800" lon="13.2281100"><ele>90.0</ele></trkpt>
            <trkpt lat="51.4952700" lon="13.2153000"><ele>87.0</ele></trkpt>
            <trkpt lat="51.4926680" lon="13.1983300"><ele>86.0</ele></trkpt>
            <trkpt lat="51.4929810" lon="13.1931800"><ele>86.0</ele></trkpt>
            <trkpt lat="51.4928400" lon="13.1917200"><ele>86.0</ele></trkpt>
            <trkpt lat="51.4927410" lon="13.1883500"><ele>88.0</ele></trkpt>
            <trkpt lat="51.4933010" lon="13.1825200"><ele>89.0</ele></trkpt>
            <trkpt lat="51.4957500" lon="13.1765100"><ele>87.0</ele></trkpt>
            <trkpt lat="51.4966390" lon="13.1699900"><ele>87.0</ele></trkpt>
            <trkpt lat="51.4955410" lon="13.1642300"><ele>86.0</ele></trkpt>
            <trkpt lat="51.4942280" lon="13.1570700"><ele>86.0</ele></trkpt>
            <trkpt lat="51.4914020" lon="13.1514000"><ele>87.0</ele></trkpt>
            <trkpt lat="51.4896090" lon="13.1481000"><ele>86.0</ele></trkpt>
            <trkpt lat="51.4866710" lon="13.1450500"><ele>86.0</ele></trkpt>
            <trkpt lat="51.4870990" lon="13.1410600"><ele>87.0</ele></trkpt>
            <trkpt lat="51.4883000" lon="13.1402900"><ele>87.0</ele></trkpt>
            <trkpt lat="51.4882510" lon="13.1371500"><ele>85.0</ele></trkpt>
            <trkpt lat="51.4854700" lon="13.1335900"><ele>83.0</ele></trkpt>
            <trkpt lat="51.4848290" lon="13.1338400"><ele>85.0</ele></trkpt>
            <trkpt lat="51.4847490" lon="13.1328800"><ele>80.0</ele></trkpt>
            <trkpt lat="51.4844510" lon="13.1315500"><ele>80.0</ele></trkpt>
            <trkpt lat="51.4841380" lon="13.1311100"><ele>105.0</ele></trkpt>
            <trkpt lat="51.4844890" lon="13.1303700"><ele>97.0</ele></trkpt>
            <trkpt lat="51.4853100" lon="13.1291700"><ele>98.0</ele></trkpt>
            <trkpt lat="51.4892620" lon="13.1244600"><ele>86.0</ele></trkpt>
            <trkpt lat="51.4929700" lon="13.1195600"><ele>87.0</ele></trkpt>
            <trkpt lat="51.4892690" lon="13.1163400"><ele>86.0</ele></trkpt>
            <trkpt lat="51.4888690" lon="13.1161700"><ele>96.0</ele></trkpt>
            <trkpt lat="51.4909710" lon="13.1123500"><ele>85.0</ele></trkpt>
            <trkpt lat="51.4925990" lon="13.1100300"><ele>84.0</ele></trkpt>
            <trkpt lat="51.4940410" lon="13.1075400"><ele>85.0</ele></trkpt>
            <trkpt lat="51.4955410" lon="13.1027800"><ele>85.0</ele></trkpt>
            <trkpt lat="51.4970090" lon="13.0996000"><ele>85.0</ele></trkpt>
            <trkpt lat="51.4978710" lon="13.0980200"><ele>83.0</ele></trkpt>
            <trkpt lat="51.4995500" lon="13.0955300"><ele>83.0</ele></trkpt>
            <trkpt lat="51.5014500" lon="13.0938100"><ele>83.0</ele></trkpt>
            <trkpt lat="51.5043600" lon="13.0929500"><ele>85.0</ele></trkpt>
            <trkpt lat="51.5072210" lon="13.0922700"><ele>85.0</ele></trkpt>
            <trkpt lat="51.5088390" lon="13.0890900"><ele>84.0</ele></trkpt>
            <trkpt lat="51.5091710" lon="13.0850600"><ele>84.0</ele></trkpt>
            <trkpt lat="51.5074620" lon="13.0773700"><ele>84.0</ele></trkpt>
            <trkpt lat="51.5070610" lon="13.0733800"><ele>81.0</ele></trkpt>
            <trkpt lat="51.5053480" lon="13.0700400"><ele>83.0</ele></trkpt>
            <trkpt lat="51.5054280" lon="13.0677100"><ele>86.0</ele></trkpt>
            <trkpt lat="51.5040820" lon="13.0663400"><ele>85.0</ele></trkpt>
            <trkpt lat="51.5050200" lon="13.0644900"><ele>85.0</ele></trkpt>
            <trkpt lat="51.5057110" lon="13.0652800"><ele>90.0</ele></trkpt>
            <trkpt lat="51.5064510" lon="13.0657300"><ele>86.0</ele></trkpt>
            <trkpt lat="51.5175020" lon="13.0488400"><ele>87.0</ele></trkpt>
            <trkpt lat="51.5269010" lon="13.0239400"><ele>82.0</ele></trkpt>
            <trkpt lat="51.5335200" lon="13.0045500"><ele>83.0</ele></trkpt>
            <trkpt lat="51.5514490" lon="13.0038600"><ele>82.0</ele></trkpt>
            <trkpt lat="51.5547600" lon="13.0002500"><ele>86.0</ele></trkpt>
            <trkpt lat="51.5567890" lon="13.0098700"><ele>85.0</ele></trkpt>
            <trkpt lat="51.5717320" lon="13.0033400"><ele>86.0</ele></trkpt>
            <trkpt lat="51.5816500" lon="13.0035200"><ele>80.0</ele></trkpt>
            <trkpt lat="51.5841100" lon="13.0148500"><ele>83.0</ele></trkpt>
            <trkpt lat="51.5940210" lon="13.0102100"><ele>81.0</ele></trkpt>
            <trkpt lat="51.5978580" lon="13.0024900"><ele>81.0</ele></trkpt>
            <trkpt lat="51.5942920" lon="12.9950800"><ele>79.0</ele></trkpt>
            <trkpt lat="51.5936390" lon="12.9946300"><ele>80.0</ele></trkpt>
            <trkpt lat="51.5944600" lon="12.9930500"><ele>80.0</ele></trkpt>
            <trkpt lat="51.5975800" lon="12.9906400"><ele>81.0</ele></trkpt>
            <trkpt lat="51.5996090" lon="12.9903800"><ele>81.0</ele></trkpt>
            <trkpt lat="51.6004910" lon="12.9910100"><ele>82.0</ele></trkpt>
            <trkpt lat="51.6016500" lon="12.9898100"><ele>82.0</ele></trkpt>
            <trkpt lat="51.6025510" lon="12.9879400"><ele>82.0</ele></trkpt>
            <trkpt lat="51.6040690" lon="12.9862400"><ele>80.0</ele></trkpt>
            <trkpt lat="51.6038280" lon="12.9846600"><ele>77.0</ele></trkpt>
            <trkpt lat="51.6032980" lon="12.9838800"><ele>79.0</ele></trkpt>
            <trkpt lat="51.6029280" lon="12.9820600"><ele>76.0</ele></trkpt>
            <trkpt lat="51.6024700" lon="12.9770400"><ele>80.0</ele></trkpt>
            <trkpt lat="51.6028520" lon="12.9752800"><ele>78.0</ele></trkpt>
            <trkpt lat="51.6027790" lon="12.9682200"><ele>79.0</ele></trkpt>
            <trkpt lat="51.6042590" lon="12.9660100"><ele>79.0</ele></trkpt>
            <trkpt lat="51.6055720" lon="12.9636300"><ele>79.0</ele></trkpt>
            <trkpt lat="51.6046910" lon="12.9630300"><ele>79.0</ele></trkpt>
            <trkpt lat="51.6029890" lon="12.9609200"><ele>78.0</ele></trkpt>
            <trkpt lat="51.6028210" lon="12.9613300"><ele>79.0</ele></trkpt>
            <trkpt lat="51.6014600" lon="12.9619700"><ele>78.0</ele></trkpt>
            <trkpt lat="51.6005710" lon="12.9602400"><ele>79.0</ele></trkpt>
            <trkpt lat="51.6000900" lon="12.9574700"><ele>79.0</ele></trkpt>
            <trkpt lat="51.5997200" lon="12.9524900"><ele>81.0</ele></trkpt>
            <trkpt lat="51.5987700" lon="12.9524500"><ele>90.0</ele></trkpt>
            <trkpt lat="51.5983700" lon="12.9493600"><ele>91.0</ele></trkpt>
            <trkpt lat="51.5972520" lon="12.9493100"><ele>93.0</ele></trkpt>
            <trkpt lat="51.5970990" lon="12.9457500"><ele>94.0</ele></trkpt>
            <trkpt lat="51.6035800" lon="12.9371900"><ele>85.0</ele></trkpt>
            <trkpt lat="51.6050300" lon="12.9344900"><ele>83.0</ele></trkpt>
            <trkpt lat="51.6086620" lon="12.9377100"><ele>80.0</ele></trkpt>
            <trkpt lat="51.6092800" lon="12.9341200"><ele>83.0</ele></trkpt>
            <trkpt lat="51.6101420" lon="12.9341900"><ele>81.0</ele></trkpt>
            <trkpt lat="51.6112400" lon="12.9283300"><ele>88.0</ele></trkpt>
            <trkpt lat="51.6121220" lon="12.9263300"><ele>84.0</ele></trkpt>
            <trkpt lat="51.6127590" lon="12.9269300"><ele>80.0</ele></trkpt>
            <trkpt lat="51.6141590" lon="12.9260500"><ele>77.0</ele></trkpt>
            <trkpt lat="51.6144290" lon="12.9264600"><ele>78.0</ele></trkpt>
            <trkpt lat="51.6169590" lon="12.9248100"><ele>77.0</ele></trkpt>
            <trkpt lat="51.6183590" lon="12.9255600"><ele>77.0</ele></trkpt>
            <trkpt lat="51.6192590" lon="12.9269100"><ele>76.0</ele></trkpt>
            <trkpt lat="51.6193390" lon="12.9279600"><ele>77.0</ele></trkpt>
            <trkpt lat="51.6196400" lon="12.9285600"><ele>77.0</ele></trkpt>
            <trkpt lat="51.6207010" lon="12.9271300"><ele>77.0</ele></trkpt>
            <trkpt lat="51.6213190" lon="12.9259700"><ele>76.0</ele></trkpt>
            <trkpt lat="51.6229520" lon="12.9246400"><ele>76.0</ele></trkpt>
            <trkpt lat="51.6246300" lon="12.9223900"><ele>77.0</ele></trkpt>
            <trkpt lat="51.6262820" lon="12.9207500"><ele>77.0</ele></trkpt>
            <trkpt lat="51.6277010" lon="12.9202400"><ele>78.0</ele></trkpt>
            <trkpt lat="51.6283490" lon="12.9201700"><ele>80.0</ele></trkpt>
            <trkpt lat="51.6281390" lon="12.9194000"><ele>80.0</ele></trkpt>
            <trkpt lat="51.6277200" lon="12.9191900"><ele>80.0</ele></trkpt>
            <trkpt lat="51.6267010" lon="12.9193200"><ele>78.0</ele></trkpt>
            <trkpt lat="51.6265790" lon="12.9165100"><ele>84.0</ele></trkpt>
            <trkpt lat="51.6273120" lon="12.9141200"><ele>85.0</ele></trkpt>
            <trkpt lat="51.6275480" lon="12.9130900"><ele>84.0</ele></trkpt>
            <trkpt lat="51.6411400" lon="12.9152800"><ele>77.0</ele></trkpt>
            <trkpt lat="51.6431310" lon="12.9125400"><ele>77.0</ele></trkpt>
            <trkpt lat="51.6444090" lon="12.9097900"><ele>76.0</ele></trkpt>
            <trkpt lat="51.6445390" lon="12.9027900"><ele>76.0</ele></trkpt>
            <trkpt lat="51.6459010" lon="12.8985500"><ele>76.0</ele></trkpt>
            <trkpt lat="51.6472590" lon="12.8953700"><ele>78.0</ele></trkpt>
            <trkpt lat="51.6446500" lon="12.8926200"><ele>76.0</ele></trkpt>
            <trkpt lat="51.6418500" lon="12.8900100"><ele>77.0</ele></trkpt>
            <trkpt lat="51.6400990" lon="12.8845100"><ele>90.0</ele></trkpt>
            <trkpt lat="51.6394620" lon="12.8834400"><ele>91.0</ele></trkpt>
            <trkpt lat="51.6401100" lon="12.8821900"><ele>86.0</ele></trkpt>
            <trkpt lat="51.6479000" lon="12.8720700"><ele>87.0</ele></trkpt>
            <trkpt lat="51.6535680" lon="12.8637800"><ele>88.0</ele></trkpt>
            <trkpt lat="51.6552200" lon="12.8599200"><ele>86.0</ele></trkpt>
            <trkpt lat="51.6595120" lon="12.8570900"><ele>83.0</ele></trkpt>
            <trkpt lat="51.6612590" lon="12.8540000"><ele>86.0</ele></trkpt>
            <trkpt lat="51.6638490" lon="12.8489800"><ele>85.0</ele></trkpt>
            <trkpt lat="51.6660000" lon="12.8435700"><ele>86.0</ele></trkpt>
            <trkpt lat="51.6670680" lon="12.8413800"><ele>86.0</ele></trkpt>
            <trkpt lat="51.6694110" lon="12.8406100"><ele>89.0</ele></trkpt>
            <trkpt lat="51.6721990" lon="12.8346000"><ele>86.0</ele></trkpt>
            <trkpt lat="51.6758500" lon="12.8304800"><ele>79.0</ele></trkpt>
            <trkpt lat="51.6788790" lon="12.8281600"><ele>84.0</ele></trkpt>
            <trkpt lat="51.6810910" lon="12.8266600"><ele>84.0</ele></trkpt>
            <trkpt lat="51.6840520" lon="12.8272600"><ele>80.0</ele></trkpt>
            <trkpt lat="51.6863290" lon="12.8264000"><ele>82.0</ele></trkpt>
            <trkpt lat="51.6895790" lon="12.8258500"><ele>84.0</ele></trkpt>
            <trkpt lat="51.6960980" lon="12.8220700"><ele>85.0</ele></trkpt>
            <trkpt lat="51.7001690" lon="12.8206500"><ele>81.0</ele></trkpt>
            <trkpt lat="51.7032810" lon="12.8170900"><ele>82.0</ele></trkpt>
            <trkpt lat="51.7061500" lon="12.8115100"><ele>80.0</ele></trkpt>
            <trkpt lat="51.7068710" lon="12.8091500"><ele>84.0</ele></trkpt>
            <trkpt lat="51.7084880" lon="12.8071800"><ele>86.0</ele></trkpt>
            <trkpt lat="51.7108920" lon="12.8064500"><ele>80.0</ele></trkpt>
            <trkpt lat="51.7133600" lon="12.8061900"><ele>79.0</ele></trkpt>
            <trkpt lat="51.7139400" lon="12.8056800"><ele>79.0</ele></trkpt>
            <trkpt lat="51.7146610" lon="12.8051600"><ele>78.0</ele></trkpt>
            <trkpt lat="51.7158010" lon="12.8050800"><ele>77.0</ele></trkpt>
            <trkpt lat="51.7170490" lon="12.8043900"><ele>78.0</ele></trkpt>
            <trkpt lat="51.7213100" lon="12.7923300"><ele>76.0</ele></trkpt>
            <trkpt lat="51.7247390" lon="12.7831900"><ele>83.0</ele></trkpt>
            <trkpt lat="51.7281420" lon="12.7799300"><ele>81.0</ele></trkpt>
            <trkpt lat="51.7317810" lon="12.7723300"><ele>93.0</ele></trkpt>
            <trkpt lat="51.7351000" lon="12.7649100"><ele>94.0</ele></trkpt>
            <trkpt lat="51.7374380" lon="12.7617300"><ele>92.0</ele></trkpt>
            <trkpt lat="51.7450980" lon="12.7532300"><ele>75.0</ele></trkpt>
            <trkpt lat="51.7491910" lon="12.7488600"><ele>73.0</ele></trkpt>
            <trkpt lat="51.7507290" lon="12.7501900"><ele>73.0</ele></trkpt>
            <trkpt lat="51.7552490" lon="12.7515200"><ele>72.0</ele></trkpt>
            <trkpt lat="51.7558590" lon="12.7526300"><ele>73.0</ele></trkpt>
            <trkpt lat="51.7557180" lon="12.7543900"><ele>73.0</ele></trkpt>
            <trkpt lat="51.7565500" lon="12.7560200"><ele>72.0</ele></trkpt>
            <trkpt lat="51.7551380" lon="12.7571400"><ele>71.0</ele></trkpt>
            <trkpt lat="51.7554590" lon="12.7700100"><ele>71.0</ele></trkpt>
            <trkpt lat="51.7576410" lon="12.7756800"><ele>71.0</ele></trkpt>
            <trkpt lat="51.7596510" lon="12.7783000"><ele>72.0</ele></trkpt>
            <trkpt lat="51.7612500" lon="12.7789000"><ele>74.0</ele></trkpt>
            <trkpt lat="51.7628400" lon="12.7807000"><ele>74.0</ele></trkpt>
            <trkpt lat="51.7659490" lon="12.7767900"><ele>70.0</ele></trkpt>
            <trkpt lat="51.7703780" lon="12.7729800"><ele>70.0</ele></trkpt>
            <trkpt lat="51.7740520" lon="12.7715200"><ele>70.0</ele></trkpt>
            <trkpt lat="51.7778210" lon="12.7666700"><ele>70.0</ele></trkpt>
            <trkpt lat="51.7781410" lon="12.7572300"><ele>70.0</ele></trkpt>
            <trkpt lat="51.7785110" lon="12.7474400"><ele>69.0</ele></trkpt>
            <trkpt lat="51.7815900" lon="12.7476600"><ele>69.0</ele></trkpt>
            <trkpt lat="51.7862090" lon="12.7455100"><ele>70.0</ele></trkpt>
            <trkpt lat="51.7876210" lon="12.7453400"><ele>70.0</ele></trkpt>
            <trkpt lat="51.7892420" lon="12.7482600"><ele>72.0</ele></trkpt>
            <trkpt lat="51.7898710" lon="12.7462800"><ele>73.0</ele></trkpt>
            <trkpt lat="51.7890210" lon="12.7437900"><ele>72.0</ele></trkpt>
            <trkpt lat="51.7907490" lon="12.7446100"><ele>72.0</ele></trkpt>
            <trkpt lat="51.7920490" lon="12.7436200"><ele>69.0</ele></trkpt>
            <trkpt lat="51.7954480" lon="12.7460200"><ele>69.0</ele></trkpt>
            <trkpt lat="51.8034100" lon="12.7431100"><ele>69.0</ele></trkpt>
            <trkpt lat="51.8059310" lon="12.7388100"><ele>68.0</ele></trkpt>
            <trkpt lat="51.8089290" lon="12.7365800"><ele>68.0</ele></trkpt>
            <trkpt lat="51.8148190" lon="12.7318600"><ele>68.0</ele></trkpt>
            <trkpt lat="51.8221890" lon="12.7275300"><ele>69.0</ele></trkpt>
            <trkpt lat="51.8231200" lon="12.7244800"><ele>70.0</ele></trkpt>
            <trkpt lat="51.8231510" lon="12.7210500"><ele>70.0</ele></trkpt>
            <trkpt lat="51.8313220" lon="12.7144400"><ele>70.0</ele></trkpt>
            <trkpt lat="51.8343890" lon="12.7062000"><ele>69.0</ele></trkpt>
            <trkpt lat="51.8358310" lon="12.7065470"><ele>67.0</ele></trkpt>
            <trkpt lat="51.8383480" lon="12.7051310"><ele>67.0</ele></trkpt>
            <trkpt lat="51.8402860" lon="12.7055170"><ele>69.0</ele></trkpt>
            <trkpt lat="51.8407630" lon="12.7047440"><ele>67.0</ele></trkpt>
            <trkpt lat="51.8405760" lon="12.6970620"><ele>67.0</ele></trkpt>
            <trkpt lat="51.8406830" lon="12.6911830"><ele>68.0</ele></trkpt>
            <trkpt lat="51.8414540" lon="12.6849600"><ele>67.0</ele></trkpt>
            <trkpt lat="51.8406300" lon="12.6807980"><ele>67.0</ele></trkpt>
            <trkpt lat="51.8420640" lon="12.6756910"><ele>67.0</ele></trkpt>
            <trkpt lat="51.8449780" lon="12.6726010"><ele>67.0</ele></trkpt>
            <trkpt lat="51.8461460" lon="12.6688240"><ele>66.0</ele></trkpt>
            <trkpt lat="51.8459510" lon="12.6663700"><ele>66.0</ele></trkpt>
            <trkpt lat="51.8456690" lon="12.6630740"><ele>67.0</ele></trkpt>
            <trkpt lat="51.8443950" lon="12.6587820"><ele>66.0</ele></trkpt>
            <trkpt lat="51.8436550" lon="12.6546190"><ele>67.0</ele></trkpt>
            <trkpt lat="51.8441050" lon="12.6483110"><ele>68.0</ele></trkpt>
            <trkpt lat="51.8436550" lon="12.6441050"><ele>71.0</ele></trkpt>
            <trkpt lat="51.8429110" lon="12.6430750"><ele>71.0</ele></trkpt>
            <trkpt lat="51.8431210" lon="12.6405000"><ele>70.0</ele></trkpt>
            <trkpt lat="51.8443680" lon="12.6375390"><ele>68.0</ele></trkpt>
            <trkpt lat="51.8465960" lon="12.6422600"><ele>67.0</ele></trkpt>
            <trkpt lat="51.8492200" lon="12.6474520"><ele>65.0</ele></trkpt>
            <trkpt lat="51.8520050" lon="12.6467230"><ele>68.0</ele></trkpt>
            <trkpt lat="51.8519250" lon="12.6455210"><ele>70.0</ele></trkpt>
            <trkpt lat="51.8532750" lon="12.6453500"><ele>70.0</ele></trkpt>
            <trkpt lat="51.8529320" lon="12.6441480"><ele>67.0</ele></trkpt>
            <trkpt lat="51.8523750" lon="12.6433320"><ele>66.0</ele></trkpt>
            <trkpt lat="51.8526610" lon="12.6418700"><ele>66.0</ele></trkpt>
            <trkpt lat="51.8571890" lon="12.6469800"><ele>63.0</ele></trkpt>
            <trkpt lat="51.8635600" lon="12.6638000"><ele>72.0</ele></trkpt>
            <trkpt lat="51.8652500" lon="12.6967600"><ele>75.0</ele></trkpt>
            <trkpt lat="51.8739400" lon="12.6967600"><ele>79.0</ele></trkpt>
            <trkpt lat="51.8805080" lon="12.7183900"><ele>94.0</ele></trkpt>
            <trkpt lat="51.9044610" lon="12.7681700"><ele>99.0</ele></trkpt>
            <trkpt lat="51.9161000" lon="12.7836200"><ele>97.0</ele></trkpt>
            <trkpt lat="51.9122890" lon="12.7966600"><ele>89.0</ele></trkpt>
            <trkpt lat="51.9237290" lon="12.8155500"><ele>102.0</ele></trkpt>
            <trkpt lat="51.9366420" lon="12.8330600"><ele>131.0</ele></trkpt>
            <trkpt lat="51.9548420" lon="12.8430100"><ele>111.0</ele></trkpt>
            <trkpt lat="51.9685900" lon="12.8591500"><ele>111.0</ele></trkpt>
            <trkpt lat="51.9696010" lon="12.8620700"><ele>111.0</ele></trkpt>
            <trkpt lat="51.9747810" lon="12.8619800"><ele>112.0</ele></trkpt>
            <trkpt lat="51.9796410" lon="12.8604400"><ele>118.0</ele></trkpt>
            <trkpt lat="51.9852490" lon="12.8588100"><ele>122.0</ele></trkpt>
            <trkpt lat="51.9907990" lon="12.8593200"><ele>123.0</ele></trkpt>
            <trkpt lat="51.9899480" lon="12.8689300"><ele>120.0</ele></trkpt>
            <trkpt lat="51.9962880" lon="12.8979400"><ele>111.0</ele></trkpt>
            <trkpt lat="52.0119290" lon="12.9281600"><ele>91.0</ele></trkpt>
            <trkpt lat="52.0266190" lon="12.9244700"><ele>91.0</ele></trkpt>
            <trkpt lat="52.0335310" lon="12.9237800"><ele>110.0</ele></trkpt>
            <trkpt lat="52.0346980" lon="12.9374300"><ele>119.0</ele></trkpt>
            <trkpt lat="52.0346180" lon="12.9413800"><ele>104.0</ele></trkpt>
            <trkpt lat="52.0358580" lon="12.9424500"><ele>108.0</ele></trkpt>
            <trkpt lat="52.0364110" lon="12.9404700"><ele>106.0</ele></trkpt>
            <trkpt lat="52.0391310" lon="12.9433100"><ele>116.0</ele></trkpt>
            <trkpt lat="52.0446210" lon="12.9428300"><ele>105.0</ele></trkpt>
            <trkpt lat="52.0515590" lon="12.9423600"><ele>75.0</ele></trkpt>
            <trkpt lat="52.0560000" lon="12.9433900"><ele>72.0</ele></trkpt>
            <trkpt lat="52.0592690" lon="12.9409000"><ele>75.0</ele></trkpt>
            <trkpt lat="52.1006010" lon="12.9501300"><ele>50.0</ele></trkpt>
            <trkpt lat="52.1208380" lon="12.9769100"><ele>48.0</ele></trkpt>
            <trkpt lat="52.1389620" lon="12.9885800"><ele>50.0</ele></trkpt>
            <trkpt lat="52.1482320" lon="12.9994800"><ele>65.0</ele></trkpt>
            <trkpt lat="52.1556090" lon="13.0047200"><ele>68.0</ele></trkpt>
            <trkpt lat="52.1633990" lon="13.0138200"><ele>56.0</ele></trkpt>
            <trkpt lat="52.1708180" lon="13.0213300"><ele>68.0</ele></trkpt>
            <trkpt lat="52.1835590" lon="13.0281900"><ele>76.0</ele></trkpt>
            <trkpt lat="52.1970790" lon="13.0414500"><ele>38.0</ele></trkpt>
            <trkpt lat="52.2109720" lon="13.0510700"><ele>37.0</ele></trkpt>
            <trkpt lat="52.2307400" lon="13.0593100"><ele>47.0</ele></trkpt>
            <trkpt lat="52.2446210" lon="13.0805900"><ele>40.0</ele></trkpt>
            <trkpt lat="52.2698290" lon="13.0833400"><ele>57.0</ele></trkpt>
            <trkpt lat="52.2727200" lon="13.0741600"><ele>61.0</ele></trkpt>
            <trkpt lat="52.2794420" lon="13.0797300"><ele>52.0</ele></trkpt>
            <trkpt lat="52.2884220" lon="13.0922700"><ele>73.0</ele></trkpt>
            <trkpt lat="52.2959290" lon="13.0982700"><ele>69.0</ele></trkpt>
            <trkpt lat="52.2977710" lon="13.1038500"><ele>64.0</ele></trkpt>
            <trkpt lat="52.3023300" lon="13.1140700"><ele>50.0</ele></trkpt>
            <trkpt lat="52.3023300" lon="13.1168100"><ele>46.0</ele></trkpt>
            <trkpt lat="52.3077890" lon="13.1202500"><ele>51.0</ele></trkpt>
            <trkpt lat="52.3139310" lon="13.1229900"><ele>38.0</ele></trkpt>
            <trkpt lat="52.3412090" lon="13.1526900"><ele>49.0</ele></trkpt>
            <trkpt lat="52.3579900" lon="13.1863400"><ele>54.0</ele></trkpt>
            <trkpt lat="52.3936200" lon="13.2199800"><ele>40.0</ele></trkpt>
            <trkpt lat="52.4304700" lon="13.2591200"><ele>43.0</ele></trkpt>
            <trkpt lat="52.4501500" lon="13.3016900"><ele>54.0</ele></trkpt>
            <trkpt lat="52.4557500" lon="13.3253000"><ele>54.0</ele></trkpt>
            <trkpt lat="52.4517210" lon="13.3336260"><ele>51.0</ele></trkpt>
            <trkpt lat="52.4504660" lon="13.3439250"><ele>56.0</ele></trkpt>
            <trkpt lat="52.4485820" lon="13.3588600"><ele>53.0</ele></trkpt>
            <trkpt lat="52.4471170" lon="13.3611770"><ele>52.0</ele></trkpt>
            <trkpt lat="52.4518780" lon="13.3709620"><ele>52.0</ele></trkpt>
            <trkpt lat="52.4554860" lon="13.3755970"><ele>51.0</ele></trkpt>
            <trkpt lat="52.4660490" lon="13.3778290"><ele>49.0</ele></trkpt>
            <trkpt lat="52.4660490" lon="13.3856390"><ele>53.0</ele></trkpt>
            <trkpt lat="52.4695550" lon="13.3857250"><ele>49.0</ele></trkpt>
            <trkpt lat="52.4886860" lon="13.3860680"><ele>47.0</ele></trkpt>
            <trkpt lat="52.4932860" lon="13.3883860"><ele>41.0</ele></trkpt>
            <trkpt lat="52.4957920" lon="13.3906170"><ele>38.0</ele></trkpt>
            <trkpt lat="52.4961590" lon="13.3955100"><ele>41.0</ele></trkpt>
            <trkpt lat="52.4940190" lon="13.4024620"><ele>47.0</ele></trkpt>
            <trkpt lat="52.4917180" lon="13.4133630"><ele>42.0</ele></trkpt>
            <trkpt lat="52.4882700" lon="13.4239200"><ele>44.0</ele></trkpt>
            <trkpt lat="52.4879530" lon="13.4250350"><ele>43.0</ele></trkpt>
        </trkseg>
    </trk>
</gpx>
