<?xml version="1.0" encoding="UTF-8" standalone="yes"?>
<gpx version="1.1" creator="OS Maps - Web" xmlns="http://www.topografix.com/GPX/1/1"
xmlns:xsi="http://www.w3.org/2001/XMLSchema-instance"
xsi:schemaLocation="http://www.topografix.com/GPX/1/1 http://www.topografix.com/GPX/1/1/gpx.xsd"
xmlns:gs="http://www.topografix.com/GPX/gpx_style/0/2"
xmlns:gh="https://graphhopper.com/public/schema/gpx/1.1"
xmlns:os="https://ordnancesurvey.co.uk/public/schema/route/0.1">
    <metadata>
        <name>Spokeys2019</name>
        <desc></desc>
        <bounds minlat="50.9939300" minlon="0.7844900" maxlat="51.1594840" maxlon="1.0916790"/>
    </metadata>
    <wpt lat="51.1594310" lon="1.0729240"/>
    <wpt lat="51.1594840" lon="1.0689760"/>
    <wpt lat="51.1567600" lon="1.0689600"/>
    <wpt lat="51.1533000" lon="1.0699500"/>
    <wpt lat="51.1524500" lon="1.0707400"/>
    <wpt lat="51.1441800" lon="1.0748100"/>
    <wpt lat="51.1432600" lon="1.0758100"/>
    <wpt lat="51.1390100" lon="1.0786390"/>
    <wpt lat="51.1381000" lon="1.0800790"/>
    <wpt lat="51.1343100" lon="1.0847690"/>
    <wpt lat="51.1325600" lon="1.0874990"/>
    <wpt lat="51.1322000" lon="1.0879300"/>
    <wpt lat="51.1319000" lon="1.0878400"/>
    <wpt lat="51.1319100" lon="1.0874000"/>
    <wpt lat="51.1312100" lon="1.0844790"/>
    <wpt lat="51.1310500" lon="1.0818400"/>
    <wpt lat="51.1303900" lon="1.0799790"/>
    <wpt lat="51.1297400" lon="1.0788190"/>
    <wpt lat="51.1289200" lon="1.0779590"/>
    <wpt lat="51.1272700" lon="1.0751800"/>
    <wpt lat="51.1254000" lon="1.0728590"/>
    <wpt lat="51.1230300" lon="1.0687000"/>
    <wpt lat="51.1220600" lon="1.0661000"/>
    <wpt lat="51.1216600" lon="1.0643400"/>
    <wpt lat="51.1204700" lon="1.0620590"/>
    <wpt lat="51.1204400" lon="1.0622790"/>
    <wpt lat="51.1205400" lon="1.0593800"/>
    <wpt lat="51.1207400" lon="1.0583400"/>
    <wpt lat="51.1215190" lon="1.0552290"/>
    <wpt lat="51.1223600" lon="1.0536790"/>
    <wpt lat="51.1222400" lon="1.0513200"/>
    <wpt lat="51.1209700" lon="1.0499190"/>
    <wpt lat="51.1198400" lon="1.0460000"/>
    <wpt lat="51.1195600" lon="1.0455390"/>
    <wpt lat="51.1190300" lon="1.0453800"/>
    <wpt lat="51.1181800" lon="1.0459290"/>
    <wpt lat="51.1167500" lon="1.0439490"/>
    <wpt lat="51.1161600" lon="1.0436090"/>
    <wpt lat="51.1150600" lon="1.0410290"/>
    <wpt lat="51.1139500" lon="1.0380900"/>
    <wpt lat="51.1134100" lon="1.0341190"/>
    <wpt lat="51.1132900" lon="1.0307000"/>
    <wpt lat="51.1126600" lon="1.0290400"/>
    <wpt lat="51.1121200" lon="1.0261890"/>
    <wpt lat="51.1121100" lon="1.0230090"/>
    <wpt lat="51.1119000" lon="1.0221000"/>
    <wpt lat="51.1105400" lon="1.0192790"/>
    <wpt lat="51.1074200" lon="1.0155700"/>
    <wpt lat="51.1052000" lon="1.0105390"/>
    <wpt lat="51.1046600" lon="1.0078800"/>
    <wpt lat="51.1029300" lon="1.0054790"/>
    <wpt lat="51.1051700" lon="0.9998500"/>
    <wpt lat="51.1057000" lon="0.9967400"/>
    <wpt lat="51.1070800" lon="0.9911600"/>
    <wpt lat="51.1070500" lon="0.9913000"/>
    <wpt lat="51.1065600" lon="0.9907490"/>
    <wpt lat="51.1061800" lon="0.9906490"/>
    <wpt lat="51.1050700" lon="0.9911290"/>
    <wpt lat="51.1034200" lon="0.9901390"/>
    <wpt lat="51.1007800" lon="0.9897200"/>
    <wpt lat="51.0991400" lon="0.9898200"/>
    <wpt lat="51.0969800" lon="0.9887090"/>
    <wpt lat="51.0947600" lon="0.9886900"/>
    <wpt lat="51.0926700" lon="0.9872000"/>
    <wpt lat="51.0905800" lon="0.9868500"/>
    <wpt lat="51.0892800" lon="0.9899390"/>
    <wpt lat="51.0888000" lon="0.9902700"/>
    <wpt lat="51.0875800" lon="0.9902600"/>
    <wpt lat="51.0854200" lon="0.9889790"/>
    <wpt lat="51.0843100" lon="0.9892490"/>
    <wpt lat="51.0823100" lon="0.9867400"/>
    <wpt lat="51.0795300" lon="0.9854500"/>
    <wpt lat="51.0797900" lon="0.9840590"/>
    <wpt lat="51.0799400" lon="0.9813400"/>
    <wpt lat="51.0806300" lon="0.9757290"/>
    <wpt lat="51.0811700" lon="0.9735790"/>
    <wpt lat="51.0812900" lon="0.9692900"/>
    <wpt lat="51.0822100" lon="0.9638490"/>
    <wpt lat="51.0824600" lon="0.9636100"/>
    <wpt lat="51.0829000" lon="0.9624490"/>
    <wpt lat="51.0835500" lon="0.9584890"/>
    <wpt lat="51.0840500" lon="0.9576200"/>
    <wpt lat="51.0857690" lon="0.9562790"/>
    <wpt lat="51.0865400" lon="0.9559500"/>
    <wpt lat="51.0874490" lon="0.9547800"/>
    <wpt lat="51.0881600" lon="0.9514790"/>
    <wpt lat="51.0909190" lon="0.9459400"/>
    <wpt lat="51.0949200" lon="0.9389300"/>
    <wpt lat="51.0946200" lon="0.9376490"/>
    <wpt lat="51.0947300" lon="0.9366700"/>
    <wpt lat="51.0944400" lon="0.9340990"/>
    <wpt lat="51.0941190" lon="0.9263300"/>
    <wpt lat="51.0954500" lon="0.9080990"/>
    <wpt lat="51.0954700" lon="0.9064490"/>
    <wpt lat="51.0949700" lon="0.8998590"/>
    <wpt lat="51.0934300" lon="0.8949800"/>
    <wpt lat="51.0929500" lon="0.8950990"/>
    <wpt lat="51.0920590" lon="0.8906890"/>
    <wpt lat="51.0915500" lon="0.8898590"/>
    <wpt lat="51.0889400" lon="0.8867290"/>
    <wpt lat="51.0880500" lon="0.8859800"/>
    <wpt lat="51.0871100" lon="0.8856600"/>
    <wpt lat="51.0867990" lon="0.8851390"/>
    <wpt lat="51.0869500" lon="0.8799500"/>
    <wpt lat="51.0859100" lon="0.8754800"/>
    <wpt lat="51.0871200" lon="0.8643500"/>
    <wpt lat="51.0866200" lon="0.8598790"/>
    <wpt lat="51.0862500" lon="0.8582490"/>
    <wpt lat="51.0857200" lon="0.8568190"/>
    <wpt lat="51.0842900" lon="0.8540800"/>
    <wpt lat="51.0833800" lon="0.8498090"/>
    <wpt lat="51.0818800" lon="0.8443200"/>
    <wpt lat="51.0815000" lon="0.8443600"/>
    <wpt lat="51.0812800" lon="0.8424800"/>
    <wpt lat="51.0791400" lon="0.8344700"/>
    <wpt lat="51.0777600" lon="0.8355590"/>
    <wpt lat="51.0765800" lon="0.8368100"/>
    <wpt lat="51.0763900" lon="0.8368000"/>
    <wpt lat="51.0757900" lon="0.8359390"/>
    <wpt lat="51.0746800" lon="0.8352990"/>
    <wpt lat="51.0735690" lon="0.8357700"/>
    <wpt lat="51.0721590" lon="0.8355390"/>
    <wpt lat="51.0701800" lon="0.8355590"/>
    <wpt lat="51.0692900" lon="0.8364190"/>
    <wpt lat="51.0686300" lon="0.8351900"/>
    <wpt lat="51.0674400" lon="0.8359690"/>
    <wpt lat="51.0651700" lon="0.8360500"/>
    <wpt lat="51.0627790" lon="0.8358100"/>
    <wpt lat="51.0620900" lon="0.8335990"/>
    <wpt lat="51.0612500" lon="0.8316090"/>
    <wpt lat="51.0610700" lon="0.8306300"/>
    <wpt lat="51.0616200" lon="0.8262690"/>
    <wpt lat="51.0613300" lon="0.8209400"/>
    <wpt lat="51.0618700" lon="0.8182500"/>
    <wpt lat="51.0620800" lon="0.8162700"/>
    <wpt lat="51.0625790" lon="0.8141790"/>
    <wpt lat="51.0605500" lon="0.8125990"/>
    <wpt lat="51.0594700" lon="0.8114900"/>
    <wpt lat="51.0587600" lon="0.8094300"/>
    <wpt lat="51.0576200" lon="0.8086200"/>
    <wpt lat="51.0552800" lon="0.8047190"/>
    <wpt lat="51.0538600" lon="0.8028100"/>
    <wpt lat="51.0511300" lon="0.8005790"/>
    <wpt lat="51.0494900" lon="0.7985590"/>
    <wpt lat="51.0486800" lon="0.7978290"/>
    <wpt lat="51.0475800" lon="0.7974500"/>
    <wpt lat="51.0457800" lon="0.7958200"/>
    <wpt lat="51.0454000" lon="0.7947100"/>
    <wpt lat="51.0451000" lon="0.7927700"/>
    <wpt lat="51.0443600" lon="0.7910790"/>
    <wpt lat="51.0440700" lon="0.7896490"/>
    <wpt lat="51.0425300" lon="0.7860600"/>
    <wpt lat="51.0419600" lon="0.7849490"/>
    <wpt lat="51.0415100" lon="0.7849990"/>
    <wpt lat="51.0408190" lon="0.7845090"/>
    <wpt lat="51.0398200" lon="0.7848300"/>
    <wpt lat="51.0373300" lon="0.7866090"/>
    <wpt lat="51.0350600" lon="0.7877390"/>
    <wpt lat="51.0306400" lon="0.7887290"/>
    <wpt lat="51.0297800" lon="0.7892290"/>
    <wpt lat="51.0286700" lon="0.7902190"/>
    <wpt lat="51.0283000" lon="0.7907900"/>
    <wpt lat="51.0274800" lon="0.7900600"/>
    <wpt lat="51.0269600" lon="0.7887290"/>
    <wpt lat="51.0267600" lon="0.7887200"/>
    <wpt lat="51.0261100" lon="0.7907190"/>
    <wpt lat="51.0257300" lon="0.7929690"/>
    <wpt lat="51.0256900" lon="0.7963600"/>
    <wpt lat="51.0254900" lon="0.7967990"/>
    <wpt lat="51.0251700" lon="0.7969790"/>
    <wpt lat="51.0226900" lon="0.7961290"/>
    <wpt lat="51.0197800" lon="0.7972300"/>
    <wpt lat="51.0192600" lon="0.7958590"/>
    <wpt lat="51.0170690" lon="0.7938300"/>
    <wpt lat="51.0146100" lon="0.7943590"/>
    <wpt lat="51.0133300" lon="0.7954200"/>
    <wpt lat="51.0116290" lon="0.7961090"/>
    <wpt lat="51.0106800" lon="0.7949700"/>
    <wpt lat="51.0097400" lon="0.7932600"/>
    <wpt lat="51.0095690" lon="0.7932490"/>
    <wpt lat="51.0066100" lon="0.7952690"/>
    <wpt lat="51.0058500" lon="0.7967300"/>
    <wpt lat="51.0027500" lon="0.8013490"/>
    <wpt lat="51.0021200" lon="0.8021890"/>
    <wpt lat="51.0012800" lon="0.8028690"/>
    <wpt lat="51.0013600" lon="0.8030690"/>
    <wpt lat="51.0012800" lon="0.8028690"/>
    <wpt lat="51.0004200" lon="0.8030990"/>
    <wpt lat="50.9980190" lon="0.8029990"/>
    <wpt lat="50.9975100" lon="0.8041690"/>
    <wpt lat="50.9939500" lon="0.8058890"/>
    <wpt lat="50.9939500" lon="0.8064290"/>
    <wpt lat="50.9945600" lon="0.8081790"/>
    <wpt lat="50.9949800" lon="0.8100500"/>
    <wpt lat="50.9956200" lon="0.8112590"/>
    <wpt lat="50.9961600" lon="0.8128790"/>
    <wpt lat="50.9972400" lon="0.8135300"/>
    <wpt lat="50.9978200" lon="0.8146090"/>
    <wpt lat="50.9979000" lon="0.8155590"/>
    <wpt lat="51.0012900" lon="0.8244990"/>
    <wpt lat="51.0024200" lon="0.8270490"/>
    <wpt lat="51.0029400" lon="0.8295900"/>
    <wpt lat="51.0050400" lon="0.8376900"/>
    <wpt lat="51.0056400" lon="0.8393490"/>
    <wpt lat="51.0065500" lon="0.8430390"/>
    <wpt lat="51.0072900" lon="0.8451900"/>
    <wpt lat="51.0084600" lon="0.8510490"/>
    <wpt lat="51.0088090" lon="0.8519200"/>
    <wpt lat="51.0099000" lon="0.8537200"/>
    <wpt lat="51.0099400" lon="0.8539700"/>
    <wpt lat="51.0094400" lon="0.8549190"/>
    <wpt lat="51.0082900" lon="0.8561200"/>
    <wpt lat="51.0071900" lon="0.8580690"/>
    <wpt lat="51.0070100" lon="0.8580200"/>
    <wpt lat="51.0068800" lon="0.8583300"/>
    <wpt lat="51.0074300" lon="0.8584790"/>
    <wpt lat="51.0078600" lon="0.8588700"/>
    <wpt lat="51.0077600" lon="0.8598390"/>
    <wpt lat="51.0087400" lon="0.8612790"/>
    <wpt lat="51.0088400" lon="0.8623000"/>
    <wpt lat="51.0093400" lon="0.8641000"/>
    <wpt lat="51.0105500" lon="0.8677500"/>
    <wpt lat="51.0107000" lon="0.8695090"/>
    <wpt lat="51.0102700" lon="0.8721390"/>
    <wpt lat="51.0101800" lon="0.8737800"/>
    <wpt lat="51.0109000" lon="0.8781090"/>
    <wpt lat="51.0113300" lon="0.8798890"/>
    <wpt lat="51.0123300" lon="0.8876900"/>
    <wpt lat="51.0124700" lon="0.8883200"/>
    <wpt lat="51.0128500" lon="0.8888390"/>
    <wpt lat="51.0126100" lon="0.8891590"/>
    <wpt lat="51.0140200" lon="0.8873890"/>
    <wpt lat="51.0156400" lon="0.8933700"/>
    <wpt lat="51.0157200" lon="0.8953500"/>
    <wpt lat="51.0160200" lon="0.8959990"/>
    <wpt lat="51.0170100" lon="0.8968990"/>
    <wpt lat="51.0172200" lon="0.8973490"/>
    <wpt lat="51.0169200" lon="0.9002690"/>
    <wpt lat="51.0191400" lon="0.9035900"/>
    <wpt lat="51.0196800" lon="0.9039590"/>
    <wpt lat="51.0204100" lon="0.9040400"/>
    <wpt lat="51.0206000" lon="0.9046790"/>
    <wpt lat="51.0219600" lon="0.9055390"/>
    <wpt lat="51.0224600" lon="0.9066000"/>
    <wpt lat="51.0238100" lon="0.9076590"/>
    <wpt lat="51.0247100" lon="0.9087790"/>
    <wpt lat="51.0268600" lon="0.9099400"/>
    <wpt lat="51.0278400" lon="0.9109790"/>
    <wpt lat="51.0285500" lon="0.9102500"/>
    <wpt lat="51.0291000" lon="0.9108300"/>
    <wpt lat="51.0293400" lon="0.9108400"/>
    <wpt lat="51.0297000" lon="0.9096990"/>
    <wpt lat="51.0299600" lon="0.9093500"/>
    <wpt lat="51.0312200" lon="0.9097190"/>
    <wpt lat="51.0317400" lon="0.9088790"/>
    <wpt lat="51.0325400" lon="0.9080990"/>
    <wpt lat="51.0332500" lon="0.9062400"/>
    <wpt lat="51.0345600" lon="0.9069290"/>
    <wpt lat="51.0349400" lon="0.9058800"/>
    <wpt lat="51.0371490" lon="0.9058990"/>
    <wpt lat="51.0375600" lon="0.9072400"/>
    <wpt lat="51.0382100" lon="0.9079790"/>
    <wpt lat="51.0384300" lon="0.9080690"/>
    <wpt lat="51.0395890" lon="0.9073890"/>
    <wpt lat="51.0401200" lon="0.9075590"/>
    <wpt lat="51.0411800" lon="0.9092490"/>
    <wpt lat="51.0418600" lon="0.9112900"/>
    <wpt lat="51.0420000" lon="0.9158600"/>
    <wpt lat="51.0428790" lon="0.9179590"/>
    <wpt lat="51.0426900" lon="0.9191600"/>
    <wpt lat="51.0429800" lon="0.9211290"/>
    <wpt lat="51.0436000" lon="0.9226400"/>
    <wpt lat="51.0450100" lon="0.9234990"/>
    <wpt lat="51.0453700" lon="0.9239490"/>
    <wpt lat="51.0457300" lon="0.9248800"/>
    <wpt lat="51.0458200" lon="0.9256500"/>
    <wpt lat="51.0449800" lon="0.9269290"/>
    <wpt lat="51.0451700" lon="0.9281790"/>
    <wpt lat="51.0449000" lon="0.9299390"/>
    <wpt lat="51.0452400" lon="0.9315900"/>
    <wpt lat="51.0459200" lon="0.9322790"/>
    <wpt lat="51.0474690" lon="0.9362490"/>
    <wpt lat="51.0484700" lon="0.9376890"/>
    <wpt lat="51.0497000" lon="0.9388500"/>
    <wpt lat="51.0512800" lon="0.9390300"/>
    <wpt lat="51.0521100" lon="0.9395390"/>
    <wpt lat="51.0527700" lon="0.9402000"/>
    <wpt lat="51.0546800" lon="0.9428800"/>
    <wpt lat="51.0548700" lon="0.9434400"/>
    <wpt lat="51.0548700" lon="0.9450890"/>
    <wpt lat="51.0551690" lon="0.9463200"/>
    <wpt lat="51.0554700" lon="0.9469500"/>
    <wpt lat="51.0565790" lon="0.9482390"/>
    <wpt lat="51.0570300" lon="0.9492700"/>
    <wpt lat="51.0569900" lon="0.9519690"/>
    <wpt lat="51.0572900" lon="0.9534490"/>
    <wpt lat="51.0578800" lon="0.9544790"/>
    <wpt lat="51.0583000" lon="0.9540700"/>
    <wpt lat="51.0589600" lon="0.9547300"/>
    <wpt lat="51.0594100" lon="0.9556400"/>
    <wpt lat="51.0601390" lon="0.9578400"/>
    <wpt lat="51.0602800" lon="0.9586790"/>
    <wpt lat="51.0601500" lon="0.9607590"/>
    <wpt lat="51.0608000" lon="0.9639390"/>
    <wpt lat="51.0610900" lon="0.9645290"/>
    <wpt lat="51.0621090" lon="0.9657090"/>
    <wpt lat="51.0628100" lon="0.9678800"/>
    <wpt lat="51.0630900" lon="0.9706590"/>
    <wpt lat="51.0625790" lon="0.9722290"/>
    <wpt lat="51.0624600" lon="0.9732090"/>
    <wpt lat="51.0629590" lon="0.9777190"/>
    <wpt lat="51.0632900" lon="0.9790000"/>
    <wpt lat="51.0643400" lon="0.9800590"/>
    <wpt lat="51.0650100" lon="0.9819490"/>
    <wpt lat="51.0650300" lon="0.9828590"/>
    <wpt lat="51.0646000" lon="0.9845800"/>
    <wpt lat="51.0646000" lon="0.9875200"/>
    <wpt lat="51.0649000" lon="0.9882800"/>
    <wpt lat="51.0654500" lon="0.9890100"/>
    <wpt lat="51.0659200" lon="0.9910490"/>
    <wpt lat="51.0658500" lon="0.9936400"/>
    <wpt lat="51.0656500" lon="0.9942390"/>
    <wpt lat="51.0648800" lon="0.9953290"/>
    <wpt lat="51.0641400" lon="0.9975200"/>
    <wpt lat="51.0640500" lon="0.9981800"/>
    <wpt lat="51.0642900" lon="0.9999000"/>
    <wpt lat="51.0642100" lon="1.0010890"/>
    <wpt lat="51.0635190" lon="1.0028600"/>
    <wpt lat="51.0628800" lon="1.0056490"/>
    <wpt lat="51.0625100" lon="1.0064090"/>
    <wpt lat="51.0613300" lon="1.0073990"/>
    <wpt lat="51.0603300" lon="1.0087990"/>
    <wpt lat="51.0590900" lon="1.0126290"/>
    <wpt lat="51.0584900" lon="1.0155390"/>
    <wpt lat="51.0584900" lon="1.0167290"/>
    <wpt lat="51.0586900" lon="1.0178390"/>
    <wpt lat="51.0601700" lon="1.0196890"/>
    <wpt lat="51.0606600" lon="1.0207500"/>
    <wpt lat="51.0605190" lon="1.0220690"/>
    <wpt lat="51.0606200" lon="1.0237300"/>
    <wpt lat="51.0614900" lon="1.0254700"/>
    <wpt lat="51.0617800" lon="1.0255300"/>
    <wpt lat="51.0622500" lon="1.0247290"/>
    <wpt lat="51.0629300" lon="1.0256690"/>
    <wpt lat="51.0637100" lon="1.0253000"/>
    <wpt lat="51.0652900" lon="1.0279190"/>
    <wpt lat="51.0665800" lon="1.0296490"/>
    <wpt lat="51.0674900" lon="1.0316090"/>
    <wpt lat="51.0678390" lon="1.0320290"/>
    <wpt lat="51.0685300" lon="1.0322190"/>
    <wpt lat="51.0698000" lon="1.0315200"/>
    <wpt lat="51.0717790" lon="1.0314390"/>
    <wpt lat="51.0730000" lon="1.0311500"/>
    <wpt lat="51.0737300" lon="1.0315790"/>
    <wpt lat="51.0749700" lon="1.0329690"/>
    <wpt lat="51.0751500" lon="1.0304890"/>
    <wpt lat="51.0748200" lon="1.0284000"/>
    <wpt lat="51.0748300" lon="1.0259890"/>
    <wpt lat="51.0752600" lon="1.0175790"/>
    <wpt lat="51.0757500" lon="1.0141800"/>
    <wpt lat="51.0771600" lon="1.0099400"/>
    <wpt lat="51.0819700" lon="1.0110390"/>
    <wpt lat="51.0859200" lon="1.0112690"/>
    <wpt lat="51.0882800" lon="1.0121100"/>
    <wpt lat="51.0903300" lon="1.0120190"/>
    <wpt lat="51.0910900" lon="1.0121400"/>
    <wpt lat="51.0912400" lon="1.0123700"/>
    <wpt lat="51.0918700" lon="1.0111600"/>
    <wpt lat="51.0926500" lon="1.0104290"/>
    <wpt lat="51.0957200" lon="1.0099400"/>
    <wpt lat="51.0971500" lon="1.0094300"/>
    <wpt lat="51.1016300" lon="1.0070290"/>
    <wpt lat="51.1029300" lon="1.0054790"/>
    <wpt lat="51.1046600" lon="1.0078800"/>
    <wpt lat="51.1052000" lon="1.0105390"/>
    <wpt lat="51.1074200" lon="1.0155700"/>
    <wpt lat="51.1105400" lon="1.0192790"/>
    <wpt lat="51.1119000" lon="1.0221000"/>
    <wpt lat="51.1121100" lon="1.0230090"/>
    <wpt lat="51.1121200" lon="1.0261890"/>
    <wpt lat="51.1126600" lon="1.0290400"/>
    <wpt lat="51.1132900" lon="1.0307000"/>
    <wpt lat="51.1134100" lon="1.0341190"/>
    <wpt lat="51.1140190" lon="1.0384000"/>
    <wpt lat="51.1161600" lon="1.0436090"/>
    <wpt lat="51.1166100" lon="1.0437890"/>
    <wpt lat="51.1178100" lon="1.0454390"/>
    <wpt lat="51.1168600" lon="1.0473690"/>
    <wpt lat="51.1165000" lon="1.0496390"/>
    <wpt lat="51.1154700" lon="1.0530200"/>
    <wpt lat="51.1150700" lon="1.0550490"/>
    <wpt lat="51.1141800" lon="1.0570500"/>
    <wpt lat="51.1132100" lon="1.0580990"/>
    <wpt lat="51.1128500" lon="1.0588590"/>
    <wpt lat="51.1122100" lon="1.0633290"/>
    <wpt lat="51.1108190" lon="1.0646100"/>
    <wpt lat="51.1113100" lon="1.0678190"/>
    <wpt lat="51.1113200" lon="1.0706500"/>
    <wpt lat="51.1129000" lon="1.0745690"/>
    <wpt lat="51.1128300" lon="1.0759290"/>
    <wpt lat="51.1130600" lon="1.0771890"/>
    <wpt lat="51.1146300" lon="1.0795100"/>
    <wpt lat="51.1163000" lon="1.0810900"/>
    <wpt lat="51.1174400" lon="1.0824990"/>
    <wpt lat="51.1175790" lon="1.0829990"/>
    <wpt lat="51.1178400" lon="1.0830490"/>
    <wpt lat="51.1194900" lon="1.0860390"/>
    <wpt lat="51.1219100" lon="1.0894200"/>
    <wpt lat="51.1236200" lon="1.0905900"/>
    <wpt lat="51.1247000" lon="1.0906990"/>
    <wpt lat="51.1256800" lon="1.0903000"/>
    <wpt lat="51.1266900" lon="1.0905290"/>
    <wpt lat="51.1279200" lon="1.0916790"/>
    <wpt lat="51.1284100" lon="1.0909300"/>
    <wpt lat="51.1288000" lon="1.0906800"/>
    <wpt lat="51.1294300" lon="1.0892990"/>
    <wpt lat="51.1298400" lon="1.0888400"/>
    <wpt lat="51.1316300" lon="1.0878690"/>
    <wpt lat="51.1322000" lon="1.0879300"/>
    <wpt lat="51.1343100" lon="1.0847690"/>
    <wpt lat="51.1381000" lon="1.0800790"/>
    <wpt lat="51.1390100" lon="1.0786390"/>
    <wpt lat="51.1432600" lon="1.0758100"/>
    <wpt lat="51.1440800" lon="1.0748700"/>
    <wpt lat="51.1524500" lon="1.0707400"/>
    <wpt lat="51.1533000" lon="1.0699500"/>
    <wpt lat="51.1563600" lon="1.0690200"/>
    <wpt lat="51.1589200" lon="1.0689600"/>
    <wpt lat="51.1588650" lon="1.0728090"/>
    <wpt lat="51.1593500" lon="1.0730900"/>
    <trk>
        <name>Spokeys2019</name>
        <trkseg>
            <trkpt lat="51.1594310" lon="1.0729240"><ele>160.0</ele></trkpt>
            <trkpt lat="51.1594840" lon="1.0689760"><ele>165.0</ele></trkpt>
            <trkpt lat="51.1594800" lon="1.0689890"><ele>165.0</ele></trkpt>
            <trkpt lat="51.1583200" lon="1.0689300"><ele>168.0</ele></trkpt>
            <trkpt lat="51.1575590" lon="1.0689990"><ele>168.0</ele></trkpt>
            <trkpt lat="51.1567600" lon="1.0689600"><ele>168.0</ele></trkpt>
            <trkpt lat="51.1563600" lon="1.0690200"><ele>171.0</ele></trkpt>
            <trkpt lat="51.1558590" lon="1.0691290"><ele>171.0</ele></trkpt>
            <trkpt lat="51.1555890" lon="1.0692400"><ele>175.0</ele></trkpt>
            <trkpt lat="51.1552600" lon="1.0694200"><ele>175.0</ele></trkpt>
            <trkpt lat="51.1548900" lon="1.0695690"><ele>177.0</ele></trkpt>
            <trkpt lat="51.1535500" lon="1.0698600"><ele>176.0</ele></trkpt>
            <trkpt lat="51.1533000" lon="1.0699500"><ele>163.0</ele></trkpt>
            <trkpt lat="51.1531900" lon="1.0700090"><ele>154.0</ele></trkpt>
            <trkpt lat="51.1530200" lon="1.0701400"><ele>154.0</ele></trkpt>
            <trkpt lat="51.1529600" lon="1.0701400"><ele>154.0</ele></trkpt>
            <trkpt lat="51.1528900" lon="1.0702900"><ele>154.0</ele></trkpt>
            <trkpt lat="51.1527500" lon="1.0705290"><ele>154.0</ele></trkpt>
            <trkpt lat="51.1524500" lon="1.0707400"><ele>150.0</ele></trkpt>
            <trkpt lat="51.1521700" lon="1.0708500"><ele>150.0</ele></trkpt>
            <trkpt lat="51.1515100" lon="1.0711590"><ele>153.0</ele></trkpt>
            <trkpt lat="51.1485700" lon="1.0726700"><ele>154.0</ele></trkpt>
            <trkpt lat="51.1473800" lon="1.0732900"><ele>160.0</ele></trkpt>
            <trkpt lat="51.1470500" lon="1.0734800"><ele>160.0</ele></trkpt>
            <trkpt lat="51.1460800" lon="1.0739490"><ele>163.0</ele></trkpt>
            <trkpt lat="51.1441800" lon="1.0748100"><ele>161.0</ele></trkpt>
            <trkpt lat="51.1440800" lon="1.0748700"><ele>159.0</ele></trkpt>
            <trkpt lat="51.1440000" lon="1.0749490"><ele>159.0</ele></trkpt>
            <trkpt lat="51.1434790" lon="1.0755790"><ele>159.0</ele></trkpt>
            <trkpt lat="51.1432600" lon="1.0758100"><ele>160.0</ele></trkpt>
            <trkpt lat="51.1430600" lon="1.0759290"><ele>160.0</ele></trkpt>
            <trkpt lat="51.1426000" lon="1.0761590"><ele>160.0</ele></trkpt>
            <trkpt lat="51.1420100" lon="1.0765000"><ele>160.0</ele></trkpt>
            <trkpt lat="51.1409800" lon="1.0772790"><ele>163.0</ele></trkpt>
            <trkpt lat="51.1408000" lon="1.0773900"><ele>160.0</ele></trkpt>
            <trkpt lat="51.1404400" lon="1.0775700"><ele>161.0</ele></trkpt>
            <trkpt lat="51.1398900" lon="1.0780090"><ele>153.0</ele></trkpt>
            <trkpt lat="51.1395500" lon="1.0783300"><ele>153.0</ele></trkpt>
            <trkpt lat="51.1390100" lon="1.0786390"><ele>140.0</ele></trkpt>
            <trkpt lat="51.1388800" lon="1.0788000"><ele>149.0</ele></trkpt>
            <trkpt lat="51.1383900" lon="1.0796900"><ele>149.0</ele></trkpt>
            <trkpt lat="51.1381000" lon="1.0800790"><ele>138.0</ele></trkpt>
            <trkpt lat="51.1371800" lon="1.0812590"><ele>129.0</ele></trkpt>
            <trkpt lat="51.1368300" lon="1.0816490"><ele>129.0</ele></trkpt>
            <trkpt lat="51.1360400" lon="1.0826290"><ele>122.0</ele></trkpt>
            <trkpt lat="51.1351290" lon="1.0838090"><ele>114.0</ele></trkpt>
            <trkpt lat="51.1346700" lon="1.0842800"><ele>115.0</ele></trkpt>
            <trkpt lat="51.1343100" lon="1.0847690"><ele>115.0</ele></trkpt>
            <trkpt lat="51.1340900" lon="1.0850900"><ele>110.0</ele></trkpt>
            <trkpt lat="51.1332800" lon="1.0863600"><ele>106.0</ele></trkpt>
            <trkpt lat="51.1329100" lon="1.0869990"><ele>106.0</ele></trkpt>
            <trkpt lat="51.1325600" lon="1.0874990"><ele>102.0</ele></trkpt>
            <trkpt lat="51.1323090" lon="1.0877800"><ele>115.0</ele></trkpt>
            <trkpt lat="51.1322000" lon="1.0879300"><ele>115.0</ele></trkpt>
            <trkpt lat="51.1320000" lon="1.0878400"><ele>115.0</ele></trkpt>
            <trkpt lat="51.1319000" lon="1.0878400"><ele>115.0</ele></trkpt>
            <trkpt lat="51.1319200" lon="1.0876290"><ele>115.0</ele></trkpt>
            <trkpt lat="51.1319100" lon="1.0874000"><ele>103.0</ele></trkpt>
            <trkpt lat="51.1316900" lon="1.0866390"><ele>103.0</ele></trkpt>
            <trkpt lat="51.1313800" lon="1.0854400"><ele>111.0</ele></trkpt>
            <trkpt lat="51.1313000" lon="1.0850900"><ele>111.0</ele></trkpt>
            <trkpt lat="51.1312100" lon="1.0844790"><ele>111.0</ele></trkpt>
            <trkpt lat="51.1311800" lon="1.0842090"><ele>111.0</ele></trkpt>
            <trkpt lat="51.1311400" lon="1.0824800"><ele>123.0</ele></trkpt>
            <trkpt lat="51.1311200" lon="1.0822290"><ele>123.0</ele></trkpt>
            <trkpt lat="51.1310500" lon="1.0818400"><ele>123.0</ele></trkpt>
            <trkpt lat="51.1310100" lon="1.0816800"><ele>123.0</ele></trkpt>
            <trkpt lat="51.1308500" lon="1.0811990"><ele>120.0</ele></trkpt>
            <trkpt lat="51.1305400" lon="1.0803390"><ele>125.0</ele></trkpt>
            <trkpt lat="51.1303900" lon="1.0799790"><ele>115.0</ele></trkpt>
            <trkpt lat="51.1300500" lon="1.0793200"><ele>115.0</ele></trkpt>
            <trkpt lat="51.1297400" lon="1.0788190"><ele>121.0</ele></trkpt>
            <trkpt lat="51.1294890" lon="1.0785100"><ele>113.0</ele></trkpt>
            <trkpt lat="51.1292500" lon="1.0783000"><ele>113.0</ele></trkpt>
            <trkpt lat="51.1289200" lon="1.0779590"><ele>119.0</ele></trkpt>
            <trkpt lat="51.1286500" lon="1.0775090"><ele>119.0</ele></trkpt>
            <trkpt lat="51.1282500" lon="1.0766390"><ele>125.0</ele></trkpt>
            <trkpt lat="51.1281500" lon="1.0764690"><ele>125.0</ele></trkpt>
            <trkpt lat="51.1279500" lon="1.0761800"><ele>116.0</ele></trkpt>
            <trkpt lat="51.1274400" lon="1.0754990"><ele>129.0</ele></trkpt>
            <trkpt lat="51.1272700" lon="1.0751800"><ele>129.0</ele></trkpt>
            <trkpt lat="51.1263600" lon="1.0740000"><ele>128.0</ele></trkpt>
            <trkpt lat="51.1258390" lon="1.0732800"><ele>117.0</ele></trkpt>
            <trkpt lat="51.1255000" lon="1.0729990"><ele>128.0</ele></trkpt>
            <trkpt lat="51.1254000" lon="1.0728590"><ele>128.0</ele></trkpt>
            <trkpt lat="51.1252900" lon="1.0726890"><ele>128.0</ele></trkpt>
            <trkpt lat="51.1250300" lon="1.0721300"><ele>120.0</ele></trkpt>
            <trkpt lat="51.1246090" lon="1.0713390"><ele>138.0</ele></trkpt>
            <trkpt lat="51.1241700" lon="1.0705690"><ele>126.0</ele></trkpt>
            <trkpt lat="51.1233600" lon="1.0692000"><ele>131.0</ele></trkpt>
            <trkpt lat="51.1230300" lon="1.0687000"><ele>139.0</ele></trkpt>
            <trkpt lat="51.1228200" lon="1.0682690"><ele>139.0</ele></trkpt>
            <trkpt lat="51.1224700" lon="1.0673790"><ele>158.0</ele></trkpt>
            <trkpt lat="51.1220600" lon="1.0661000"><ele>155.0</ele></trkpt>
            <trkpt lat="51.1219300" lon="1.0655790"><ele>155.0</ele></trkpt>
            <trkpt lat="51.1218400" lon="1.0650590"><ele>155.0</ele></trkpt>
            <trkpt lat="51.1217700" lon="1.0647500"><ele>150.0</ele></trkpt>
            <trkpt lat="51.1216600" lon="1.0643400"><ele>170.0</ele></trkpt>
            <trkpt lat="51.1215800" lon="1.0641690"><ele>170.0</ele></trkpt>
            <trkpt lat="51.1212300" lon="1.0635800"><ele>167.0</ele></trkpt>
            <trkpt lat="51.1209700" lon="1.0629500"><ele>167.0</ele></trkpt>
            <trkpt lat="51.1206400" lon="1.0623290"><ele>178.0</ele></trkpt>
            <trkpt lat="51.1204700" lon="1.0620590"><ele>178.0</ele></trkpt>
            <trkpt lat="51.1204400" lon="1.0621390"><ele>178.0</ele></trkpt>
            <trkpt lat="51.1204400" lon="1.0622790"><ele>178.0</ele></trkpt>
            <trkpt lat="51.1204400" lon="1.0621390"><ele>178.0</ele></trkpt>
            <trkpt lat="51.1204700" lon="1.0620590"><ele>178.0</ele></trkpt>
            <trkpt lat="51.1204300" lon="1.0619190"><ele>178.0</ele></trkpt>
            <trkpt lat="51.1204200" lon="1.0617700"><ele>178.0</ele></trkpt>
            <trkpt lat="51.1205400" lon="1.0593800"><ele>181.0</ele></trkpt>
            <trkpt lat="51.1207400" lon="1.0583400"><ele>182.0</ele></trkpt>
            <trkpt lat="51.1209590" lon="1.0574190"><ele>182.0</ele></trkpt>
            <trkpt lat="51.1212800" lon="1.0561500"><ele>183.0</ele></trkpt>
            <trkpt lat="51.1214000" lon="1.0556190"><ele>183.0</ele></trkpt>
            <trkpt lat="51.1215190" lon="1.0552290"><ele>183.0</ele></trkpt>
            <trkpt lat="51.1216600" lon="1.0548900"><ele>181.0</ele></trkpt>
            <trkpt lat="51.1218400" lon="1.0545600"><ele>185.0</ele></trkpt>
            <trkpt lat="51.1221900" lon="1.0540390"><ele>185.0</ele></trkpt>
            <trkpt lat="51.1223600" lon="1.0536790"><ele>185.0</ele></trkpt>
            <trkpt lat="51.1223400" lon="1.0533800"><ele>185.0</ele></trkpt>
            <trkpt lat="51.1223200" lon="1.0525290"><ele>185.0</ele></trkpt>
            <trkpt lat="51.1223000" lon="1.0521300"><ele>180.0</ele></trkpt>
            <trkpt lat="51.1223000" lon="1.0516990"><ele>180.0</ele></trkpt>
            <trkpt lat="51.1222400" lon="1.0513200"><ele>180.0</ele></trkpt>
            <trkpt lat="51.1221900" lon="1.0512400"><ele>168.0</ele></trkpt>
            <trkpt lat="51.1219600" lon="1.0510890"><ele>168.0</ele></trkpt>
            <trkpt lat="51.1217700" lon="1.0508890"><ele>168.0</ele></trkpt>
            <trkpt lat="51.1211300" lon="1.0501600"><ele>167.0</ele></trkpt>
            <trkpt lat="51.1209700" lon="1.0499190"><ele>151.0</ele></trkpt>
            <trkpt lat="51.1207100" lon="1.0492900"><ele>162.0</ele></trkpt>
            <trkpt lat="51.1198400" lon="1.0460000"><ele>144.0</ele></trkpt>
            <trkpt lat="51.1197900" lon="1.0458790"><ele>144.0</ele></trkpt>
            <trkpt lat="51.1195600" lon="1.0455390"><ele>144.0</ele></trkpt>
            <trkpt lat="51.1194100" lon="1.0454300"><ele>144.0</ele></trkpt>
            <trkpt lat="51.1192600" lon="1.0453690"><ele>144.0</ele></trkpt>
            <trkpt lat="51.1191500" lon="1.0453590"><ele>143.0</ele></trkpt>
            <trkpt lat="51.1190300" lon="1.0453800"><ele>143.0</ele></trkpt>
            <trkpt lat="51.1188700" lon="1.0454690"><ele>143.0</ele></trkpt>
            <trkpt lat="51.1185300" lon="1.0458300"><ele>143.0</ele></trkpt>
            <trkpt lat="51.1184000" lon="1.0459290"><ele>143.0</ele></trkpt>
            <trkpt lat="51.1182900" lon="1.0459600"><ele>129.0</ele></trkpt>
            <trkpt lat="51.1181800" lon="1.0459290"><ele>129.0</ele></trkpt>
            <trkpt lat="51.1179700" lon="1.0456590"><ele>129.0</ele></trkpt>
            <trkpt lat="51.1174600" lon="1.0449490"><ele>118.0</ele></trkpt>
            <trkpt lat="51.1168700" lon="1.0440890"><ele>118.0</ele></trkpt>
            <trkpt lat="51.1167500" lon="1.0439490"><ele>118.0</ele></trkpt>
            <trkpt lat="51.1166100" lon="1.0437890"><ele>121.0</ele></trkpt>
            <trkpt lat="51.1165100" lon="1.0437200"><ele>111.0</ele></trkpt>
            <trkpt lat="51.1163900" lon="1.0436600"><ele>111.0</ele></trkpt>
            <trkpt lat="51.1161600" lon="1.0436090"><ele>111.0</ele></trkpt>
            <trkpt lat="51.1161690" lon="1.0435600"><ele>111.0</ele></trkpt>
            <trkpt lat="51.1161600" lon="1.0434500"><ele>111.0</ele></trkpt>
            <trkpt lat="51.1159800" lon="1.0430200"><ele>111.0</ele></trkpt>
            <trkpt lat="51.1158100" lon="1.0425400"><ele>114.0</ele></trkpt>
            <trkpt lat="51.1151600" lon="1.0412590"><ele>112.0</ele></trkpt>
            <trkpt lat="51.1150600" lon="1.0410290"><ele>107.0</ele></trkpt>
            <trkpt lat="51.1149800" lon="1.0407900"><ele>113.0</ele></trkpt>
            <trkpt lat="51.1149400" lon="1.0405490"><ele>113.0</ele></trkpt>
            <trkpt lat="51.1147500" lon="1.0400790"><ele>113.0</ele></trkpt>
            <trkpt lat="51.1146600" lon="1.0398700"><ele>108.0</ele></trkpt>
            <trkpt lat="51.1143400" lon="1.0392790"><ele>108.0</ele></trkpt>
            <trkpt lat="51.1141300" lon="1.0388100"><ele>109.0</ele></trkpt>
            <trkpt lat="51.1140190" lon="1.0384000"><ele>106.0</ele></trkpt>
            <trkpt lat="51.1139500" lon="1.0380900"><ele>106.0</ele></trkpt>
            <trkpt lat="51.1138400" lon="1.0373790"><ele>102.0</ele></trkpt>
            <trkpt lat="51.1136500" lon="1.0358490"><ele>98.0</ele></trkpt>
            <trkpt lat="51.1136000" lon="1.0353490"><ele>98.0</ele></trkpt>
            <trkpt lat="51.1135300" lon="1.0348690"><ele>93.0</ele></trkpt>
            <trkpt lat="51.1134500" lon="1.0344800"><ele>93.0</ele></trkpt>
            <trkpt lat="51.1134100" lon="1.0341190"><ele>93.0</ele></trkpt>
            <trkpt lat="51.1133900" lon="1.0337500"><ele>93.0</ele></trkpt>
            <trkpt lat="51.1133900" lon="1.0329190"><ele>90.0</ele></trkpt>
            <trkpt lat="51.1133490" lon="1.0320190"><ele>90.0</ele></trkpt>
            <trkpt lat="51.1133300" lon="1.0311290"><ele>90.0</ele></trkpt>
            <trkpt lat="51.1132900" lon="1.0307000"><ele>94.0</ele></trkpt>
            <trkpt lat="51.1132590" lon="1.0305700"><ele>94.0</ele></trkpt>
            <trkpt lat="51.1131900" lon="1.0303890"><ele>94.0</ele></trkpt>
            <trkpt lat="51.1129000" lon="1.0297500"><ele>91.0</ele></trkpt>
            <trkpt lat="51.1127400" lon="1.0293100"><ele>91.0</ele></trkpt>
            <trkpt lat="51.1126600" lon="1.0290400"><ele>91.0</ele></trkpt>
            <trkpt lat="51.1121200" lon="1.0261890"><ele>92.0</ele></trkpt>
            <trkpt lat="51.1120800" lon="1.0258490"><ele>92.0</ele></trkpt>
            <trkpt lat="51.1120600" lon="1.0255500"><ele>92.0</ele></trkpt>
            <trkpt lat="51.1120600" lon="1.0251900"><ele>92.0</ele></trkpt>
            <trkpt lat="51.1121300" lon="1.0234900"><ele>89.0</ele></trkpt>
            <trkpt lat="51.1121100" lon="1.0230090"><ele>89.0</ele></trkpt>
            <trkpt lat="51.1120200" lon="1.0225000"><ele>89.0</ele></trkpt>
            <trkpt lat="51.1119000" lon="1.0221000"><ele>87.0</ele></trkpt>
            <trkpt lat="51.1117800" lon="1.0217990"><ele>87.0</ele></trkpt>
            <trkpt lat="51.1111600" lon="1.0204400"><ele>86.0</ele></trkpt>
            <trkpt lat="51.1107400" lon="1.0196200"><ele>83.0</ele></trkpt>
            <trkpt lat="51.1105400" lon="1.0192790"><ele>83.0</ele></trkpt>
            <trkpt lat="51.1102200" lon="1.0188200"><ele>83.0</ele></trkpt>
            <trkpt lat="51.1096990" lon="1.0181890"><ele>83.0</ele></trkpt>
            <trkpt lat="51.1086400" lon="1.0170290"><ele>77.0</ele></trkpt>
            <trkpt lat="51.1083200" lon="1.0166590"><ele>77.0</ele></trkpt>
            <trkpt lat="51.1076000" lon="1.0158900"><ele>73.0</ele></trkpt>
            <trkpt lat="51.1074200" lon="1.0155700"><ele>75.0</ele></trkpt>
            <trkpt lat="51.1071800" lon="1.0150090"><ele>75.0</ele></trkpt>
            <trkpt lat="51.1068300" lon="1.0141390"><ele>73.0</ele></trkpt>
            <trkpt lat="51.1061000" lon="1.0125290"><ele>76.0</ele></trkpt>
            <trkpt lat="51.1055590" lon="1.0114090"><ele>76.0</ele></trkpt>
            <trkpt lat="51.1052000" lon="1.0105390"><ele>75.0</ele></trkpt>
            <trkpt lat="51.1050400" lon="1.0099590"><ele>71.0</ele></trkpt>
            <trkpt lat="51.1048800" lon="1.0091390"><ele>71.0</ele></trkpt>
            <trkpt lat="51.1048100" lon="1.0085900"><ele>67.0</ele></trkpt>
            <trkpt lat="51.1046600" lon="1.0078800"><ele>67.0</ele></trkpt>
            <trkpt lat="51.1045290" lon="1.0076000"><ele>67.0</ele></trkpt>
            <trkpt lat="51.1043900" lon="1.0073700"><ele>65.0</ele></trkpt>
            <trkpt lat="51.1038700" lon="1.0067290"><ele>67.0</ele></trkpt>
            <trkpt lat="51.1029300" lon="1.0054790"><ele>69.0</ele></trkpt>
            <trkpt lat="51.1030000" lon="1.0053690"><ele>69.0</ele></trkpt>
            <trkpt lat="51.1032900" lon="1.0047290"><ele>67.0</ele></trkpt>
            <trkpt lat="51.1037100" lon="1.0037490"><ele>64.0</ele></trkpt>
            <trkpt lat="51.1040590" lon="1.0028490"><ele>65.0</ele></trkpt>
            <trkpt lat="51.1044700" lon="1.0018490"><ele>65.0</ele></trkpt>
            <trkpt lat="51.1049300" lon="1.0005990"><ele>73.0</ele></trkpt>
            <trkpt lat="51.1051700" lon="0.9998500"><ele>71.0</ele></trkpt>
            <trkpt lat="51.1052890" lon="0.9993790"><ele>71.0</ele></trkpt>
            <trkpt lat="51.1053500" lon="0.9990400"><ele>71.0</ele></trkpt>
            <trkpt lat="51.1055100" lon="0.9979600"><ele>69.0</ele></trkpt>
            <trkpt lat="51.1055700" lon="0.9974200"><ele>68.0</ele></trkpt>
            <trkpt lat="51.1057000" lon="0.9967400"><ele>68.0</ele></trkpt>
            <trkpt lat="51.1058900" lon="0.9959490"><ele>65.0</ele></trkpt>
            <trkpt lat="51.1061700" lon="0.9948790"><ele>65.0</ele></trkpt>
            <trkpt lat="51.1063500" lon="0.9941000"><ele>65.0</ele></trkpt>
            <trkpt lat="51.1065500" lon="0.9933700"><ele>65.0</ele></trkpt>
            <trkpt lat="51.1070800" lon="0.9911600"><ele>65.0</ele></trkpt>
            <trkpt lat="51.1070500" lon="0.9913000"><ele>64.0</ele></trkpt>
            <trkpt lat="51.1066800" lon="0.9908590"><ele>65.0</ele></trkpt>
            <trkpt lat="51.1065600" lon="0.9907490"><ele>70.0</ele></trkpt>
            <trkpt lat="51.1063900" lon="0.9906700"><ele>70.0</ele></trkpt>
            <trkpt lat="51.1061800" lon="0.9906490"><ele>70.0</ele></trkpt>
            <trkpt lat="51.1060900" lon="0.9906590"><ele>70.0</ele></trkpt>
            <trkpt lat="51.1057590" lon="0.9908000"><ele>73.0</ele></trkpt>
            <trkpt lat="51.1053900" lon="0.9910700"><ele>73.0</ele></trkpt>
            <trkpt lat="51.1053300" lon="0.9910990"><ele>73.0</ele></trkpt>
            <trkpt lat="51.1051400" lon="0.9911390"><ele>73.0</ele></trkpt>
            <trkpt lat="51.1050700" lon="0.9911290"><ele>73.0</ele></trkpt>
            <trkpt lat="51.1048100" lon="0.9910090"><ele>70.0</ele></trkpt>
            <trkpt lat="51.1042500" lon="0.9905590"><ele>70.0</ele></trkpt>
            <trkpt lat="51.1034200" lon="0.9901390"><ele>69.0</ele></trkpt>
            <trkpt lat="51.1026100" lon="0.9901190"><ele>67.0</ele></trkpt>
            <trkpt lat="51.1017200" lon="0.9899590"><ele>61.0</ele></trkpt>
            <trkpt lat="51.1007800" lon="0.9897200"><ele>55.0</ele></trkpt>
            <trkpt lat="51.0997700" lon="0.9898490"><ele>55.0</ele></trkpt>
            <trkpt lat="51.0992800" lon="0.9898390"><ele>55.0</ele></trkpt>
            <trkpt lat="51.0991400" lon="0.9898200"><ele>68.0</ele></trkpt>
            <trkpt lat="51.0988800" lon="0.9897100"><ele>68.0</ele></trkpt>
            <trkpt lat="51.0984000" lon="0.9894600"><ele>68.0</ele></trkpt>
            <trkpt lat="51.0979500" lon="0.9891990"><ele>67.0</ele></trkpt>
            <trkpt lat="51.0974200" lon="0.9889600"><ele>65.0</ele></trkpt>
            <trkpt lat="51.0971100" lon="0.9887490"><ele>65.0</ele></trkpt>
            <trkpt lat="51.0969800" lon="0.9887090"><ele>61.0</ele></trkpt>
            <trkpt lat="51.0966700" lon="0.9887090"><ele>61.0</ele></trkpt>
            <trkpt lat="51.0964500" lon="0.9887490"><ele>72.0</ele></trkpt>
            <trkpt lat="51.0963200" lon="0.9887400"><ele>67.0</ele></trkpt>
            <trkpt lat="51.0962300" lon="0.9887300"><ele>67.0</ele></trkpt>
            <trkpt lat="51.0958400" lon="0.9885890"><ele>67.0</ele></trkpt>
            <trkpt lat="51.0957200" lon="0.9885790"><ele>75.0</ele></trkpt>
            <trkpt lat="51.0951490" lon="0.9887090"><ele>75.0</ele></trkpt>
            <trkpt lat="51.0949300" lon="0.9887200"><ele>79.0</ele></trkpt>
            <trkpt lat="51.0947600" lon="0.9886900"><ele>79.0</ele></trkpt>
            <trkpt lat="51.0946500" lon="0.9886590"><ele>79.0</ele></trkpt>
            <trkpt lat="51.0942900" lon="0.9884890"><ele>79.0</ele></trkpt>
            <trkpt lat="51.0939000" lon="0.9880790"><ele>82.0</ele></trkpt>
            <trkpt lat="51.0934100" lon="0.9876290"><ele>82.0</ele></trkpt>
            <trkpt lat="51.0930200" lon="0.9873800"><ele>84.0</ele></trkpt>
            <trkpt lat="51.0926700" lon="0.9872000"><ele>84.0</ele></trkpt>
            <trkpt lat="51.0925700" lon="0.9871690"><ele>84.0</ele></trkpt>
            <trkpt lat="51.0920590" lon="0.9871200"><ele>87.0</ele></trkpt>
            <trkpt lat="51.0917400" lon="0.9869990"><ele>87.0</ele></trkpt>
            <trkpt lat="51.0908200" lon="0.9868690"><ele>90.0</ele></trkpt>
            <trkpt lat="51.0905800" lon="0.9868500"><ele>90.0</ele></trkpt>
            <trkpt lat="51.0905000" lon="0.9868690"><ele>90.0</ele></trkpt>
            <trkpt lat="51.0904500" lon="0.9869200"><ele>90.0</ele></trkpt>
            <trkpt lat="51.0903100" lon="0.9874700"><ele>90.0</ele></trkpt>
            <trkpt lat="51.0902690" lon="0.9875890"><ele>88.0</ele></trkpt>
            <trkpt lat="51.0898600" lon="0.9884700"><ele>90.0</ele></trkpt>
            <trkpt lat="51.0897090" lon="0.9888490"><ele>87.0</ele></trkpt>
            <trkpt lat="51.0896100" lon="0.9893200"><ele>87.0</ele></trkpt>
            <trkpt lat="51.0895600" lon="0.9895000"><ele>87.0</ele></trkpt>
            <trkpt lat="51.0894600" lon="0.9897100"><ele>87.0</ele></trkpt>
            <trkpt lat="51.0892800" lon="0.9899390"><ele>87.0</ele></trkpt>
            <trkpt lat="51.0891600" lon="0.9900490"><ele>84.0</ele></trkpt>
            <trkpt lat="51.0889300" lon="0.9902200"><ele>88.0</ele></trkpt>
            <trkpt lat="51.0888000" lon="0.9902700"><ele>88.0</ele></trkpt>
            <trkpt lat="51.0885800" lon="0.9902990"><ele>88.0</ele></trkpt>
            <trkpt lat="51.0880500" lon="0.9902500"><ele>91.0</ele></trkpt>
            <trkpt lat="51.0875800" lon="0.9902600"><ele>91.0</ele></trkpt>
            <trkpt lat="51.0875100" lon="0.9902390"><ele>91.0</ele></trkpt>
            <trkpt lat="51.0873300" lon="0.9901390"><ele>93.0</ele></trkpt>
            <trkpt lat="51.0866800" lon="0.9896590"><ele>93.0</ele></trkpt>
            <trkpt lat="51.0865090" lon="0.9895590"><ele>94.0</ele></trkpt>
            <trkpt lat="51.0859800" lon="0.9893200"><ele>94.0</ele></trkpt>
            <trkpt lat="51.0855500" lon="0.9890390"><ele>96.0</ele></trkpt>
            <trkpt lat="51.0854200" lon="0.9889790"><ele>96.0</ele></trkpt>
            <trkpt lat="51.0853200" lon="0.9889690"><ele>96.0</ele></trkpt>
            <trkpt lat="51.0852200" lon="0.9889900"><ele>96.0</ele></trkpt>
            <trkpt lat="51.0848100" lon="0.9892190"><ele>98.0</ele></trkpt>
            <trkpt lat="51.0846500" lon="0.9892800"><ele>98.0</ele></trkpt>
            <trkpt lat="51.0844300" lon="0.9893090"><ele>98.0</ele></trkpt>
            <trkpt lat="51.0843100" lon="0.9892490"><ele>98.0</ele></trkpt>
            <trkpt lat="51.0841900" lon="0.9891590"><ele>98.0</ele></trkpt>
            <trkpt lat="51.0839000" lon="0.9887890"><ele>100.0</ele></trkpt>
            <trkpt lat="51.0837000" lon="0.9883990"><ele>99.0</ele></trkpt>
            <trkpt lat="51.0835800" lon="0.9882190"><ele>99.0</ele></trkpt>
            <trkpt lat="51.0833290" lon="0.9879100"><ele>99.0</ele></trkpt>
            <trkpt lat="51.0830600" lon="0.9876890"><ele>101.0</ele></trkpt>
            <trkpt lat="51.0829000" lon="0.9874890"><ele>100.0</ele></trkpt>
            <trkpt lat="51.0825900" lon="0.9870490"><ele>100.0</ele></trkpt>
            <trkpt lat="51.0823700" lon="0.9867900"><ele>100.0</ele></trkpt>
            <trkpt lat="51.0823100" lon="0.9867400"><ele>100.0</ele></trkpt>
            <trkpt lat="51.0814490" lon="0.9863500"><ele>100.0</ele></trkpt>
            <trkpt lat="51.0810400" lon="0.9862500"><ele>100.0</ele></trkpt>
            <trkpt lat="51.0805990" lon="0.9860490"><ele>98.0</ele></trkpt>
            <trkpt lat="51.0799490" lon="0.9856990"><ele>99.0</ele></trkpt>
            <trkpt lat="51.0795300" lon="0.9854500"><ele>99.0</ele></trkpt>
            <trkpt lat="51.0797300" lon="0.9844290"><ele>98.0</ele></trkpt>
            <trkpt lat="51.0797900" lon="0.9840590"><ele>98.0</ele></trkpt>
            <trkpt lat="51.0798500" lon="0.9832990"><ele>99.0</ele></trkpt>
            <trkpt lat="51.0798590" lon="0.9829700"><ele>99.0</ele></trkpt>
            <trkpt lat="51.0798900" lon="0.9825390"><ele>99.0</ele></trkpt>
            <trkpt lat="51.0799000" lon="0.9819590"><ele>95.0</ele></trkpt>
            <trkpt lat="51.0799400" lon="0.9813400"><ele>95.0</ele></trkpt>
            <trkpt lat="51.0801900" lon="0.9791800"><ele>90.0</ele></trkpt>
            <trkpt lat="51.0803800" lon="0.9780700"><ele>89.0</ele></trkpt>
            <trkpt lat="51.0805400" lon="0.9769400"><ele>89.0</ele></trkpt>
            <trkpt lat="51.0805900" lon="0.9761390"><ele>90.0</ele></trkpt>
            <trkpt lat="51.0806300" lon="0.9757290"><ele>90.0</ele></trkpt>
            <trkpt lat="51.0806900" lon="0.9753390"><ele>90.0</ele></trkpt>
            <trkpt lat="51.0807500" lon="0.9750400"><ele>90.0</ele></trkpt>
            <trkpt lat="51.0808400" lon="0.9746990"><ele>87.0</ele></trkpt>
            <trkpt lat="51.0810800" lon="0.9740100"><ele>87.0</ele></trkpt>
            <trkpt lat="51.0811500" lon="0.9737400"><ele>86.0</ele></trkpt>
            <trkpt lat="51.0811700" lon="0.9735790"><ele>86.0</ele></trkpt>
            <trkpt lat="51.0811900" lon="0.9730890"><ele>86.0</ele></trkpt>
            <trkpt lat="51.0811700" lon="0.9725590"><ele>86.0</ele></trkpt>
            <trkpt lat="51.0812100" lon="0.9714190"><ele>84.0</ele></trkpt>
            <trkpt lat="51.0812200" lon="0.9704000"><ele>86.0</ele></trkpt>
            <trkpt lat="51.0812500" lon="0.9696500"><ele>90.0</ele></trkpt>
            <trkpt lat="51.0812900" lon="0.9692900"><ele>90.0</ele></trkpt>
            <trkpt lat="51.0813800" lon="0.9687990"><ele>90.0</ele></trkpt>
            <trkpt lat="51.0815700" lon="0.9679890"><ele>92.0</ele></trkpt>
            <trkpt lat="51.0816700" lon="0.9674190"><ele>92.0</ele></trkpt>
            <trkpt lat="51.0817800" lon="0.9666300"><ele>92.0</ele></trkpt>
            <trkpt lat="51.0820900" lon="0.9648700"><ele>92.0</ele></trkpt>
            <trkpt lat="51.0821900" lon="0.9642400"><ele>92.0</ele></trkpt>
            <trkpt lat="51.0822100" lon="0.9640100"><ele>92.0</ele></trkpt>
            <trkpt lat="51.0822100" lon="0.9638490"><ele>92.0</ele></trkpt>
            <trkpt lat="51.0823500" lon="0.9637700"><ele>92.0</ele></trkpt>
            <trkpt lat="51.0823890" lon="0.9637290"><ele>92.0</ele></trkpt>
            <trkpt lat="51.0824600" lon="0.9636100"><ele>92.0</ele></trkpt>
            <trkpt lat="51.0826500" lon="0.9631690"><ele>88.0</ele></trkpt>
            <trkpt lat="51.0827600" lon="0.9628800"><ele>88.0</ele></trkpt>
            <trkpt lat="51.0829000" lon="0.9624490"><ele>87.0</ele></trkpt>
            <trkpt lat="51.0829700" lon="0.9621500"><ele>87.0</ele></trkpt>
            <trkpt lat="51.0830300" lon="0.9616300"><ele>87.0</ele></trkpt>
            <trkpt lat="51.0830500" lon="0.9613290"><ele>87.0</ele></trkpt>
            <trkpt lat="51.0831000" lon="0.9609600"><ele>90.0</ele></trkpt>
            <trkpt lat="51.0832400" lon="0.9602490"><ele>90.0</ele></trkpt>
            <trkpt lat="51.0834300" lon="0.9589700"><ele>92.0</ele></trkpt>
            <trkpt lat="51.0835500" lon="0.9584890"><ele>93.0</ele></trkpt>
            <trkpt lat="51.0836100" lon="0.9583090"><ele>93.0</ele></trkpt>
            <trkpt lat="51.0837600" lon="0.9579690"><ele>93.0</ele></trkpt>
            <trkpt lat="51.0838100" lon="0.9578900"><ele>93.0</ele></trkpt>
            <trkpt lat="51.0840500" lon="0.9576200"><ele>93.0</ele></trkpt>
            <trkpt lat="51.0843100" lon="0.9574290"><ele>92.0</ele></trkpt>
            <trkpt lat="51.0850700" lon="0.9567990"><ele>90.0</ele></trkpt>
            <trkpt lat="51.0853500" lon="0.9566090"><ele>90.0</ele></trkpt>
            <trkpt lat="51.0855200" lon="0.9565590"><ele>90.0</ele></trkpt>
            <trkpt lat="51.0856300" lon="0.9564100"><ele>90.0</ele></trkpt>
            <trkpt lat="51.0857690" lon="0.9562790"><ele>90.0</ele></trkpt>
            <trkpt lat="51.0859700" lon="0.9561890"><ele>81.0</ele></trkpt>
            <trkpt lat="51.0863700" lon="0.9560690"><ele>81.0</ele></trkpt>
            <trkpt lat="51.0865400" lon="0.9559500"><ele>81.0</ele></trkpt>
            <trkpt lat="51.0867600" lon="0.9557200"><ele>85.0</ele></trkpt>
            <trkpt lat="51.0870600" lon="0.9553700"><ele>85.0</ele></trkpt>
            <trkpt lat="51.0874490" lon="0.9547800"><ele>80.0</ele></trkpt>
            <trkpt lat="51.0875400" lon="0.9545790"><ele>81.0</ele></trkpt>
            <trkpt lat="51.0876200" lon="0.9543090"><ele>81.0</ele></trkpt>
            <trkpt lat="51.0877000" lon="0.9539200"><ele>81.0</ele></trkpt>
            <trkpt lat="51.0880400" lon="0.9518790"><ele>70.0</ele></trkpt>
            <trkpt lat="51.0881000" lon="0.9516490"><ele>70.0</ele></trkpt>
            <trkpt lat="51.0881600" lon="0.9514790"><ele>70.0</ele></trkpt>
            <trkpt lat="51.0890500" lon="0.9497990"><ele>77.0</ele></trkpt>
            <trkpt lat="51.0897090" lon="0.9483900"><ele>80.0</ele></trkpt>
            <trkpt lat="51.0900100" lon="0.9478190"><ele>78.0</ele></trkpt>
            <trkpt lat="51.0907900" lon="0.9461800"><ele>77.0</ele></trkpt>
            <trkpt lat="51.0909190" lon="0.9459400"><ele>79.0</ele></trkpt>
            <trkpt lat="51.0911700" lon="0.9455500"><ele>79.0</ele></trkpt>
            <trkpt lat="51.0914500" lon="0.9450100"><ele>79.0</ele></trkpt>
            <trkpt lat="51.0921300" lon="0.9437690"><ele>80.0</ele></trkpt>
            <trkpt lat="51.0933100" lon="0.9417590"><ele>79.0</ele></trkpt>
            <trkpt lat="51.0941300" lon="0.9404100"><ele>72.0</ele></trkpt>
            <trkpt lat="51.0944900" lon="0.9397900"><ele>71.0</ele></trkpt>
            <trkpt lat="51.0949200" lon="0.9389300"><ele>71.0</ele></trkpt>
            <trkpt lat="51.0947400" lon="0.9384000"><ele>66.0</ele></trkpt>
            <trkpt lat="51.0946300" lon="0.9377890"><ele>66.0</ele></trkpt>
            <trkpt lat="51.0946200" lon="0.9376490"><ele>66.0</ele></trkpt>
            <trkpt lat="51.0946200" lon="0.9374000"><ele>60.0</ele></trkpt>
            <trkpt lat="51.0947300" lon="0.9368200"><ele>60.0</ele></trkpt>
            <trkpt lat="51.0947300" lon="0.9366700"><ele>60.0</ele></trkpt>
            <trkpt lat="51.0947000" lon="0.9363890"><ele>60.0</ele></trkpt>
            <trkpt lat="51.0946400" lon="0.9360690"><ele>58.0</ele></trkpt>
            <trkpt lat="51.0945700" lon="0.9355690"><ele>58.0</ele></trkpt>
            <trkpt lat="51.0945200" lon="0.9351190"><ele>58.0</ele></trkpt>
            <trkpt lat="51.0944400" lon="0.9340990"><ele>62.0</ele></trkpt>
            <trkpt lat="51.0943200" lon="0.9314400"><ele>60.0</ele></trkpt>
            <trkpt lat="51.0942800" lon="0.9302900"><ele>59.0</ele></trkpt>
            <trkpt lat="51.0941190" lon="0.9270500"><ele>56.0</ele></trkpt>
            <trkpt lat="51.0941190" lon="0.9263300"><ele>56.0</ele></trkpt>
            <trkpt lat="51.0942000" lon="0.9250790"><ele>57.0</ele></trkpt>
            <trkpt lat="51.0945500" lon="0.9203490"><ele>55.0</ele></trkpt>
            <trkpt lat="51.0948400" lon="0.9161790"><ele>45.0</ele></trkpt>
            <trkpt lat="51.0949600" lon="0.9147000"><ele>44.0</ele></trkpt>
            <trkpt lat="51.0954500" lon="0.9080990"><ele>43.0</ele></trkpt>
            <trkpt lat="51.0954700" lon="0.9076190"><ele>43.0</ele></trkpt>
            <trkpt lat="51.0954700" lon="0.9064490"><ele>43.0</ele></trkpt>
            <trkpt lat="51.0954400" lon="0.9055700"><ele>41.0</ele></trkpt>
            <trkpt lat="51.0952390" lon="0.9023890"><ele>40.0</ele></trkpt>
            <trkpt lat="51.0951000" lon="0.9009490"><ele>40.0</ele></trkpt>
            <trkpt lat="51.0949700" lon="0.8998590"><ele>40.0</ele></trkpt>
            <trkpt lat="51.0948600" lon="0.8993900"><ele>40.0</ele></trkpt>
            <trkpt lat="51.0947300" lon="0.8989690"><ele>40.0</ele></trkpt>
            <trkpt lat="51.0941300" lon="0.8972590"><ele>42.0</ele></trkpt>
            <trkpt lat="51.0934300" lon="0.8949800"><ele>41.0</ele></trkpt>
            <trkpt lat="51.0932800" lon="0.8950300"><ele>44.0</ele></trkpt>
            <trkpt lat="51.0929500" lon="0.8950990"><ele>44.0</ele></trkpt>
            <trkpt lat="51.0924800" lon="0.8931490"><ele>42.0</ele></trkpt>
            <trkpt lat="51.0923800" lon="0.8925100"><ele>42.0</ele></trkpt>
            <trkpt lat="51.0922390" lon="0.8913000"><ele>42.0</ele></trkpt>
            <trkpt lat="51.0922000" lon="0.8910890"><ele>41.0</ele></trkpt>
            <trkpt lat="51.0921400" lon="0.8908900"><ele>41.0</ele></trkpt>
            <trkpt lat="51.0920590" lon="0.8906890"><ele>41.0</ele></trkpt>
            <trkpt lat="51.0919300" lon="0.8904190"><ele>41.0</ele></trkpt>
            <trkpt lat="51.0917200" lon="0.8900800"><ele>41.0</ele></trkpt>
            <trkpt lat="51.0915500" lon="0.8898590"><ele>45.0</ele></trkpt>
            <trkpt lat="51.0911100" lon="0.8893900"><ele>45.0</ele></trkpt>
            <trkpt lat="51.0906800" lon="0.8889590"><ele>49.0</ele></trkpt>
            <trkpt lat="51.0903590" lon="0.8885400"><ele>48.0</ele></trkpt>
            <trkpt lat="51.0900700" lon="0.8880900"><ele>48.0</ele></trkpt>
            <trkpt lat="51.0889400" lon="0.8867290"><ele>41.0</ele></trkpt>
            <trkpt lat="51.0885600" lon="0.8863400"><ele>41.0</ele></trkpt>
            <trkpt lat="51.0883400" lon="0.8861600"><ele>41.0</ele></trkpt>
            <trkpt lat="51.0880500" lon="0.8859800"><ele>47.0</ele></trkpt>
            <trkpt lat="51.0872300" lon="0.8857290"><ele>44.0</ele></trkpt>
            <trkpt lat="51.0871100" lon="0.8856600"><ele>44.0</ele></trkpt>
            <trkpt lat="51.0870000" lon="0.8855700"><ele>44.0</ele></trkpt>
            <trkpt lat="51.0869100" lon="0.8854400"><ele>44.0</ele></trkpt>
            <trkpt lat="51.0868400" lon="0.8852790"><ele>44.0</ele></trkpt>
            <trkpt lat="51.0867990" lon="0.8851390"><ele>44.0</ele></trkpt>
            <trkpt lat="51.0867800" lon="0.8849900"><ele>44.0</ele></trkpt>
            <trkpt lat="51.0867700" lon="0.8847000"><ele>51.0</ele></trkpt>
            <trkpt lat="51.0867990" lon="0.8831400"><ele>48.0</ele></trkpt>
            <trkpt lat="51.0868300" lon="0.8821900"><ele>45.0</ele></trkpt>
            <trkpt lat="51.0868800" lon="0.8818400"><ele>45.0</ele></trkpt>
            <trkpt lat="51.0869200" lon="0.8813700"><ele>45.0</ele></trkpt>
            <trkpt lat="51.0869600" lon="0.8806090"><ele>43.0</ele></trkpt>
            <trkpt lat="51.0869500" lon="0.8799500"><ele>40.0</ele></trkpt>
            <trkpt lat="51.0868890" lon="0.8794190"><ele>40.0</ele></trkpt>
            <trkpt lat="51.0868200" lon="0.8790500"><ele>40.0</ele></trkpt>
            <trkpt lat="51.0866800" lon="0.8785100"><ele>48.0</ele></trkpt>
            <trkpt lat="51.0864400" lon="0.8777700"><ele>48.0</ele></trkpt>
            <trkpt lat="51.0862000" lon="0.8768800"><ele>44.0</ele></trkpt>
            <trkpt lat="51.0861500" lon="0.8766000"><ele>44.0</ele></trkpt>
            <trkpt lat="51.0861200" lon="0.8762600"><ele>44.0</ele></trkpt>
            <trkpt lat="51.0860800" lon="0.8760200"><ele>45.0</ele></trkpt>
            <trkpt lat="51.0859300" lon="0.8756200"><ele>45.0</ele></trkpt>
            <trkpt lat="51.0859100" lon="0.8754800"><ele>45.0</ele></trkpt>
            <trkpt lat="51.0859300" lon="0.8750990"><ele>45.0</ele></trkpt>
            <trkpt lat="51.0863900" lon="0.8713000"><ele>44.0</ele></trkpt>
            <trkpt lat="51.0865700" lon="0.8695190"><ele>42.0</ele></trkpt>
            <trkpt lat="51.0867090" lon="0.8683800"><ele>46.0</ele></trkpt>
            <trkpt lat="51.0867990" lon="0.8678800"><ele>46.0</ele></trkpt>
            <trkpt lat="51.0868700" lon="0.8671100"><ele>40.0</ele></trkpt>
            <trkpt lat="51.0868800" lon="0.8666900"><ele>40.0</ele></trkpt>
            <trkpt lat="51.0869400" lon="0.8656700"><ele>43.0</ele></trkpt>
            <trkpt lat="51.0869900" lon="0.8653100"><ele>43.0</ele></trkpt>
            <trkpt lat="51.0870500" lon="0.8650490"><ele>43.0</ele></trkpt>
            <trkpt lat="51.0871200" lon="0.8643500"><ele>40.0</ele></trkpt>
            <trkpt lat="51.0871200" lon="0.8640000"><ele>40.0</ele></trkpt>
            <trkpt lat="51.0870000" lon="0.8628590"><ele>42.0</ele></trkpt>
            <trkpt lat="51.0868500" lon="0.8620790"><ele>42.0</ele></trkpt>
            <trkpt lat="51.0867990" lon="0.8616700"><ele>42.0</ele></trkpt>
            <trkpt lat="51.0867800" lon="0.8613400"><ele>42.0</ele></trkpt>
            <trkpt lat="51.0866900" lon="0.8604400"><ele>43.0</ele></trkpt>
            <trkpt lat="51.0866200" lon="0.8598790"><ele>48.0</ele></trkpt>
            <trkpt lat="51.0863800" lon="0.8587400"><ele>46.0</ele></trkpt>
            <trkpt lat="51.0862500" lon="0.8582490"><ele>46.0</ele></trkpt>
            <trkpt lat="51.0857200" lon="0.8568190"><ele>57.0</ele></trkpt>
            <trkpt lat="51.0854400" lon="0.8562200"><ele>52.0</ele></trkpt>
            <trkpt lat="51.0851400" lon="0.8556390"><ele>52.0</ele></trkpt>
            <trkpt lat="51.0845200" lon="0.8546900"><ele>42.0</ele></trkpt>
            <trkpt lat="51.0843700" lon="0.8543390"><ele>42.0</ele></trkpt>
            <trkpt lat="51.0842900" lon="0.8540800"><ele>42.0</ele></trkpt>
            <trkpt lat="51.0835090" lon="0.8506090"><ele>48.0</ele></trkpt>
            <trkpt lat="51.0833800" lon="0.8498090"><ele>42.0</ele></trkpt>
            <trkpt lat="51.0831800" lon="0.8490290"><ele>45.0</ele></trkpt>
            <trkpt lat="51.0827200" lon="0.8473790"><ele>43.0</ele></trkpt>
            <trkpt lat="51.0823800" lon="0.8462200"><ele>48.0</ele></trkpt>
            <trkpt lat="51.0819800" lon="0.8449690"><ele>46.0</ele></trkpt>
            <trkpt lat="51.0819300" lon="0.8447090"><ele>46.0</ele></trkpt>
            <trkpt lat="51.0818800" lon="0.8443200"><ele>46.0</ele></trkpt>
            <trkpt lat="51.0815000" lon="0.8443600"><ele>46.0</ele></trkpt>
            <trkpt lat="51.0814000" lon="0.8431500"><ele>46.0</ele></trkpt>
            <trkpt lat="51.0812800" lon="0.8424800"><ele>53.0</ele></trkpt>
            <trkpt lat="51.0808400" lon="0.8406400"><ele>60.0</ele></trkpt>
            <trkpt lat="51.0799200" lon="0.8372200"><ele>56.0</ele></trkpt>
            <trkpt lat="51.0791400" lon="0.8344700"><ele>57.0</ele></trkpt>
            <trkpt lat="51.0788500" lon="0.8346690"><ele>57.0</ele></trkpt>
            <trkpt lat="51.0785200" lon="0.8349490"><ele>57.0</ele></trkpt>
            <trkpt lat="51.0781100" lon="0.8352490"><ele>56.0</ele></trkpt>
            <trkpt lat="51.0777600" lon="0.8355590"><ele>56.0</ele></trkpt>
            <trkpt lat="51.0773300" lon="0.8359790"><ele>47.0</ele></trkpt>
            <trkpt lat="51.0769400" lon="0.8364190"><ele>57.0</ele></trkpt>
            <trkpt lat="51.0766590" lon="0.8368000"><ele>57.0</ele></trkpt>
            <trkpt lat="51.0765800" lon="0.8368100"><ele>49.0</ele></trkpt>
            <trkpt lat="51.0764700" lon="0.8368190"><ele>49.0</ele></trkpt>
            <trkpt lat="51.0763900" lon="0.8368000"><ele>49.0</ele></trkpt>
            <trkpt lat="51.0759500" lon="0.8361300"><ele>48.0</ele></trkpt>
            <trkpt lat="51.0757900" lon="0.8359390"><ele>52.0</ele></trkpt>
            <trkpt lat="51.0754300" lon="0.8357490"><ele>52.0</ele></trkpt>
            <trkpt lat="51.0753400" lon="0.8357200"><ele>52.0</ele></trkpt>
            <trkpt lat="51.0752600" lon="0.8356490"><ele>52.0</ele></trkpt>
            <trkpt lat="51.0751590" lon="0.8355900"><ele>52.0</ele></trkpt>
            <trkpt lat="51.0749600" lon="0.8354100"><ele>55.0</ele></trkpt>
            <trkpt lat="51.0748100" lon="0.8353090"><ele>55.0</ele></trkpt>
            <trkpt lat="51.0746800" lon="0.8352990"><ele>55.0</ele></trkpt>
            <trkpt lat="51.0745200" lon="0.8353290"><ele>55.0</ele></trkpt>
            <trkpt lat="51.0742400" lon="0.8354500"><ele>55.0</ele></trkpt>
            <trkpt lat="51.0737700" lon="0.8356990"><ele>55.0</ele></trkpt>
            <trkpt lat="51.0735690" lon="0.8357700"><ele>55.0</ele></trkpt>
            <trkpt lat="51.0729500" lon="0.8357200"><ele>56.0</ele></trkpt>
            <trkpt lat="51.0725900" lon="0.8356090"><ele>56.0</ele></trkpt>
            <trkpt lat="51.0721590" lon="0.8355390"><ele>56.0</ele></trkpt>
            <trkpt lat="51.0714500" lon="0.8355790"><ele>56.0</ele></trkpt>
            <trkpt lat="51.0707600" lon="0.8355500"><ele>58.0</ele></trkpt>
            <trkpt lat="51.0701800" lon="0.8355590"><ele>58.0</ele></trkpt>
            <trkpt lat="51.0700500" lon="0.8355990"><ele>58.0</ele></trkpt>
            <trkpt lat="51.0695100" lon="0.8363290"><ele>53.0</ele></trkpt>
            <trkpt lat="51.0694100" lon="0.8364000"><ele>53.0</ele></trkpt>
            <trkpt lat="51.0692900" lon="0.8364190"><ele>53.0</ele></trkpt>
            <trkpt lat="51.0692100" lon="0.8363790"><ele>53.0</ele></trkpt>
            <trkpt lat="51.0691400" lon="0.8363190"><ele>50.0</ele></trkpt>
            <trkpt lat="51.0690500" lon="0.8361190"><ele>43.0</ele></trkpt>
            <trkpt lat="51.0688100" lon="0.8353600"><ele>43.0</ele></trkpt>
            <trkpt lat="51.0687200" lon="0.8352600"><ele>43.0</ele></trkpt>
            <trkpt lat="51.0686300" lon="0.8351900"><ele>43.0</ele></trkpt>
            <trkpt lat="51.0685400" lon="0.8351990"><ele>43.0</ele></trkpt>
            <trkpt lat="51.0684200" lon="0.8352600"><ele>43.0</ele></trkpt>
            <trkpt lat="51.0679200" lon="0.8357090"><ele>42.0</ele></trkpt>
            <trkpt lat="51.0676200" lon="0.8359100"><ele>42.0</ele></trkpt>
            <trkpt lat="51.0674400" lon="0.8359690"><ele>37.0</ele></trkpt>
            <trkpt lat="51.0651700" lon="0.8360500"><ele>34.0</ele></trkpt>
            <trkpt lat="51.0627790" lon="0.8358100"><ele>30.0</ele></trkpt>
            <trkpt lat="51.0620900" lon="0.8335990"><ele>27.0</ele></trkpt>
            <trkpt lat="51.0617900" lon="0.8328990"><ele>27.0</ele></trkpt>
            <trkpt lat="51.0617000" lon="0.8327500"><ele>27.0</ele></trkpt>
            <trkpt lat="51.0616500" lon="0.8325800"><ele>28.0</ele></trkpt>
            <trkpt lat="51.0614000" lon="0.8320200"><ele>25.0</ele></trkpt>
            <trkpt lat="51.0612500" lon="0.8316090"><ele>25.0</ele></trkpt>
            <trkpt lat="51.0611300" lon="0.8311590"><ele>18.0</ele></trkpt>
            <trkpt lat="51.0610700" lon="0.8306300"><ele>18.0</ele></trkpt>
            <trkpt lat="51.0610790" lon="0.8300990"><ele>18.0</ele></trkpt>
            <trkpt lat="51.0611500" lon="0.8294700"><ele>12.0</ele></trkpt>
            <trkpt lat="51.0615300" lon="0.8274190"><ele>9.0</ele></trkpt>
            <trkpt lat="51.0615900" lon="0.8267490"><ele>9.0</ele></trkpt>
            <trkpt lat="51.0616200" lon="0.8262690"><ele>9.0</ele></trkpt>
            <trkpt lat="51.0616300" lon="0.8257890"><ele>11.0</ele></trkpt>
            <trkpt lat="51.0615900" lon="0.8250190"><ele>11.0</ele></trkpt>
            <trkpt lat="51.0613500" lon="0.8223800"><ele>6.0</ele></trkpt>
            <trkpt lat="51.0613100" lon="0.8213700"><ele>6.0</ele></trkpt>
            <trkpt lat="51.0613300" lon="0.8209400"><ele>7.0</ele></trkpt>
            <trkpt lat="51.0613800" lon="0.8205690"><ele>7.0</ele></trkpt>
            <trkpt lat="51.0615100" lon="0.8198700"><ele>10.0</ele></trkpt>
            <trkpt lat="51.0618700" lon="0.8182500"><ele>17.0</ele></trkpt>
            <trkpt lat="51.0619200" lon="0.8179190"><ele>17.0</ele></trkpt>
            <trkpt lat="51.0620190" lon="0.8167100"><ele>16.0</ele></trkpt>
            <trkpt lat="51.0620800" lon="0.8162700"><ele>16.0</ele></trkpt>
            <trkpt lat="51.0621400" lon="0.8160190"><ele>19.0</ele></trkpt>
            <trkpt lat="51.0623000" lon="0.8155100"><ele>19.0</ele></trkpt>
            <trkpt lat="51.0624600" lon="0.8148990"><ele>21.0</ele></trkpt>
            <trkpt lat="51.0625200" lon="0.8146090"><ele>22.0</ele></trkpt>
            <trkpt lat="51.0625790" lon="0.8141790"><ele>22.0</ele></trkpt>
            <trkpt lat="51.0623700" lon="0.8140700"><ele>21.0</ele></trkpt>
            <trkpt lat="51.0618800" lon="0.8137100"><ele>20.0</ele></trkpt>
            <trkpt lat="51.0605500" lon="0.8125990"><ele>18.0</ele></trkpt>
            <trkpt lat="51.0596600" lon="0.8117200"><ele>11.0</ele></trkpt>
            <trkpt lat="51.0594700" lon="0.8114900"><ele>11.0</ele></trkpt>
            <trkpt lat="51.0593800" lon="0.8113290"><ele>11.0</ele></trkpt>
            <trkpt lat="51.0593000" lon="0.8109200"><ele>12.0</ele></trkpt>
            <trkpt lat="51.0592000" lon="0.8105500"><ele>12.0</ele></trkpt>
            <trkpt lat="51.0589700" lon="0.8098700"><ele>16.0</ele></trkpt>
            <trkpt lat="51.0588500" lon="0.8095900"><ele>16.0</ele></trkpt>
            <trkpt lat="51.0587600" lon="0.8094300"><ele>16.0</ele></trkpt>
            <trkpt lat="51.0586390" lon="0.8092790"><ele>16.0</ele></trkpt>
            <trkpt lat="51.0585100" lon="0.8091890"><ele>16.0</ele></trkpt>
            <trkpt lat="51.0578500" lon="0.8088500"><ele>17.0</ele></trkpt>
            <trkpt lat="51.0577600" lon="0.8087800"><ele>17.0</ele></trkpt>
            <trkpt lat="51.0576200" lon="0.8086200"><ele>20.0</ele></trkpt>
            <trkpt lat="51.0574900" lon="0.8084090"><ele>17.0</ele></trkpt>
            <trkpt lat="51.0572100" lon="0.8078800"><ele>17.0</ele></trkpt>
            <trkpt lat="51.0569800" lon="0.8074790"><ele>24.0</ele></trkpt>
            <trkpt lat="51.0567300" lon="0.8070800"><ele>24.0</ele></trkpt>
            <trkpt lat="51.0558600" lon="0.8058100"><ele>42.0</ele></trkpt>
            <trkpt lat="51.0554700" lon="0.8051100"><ele>32.0</ele></trkpt>
            <trkpt lat="51.0552800" lon="0.8047190"><ele>38.0</ele></trkpt>
            <trkpt lat="51.0549700" lon="0.8043290"><ele>35.0</ele></trkpt>
            <trkpt lat="51.0547800" lon="0.8041290"><ele>35.0</ele></trkpt>
            <trkpt lat="51.0545900" lon="0.8038900"><ele>35.0</ele></trkpt>
            <trkpt lat="51.0538600" lon="0.8028100"><ele>37.0</ele></trkpt>
            <trkpt lat="51.0537200" lon="0.8026600"><ele>37.0</ele></trkpt>
            <trkpt lat="51.0535400" lon="0.8025090"><ele>37.0</ele></trkpt>
            <trkpt lat="51.0524700" lon="0.8017890"><ele>39.0</ele></trkpt>
            <trkpt lat="51.0520300" lon="0.8014200"><ele>39.0</ele></trkpt>
            <trkpt lat="51.0511300" lon="0.8005790"><ele>46.0</ele></trkpt>
            <trkpt lat="51.0505600" lon="0.7999800"><ele>48.0</ele></trkpt>
            <trkpt lat="51.0503600" lon="0.7998000"><ele>48.0</ele></trkpt>
            <trkpt lat="51.0501000" lon="0.7994490"><ele>48.0</ele></trkpt>
            <trkpt lat="51.0496300" lon="0.7987290"><ele>39.0</ele></trkpt>
            <trkpt lat="51.0494900" lon="0.7985590"><ele>39.0</ele></trkpt>
            <trkpt lat="51.0492800" lon="0.7983600"><ele>39.0</ele></trkpt>
            <trkpt lat="51.0490200" lon="0.7981700"><ele>41.0</ele></trkpt>
            <trkpt lat="51.0488790" lon="0.7980090"><ele>41.0</ele></trkpt>
            <trkpt lat="51.0486800" lon="0.7978290"><ele>41.0</ele></trkpt>
            <trkpt lat="51.0485900" lon="0.7977700"><ele>41.0</ele></trkpt>
            <trkpt lat="51.0478700" lon="0.7975800"><ele>36.0</ele></trkpt>
            <trkpt lat="51.0475800" lon="0.7974500"><ele>40.0</ele></trkpt>
            <trkpt lat="51.0472200" lon="0.7971900"><ele>36.0</ele></trkpt>
            <trkpt lat="51.0468600" lon="0.7968600"><ele>36.0</ele></trkpt>
            <trkpt lat="51.0467100" lon="0.7966990"><ele>36.0</ele></trkpt>
            <trkpt lat="51.0465600" lon="0.7964890"><ele>24.0</ele></trkpt>
            <trkpt lat="51.0463300" lon="0.7963200"><ele>24.0</ele></trkpt>
            <trkpt lat="51.0460300" lon="0.7961290"><ele>20.0</ele></trkpt>
            <trkpt lat="51.0459200" lon="0.7960100"><ele>20.0</ele></trkpt>
            <trkpt lat="51.0457800" lon="0.7958200"><ele>21.0</ele></trkpt>
            <trkpt lat="51.0456300" lon="0.7954790"><ele>21.0</ele></trkpt>
            <trkpt lat="51.0455100" lon="0.7951390"><ele>21.0</ele></trkpt>
            <trkpt lat="51.0454000" lon="0.7947100"><ele>14.0</ele></trkpt>
            <trkpt lat="51.0453000" lon="0.7942390"><ele>14.0</ele></trkpt>
            <trkpt lat="51.0451700" lon="0.7931390"><ele>11.0</ele></trkpt>
            <trkpt lat="51.0451000" lon="0.7927700"><ele>11.0</ele></trkpt>
            <trkpt lat="51.0450200" lon="0.7925290"><ele>11.0</ele></trkpt>
            <trkpt lat="51.0448700" lon="0.7921590"><ele>12.0</ele></trkpt>
            <trkpt lat="51.0447500" lon="0.7918890"><ele>12.0</ele></trkpt>
            <trkpt lat="51.0444300" lon="0.7912590"><ele>12.0</ele></trkpt>
            <trkpt lat="51.0443600" lon="0.7910790"><ele>10.0</ele></trkpt>
            <trkpt lat="51.0443100" lon="0.7909090"><ele>10.0</ele></trkpt>
            <trkpt lat="51.0442100" lon="0.7902190"><ele>10.0</ele></trkpt>
            <trkpt lat="51.0440700" lon="0.7896490"><ele>12.0</ele></trkpt>
            <trkpt lat="51.0439200" lon="0.7892790"><ele>12.0</ele></trkpt>
            <trkpt lat="51.0435200" lon="0.7884090"><ele>13.0</ele></trkpt>
            <trkpt lat="51.0425300" lon="0.7860600"><ele>13.0</ele></trkpt>
            <trkpt lat="51.0419600" lon="0.7849490"><ele>14.0</ele></trkpt>
            <trkpt lat="51.0417200" lon="0.7849990"><ele>13.0</ele></trkpt>
            <trkpt lat="51.0415100" lon="0.7849990"><ele>14.0</ele></trkpt>
            <trkpt lat="51.0414500" lon="0.7849690"><ele>15.0</ele></trkpt>
            <trkpt lat="51.0411800" lon="0.7847100"><ele>15.0</ele></trkpt>
            <trkpt lat="51.0409900" lon="0.7845800"><ele>15.0</ele></trkpt>
            <trkpt lat="51.0408190" lon="0.7845090"><ele>14.0</ele></trkpt>
            <trkpt lat="51.0405900" lon="0.7844900"><ele>14.0</ele></trkpt>
            <trkpt lat="51.0401800" lon="0.7846500"><ele>14.0</ele></trkpt>
            <trkpt lat="51.0398200" lon="0.7848300"><ele>12.0</ele></trkpt>
            <trkpt lat="51.0393700" lon="0.7851200"><ele>10.0</ele></trkpt>
            <trkpt lat="51.0386900" lon="0.7856500"><ele>9.0</ele></trkpt>
            <trkpt lat="51.0373300" lon="0.7866090"><ele>7.0</ele></trkpt>
            <trkpt lat="51.0371300" lon="0.7867090"><ele>7.0</ele></trkpt>
            <trkpt lat="51.0360290" lon="0.7871390"><ele>6.0</ele></trkpt>
            <trkpt lat="51.0354300" lon="0.7875690"><ele>9.0</ele></trkpt>
            <trkpt lat="51.0350600" lon="0.7877390"><ele>9.0</ele></trkpt>
            <trkpt lat="51.0348800" lon="0.7877700"><ele>7.0</ele></trkpt>
            <trkpt lat="51.0342300" lon="0.7879390"><ele>7.0</ele></trkpt>
            <trkpt lat="51.0326200" lon="0.7881800"><ele>10.0</ele></trkpt>
            <trkpt lat="51.0315600" lon="0.7883890"><ele>12.0</ele></trkpt>
            <trkpt lat="51.0310700" lon="0.7885490"><ele>12.0</ele></trkpt>
            <trkpt lat="51.0306400" lon="0.7887290"><ele>13.0</ele></trkpt>
            <trkpt lat="51.0300800" lon="0.7890490"><ele>13.0</ele></trkpt>
            <trkpt lat="51.0299300" lon="0.7891600"><ele>13.0</ele></trkpt>
            <trkpt lat="51.0297800" lon="0.7892290"><ele>13.0</ele></trkpt>
            <trkpt lat="51.0294500" lon="0.7895590"><ele>13.0</ele></trkpt>
            <trkpt lat="51.0293200" lon="0.7897100"><ele>13.0</ele></trkpt>
            <trkpt lat="51.0290100" lon="0.7899190"><ele>14.0</ele></trkpt>
            <trkpt lat="51.0286700" lon="0.7902190"><ele>9.0</ele></trkpt>
            <trkpt lat="51.0285500" lon="0.7903490"><ele>9.0</ele></trkpt>
            <trkpt lat="51.0283000" lon="0.7907900"><ele>5.0</ele></trkpt>
            <trkpt lat="51.0279800" lon="0.7904090"><ele>5.0</ele></trkpt>
            <trkpt lat="51.0278100" lon="0.7902590"><ele>5.0</ele></trkpt>
            <trkpt lat="51.0274800" lon="0.7900600"><ele>3.0</ele></trkpt>
            <trkpt lat="51.0274200" lon="0.7899690"><ele>6.0</ele></trkpt>
            <trkpt lat="51.0273200" lon="0.7897690"><ele>6.0</ele></trkpt>
            <trkpt lat="51.0271100" lon="0.7891300"><ele>6.0</ele></trkpt>
            <trkpt lat="51.0269600" lon="0.7887290"><ele>10.0</ele></trkpt>
            <trkpt lat="51.0269100" lon="0.7886890"><ele>10.0</ele></trkpt>
            <trkpt lat="51.0268290" lon="0.7886790"><ele>10.0</ele></trkpt>
            <trkpt lat="51.0267600" lon="0.7887200"><ele>10.0</ele></trkpt>
            <trkpt lat="51.0266600" lon="0.7888690"><ele>6.0</ele></trkpt>
            <trkpt lat="51.0265600" lon="0.7891300"><ele>5.0</ele></trkpt>
            <trkpt lat="51.0261100" lon="0.7907190"><ele>3.0</ele></trkpt>
            <trkpt lat="51.0260100" lon="0.7912590"><ele>2.0</ele></trkpt>
            <trkpt lat="51.0257300" lon="0.7929690"><ele>3.0</ele></trkpt>
            <trkpt lat="51.0256800" lon="0.7934400"><ele>3.0</ele></trkpt>
            <trkpt lat="51.0256600" lon="0.7937890"><ele>3.0</ele></trkpt>
            <trkpt lat="51.0256700" lon="0.7942600"><ele>3.0</ele></trkpt>
            <trkpt lat="51.0257400" lon="0.7958590"><ele>3.0</ele></trkpt>
            <trkpt lat="51.0257400" lon="0.7960100"><ele>3.0</ele></trkpt>
            <trkpt lat="51.0256900" lon="0.7963600"><ele>3.0</ele></trkpt>
            <trkpt lat="51.0256500" lon="0.7965290"><ele>3.0</ele></trkpt>
            <trkpt lat="51.0255800" lon="0.7966800"><ele>3.0</ele></trkpt>
            <trkpt lat="51.0254900" lon="0.7967990"><ele>3.0</ele></trkpt>
            <trkpt lat="51.0253100" lon="0.7969390"><ele>3.0</ele></trkpt>
            <trkpt lat="51.0251700" lon="0.7969790"><ele>3.0</ele></trkpt>
            <trkpt lat="51.0249900" lon="0.7970100"><ele>3.0</ele></trkpt>
            <trkpt lat="51.0248100" lon="0.7969900"><ele>3.0</ele></trkpt>
            <trkpt lat="51.0246500" lon="0.7969390"><ele>3.0</ele></trkpt>
            <trkpt lat="51.0244500" lon="0.7968600"><ele>3.0</ele></trkpt>
            <trkpt lat="51.0233400" lon="0.7962700"><ele>3.0</ele></trkpt>
            <trkpt lat="51.0230500" lon="0.7961590"><ele>3.0</ele></trkpt>
            <trkpt lat="51.0228600" lon="0.7961290"><ele>3.0</ele></trkpt>
            <trkpt lat="51.0226900" lon="0.7961290"><ele>3.0</ele></trkpt>
            <trkpt lat="51.0224600" lon="0.7961590"><ele>3.0</ele></trkpt>
            <trkpt lat="51.0220800" lon="0.7962700"><ele>2.0</ele></trkpt>
            <trkpt lat="51.0207500" lon="0.7968290"><ele>3.0</ele></trkpt>
            <trkpt lat="51.0199700" lon="0.7972300"><ele>3.0</ele></trkpt>
            <trkpt lat="51.0198400" lon="0.7972490"><ele>3.0</ele></trkpt>
            <trkpt lat="51.0197800" lon="0.7972300"><ele>3.0</ele></trkpt>
            <trkpt lat="51.0197200" lon="0.7971590"><ele>3.0</ele></trkpt>
            <trkpt lat="51.0196500" lon="0.7969900"><ele>3.0</ele></trkpt>
            <trkpt lat="51.0195990" lon="0.7967990"><ele>3.0</ele></trkpt>
            <trkpt lat="51.0195600" lon="0.7965900"><ele>3.0</ele></trkpt>
            <trkpt lat="51.0194700" lon="0.7962800"><ele>3.0</ele></trkpt>
            <trkpt lat="51.0193600" lon="0.7960100"><ele>3.0</ele></trkpt>
            <trkpt lat="51.0192600" lon="0.7958590"><ele>3.0</ele></trkpt>
            <trkpt lat="51.0191500" lon="0.7957300"><ele>3.0</ele></trkpt>
            <trkpt lat="51.0180800" lon="0.7947400"><ele>3.0</ele></trkpt>
            <trkpt lat="51.0176500" lon="0.7942690"><ele>3.0</ele></trkpt>
            <trkpt lat="51.0172800" lon="0.7938900"><ele>3.0</ele></trkpt>
            <trkpt lat="51.0171800" lon="0.7938400"><ele>3.0</ele></trkpt>
            <trkpt lat="51.0170690" lon="0.7938300"><ele>3.0</ele></trkpt>
            <trkpt lat="51.0169790" lon="0.7938400"><ele>3.0</ele></trkpt>
            <trkpt lat="51.0167400" lon="0.7939090"><ele>3.0</ele></trkpt>
            <trkpt lat="51.0163300" lon="0.7940590"><ele>3.0</ele></trkpt>
            <trkpt lat="51.0159600" lon="0.7941390"><ele>3.0</ele></trkpt>
            <trkpt lat="51.0153800" lon="0.7942100"><ele>2.0</ele></trkpt>
            <trkpt lat="51.0146100" lon="0.7943590"><ele>3.0</ele></trkpt>
            <trkpt lat="51.0141700" lon="0.7948190"><ele>3.0</ele></trkpt>
            <trkpt lat="51.0139400" lon="0.7950290"><ele>3.0</ele></trkpt>
            <trkpt lat="51.0133300" lon="0.7954200"><ele>3.0</ele></trkpt>
            <trkpt lat="51.0126300" lon="0.7957300"><ele>3.0</ele></trkpt>
            <trkpt lat="51.0119200" lon="0.7961190"><ele>3.0</ele></trkpt>
            <trkpt lat="51.0117300" lon="0.7961290"><ele>3.0</ele></trkpt>
            <trkpt lat="51.0116290" lon="0.7961090"><ele>3.0</ele></trkpt>
            <trkpt lat="51.0114800" lon="0.7960190"><ele>3.0</ele></trkpt>
            <trkpt lat="51.0112700" lon="0.7957990"><ele>3.0</ele></trkpt>
            <trkpt lat="51.0110100" lon="0.7954590"><ele>3.0</ele></trkpt>
            <trkpt lat="51.0106800" lon="0.7949700"><ele>3.0</ele></trkpt>
            <trkpt lat="51.0104000" lon="0.7945300"><ele>3.0</ele></trkpt>
            <trkpt lat="51.0101700" lon="0.7941200"><ele>3.0</ele></trkpt>
            <trkpt lat="51.0098300" lon="0.7933900"><ele>3.0</ele></trkpt>
            <trkpt lat="51.0097400" lon="0.7932600"><ele>3.0</ele></trkpt>
            <trkpt lat="51.0097000" lon="0.7932390"><ele>3.0</ele></trkpt>
            <trkpt lat="51.0095690" lon="0.7932490"><ele>3.0</ele></trkpt>
            <trkpt lat="51.0091100" lon="0.7934700"><ele>2.0</ele></trkpt>
            <trkpt lat="51.0079900" lon="0.7942600"><ele>2.0</ele></trkpt>
            <trkpt lat="51.0073900" lon="0.7946600"><ele>2.0</ele></trkpt>
            <trkpt lat="51.0068300" lon="0.7950700"><ele>2.0</ele></trkpt>
            <trkpt lat="51.0066100" lon="0.7952690"><ele>2.0</ele></trkpt>
            <trkpt lat="51.0064300" lon="0.7955390"><ele>2.0</ele></trkpt>
            <trkpt lat="51.0062500" lon="0.7958990"><ele>2.0</ele></trkpt>
            <trkpt lat="51.0060500" lon="0.7963490"><ele>1.0</ele></trkpt>
            <trkpt lat="51.0058500" lon="0.7967300"><ele>1.0</ele></trkpt>
            <trkpt lat="51.0038600" lon="0.7996290"><ele>2.0</ele></trkpt>
            <trkpt lat="51.0031500" lon="0.8007490"><ele>2.0</ele></trkpt>
            <trkpt lat="51.0027500" lon="0.8013490"><ele>0.0</ele></trkpt>
            <trkpt lat="51.0022800" lon="0.8020190"><ele>2.0</ele></trkpt>
            <trkpt lat="51.0021200" lon="0.8021890"><ele>2.0</ele></trkpt>
            <trkpt lat="51.0019300" lon="0.8023690"><ele>2.0</ele></trkpt>
            <trkpt lat="51.0012800" lon="0.8028690"><ele>2.0</ele></trkpt>
            <trkpt lat="51.0013600" lon="0.8030690"><ele>2.0</ele></trkpt>
            <trkpt lat="51.0012800" lon="0.8028690"><ele>2.0</ele></trkpt>
            <trkpt lat="51.0009600" lon="0.8029990"><ele>2.0</ele></trkpt>
            <trkpt lat="51.0007800" lon="0.8030490"><ele>2.0</ele></trkpt>
            <trkpt lat="51.0004200" lon="0.8030990"><ele>2.0</ele></trkpt>
            <trkpt lat="50.9995400" lon="0.8030490"><ele>2.0</ele></trkpt>
            <trkpt lat="50.9988600" lon="0.8030400"><ele>2.0</ele></trkpt>
            <trkpt lat="50.9980900" lon="0.8029790"><ele>2.0</ele></trkpt>
            <trkpt lat="50.9980190" lon="0.8029990"><ele>2.0</ele></trkpt>
            <trkpt lat="50.9979500" lon="0.8030490"><ele>2.0</ele></trkpt>
            <trkpt lat="50.9978900" lon="0.8031190"><ele>2.0</ele></trkpt>
            <trkpt lat="50.9978390" lon="0.8032490"><ele>2.0</ele></trkpt>
            <trkpt lat="50.9976600" lon="0.8039800"><ele>1.0</ele></trkpt>
            <trkpt lat="50.9975900" lon="0.8041000"><ele>1.0</ele></trkpt>
            <trkpt lat="50.9975100" lon="0.8041690"><ele>1.0</ele></trkpt>
            <trkpt lat="50.9972200" lon="0.8043490"><ele>3.0</ele></trkpt>
            <trkpt lat="50.9965100" lon="0.8046600"><ele>4.0</ele></trkpt>
            <trkpt lat="50.9956400" lon="0.8051290"><ele>3.0</ele></trkpt>
            <trkpt lat="50.9947600" lon="0.8055200"><ele>4.0</ele></trkpt>
            <trkpt lat="50.9940300" lon="0.8058700"><ele>2.0</ele></trkpt>
            <trkpt lat="50.9939500" lon="0.8058890"><ele>2.0</ele></trkpt>
            <trkpt lat="50.9939300" lon="0.8061990"><ele>2.0</ele></trkpt>
            <trkpt lat="50.9939300" lon="0.8063090"><ele>6.0</ele></trkpt>
            <trkpt lat="50.9939500" lon="0.8064290"><ele>6.0</ele></trkpt>
            <trkpt lat="50.9940700" lon="0.8067290"><ele>6.0</ele></trkpt>
            <trkpt lat="50.9942100" lon="0.8071700"><ele>3.0</ele></trkpt>
            <trkpt lat="50.9944200" lon="0.8077390"><ele>3.0</ele></trkpt>
            <trkpt lat="50.9945600" lon="0.8081790"><ele>3.0</ele></trkpt>
            <trkpt lat="50.9946500" lon="0.8085490"><ele>3.0</ele></trkpt>
            <trkpt lat="50.9946700" lon="0.8087600"><ele>2.0</ele></trkpt>
            <trkpt lat="50.9947100" lon="0.8089890"><ele>2.0</ele></trkpt>
            <trkpt lat="50.9947500" lon="0.8093900"><ele>2.0</ele></trkpt>
            <trkpt lat="50.9948600" lon="0.8097500"><ele>2.0</ele></trkpt>
            <trkpt lat="50.9949800" lon="0.8100500"><ele>4.0</ele></trkpt>
            <trkpt lat="50.9952900" lon="0.8106590"><ele>2.0</ele></trkpt>
            <trkpt lat="50.9956200" lon="0.8112590"><ele>3.0</ele></trkpt>
            <trkpt lat="50.9958000" lon="0.8117290"><ele>3.0</ele></trkpt>
            <trkpt lat="50.9959200" lon="0.8121190"><ele>2.0</ele></trkpt>
            <trkpt lat="50.9960300" lon="0.8125490"><ele>2.0</ele></trkpt>
            <trkpt lat="50.9961600" lon="0.8128790"><ele>2.0</ele></trkpt>
            <trkpt lat="50.9962600" lon="0.8130200"><ele>2.0</ele></trkpt>
            <trkpt lat="50.9964000" lon="0.8130400"><ele>2.0</ele></trkpt>
            <trkpt lat="50.9965190" lon="0.8130990"><ele>2.0</ele></trkpt>
            <trkpt lat="50.9966300" lon="0.8131790"><ele>2.0</ele></trkpt>
            <trkpt lat="50.9970600" lon="0.8134000"><ele>2.0</ele></trkpt>
            <trkpt lat="50.9972400" lon="0.8135300"><ele>2.0</ele></trkpt>
            <trkpt lat="50.9973690" lon="0.8137100"><ele>2.0</ele></trkpt>
            <trkpt lat="50.9975100" lon="0.8139700"><ele>2.0</ele></trkpt>
            <trkpt lat="50.9978200" lon="0.8146090"><ele>2.0</ele></trkpt>
            <trkpt lat="50.9978600" lon="0.8147400"><ele>2.0</ele></trkpt>
            <trkpt lat="50.9978800" lon="0.8148800"><ele>2.0</ele></trkpt>
            <trkpt lat="50.9978500" lon="0.8153200"><ele>3.0</ele></trkpt>
            <trkpt lat="50.9979000" lon="0.8155590"><ele>3.0</ele></trkpt>
            <trkpt lat="50.9990700" lon="0.8186690"><ele>2.0</ele></trkpt>
            <trkpt lat="50.9995800" lon="0.8197790"><ele>2.0</ele></trkpt>
            <trkpt lat="50.9998700" lon="0.8204790"><ele>2.0</ele></trkpt>
            <trkpt lat="51.0005900" lon="0.8226200"><ele>3.0</ele></trkpt>
            <trkpt lat="51.0012900" lon="0.8244990"><ele>2.0</ele></trkpt>
            <trkpt lat="51.0016800" lon="0.8254100"><ele>3.0</ele></trkpt>
            <trkpt lat="51.0018500" lon="0.8258600"><ele>3.0</ele></trkpt>
            <trkpt lat="51.0023000" lon="0.8266990"><ele>5.0</ele></trkpt>
            <trkpt lat="51.0024200" lon="0.8270490"><ele>5.0</ele></trkpt>
            <trkpt lat="51.0025500" lon="0.8275990"><ele>2.0</ele></trkpt>
            <trkpt lat="51.0027000" lon="0.8284890"><ele>2.0</ele></trkpt>
            <trkpt lat="51.0029400" lon="0.8295900"><ele>3.0</ele></trkpt>
            <trkpt lat="51.0032400" lon="0.8305690"><ele>2.0</ele></trkpt>
            <trkpt lat="51.0037490" lon="0.8326500"><ele>2.0</ele></trkpt>
            <trkpt lat="51.0038700" lon="0.8332100"><ele>2.0</ele></trkpt>
            <trkpt lat="51.0039800" lon="0.8336190"><ele>2.0</ele></trkpt>
            <trkpt lat="51.0041200" lon="0.8340790"><ele>2.0</ele></trkpt>
            <trkpt lat="51.0043200" lon="0.8346590"><ele>2.0</ele></trkpt>
            <trkpt lat="51.0043900" lon="0.8349200"><ele>2.0</ele></trkpt>
            <trkpt lat="51.0046200" lon="0.8358490"><ele>2.0</ele></trkpt>
            <trkpt lat="51.0047790" lon="0.8365590"><ele>3.0</ele></trkpt>
            <trkpt lat="51.0048300" lon="0.8367290"><ele>3.0</ele></trkpt>
            <trkpt lat="51.0048800" lon="0.8369990"><ele>3.0</ele></trkpt>
            <trkpt lat="51.0050400" lon="0.8376900"><ele>1.0</ele></trkpt>
            <trkpt lat="51.0051800" lon="0.8381490"><ele>1.0</ele></trkpt>
            <trkpt lat="51.0054900" lon="0.8389200"><ele>2.0</ele></trkpt>
            <trkpt lat="51.0056400" lon="0.8393490"><ele>2.0</ele></trkpt>
            <trkpt lat="51.0058990" lon="0.8403900"><ele>2.0</ele></trkpt>
            <trkpt lat="51.0060400" lon="0.8410690"><ele>2.0</ele></trkpt>
            <trkpt lat="51.0065500" lon="0.8430390"><ele>3.0</ele></trkpt>
            <trkpt lat="51.0066900" lon="0.8434790"><ele>2.0</ele></trkpt>
            <trkpt lat="51.0072900" lon="0.8451900"><ele>2.0</ele></trkpt>
            <trkpt lat="51.0074500" lon="0.8458290"><ele>2.0</ele></trkpt>
            <trkpt lat="51.0079500" lon="0.8480290"><ele>2.0</ele></trkpt>
            <trkpt lat="51.0080600" lon="0.8486290"><ele>2.0</ele></trkpt>
            <trkpt lat="51.0081000" lon="0.8490190"><ele>3.0</ele></trkpt>
            <trkpt lat="51.0083300" lon="0.8505700"><ele>3.0</ele></trkpt>
            <trkpt lat="51.0084600" lon="0.8510490"><ele>3.0</ele></trkpt>
            <trkpt lat="51.0086200" lon="0.8515190"><ele>2.0</ele></trkpt>
            <trkpt lat="51.0088090" lon="0.8519200"><ele>2.0</ele></trkpt>
            <trkpt lat="51.0090600" lon="0.8523090"><ele>2.0</ele></trkpt>
            <trkpt lat="51.0093900" lon="0.8527690"><ele>3.0</ele></trkpt>
            <trkpt lat="51.0096800" lon="0.8532900"><ele>3.0</ele></trkpt>
            <trkpt lat="51.0099000" lon="0.8537200"><ele>3.0</ele></trkpt>
            <trkpt lat="51.0098700" lon="0.8538100"><ele>4.0</ele></trkpt>
            <trkpt lat="51.0098700" lon="0.8538800"><ele>4.0</ele></trkpt>
            <trkpt lat="51.0099100" lon="0.8539490"><ele>4.0</ele></trkpt>
            <trkpt lat="51.0099400" lon="0.8539700"><ele>4.0</ele></trkpt>
            <trkpt lat="51.0098600" lon="0.8541090"><ele>4.0</ele></trkpt>
            <trkpt lat="51.0095900" lon="0.8546590"><ele>4.0</ele></trkpt>
            <trkpt lat="51.0094400" lon="0.8549190"><ele>4.0</ele></trkpt>
            <trkpt lat="51.0092400" lon="0.8551490"><ele>3.0</ele></trkpt>
            <trkpt lat="51.0088090" lon="0.8555400"><ele>4.0</ele></trkpt>
            <trkpt lat="51.0085200" lon="0.8558390"><ele>4.0</ele></trkpt>
            <trkpt lat="51.0082900" lon="0.8561200"><ele>2.0</ele></trkpt>
            <trkpt lat="51.0080300" lon="0.8564900"><ele>2.0</ele></trkpt>
            <trkpt lat="51.0072600" lon="0.8578090"><ele>3.0</ele></trkpt>
            <trkpt lat="51.0071900" lon="0.8580690"><ele>3.0</ele></trkpt>
            <trkpt lat="51.0071400" lon="0.8580100"><ele>3.0</ele></trkpt>
            <trkpt lat="51.0070900" lon="0.8579890"><ele>3.0</ele></trkpt>
            <trkpt lat="51.0070100" lon="0.8580200"><ele>3.0</ele></trkpt>
            <trkpt lat="51.0069700" lon="0.8580790"><ele>3.0</ele></trkpt>
            <trkpt lat="51.0069500" lon="0.8581500"><ele>3.0</ele></trkpt>
            <trkpt lat="51.0069500" lon="0.8582400"><ele>3.0</ele></trkpt>
            <trkpt lat="51.0068800" lon="0.8583300"><ele>3.0</ele></trkpt>
            <trkpt lat="51.0069500" lon="0.8582400"><ele>3.0</ele></trkpt>
            <trkpt lat="51.0069700" lon="0.8583300"><ele>3.0</ele></trkpt>
            <trkpt lat="51.0070500" lon="0.8584100"><ele>3.0</ele></trkpt>
            <trkpt lat="51.0071200" lon="0.8584100"><ele>3.0</ele></trkpt>
            <trkpt lat="51.0071500" lon="0.8583800"><ele>3.0</ele></trkpt>
            <trkpt lat="51.0074300" lon="0.8584790"><ele>3.0</ele></trkpt>
            <trkpt lat="51.0078600" lon="0.8588700"><ele>2.0</ele></trkpt>
            <trkpt lat="51.0077500" lon="0.8592200"><ele>2.0</ele></trkpt>
            <trkpt lat="51.0077000" lon="0.8595500"><ele>2.0</ele></trkpt>
            <trkpt lat="51.0077600" lon="0.8598390"><ele>2.0</ele></trkpt>
            <trkpt lat="51.0078000" lon="0.8599500"><ele>2.0</ele></trkpt>
            <trkpt lat="51.0079600" lon="0.8601890"><ele>2.0</ele></trkpt>
            <trkpt lat="51.0085100" lon="0.8609300"><ele>5.0</ele></trkpt>
            <trkpt lat="51.0087400" lon="0.8612790"><ele>3.0</ele></trkpt>
            <trkpt lat="51.0087900" lon="0.8614400"><ele>3.0</ele></trkpt>
            <trkpt lat="51.0088090" lon="0.8621000"><ele>3.0</ele></trkpt>
            <trkpt lat="51.0088400" lon="0.8623000"><ele>3.0</ele></trkpt>
            <trkpt lat="51.0091400" lon="0.8631690"><ele>3.0</ele></trkpt>
            <trkpt lat="51.0092000" lon="0.8634090"><ele>2.0</ele></trkpt>
            <trkpt lat="51.0093400" lon="0.8641000"><ele>2.0</ele></trkpt>
            <trkpt lat="51.0095000" lon="0.8646200"><ele>2.0</ele></trkpt>
            <trkpt lat="51.0098600" lon="0.8655990"><ele>2.0</ele></trkpt>
            <trkpt lat="51.0102700" lon="0.8666600"><ele>2.0</ele></trkpt>
            <trkpt lat="51.0104500" lon="0.8672690"><ele>2.0</ele></trkpt>
            <trkpt lat="51.0105500" lon="0.8677500"><ele>5.0</ele></trkpt>
            <trkpt lat="51.0106300" lon="0.8682000"><ele>5.0</ele></trkpt>
            <trkpt lat="51.0106800" lon="0.8688700"><ele>4.0</ele></trkpt>
            <trkpt lat="51.0107000" lon="0.8695090"><ele>4.0</ele></trkpt>
            <trkpt lat="51.0106600" lon="0.8698400"><ele>4.0</ele></trkpt>
            <trkpt lat="51.0105090" lon="0.8707100"><ele>2.0</ele></trkpt>
            <trkpt lat="51.0103800" lon="0.8713590"><ele>2.0</ele></trkpt>
            <trkpt lat="51.0102700" lon="0.8721390"><ele>2.0</ele></trkpt>
            <trkpt lat="51.0101900" lon="0.8729890"><ele>2.0</ele></trkpt>
            <trkpt lat="51.0101700" lon="0.8734200"><ele>2.0</ele></trkpt>
            <trkpt lat="51.0101800" lon="0.8737800"><ele>2.0</ele></trkpt>
            <trkpt lat="51.0103300" lon="0.8744690"><ele>2.0</ele></trkpt>
            <trkpt lat="51.0104700" lon="0.8749690"><ele>2.0</ele></trkpt>
            <trkpt lat="51.0105300" lon="0.8754500"><ele>2.0</ele></trkpt>
            <trkpt lat="51.0105600" lon="0.8759190"><ele>2.0</ele></trkpt>
            <trkpt lat="51.0107700" lon="0.8773700"><ele>2.0</ele></trkpt>
            <trkpt lat="51.0109000" lon="0.8781090"><ele>2.0</ele></trkpt>
            <trkpt lat="51.0112490" lon="0.8794590"><ele>2.0</ele></trkpt>
            <trkpt lat="51.0113300" lon="0.8798890"><ele>2.0</ele></trkpt>
            <trkpt lat="51.0114400" lon="0.8813400"><ele>3.0</ele></trkpt>
            <trkpt lat="51.0115000" lon="0.8818890"><ele>3.0</ele></trkpt>
            <trkpt lat="51.0116000" lon="0.8823600"><ele>3.0</ele></trkpt>
            <trkpt lat="51.0117190" lon="0.8830390"><ele>2.0</ele></trkpt>
            <trkpt lat="51.0118000" lon="0.8836690"><ele>2.0</ele></trkpt>
            <trkpt lat="51.0119700" lon="0.8845800"><ele>2.0</ele></trkpt>
            <trkpt lat="51.0122100" lon="0.8868800"><ele>2.0</ele></trkpt>
            <trkpt lat="51.0123300" lon="0.8876900"><ele>3.0</ele></trkpt>
            <trkpt lat="51.0123900" lon="0.8880190"><ele>3.0</ele></trkpt>
            <trkpt lat="51.0124700" lon="0.8883200"><ele>3.0</ele></trkpt>
            <trkpt lat="51.0125600" lon="0.8885090"><ele>2.0</ele></trkpt>
            <trkpt lat="51.0128500" lon="0.8888390"><ele>6.0</ele></trkpt>
            <trkpt lat="51.0126100" lon="0.8891590"><ele>6.0</ele></trkpt>
            <trkpt lat="51.0128500" lon="0.8888390"><ele>6.0</ele></trkpt>
            <trkpt lat="51.0134000" lon="0.8879890"><ele>3.0</ele></trkpt>
            <trkpt lat="51.0137790" lon="0.8875800"><ele>3.0</ele></trkpt>
            <trkpt lat="51.0140200" lon="0.8873890"><ele>2.0</ele></trkpt>
            <trkpt lat="51.0144600" lon="0.8888890"><ele>2.0</ele></trkpt>
            <trkpt lat="51.0149600" lon="0.8908500"><ele>2.0</ele></trkpt>
            <trkpt lat="51.0152100" lon="0.8917400"><ele>2.0</ele></trkpt>
            <trkpt lat="51.0154200" lon="0.8926400"><ele>2.0</ele></trkpt>
            <trkpt lat="51.0156400" lon="0.8933700"><ele>2.0</ele></trkpt>
            <trkpt lat="51.0156800" lon="0.8935990"><ele>2.0</ele></trkpt>
            <trkpt lat="51.0156700" lon="0.8949290"><ele>2.0</ele></trkpt>
            <trkpt lat="51.0156800" lon="0.8951790"><ele>2.0</ele></trkpt>
            <trkpt lat="51.0157200" lon="0.8953500"><ele>2.0</ele></trkpt>
            <trkpt lat="51.0159000" lon="0.8958000"><ele>2.0</ele></trkpt>
            <trkpt lat="51.0160200" lon="0.8959990"><ele>2.0</ele></trkpt>
            <trkpt lat="51.0162190" lon="0.8962400"><ele>2.0</ele></trkpt>
            <trkpt lat="51.0168600" lon="0.8967490"><ele>2.0</ele></trkpt>
            <trkpt lat="51.0170100" lon="0.8968990"><ele>2.0</ele></trkpt>
            <trkpt lat="51.0171000" lon="0.8970190"><ele>2.0</ele></trkpt>
            <trkpt lat="51.0171700" lon="0.8971790"><ele>2.0</ele></trkpt>
            <trkpt lat="51.0172200" lon="0.8973490"><ele>2.0</ele></trkpt>
            <trkpt lat="51.0172500" lon="0.8976000"><ele>2.0</ele></trkpt>
            <trkpt lat="51.0172200" lon="0.8980990"><ele>2.0</ele></trkpt>
            <trkpt lat="51.0169000" lon="0.9001100"><ele>2.0</ele></trkpt>
            <trkpt lat="51.0169200" lon="0.9002690"><ele>2.0</ele></trkpt>
            <trkpt lat="51.0170200" lon="0.9004600"><ele>2.0</ele></trkpt>
            <trkpt lat="51.0181600" lon="0.9022700"><ele>2.0</ele></trkpt>
            <trkpt lat="51.0186800" lon="0.9030400"><ele>2.0</ele></trkpt>
            <trkpt lat="51.0188700" lon="0.9032890"><ele>2.0</ele></trkpt>
            <trkpt lat="51.0190300" lon="0.9034500"><ele>2.0</ele></trkpt>
            <trkpt lat="51.0191400" lon="0.9035900"><ele>2.0</ele></trkpt>
            <trkpt lat="51.0194700" lon="0.9038600"><ele>2.0</ele></trkpt>
            <trkpt lat="51.0196800" lon="0.9039590"><ele>2.0</ele></trkpt>
            <trkpt lat="51.0198800" lon="0.9040190"><ele>2.0</ele></trkpt>
            <trkpt lat="51.0204100" lon="0.9040400"><ele>2.0</ele></trkpt>
            <trkpt lat="51.0204800" lon="0.9041600"><ele>2.0</ele></trkpt>
            <trkpt lat="51.0205100" lon="0.9043500"><ele>2.0</ele></trkpt>
            <trkpt lat="51.0205100" lon="0.9044400"><ele>2.0</ele></trkpt>
            <trkpt lat="51.0206000" lon="0.9046790"><ele>2.0</ele></trkpt>
            <trkpt lat="51.0207100" lon="0.9047790"><ele>2.0</ele></trkpt>
            <trkpt lat="51.0214400" lon="0.9051890"><ele>2.0</ele></trkpt>
            <trkpt lat="51.0219600" lon="0.9055390"><ele>2.0</ele></trkpt>
            <trkpt lat="51.0221400" lon="0.9057190"><ele>2.0</ele></trkpt>
            <trkpt lat="51.0222100" lon="0.9058490"><ele>2.0</ele></trkpt>
            <trkpt lat="51.0222900" lon="0.9061900"><ele>2.0</ele></trkpt>
            <trkpt lat="51.0223800" lon="0.9064490"><ele>2.0</ele></trkpt>
            <trkpt lat="51.0224600" lon="0.9066000"><ele>2.0</ele></trkpt>
            <trkpt lat="51.0226400" lon="0.9067900"><ele>2.0</ele></trkpt>
            <trkpt lat="51.0228100" lon="0.9069290"><ele>2.0</ele></trkpt>
            <trkpt lat="51.0236500" lon="0.9075100"><ele>2.0</ele></trkpt>
            <trkpt lat="51.0238100" lon="0.9076590"><ele>2.0</ele></trkpt>
            <trkpt lat="51.0241500" lon="0.9081400"><ele>2.0</ele></trkpt>
            <trkpt lat="51.0244400" lon="0.9085090"><ele>2.0</ele></trkpt>
            <trkpt lat="51.0247100" lon="0.9087790"><ele>3.0</ele></trkpt>
            <trkpt lat="51.0249490" lon="0.9089500"><ele>3.0</ele></trkpt>
            <trkpt lat="51.0252000" lon="0.9090800"><ele>3.0</ele></trkpt>
            <trkpt lat="51.0257990" lon="0.9093190"><ele>3.0</ele></trkpt>
            <trkpt lat="51.0259400" lon="0.9094290"><ele>2.0</ele></trkpt>
            <trkpt lat="51.0261400" lon="0.9096390"><ele>2.0</ele></trkpt>
            <trkpt lat="51.0262400" lon="0.9097190"><ele>2.0</ele></trkpt>
            <trkpt lat="51.0264600" lon="0.9097690"><ele>2.0</ele></trkpt>
            <trkpt lat="51.0268600" lon="0.9099400"><ele>2.0</ele></trkpt>
            <trkpt lat="51.0270700" lon="0.9101100"><ele>3.0</ele></trkpt>
            <trkpt lat="51.0274800" lon="0.9105200"><ele>3.0</ele></trkpt>
            <trkpt lat="51.0276000" lon="0.9106600"><ele>3.0</ele></trkpt>
            <trkpt lat="51.0277900" lon="0.9109490"><ele>3.0</ele></trkpt>
            <trkpt lat="51.0278400" lon="0.9109790"><ele>3.0</ele></trkpt>
            <trkpt lat="51.0279100" lon="0.9109890"><ele>3.0</ele></trkpt>
            <trkpt lat="51.0279800" lon="0.9109590"><ele>3.0</ele></trkpt>
            <trkpt lat="51.0283900" lon="0.9103700"><ele>3.0</ele></trkpt>
            <trkpt lat="51.0284400" lon="0.9103090"><ele>3.0</ele></trkpt>
            <trkpt lat="51.0285500" lon="0.9102500"><ele>3.0</ele></trkpt>
            <trkpt lat="51.0286600" lon="0.9102800"><ele>3.0</ele></trkpt>
            <trkpt lat="51.0287090" lon="0.9103290"><ele>3.0</ele></trkpt>
            <trkpt lat="51.0288700" lon="0.9105500"><ele>3.0</ele></trkpt>
            <trkpt lat="51.0291000" lon="0.9108300"><ele>3.0</ele></trkpt>
            <trkpt lat="51.0292100" lon="0.9108990"><ele>3.0</ele></trkpt>
            <trkpt lat="51.0292600" lon="0.9108990"><ele>3.0</ele></trkpt>
            <trkpt lat="51.0293400" lon="0.9108400"><ele>3.0</ele></trkpt>
            <trkpt lat="51.0293700" lon="0.9107900"><ele>3.0</ele></trkpt>
            <trkpt lat="51.0294100" lon="0.9106690"><ele>3.0</ele></trkpt>
            <trkpt lat="51.0296000" lon="0.9099890"><ele>3.0</ele></trkpt>
            <trkpt lat="51.0297000" lon="0.9096990"><ele>3.0</ele></trkpt>
            <trkpt lat="51.0298000" lon="0.9094800"><ele>3.0</ele></trkpt>
            <trkpt lat="51.0298700" lon="0.9093900"><ele>3.0</ele></trkpt>
            <trkpt lat="51.0299600" lon="0.9093500"><ele>3.0</ele></trkpt>
            <trkpt lat="51.0300500" lon="0.9093390"><ele>2.0</ele></trkpt>
            <trkpt lat="51.0308700" lon="0.9097190"><ele>2.0</ele></trkpt>
            <trkpt lat="51.0309700" lon="0.9097500"><ele>2.0</ele></trkpt>
            <trkpt lat="51.0311200" lon="0.9097690"><ele>2.0</ele></trkpt>
            <trkpt lat="51.0312200" lon="0.9097190"><ele>2.0</ele></trkpt>
            <trkpt lat="51.0313400" lon="0.9095800"><ele>2.0</ele></trkpt>
            <trkpt lat="51.0317400" lon="0.9088790"><ele>2.0</ele></trkpt>
            <trkpt lat="51.0319990" lon="0.9085900"><ele>2.0</ele></trkpt>
            <trkpt lat="51.0323900" lon="0.9082790"><ele>2.0</ele></trkpt>
            <trkpt lat="51.0325400" lon="0.9080990"><ele>2.0</ele></trkpt>
            <trkpt lat="51.0326900" lon="0.9078100"><ele>2.0</ele></trkpt>
            <trkpt lat="51.0328200" lon="0.9074290"><ele>3.0</ele></trkpt>
            <trkpt lat="51.0331100" lon="0.9063890"><ele>3.0</ele></trkpt>
            <trkpt lat="51.0331600" lon="0.9062990"><ele>3.0</ele></trkpt>
            <trkpt lat="51.0332500" lon="0.9062400"><ele>2.0</ele></trkpt>
            <trkpt lat="51.0332900" lon="0.9062400"><ele>2.0</ele></trkpt>
            <trkpt lat="51.0334700" lon="0.9063300"><ele>2.0</ele></trkpt>
            <trkpt lat="51.0343000" lon="0.9068300"><ele>2.0</ele></trkpt>
            <trkpt lat="51.0344390" lon="0.9068990"><ele>2.0</ele></trkpt>
            <trkpt lat="51.0345600" lon="0.9069290"><ele>2.0</ele></trkpt>
            <trkpt lat="51.0346600" lon="0.9068600"><ele>2.0</ele></trkpt>
            <trkpt lat="51.0347090" lon="0.9066800"><ele>2.0</ele></trkpt>
            <trkpt lat="51.0347500" lon="0.9063090"><ele>2.0</ele></trkpt>
            <trkpt lat="51.0347800" lon="0.9062090"><ele>2.0</ele></trkpt>
            <trkpt lat="51.0347900" lon="0.9061000"><ele>2.0</ele></trkpt>
            <trkpt lat="51.0348500" lon="0.9059700"><ele>2.0</ele></trkpt>
            <trkpt lat="51.0349400" lon="0.9058800"><ele>2.0</ele></trkpt>
            <trkpt lat="51.0350800" lon="0.9058400"><ele>2.0</ele></trkpt>
            <trkpt lat="51.0354100" lon="0.9058090"><ele>2.0</ele></trkpt>
            <trkpt lat="51.0356800" lon="0.9057500"><ele>2.0</ele></trkpt>
            <trkpt lat="51.0359200" lon="0.9057500"><ele>2.0</ele></trkpt>
            <trkpt lat="51.0361600" lon="0.9057690"><ele>2.0</ele></trkpt>
            <trkpt lat="51.0366300" lon="0.9059390"><ele>2.0</ele></trkpt>
            <trkpt lat="51.0368790" lon="0.9059790"><ele>3.0</ele></trkpt>
            <trkpt lat="51.0370200" lon="0.9059490"><ele>3.0</ele></trkpt>
            <trkpt lat="51.0371490" lon="0.9058990"><ele>3.0</ele></trkpt>
            <trkpt lat="51.0371900" lon="0.9061690"><ele>3.0</ele></trkpt>
            <trkpt lat="51.0372600" lon="0.9064390"><ele>3.0</ele></trkpt>
            <trkpt lat="51.0374500" lon="0.9069700"><ele>3.0</ele></trkpt>
            <trkpt lat="51.0375600" lon="0.9072400"><ele>3.0</ele></trkpt>
            <trkpt lat="51.0376500" lon="0.9074100"><ele>3.0</ele></trkpt>
            <trkpt lat="51.0378700" lon="0.9076900"><ele>3.0</ele></trkpt>
            <trkpt lat="51.0382100" lon="0.9079790"><ele>3.0</ele></trkpt>
            <trkpt lat="51.0384300" lon="0.9080690"><ele>3.0</ele></trkpt>
            <trkpt lat="51.0385900" lon="0.9080000"><ele>3.0</ele></trkpt>
            <trkpt lat="51.0394000" lon="0.9074600"><ele>2.0</ele></trkpt>
            <trkpt lat="51.0395890" lon="0.9073890"><ele>2.0</ele></trkpt>
            <trkpt lat="51.0397800" lon="0.9073600"><ele>2.0</ele></trkpt>
            <trkpt lat="51.0399500" lon="0.9074200"><ele>2.0</ele></trkpt>
            <trkpt lat="51.0401200" lon="0.9075590"><ele>2.0</ele></trkpt>
            <trkpt lat="51.0403600" lon="0.9079000"><ele>2.0</ele></trkpt>
            <trkpt lat="51.0408100" lon="0.9086700"><ele>2.0</ele></trkpt>
            <trkpt lat="51.0411800" lon="0.9092490"><ele>2.0</ele></trkpt>
            <trkpt lat="51.0413200" lon="0.9099490"><ele>2.0</ele></trkpt>
            <trkpt lat="51.0413790" lon="0.9100790"><ele>2.0</ele></trkpt>
            <trkpt lat="51.0416300" lon="0.9103990"><ele>2.0</ele></trkpt>
            <trkpt lat="51.0418600" lon="0.9112900"><ele>2.0</ele></trkpt>
            <trkpt lat="51.0419390" lon="0.9117590"><ele>2.0</ele></trkpt>
            <trkpt lat="51.0419700" lon="0.9123600"><ele>2.0</ele></trkpt>
            <trkpt lat="51.0420000" lon="0.9158600"><ele>2.0</ele></trkpt>
            <trkpt lat="51.0420290" lon="0.9160600"><ele>2.0</ele></trkpt>
            <trkpt lat="51.0420700" lon="0.9161790"><ele>2.0</ele></trkpt>
            <trkpt lat="51.0426200" lon="0.9171800"><ele>2.0</ele></trkpt>
            <trkpt lat="51.0427200" lon="0.9174100"><ele>2.0</ele></trkpt>
            <trkpt lat="51.0428200" lon="0.9176800"><ele>2.0</ele></trkpt>
            <trkpt lat="51.0428790" lon="0.9179590"><ele>2.0</ele></trkpt>
            <trkpt lat="51.0428700" lon="0.9183000"><ele>2.0</ele></trkpt>
            <trkpt lat="51.0427500" lon="0.9187100"><ele>2.0</ele></trkpt>
            <trkpt lat="51.0427100" lon="0.9188900"><ele>2.0</ele></trkpt>
            <trkpt lat="51.0426900" lon="0.9191600"><ele>2.0</ele></trkpt>
            <trkpt lat="51.0427400" lon="0.9196200"><ele>2.0</ele></trkpt>
            <trkpt lat="51.0427890" lon="0.9199490"><ele>2.0</ele></trkpt>
            <trkpt lat="51.0428300" lon="0.9205100"><ele>2.0</ele></trkpt>
            <trkpt lat="51.0428600" lon="0.9207300"><ele>2.0</ele></trkpt>
            <trkpt lat="51.0429800" lon="0.9211290"><ele>2.0</ele></trkpt>
            <trkpt lat="51.0434500" lon="0.9223390"><ele>2.0</ele></trkpt>
            <trkpt lat="51.0436000" lon="0.9226400"><ele>2.0</ele></trkpt>
            <trkpt lat="51.0438190" lon="0.9228600"><ele>2.0</ele></trkpt>
            <trkpt lat="51.0440300" lon="0.9230090"><ele>2.0</ele></trkpt>
            <trkpt lat="51.0445200" lon="0.9231390"><ele>2.0</ele></trkpt>
            <trkpt lat="51.0447200" lon="0.9232600"><ele>2.0</ele></trkpt>
            <trkpt lat="51.0450100" lon="0.9234990"><ele>2.0</ele></trkpt>
            <trkpt lat="51.0453700" lon="0.9239490"><ele>2.0</ele></trkpt>
            <trkpt lat="51.0456200" lon="0.9244890"><ele>2.0</ele></trkpt>
            <trkpt lat="51.0457300" lon="0.9248800"><ele>2.0</ele></trkpt>
            <trkpt lat="51.0458200" lon="0.9256500"><ele>2.0</ele></trkpt>
            <trkpt lat="51.0456100" lon="0.9258490"><ele>2.0</ele></trkpt>
            <trkpt lat="51.0453400" lon="0.9262690"><ele>2.0</ele></trkpt>
            <trkpt lat="51.0449800" lon="0.9269290"><ele>2.0</ele></trkpt>
            <trkpt lat="51.0450600" lon="0.9272700"><ele>2.0</ele></trkpt>
            <trkpt lat="51.0451500" lon="0.9278190"><ele>2.0</ele></trkpt>
            <trkpt lat="51.0451700" lon="0.9281790"><ele>2.0</ele></trkpt>
            <trkpt lat="51.0451000" lon="0.9287290"><ele>2.0</ele></trkpt>
            <trkpt lat="51.0450800" lon="0.9291790"><ele>2.0</ele></trkpt>
            <trkpt lat="51.0450500" lon="0.9293800"><ele>2.0</ele></trkpt>
            <trkpt lat="51.0449900" lon="0.9296100"><ele>5.0</ele></trkpt>
            <trkpt lat="51.0449200" lon="0.9297590"><ele>5.0</ele></trkpt>
            <trkpt lat="51.0449000" lon="0.9298490"><ele>5.0</ele></trkpt>
            <trkpt lat="51.0449000" lon="0.9299390"><ele>5.0</ele></trkpt>
            <trkpt lat="51.0451200" lon="0.9306000"><ele>3.0</ele></trkpt>
            <trkpt lat="51.0451700" lon="0.9308200"><ele>3.0</ele></trkpt>
            <trkpt lat="51.0452000" lon="0.9312800"><ele>4.0</ele></trkpt>
            <trkpt lat="51.0452400" lon="0.9315900"><ele>4.0</ele></trkpt>
            <trkpt lat="51.0453400" lon="0.9318000"><ele>4.0</ele></trkpt>
            <trkpt lat="51.0454990" lon="0.9320190"><ele>4.0</ele></trkpt>
            <trkpt lat="51.0456700" lon="0.9321400"><ele>4.0</ele></trkpt>
            <trkpt lat="51.0458700" lon="0.9322090"><ele>2.0</ele></trkpt>
            <trkpt lat="51.0459200" lon="0.9322790"><ele>2.0</ele></trkpt>
            <trkpt lat="51.0459600" lon="0.9323690"><ele>2.0</ele></trkpt>
            <trkpt lat="51.0460600" lon="0.9327200"><ele>5.0</ele></trkpt>
            <trkpt lat="51.0461690" lon="0.9330400"><ele>5.0</ele></trkpt>
            <trkpt lat="51.0462900" lon="0.9333300"><ele>5.0</ele></trkpt>
            <trkpt lat="51.0464600" lon="0.9337000"><ele>5.0</ele></trkpt>
            <trkpt lat="51.0466700" lon="0.9340790"><ele>2.0</ele></trkpt>
            <trkpt lat="51.0468900" lon="0.9345490"><ele>2.0</ele></trkpt>
            <trkpt lat="51.0471800" lon="0.9355000"><ele>2.0</ele></trkpt>
            <trkpt lat="51.0473500" lon="0.9359790"><ele>2.0</ele></trkpt>
            <trkpt lat="51.0474690" lon="0.9362490"><ele>2.0</ele></trkpt>
            <trkpt lat="51.0475700" lon="0.9364390"><ele>2.0</ele></trkpt>
            <trkpt lat="51.0478700" lon="0.9369100"><ele>2.0</ele></trkpt>
            <trkpt lat="51.0484700" lon="0.9376890"><ele>2.0</ele></trkpt>
            <trkpt lat="51.0494200" lon="0.9386700"><ele>2.0</ele></trkpt>
            <trkpt lat="51.0497000" lon="0.9388500"><ele>2.0</ele></trkpt>
            <trkpt lat="51.0499700" lon="0.9389400"><ele>2.0</ele></trkpt>
            <trkpt lat="51.0501300" lon="0.9389590"><ele>3.0</ele></trkpt>
            <trkpt lat="51.0502600" lon="0.9389700"><ele>3.0</ele></trkpt>
            <trkpt lat="51.0507300" lon="0.9389090"><ele>3.0</ele></trkpt>
            <trkpt lat="51.0509500" lon="0.9389400"><ele>2.0</ele></trkpt>
            <trkpt lat="51.0512800" lon="0.9390300"><ele>2.0</ele></trkpt>
            <trkpt lat="51.0516090" lon="0.9391790"><ele>2.0</ele></trkpt>
            <trkpt lat="51.0518200" lon="0.9393090"><ele>2.0</ele></trkpt>
            <trkpt lat="51.0521100" lon="0.9395390"><ele>2.0</ele></trkpt>
            <trkpt lat="51.0526700" lon="0.9400790"><ele>2.0</ele></trkpt>
            <trkpt lat="51.0527700" lon="0.9402000"><ele>2.0</ele></trkpt>
            <trkpt lat="51.0528800" lon="0.9403490"><ele>2.0</ele></trkpt>
            <trkpt lat="51.0534500" lon="0.9412600"><ele>2.0</ele></trkpt>
            <trkpt lat="51.0537000" lon="0.9415790"><ele>2.0</ele></trkpt>
            <trkpt lat="51.0542000" lon="0.9421490"><ele>2.0</ele></trkpt>
            <trkpt lat="51.0543700" lon="0.9423690"><ele>2.0</ele></trkpt>
            <trkpt lat="51.0546800" lon="0.9428800"><ele>2.0</ele></trkpt>
            <trkpt lat="51.0548400" lon="0.9432890"><ele>2.0</ele></trkpt>
            <trkpt lat="51.0548700" lon="0.9434400"><ele>2.0</ele></trkpt>
            <trkpt lat="51.0548800" lon="0.9438290"><ele>2.0</ele></trkpt>
            <trkpt lat="51.0548300" lon="0.9443400"><ele>2.0</ele></trkpt>
            <trkpt lat="51.0548300" lon="0.9447490"><ele>2.0</ele></trkpt>
            <trkpt lat="51.0548700" lon="0.9450890"><ele>2.0</ele></trkpt>
            <trkpt lat="51.0550100" lon="0.9457800"><ele>1.0</ele></trkpt>
            <trkpt lat="51.0550900" lon="0.9460790"><ele>1.0</ele></trkpt>
            <trkpt lat="51.0551690" lon="0.9463200"><ele>2.0</ele></trkpt>
            <trkpt lat="51.0553600" lon="0.9467700"><ele>2.0</ele></trkpt>
            <trkpt lat="51.0554700" lon="0.9469500"><ele>2.0</ele></trkpt>
            <trkpt lat="51.0556100" lon="0.9471390"><ele>2.0</ele></trkpt>
            <trkpt lat="51.0559800" lon="0.9474900"><ele>2.0</ele></trkpt>
            <trkpt lat="51.0563000" lon="0.9478400"><ele>2.0</ele></trkpt>
            <trkpt lat="51.0565790" lon="0.9482390"><ele>2.0</ele></trkpt>
            <trkpt lat="51.0567200" lon="0.9484990"><ele>1.0</ele></trkpt>
            <trkpt lat="51.0568600" lon="0.9488000"><ele>2.0</ele></trkpt>
            <trkpt lat="51.0570300" lon="0.9492700"><ele>2.0</ele></trkpt>
            <trkpt lat="51.0570900" lon="0.9496000"><ele>2.0</ele></trkpt>
            <trkpt lat="51.0570900" lon="0.9498200"><ele>2.0</ele></trkpt>
            <trkpt lat="51.0570600" lon="0.9502090"><ele>3.0</ele></trkpt>
            <trkpt lat="51.0570100" lon="0.9505400"><ele>3.0</ele></trkpt>
            <trkpt lat="51.0569700" lon="0.9510090"><ele>3.0</ele></trkpt>
            <trkpt lat="51.0569590" lon="0.9514290"><ele>2.0</ele></trkpt>
            <trkpt lat="51.0569900" lon="0.9519690"><ele>2.0</ele></trkpt>
            <trkpt lat="51.0571200" lon="0.9528590"><ele>2.0</ele></trkpt>
            <trkpt lat="51.0571900" lon="0.9531390"><ele>2.0</ele></trkpt>
            <trkpt lat="51.0572900" lon="0.9534490"><ele>2.0</ele></trkpt>
            <trkpt lat="51.0573600" lon="0.9536290"><ele>2.0</ele></trkpt>
            <trkpt lat="51.0574700" lon="0.9538300"><ele>2.0</ele></trkpt>
            <trkpt lat="51.0576990" lon="0.9542190"><ele>3.0</ele></trkpt>
            <trkpt lat="51.0578800" lon="0.9544790"><ele>3.0</ele></trkpt>
            <trkpt lat="51.0583000" lon="0.9540700"><ele>3.0</ele></trkpt>
            <trkpt lat="51.0587400" lon="0.9544700"><ele>3.0</ele></trkpt>
            <trkpt lat="51.0589600" lon="0.9547300"><ele>3.0</ele></trkpt>
            <trkpt lat="51.0591200" lon="0.9550190"><ele>3.0</ele></trkpt>
            <trkpt lat="51.0594100" lon="0.9556400"><ele>2.0</ele></trkpt>
            <trkpt lat="51.0596300" lon="0.9562390"><ele>2.0</ele></trkpt>
            <trkpt lat="51.0597500" lon="0.9566600"><ele>2.0</ele></trkpt>
            <trkpt lat="51.0599700" lon="0.9573000"><ele>2.0</ele></trkpt>
            <trkpt lat="51.0601390" lon="0.9578400"><ele>2.0</ele></trkpt>
            <trkpt lat="51.0602500" lon="0.9583090"><ele>2.0</ele></trkpt>
            <trkpt lat="51.0602800" lon="0.9586790"><ele>2.0</ele></trkpt>
            <trkpt lat="51.0602800" lon="0.9588690"><ele>2.0</ele></trkpt>
            <trkpt lat="51.0602600" lon="0.9590490"><ele>2.0</ele></trkpt>
            <trkpt lat="51.0601600" lon="0.9596790"><ele>2.0</ele></trkpt>
            <trkpt lat="51.0601390" lon="0.9598790"><ele>2.0</ele></trkpt>
            <trkpt lat="51.0601200" lon="0.9603290"><ele>2.0</ele></trkpt>
            <trkpt lat="51.0601500" lon="0.9607590"><ele>2.0</ele></trkpt>
            <trkpt lat="51.0601800" lon="0.9610090"><ele>2.0</ele></trkpt>
            <trkpt lat="51.0602900" lon="0.9615090"><ele>2.0</ele></trkpt>
            <trkpt lat="51.0604100" lon="0.9619500"><ele>2.0</ele></trkpt>
            <trkpt lat="51.0605300" lon="0.9624690"><ele>2.0</ele></trkpt>
            <trkpt lat="51.0606700" lon="0.9632900"><ele>2.0</ele></trkpt>
            <trkpt lat="51.0608000" lon="0.9639390"><ele>2.0</ele></trkpt>
            <trkpt lat="51.0608700" lon="0.9641400"><ele>2.0</ele></trkpt>
            <trkpt lat="51.0609500" lon="0.9643100"><ele>2.0</ele></trkpt>
            <trkpt lat="51.0610900" lon="0.9645290"><ele>2.0</ele></trkpt>
            <trkpt lat="51.0612000" lon="0.9646500"><ele>2.0</ele></trkpt>
            <trkpt lat="51.0616100" lon="0.9650100"><ele>2.0</ele></trkpt>
            <trkpt lat="51.0617700" lon="0.9651800"><ele>2.0</ele></trkpt>
            <trkpt lat="51.0618600" lon="0.9652890"><ele>2.0</ele></trkpt>
            <trkpt lat="51.0619500" lon="0.9654290"><ele>2.0</ele></trkpt>
            <trkpt lat="51.0621090" lon="0.9657090"><ele>2.0</ele></trkpt>
            <trkpt lat="51.0623090" lon="0.9661490"><ele>2.0</ele></trkpt>
            <trkpt lat="51.0625200" lon="0.9667390"><ele>2.0</ele></trkpt>
            <trkpt lat="51.0627200" lon="0.9674090"><ele>2.0</ele></trkpt>
            <trkpt lat="51.0628100" lon="0.9678800"><ele>2.0</ele></trkpt>
            <trkpt lat="51.0628600" lon="0.9682190"><ele>2.0</ele></trkpt>
            <trkpt lat="51.0629100" lon="0.9688990"><ele>2.0</ele></trkpt>
            <trkpt lat="51.0630800" lon="0.9702800"><ele>2.0</ele></trkpt>
            <trkpt lat="51.0630900" lon="0.9706590"><ele>2.0</ele></trkpt>
            <trkpt lat="51.0630200" lon="0.9711300"><ele>2.0</ele></trkpt>
            <trkpt lat="51.0628690" lon="0.9715400"><ele>2.0</ele></trkpt>
            <trkpt lat="51.0626200" lon="0.9720800"><ele>2.0</ele></trkpt>
            <trkpt lat="51.0625790" lon="0.9722290"><ele>2.0</ele></trkpt>
            <trkpt lat="51.0625200" lon="0.9724800"><ele>2.0</ele></trkpt>
            <trkpt lat="51.0624890" lon="0.9727000"><ele>2.0</ele></trkpt>
            <trkpt lat="51.0624700" lon="0.9728990"><ele>2.0</ele></trkpt>
            <trkpt lat="51.0624600" lon="0.9732090"><ele>2.0</ele></trkpt>
            <trkpt lat="51.0624800" lon="0.9737900"><ele>2.0</ele></trkpt>
            <trkpt lat="51.0625200" lon="0.9741090"><ele>1.0</ele></trkpt>
            <trkpt lat="51.0627200" lon="0.9751690"><ele>1.0</ele></trkpt>
            <trkpt lat="51.0628300" lon="0.9760400"><ele>1.0</ele></trkpt>
            <trkpt lat="51.0629100" lon="0.9773000"><ele>2.0</ele></trkpt>
            <trkpt lat="51.0629590" lon="0.9777190"><ele>2.0</ele></trkpt>
            <trkpt lat="51.0630700" lon="0.9783190"><ele>2.0</ele></trkpt>
            <trkpt lat="51.0631500" lon="0.9786690"><ele>2.0</ele></trkpt>
            <trkpt lat="51.0632900" lon="0.9790000"><ele>2.0</ele></trkpt>
            <trkpt lat="51.0634500" lon="0.9791800"><ele>1.0</ele></trkpt>
            <trkpt lat="51.0637200" lon="0.9793600"><ele>1.0</ele></trkpt>
            <trkpt lat="51.0639800" lon="0.9795690"><ele>1.0</ele></trkpt>
            <trkpt lat="51.0641200" lon="0.9797200"><ele>1.0</ele></trkpt>
            <trkpt lat="51.0643400" lon="0.9800590"><ele>1.0</ele></trkpt>
            <trkpt lat="51.0646100" lon="0.9806800"><ele>1.0</ele></trkpt>
            <trkpt lat="51.0649000" lon="0.9815590"><ele>2.0</ele></trkpt>
            <trkpt lat="51.0650100" lon="0.9819490"><ele>1.0</ele></trkpt>
            <trkpt lat="51.0650700" lon="0.9822900"><ele>1.0</ele></trkpt>
            <trkpt lat="51.0650700" lon="0.9824200"><ele>1.0</ele></trkpt>
            <trkpt lat="51.0650300" lon="0.9828590"><ele>1.0</ele></trkpt>
            <trkpt lat="51.0649900" lon="0.9830890"><ele>2.0</ele></trkpt>
            <trkpt lat="51.0649100" lon="0.9833890"><ele>2.0</ele></trkpt>
            <trkpt lat="51.0647490" lon="0.9838790"><ele>2.0</ele></trkpt>
            <trkpt lat="51.0646600" lon="0.9842590"><ele>2.0</ele></trkpt>
            <trkpt lat="51.0646000" lon="0.9845800"><ele>2.0</ele></trkpt>
            <trkpt lat="51.0645900" lon="0.9847490"><ele>2.0</ele></trkpt>
            <trkpt lat="51.0646000" lon="0.9849600"><ele>2.0</ele></trkpt>
            <trkpt lat="51.0646600" lon="0.9855700"><ele>2.0</ele></trkpt>
            <trkpt lat="51.0646500" lon="0.9861100"><ele>2.0</ele></trkpt>
            <trkpt lat="51.0646000" lon="0.9863900"><ele>2.0</ele></trkpt>
            <trkpt lat="51.0645700" lon="0.9867290"><ele>2.0</ele></trkpt>
            <trkpt lat="51.0645600" lon="0.9870390"><ele>2.0</ele></trkpt>
            <trkpt lat="51.0646000" lon="0.9875200"><ele>2.0</ele></trkpt>
            <trkpt lat="51.0646600" lon="0.9877690"><ele>2.0</ele></trkpt>
            <trkpt lat="51.0647490" lon="0.9880100"><ele>2.0</ele></trkpt>
            <trkpt lat="51.0649000" lon="0.9882800"><ele>2.0</ele></trkpt>
            <trkpt lat="51.0653400" lon="0.9887990"><ele>1.0</ele></trkpt>
            <trkpt lat="51.0654500" lon="0.9890100"><ele>1.0</ele></trkpt>
            <trkpt lat="51.0658000" lon="0.9901990"><ele>2.0</ele></trkpt>
            <trkpt lat="51.0658800" lon="0.9905690"><ele>3.0</ele></trkpt>
            <trkpt lat="51.0659100" lon="0.9908290"><ele>3.0</ele></trkpt>
            <trkpt lat="51.0659200" lon="0.9910490"><ele>3.0</ele></trkpt>
            <trkpt lat="51.0659000" lon="0.9914590"><ele>2.0</ele></trkpt>
            <trkpt lat="51.0659100" lon="0.9931100"><ele>2.0</ele></trkpt>
            <trkpt lat="51.0658900" lon="0.9933700"><ele>2.0</ele></trkpt>
            <trkpt lat="51.0658500" lon="0.9936400"><ele>2.0</ele></trkpt>
            <trkpt lat="51.0657300" lon="0.9940590"><ele>2.0</ele></trkpt>
            <trkpt lat="51.0656500" lon="0.9942390"><ele>2.0</ele></trkpt>
            <trkpt lat="51.0655400" lon="0.9944190"><ele>2.0</ele></trkpt>
            <trkpt lat="51.0652800" lon="0.9947300"><ele>2.0</ele></trkpt>
            <trkpt lat="51.0649900" lon="0.9951100"><ele>1.0</ele></trkpt>
            <trkpt lat="51.0648800" lon="0.9953290"><ele>1.0</ele></trkpt>
            <trkpt lat="51.0645300" lon="0.9964600"><ele>1.0</ele></trkpt>
            <trkpt lat="51.0644500" lon="0.9966500"><ele>1.0</ele></trkpt>
            <trkpt lat="51.0641400" lon="0.9975200"><ele>1.0</ele></trkpt>
            <trkpt lat="51.0640500" lon="0.9979600"><ele>1.0</ele></trkpt>
            <trkpt lat="51.0640500" lon="0.9981800"><ele>1.0</ele></trkpt>
            <trkpt lat="51.0640800" lon="0.9984200"><ele>1.0</ele></trkpt>
            <trkpt lat="51.0642400" lon="0.9992090"><ele>1.0</ele></trkpt>
            <trkpt lat="51.0642790" lon="0.9995300"><ele>1.0</ele></trkpt>
            <trkpt lat="51.0642900" lon="0.9999000"><ele>1.0</ele></trkpt>
            <trkpt lat="51.0642400" lon="1.0008900"><ele>1.0</ele></trkpt>
            <trkpt lat="51.0642100" lon="1.0010890"><ele>1.0</ele></trkpt>
            <trkpt lat="51.0641600" lon="1.0013300"><ele>1.0</ele></trkpt>
            <trkpt lat="51.0639400" lon="1.0017900"><ele>2.0</ele></trkpt>
            <trkpt lat="51.0636500" lon="1.0024700"><ele>2.0</ele></trkpt>
            <trkpt lat="51.0635190" lon="1.0028600"><ele>2.0</ele></trkpt>
            <trkpt lat="51.0633300" lon="1.0036400"><ele>2.0</ele></trkpt>
            <trkpt lat="51.0631000" lon="1.0047990"><ele>2.0</ele></trkpt>
            <trkpt lat="51.0629700" lon="1.0053500"><ele>1.0</ele></trkpt>
            <trkpt lat="51.0628800" lon="1.0056490"><ele>1.0</ele></trkpt>
            <trkpt lat="51.0626700" lon="1.0061490"><ele>1.0</ele></trkpt>
            <trkpt lat="51.0625100" lon="1.0064090"><ele>2.0</ele></trkpt>
            <trkpt lat="51.0623700" lon="1.0065790"><ele>2.0</ele></trkpt>
            <trkpt lat="51.0621090" lon="1.0067900"><ele>2.0</ele></trkpt>
            <trkpt lat="51.0618800" lon="1.0069390"><ele>2.0</ele></trkpt>
            <trkpt lat="51.0613300" lon="1.0073990"><ele>1.0</ele></trkpt>
            <trkpt lat="51.0607600" lon="1.0080490"><ele>2.0</ele></trkpt>
            <trkpt lat="51.0606000" lon="1.0082700"><ele>2.0</ele></trkpt>
            <trkpt lat="51.0604900" lon="1.0084500"><ele>2.0</ele></trkpt>
            <trkpt lat="51.0603300" lon="1.0087990"><ele>1.0</ele></trkpt>
            <trkpt lat="51.0601800" lon="1.0091800"><ele>1.0</ele></trkpt>
            <trkpt lat="51.0600100" lon="1.0097000"><ele>1.0</ele></trkpt>
            <trkpt lat="51.0598600" lon="1.0101790"><ele>2.0</ele></trkpt>
            <trkpt lat="51.0596100" lon="1.0110890"><ele>2.0</ele></trkpt>
            <trkpt lat="51.0590900" lon="1.0126290"><ele>2.0</ele></trkpt>
            <trkpt lat="51.0589290" lon="1.0132300"><ele>2.0</ele></trkpt>
            <trkpt lat="51.0587100" lon="1.0142790"><ele>2.0</ele></trkpt>
            <trkpt lat="51.0585600" lon="1.0152390"><ele>1.0</ele></trkpt>
            <trkpt lat="51.0584900" lon="1.0155390"><ele>1.0</ele></trkpt>
            <trkpt lat="51.0584700" lon="1.0159890"><ele>1.0</ele></trkpt>
            <trkpt lat="51.0584700" lon="1.0163590"><ele>1.0</ele></trkpt>
            <trkpt lat="51.0584900" lon="1.0167290"><ele>1.0</ele></trkpt>
            <trkpt lat="51.0585800" lon="1.0175090"><ele>2.0</ele></trkpt>
            <trkpt lat="51.0586900" lon="1.0178390"><ele>2.0</ele></trkpt>
            <trkpt lat="51.0588300" lon="1.0180800"><ele>2.0</ele></trkpt>
            <trkpt lat="51.0589290" lon="1.0182090"><ele>2.0</ele></trkpt>
            <trkpt lat="51.0590800" lon="1.0183890"><ele>2.0</ele></trkpt>
            <trkpt lat="51.0594500" lon="1.0187290"><ele>1.0</ele></trkpt>
            <trkpt lat="51.0597100" lon="1.0190690"><ele>2.0</ele></trkpt>
            <trkpt lat="51.0598900" lon="1.0192790"><ele>2.0</ele></trkpt>
            <trkpt lat="51.0601700" lon="1.0196890"><ele>1.0</ele></trkpt>
            <trkpt lat="51.0604200" lon="1.0201290"><ele>2.0</ele></trkpt>
            <trkpt lat="51.0605700" lon="1.0204690"><ele>2.0</ele></trkpt>
            <trkpt lat="51.0606600" lon="1.0207500"><ele>2.0</ele></trkpt>
            <trkpt lat="51.0606800" lon="1.0208990"><ele>2.0</ele></trkpt>
            <trkpt lat="51.0606800" lon="1.0210990"><ele>2.0</ele></trkpt>
            <trkpt lat="51.0606500" lon="1.0213690"><ele>2.0</ele></trkpt>
            <trkpt lat="51.0605500" lon="1.0218090"><ele>2.0</ele></trkpt>
            <trkpt lat="51.0605190" lon="1.0220690"><ele>2.0</ele></trkpt>
            <trkpt lat="51.0605190" lon="1.0223390"><ele>2.0</ele></trkpt>
            <trkpt lat="51.0605800" lon="1.0234090"><ele>2.0</ele></trkpt>
            <trkpt lat="51.0606200" lon="1.0237300"><ele>2.0</ele></trkpt>
            <trkpt lat="51.0606500" lon="1.0238690"><ele>2.0</ele></trkpt>
            <trkpt lat="51.0607600" lon="1.0241100"><ele>2.0</ele></trkpt>
            <trkpt lat="51.0612500" lon="1.0249490"><ele>2.0</ele></trkpt>
            <trkpt lat="51.0613800" lon="1.0252600"><ele>2.0</ele></trkpt>
            <trkpt lat="51.0614900" lon="1.0254700"><ele>2.0</ele></trkpt>
            <trkpt lat="51.0616000" lon="1.0255790"><ele>2.0</ele></trkpt>
            <trkpt lat="51.0616900" lon="1.0255790"><ele>2.0</ele></trkpt>
            <trkpt lat="51.0617800" lon="1.0255300"><ele>2.0</ele></trkpt>
            <trkpt lat="51.0618300" lon="1.0254600"><ele>2.0</ele></trkpt>
            <trkpt lat="51.0621400" lon="1.0247990"><ele>1.0</ele></trkpt>
            <trkpt lat="51.0622500" lon="1.0247290"><ele>1.0</ele></trkpt>
            <trkpt lat="51.0622900" lon="1.0247400"><ele>1.0</ele></trkpt>
            <trkpt lat="51.0623400" lon="1.0247890"><ele>1.0</ele></trkpt>
            <trkpt lat="51.0625600" lon="1.0251690"><ele>3.0</ele></trkpt>
            <trkpt lat="51.0628690" lon="1.0256200"><ele>3.0</ele></trkpt>
            <trkpt lat="51.0629300" lon="1.0256690"><ele>3.0</ele></trkpt>
            <trkpt lat="51.0629590" lon="1.0256790"><ele>3.0</ele></trkpt>
            <trkpt lat="51.0630490" lon="1.0256500"><ele>3.0</ele></trkpt>
            <trkpt lat="51.0631600" lon="1.0255600"><ele>3.0</ele></trkpt>
            <trkpt lat="51.0633800" lon="1.0253390"><ele>4.0</ele></trkpt>
            <trkpt lat="51.0634900" lon="1.0252600"><ele>4.0</ele></trkpt>
            <trkpt lat="51.0635900" lon="1.0252390"><ele>4.0</ele></trkpt>
            <trkpt lat="51.0636500" lon="1.0252500"><ele>4.0</ele></trkpt>
            <trkpt lat="51.0637100" lon="1.0253000"><ele>4.0</ele></trkpt>
            <trkpt lat="51.0641300" lon="1.0259490"><ele>4.0</ele></trkpt>
            <trkpt lat="51.0642100" lon="1.0261100"><ele>2.0</ele></trkpt>
            <trkpt lat="51.0644900" lon="1.0265890"><ele>4.0</ele></trkpt>
            <trkpt lat="51.0652900" lon="1.0279190"><ele>4.0</ele></trkpt>
            <trkpt lat="51.0663900" lon="1.0293590"><ele>4.0</ele></trkpt>
            <trkpt lat="51.0665800" lon="1.0296490"><ele>4.0</ele></trkpt>
            <trkpt lat="51.0666400" lon="1.0297500"><ele>4.0</ele></trkpt>
            <trkpt lat="51.0669400" lon="1.0303800"><ele>4.0</ele></trkpt>
            <trkpt lat="51.0672500" lon="1.0311290"><ele>4.0</ele></trkpt>
            <trkpt lat="51.0674900" lon="1.0316090"><ele>4.0</ele></trkpt>
            <trkpt lat="51.0676800" lon="1.0318990"><ele>7.0</ele></trkpt>
            <trkpt lat="51.0678390" lon="1.0320290"><ele>7.0</ele></trkpt>
            <trkpt lat="51.0683700" lon="1.0321890"><ele>17.0</ele></trkpt>
            <trkpt lat="51.0685300" lon="1.0322190"><ele>17.0</ele></trkpt>
            <trkpt lat="51.0690500" lon="1.0320400"><ele>17.0</ele></trkpt>
            <trkpt lat="51.0693700" lon="1.0317490"><ele>34.0</ele></trkpt>
            <trkpt lat="51.0698000" lon="1.0315200"><ele>34.0</ele></trkpt>
            <trkpt lat="51.0704200" lon="1.0314200"><ele>42.0</ele></trkpt>
            <trkpt lat="51.0706700" lon="1.0314090"><ele>42.0</ele></trkpt>
            <trkpt lat="51.0717790" lon="1.0314390"><ele>63.0</ele></trkpt>
            <trkpt lat="51.0719600" lon="1.0313590"><ele>63.0</ele></trkpt>
            <trkpt lat="51.0726000" lon="1.0311500"><ele>72.0</ele></trkpt>
            <trkpt lat="51.0730000" lon="1.0311500"><ele>72.0</ele></trkpt>
            <trkpt lat="51.0730800" lon="1.0311690"><ele>72.0</ele></trkpt>
            <trkpt lat="51.0734600" lon="1.0313690"><ele>80.0</ele></trkpt>
            <trkpt lat="51.0737300" lon="1.0315790"><ele>80.0</ele></trkpt>
            <trkpt lat="51.0739800" lon="1.0318790"><ele>80.0</ele></trkpt>
            <trkpt lat="51.0741100" lon="1.0320690"><ele>80.0</ele></trkpt>
            <trkpt lat="51.0744500" lon="1.0324290"><ele>99.0</ele></trkpt>
            <trkpt lat="51.0745900" lon="1.0326090"><ele>93.0</ele></trkpt>
            <trkpt lat="51.0746800" lon="1.0327800"><ele>93.0</ele></trkpt>
            <trkpt lat="51.0747700" lon="1.0328700"><ele>93.0</ele></trkpt>
            <trkpt lat="51.0749700" lon="1.0329690"><ele>93.0</ele></trkpt>
            <trkpt lat="51.0749600" lon="1.0327490"><ele>93.0</ele></trkpt>
            <trkpt lat="51.0749700" lon="1.0324690"><ele>99.0</ele></trkpt>
            <trkpt lat="51.0750000" lon="1.0321000"><ele>99.0</ele></trkpt>
            <trkpt lat="51.0750800" lon="1.0315600"><ele>99.0</ele></trkpt>
            <trkpt lat="51.0751400" lon="1.0309990"><ele>101.0</ele></trkpt>
            <trkpt lat="51.0751500" lon="1.0304890"><ele>101.0</ele></trkpt>
            <trkpt lat="51.0751300" lon="1.0302500"><ele>101.0</ele></trkpt>
            <trkpt lat="51.0750900" lon="1.0300090"><ele>101.0</ele></trkpt>
            <trkpt lat="51.0750300" lon="1.0297000"><ele>109.0</ele></trkpt>
            <trkpt lat="51.0748900" lon="1.0291300"><ele>111.0</ele></trkpt>
            <trkpt lat="51.0748200" lon="1.0284000"><ele>110.0</ele></trkpt>
            <trkpt lat="51.0748300" lon="1.0259890"><ele>108.0</ele></trkpt>
            <trkpt lat="51.0748500" lon="1.0255300"><ele>108.0</ele></trkpt>
            <trkpt lat="51.0748800" lon="1.0235590"><ele>109.0</ele></trkpt>
            <trkpt lat="51.0749000" lon="1.0231990"><ele>109.0</ele></trkpt>
            <trkpt lat="51.0750600" lon="1.0213590"><ele>106.0</ele></trkpt>
            <trkpt lat="51.0751100" lon="1.0206390"><ele>106.0</ele></trkpt>
            <trkpt lat="51.0752600" lon="1.0175790"><ele>106.0</ele></trkpt>
            <trkpt lat="51.0753600" lon="1.0166400"><ele>107.0</ele></trkpt>
            <trkpt lat="51.0753900" lon="1.0162590"><ele>107.0</ele></trkpt>
            <trkpt lat="51.0754600" lon="1.0157600"><ele>107.0</ele></trkpt>
            <trkpt lat="51.0755500" lon="1.0151490"><ele>107.0</ele></trkpt>
            <trkpt lat="51.0757500" lon="1.0141800"><ele>110.0</ele></trkpt>
            <trkpt lat="51.0759700" lon="1.0134390"><ele>108.0</ele></trkpt>
            <trkpt lat="51.0762600" lon="1.0126900"><ele>108.0</ele></trkpt>
            <trkpt lat="51.0764100" lon="1.0122400"><ele>111.0</ele></trkpt>
            <trkpt lat="51.0766100" lon="1.0114200"><ele>111.0</ele></trkpt>
            <trkpt lat="51.0767100" lon="1.0111200"><ele>105.0</ele></trkpt>
            <trkpt lat="51.0768200" lon="1.0107290"><ele>105.0</ele></trkpt>
            <trkpt lat="51.0770900" lon="1.0100700"><ele>105.0</ele></trkpt>
            <trkpt lat="51.0771600" lon="1.0099400"><ele>103.0</ele></trkpt>
            <trkpt lat="51.0771900" lon="1.0099800"><ele>103.0</ele></trkpt>
            <trkpt lat="51.0773200" lon="1.0100490"><ele>105.0</ele></trkpt>
            <trkpt lat="51.0778000" lon="1.0101700"><ele>105.0</ele></trkpt>
            <trkpt lat="51.0782700" lon="1.0102400"><ele>105.0</ele></trkpt>
            <trkpt lat="51.0792300" lon="1.0104690"><ele>101.0</ele></trkpt>
            <trkpt lat="51.0819700" lon="1.0110390"><ele>102.0</ele></trkpt>
            <trkpt lat="51.0830100" lon="1.0112100"><ele>101.0</ele></trkpt>
            <trkpt lat="51.0835090" lon="1.0112500"><ele>101.0</ele></trkpt>
            <trkpt lat="51.0843700" lon="1.0112900"><ele>100.0</ele></trkpt>
            <trkpt lat="51.0855900" lon="1.0112390"><ele>101.0</ele></trkpt>
            <trkpt lat="51.0859200" lon="1.0112690"><ele>97.0</ele></trkpt>
            <trkpt lat="51.0864400" lon="1.0113490"><ele>97.0</ele></trkpt>
            <trkpt lat="51.0870000" lon="1.0115090"><ele>90.0</ele></trkpt>
            <trkpt lat="51.0873900" lon="1.0116690"><ele>90.0</ele></trkpt>
            <trkpt lat="51.0880600" lon="1.0120290"><ele>86.0</ele></trkpt>
            <trkpt lat="51.0882800" lon="1.0121100"><ele>86.0</ele></trkpt>
            <trkpt lat="51.0885200" lon="1.0121590"><ele>85.0</ele></trkpt>
            <trkpt lat="51.0887800" lon="1.0121590"><ele>85.0</ele></trkpt>
            <trkpt lat="51.0891700" lon="1.0121300"><ele>80.0</ele></trkpt>
            <trkpt lat="51.0895000" lon="1.0120490"><ele>80.0</ele></trkpt>
            <trkpt lat="51.0897300" lon="1.0120190"><ele>80.0</ele></trkpt>
            <trkpt lat="51.0903300" lon="1.0120190"><ele>76.0</ele></trkpt>
            <trkpt lat="51.0910900" lon="1.0121400"><ele>73.0</ele></trkpt>
            <trkpt lat="51.0912200" lon="1.0122000"><ele>73.0</ele></trkpt>
            <trkpt lat="51.0912800" lon="1.0122490"><ele>73.0</ele></trkpt>
            <trkpt lat="51.0912400" lon="1.0123700"><ele>73.0</ele></trkpt>
            <trkpt lat="51.0913890" lon="1.0119790"><ele>73.0</ele></trkpt>
            <trkpt lat="51.0916200" lon="1.0115290"><ele>73.0</ele></trkpt>
            <trkpt lat="51.0918700" lon="1.0111600"><ele>77.0</ele></trkpt>
            <trkpt lat="51.0921000" lon="1.0108800"><ele>77.0</ele></trkpt>
            <trkpt lat="51.0924000" lon="1.0106000"><ele>77.0</ele></trkpt>
            <trkpt lat="51.0926500" lon="1.0104290"><ele>76.0</ele></trkpt>
            <trkpt lat="51.0931000" lon="1.0102590"><ele>76.0</ele></trkpt>
            <trkpt lat="51.0944900" lon="1.0100600"><ele>73.0</ele></trkpt>
            <trkpt lat="51.0952700" lon="1.0100090"><ele>71.0</ele></trkpt>
            <trkpt lat="51.0957200" lon="1.0099400"><ele>70.0</ele></trkpt>
            <trkpt lat="51.0965590" lon="1.0096700"><ele>69.0</ele></trkpt>
            <trkpt lat="51.0971500" lon="1.0094300"><ele>69.0</ele></trkpt>
            <trkpt lat="51.0976000" lon="1.0091690"><ele>68.0</ele></trkpt>
            <trkpt lat="51.0986700" lon="1.0084690"><ele>64.0</ele></trkpt>
            <trkpt lat="51.0990200" lon="1.0082800"><ele>64.0</ele></trkpt>
            <trkpt lat="51.0994400" lon="1.0080690"><ele>67.0</ele></trkpt>
            <trkpt lat="51.0997700" lon="1.0078800"><ele>67.0</ele></trkpt>
            <trkpt lat="51.1007300" lon="1.0075400"><ele>69.0</ele></trkpt>
            <trkpt lat="51.1009800" lon="1.0074290"><ele>69.0</ele></trkpt>
            <trkpt lat="51.1016300" lon="1.0070290"><ele>69.0</ele></trkpt>
            <trkpt lat="51.1022700" lon="1.0063890"><ele>69.0</ele></trkpt>
            <trkpt lat="51.1025400" lon="1.0060390"><ele>69.0</ele></trkpt>
            <trkpt lat="51.1029300" lon="1.0054790"><ele>69.0</ele></trkpt>
            <trkpt lat="51.1038700" lon="1.0067290"><ele>67.0</ele></trkpt>
            <trkpt lat="51.1043900" lon="1.0073700"><ele>65.0</ele></trkpt>
            <trkpt lat="51.1045290" lon="1.0076000"><ele>67.0</ele></trkpt>
            <trkpt lat="51.1046600" lon="1.0078800"><ele>67.0</ele></trkpt>
            <trkpt lat="51.1048100" lon="1.0085900"><ele>67.0</ele></trkpt>
            <trkpt lat="51.1048800" lon="1.0091390"><ele>71.0</ele></trkpt>
            <trkpt lat="51.1050400" lon="1.0099590"><ele>71.0</ele></trkpt>
            <trkpt lat="51.1052000" lon="1.0105390"><ele>75.0</ele></trkpt>
            <trkpt lat="51.1055590" lon="1.0114090"><ele>76.0</ele></trkpt>
            <trkpt lat="51.1061000" lon="1.0125290"><ele>76.0</ele></trkpt>
            <trkpt lat="51.1068300" lon="1.0141390"><ele>73.0</ele></trkpt>
            <trkpt lat="51.1071800" lon="1.0150090"><ele>75.0</ele></trkpt>
            <trkpt lat="51.1074200" lon="1.0155700"><ele>75.0</ele></trkpt>
            <trkpt lat="51.1076000" lon="1.0158900"><ele>73.0</ele></trkpt>
            <trkpt lat="51.1083200" lon="1.0166590"><ele>77.0</ele></trkpt>
            <trkpt lat="51.1086400" lon="1.0170290"><ele>77.0</ele></trkpt>
            <trkpt lat="51.1096990" lon="1.0181890"><ele>83.0</ele></trkpt>
            <trkpt lat="51.1102200" lon="1.0188200"><ele>83.0</ele></trkpt>
            <trkpt lat="51.1105400" lon="1.0192790"><ele>83.0</ele></trkpt>
            <trkpt lat="51.1107400" lon="1.0196200"><ele>83.0</ele></trkpt>
            <trkpt lat="51.1111600" lon="1.0204400"><ele>86.0</ele></trkpt>
            <trkpt lat="51.1117800" lon="1.0217990"><ele>87.0</ele></trkpt>
            <trkpt lat="51.1119000" lon="1.0221000"><ele>87.0</ele></trkpt>
            <trkpt lat="51.1120200" lon="1.0225000"><ele>89.0</ele></trkpt>
            <trkpt lat="51.1121100" lon="1.0230090"><ele>89.0</ele></trkpt>
            <trkpt lat="51.1121300" lon="1.0234900"><ele>89.0</ele></trkpt>
            <trkpt lat="51.1120600" lon="1.0251900"><ele>92.0</ele></trkpt>
            <trkpt lat="51.1120600" lon="1.0255500"><ele>92.0</ele></trkpt>
            <trkpt lat="51.1120800" lon="1.0258490"><ele>92.0</ele></trkpt>
            <trkpt lat="51.1121200" lon="1.0261890"><ele>92.0</ele></trkpt>
            <trkpt lat="51.1126600" lon="1.0290400"><ele>91.0</ele></trkpt>
            <trkpt lat="51.1127400" lon="1.0293100"><ele>91.0</ele></trkpt>
            <trkpt lat="51.1129000" lon="1.0297500"><ele>91.0</ele></trkpt>
            <trkpt lat="51.1131900" lon="1.0303890"><ele>94.0</ele></trkpt>
            <trkpt lat="51.1132590" lon="1.0305700"><ele>94.0</ele></trkpt>
            <trkpt lat="51.1132900" lon="1.0307000"><ele>94.0</ele></trkpt>
            <trkpt lat="51.1133300" lon="1.0311290"><ele>90.0</ele></trkpt>
            <trkpt lat="51.1133490" lon="1.0320190"><ele>90.0</ele></trkpt>
            <trkpt lat="51.1133900" lon="1.0329190"><ele>90.0</ele></trkpt>
            <trkpt lat="51.1133900" lon="1.0337500"><ele>93.0</ele></trkpt>
            <trkpt lat="51.1134100" lon="1.0341190"><ele>93.0</ele></trkpt>
            <trkpt lat="51.1134500" lon="1.0344800"><ele>93.0</ele></trkpt>
            <trkpt lat="51.1135300" lon="1.0348690"><ele>93.0</ele></trkpt>
            <trkpt lat="51.1136000" lon="1.0353490"><ele>98.0</ele></trkpt>
            <trkpt lat="51.1136500" lon="1.0358490"><ele>98.0</ele></trkpt>
            <trkpt lat="51.1138400" lon="1.0373790"><ele>102.0</ele></trkpt>
            <trkpt lat="51.1139500" lon="1.0380900"><ele>106.0</ele></trkpt>
            <trkpt lat="51.1140190" lon="1.0384000"><ele>106.0</ele></trkpt>
            <trkpt lat="51.1141300" lon="1.0388100"><ele>109.0</ele></trkpt>
            <trkpt lat="51.1143400" lon="1.0392790"><ele>108.0</ele></trkpt>
            <trkpt lat="51.1146600" lon="1.0398700"><ele>108.0</ele></trkpt>
            <trkpt lat="51.1149400" lon="1.0405490"><ele>113.0</ele></trkpt>
            <trkpt lat="51.1149800" lon="1.0407900"><ele>113.0</ele></trkpt>
            <trkpt lat="51.1150600" lon="1.0410290"><ele>107.0</ele></trkpt>
            <trkpt lat="51.1151600" lon="1.0412590"><ele>112.0</ele></trkpt>
            <trkpt lat="51.1158100" lon="1.0425400"><ele>114.0</ele></trkpt>
            <trkpt lat="51.1159800" lon="1.0430200"><ele>111.0</ele></trkpt>
            <trkpt lat="51.1161600" lon="1.0434500"><ele>111.0</ele></trkpt>
            <trkpt lat="51.1161690" lon="1.0435600"><ele>111.0</ele></trkpt>
            <trkpt lat="51.1161600" lon="1.0436090"><ele>111.0</ele></trkpt>
            <trkpt lat="51.1163900" lon="1.0436600"><ele>111.0</ele></trkpt>
            <trkpt lat="51.1166100" lon="1.0437890"><ele>121.0</ele></trkpt>
            <trkpt lat="51.1168700" lon="1.0440890"><ele>118.0</ele></trkpt>
            <trkpt lat="51.1178100" lon="1.0454390"><ele>129.0</ele></trkpt>
            <trkpt lat="51.1172300" lon="1.0464390"><ele>128.0</ele></trkpt>
            <trkpt lat="51.1170900" lon="1.0467090"><ele>128.0</ele></trkpt>
            <trkpt lat="51.1169600" lon="1.0470500"><ele>128.0</ele></trkpt>
            <trkpt lat="51.1168600" lon="1.0473690"><ele>128.0</ele></trkpt>
            <trkpt lat="51.1166900" lon="1.0480590"><ele>135.0</ele></trkpt>
            <trkpt lat="51.1166390" lon="1.0483790"><ele>121.0</ele></trkpt>
            <trkpt lat="51.1165800" lon="1.0489990"><ele>130.0</ele></trkpt>
            <trkpt lat="51.1165000" lon="1.0496390"><ele>130.0</ele></trkpt>
            <trkpt lat="51.1164000" lon="1.0499800"><ele>130.0</ele></trkpt>
            <trkpt lat="51.1160700" lon="1.0508990"><ele>130.0</ele></trkpt>
            <trkpt lat="51.1159000" lon="1.0514390"><ele>135.0</ele></trkpt>
            <trkpt lat="51.1158200" lon="1.0518890"><ele>119.0</ele></trkpt>
            <trkpt lat="51.1156990" lon="1.0523390"><ele>119.0</ele></trkpt>
            <trkpt lat="51.1154700" lon="1.0530200"><ele>118.0</ele></trkpt>
            <trkpt lat="51.1154000" lon="1.0533900"><ele>118.0</ele></trkpt>
            <trkpt lat="51.1152600" lon="1.0542800"><ele>113.0</ele></trkpt>
            <trkpt lat="51.1151800" lon="1.0546790"><ele>113.0</ele></trkpt>
            <trkpt lat="51.1150700" lon="1.0550490"><ele>106.0</ele></trkpt>
            <trkpt lat="51.1145200" lon="1.0563890"><ele>103.0</ele></trkpt>
            <trkpt lat="51.1141800" lon="1.0570500"><ele>103.0</ele></trkpt>
            <trkpt lat="51.1139900" lon="1.0573690"><ele>100.0</ele></trkpt>
            <trkpt lat="51.1139000" lon="1.0574900"><ele>110.0</ele></trkpt>
            <trkpt lat="51.1137400" lon="1.0576590"><ele>110.0</ele></trkpt>
            <trkpt lat="51.1135490" lon="1.0578290"><ele>110.0</ele></trkpt>
            <trkpt lat="51.1132800" lon="1.0580090"><ele>104.0</ele></trkpt>
            <trkpt lat="51.1132100" lon="1.0580990"><ele>104.0</ele></trkpt>
            <trkpt lat="51.1129900" lon="1.0584400"><ele>104.0</ele></trkpt>
            <trkpt lat="51.1128500" lon="1.0588590"><ele>107.0</ele></trkpt>
            <trkpt lat="51.1127600" lon="1.0594700"><ele>107.0</ele></trkpt>
            <trkpt lat="51.1127500" lon="1.0598390"><ele>107.0</ele></trkpt>
            <trkpt lat="51.1127100" lon="1.0602490"><ele>111.0</ele></trkpt>
            <trkpt lat="51.1126500" lon="1.0606990"><ele>111.0</ele></trkpt>
            <trkpt lat="51.1125600" lon="1.0612200"><ele>111.0</ele></trkpt>
            <trkpt lat="51.1124090" lon="1.0622290"><ele>103.0</ele></trkpt>
            <trkpt lat="51.1123000" lon="1.0627200"><ele>106.0</ele></trkpt>
            <trkpt lat="51.1122100" lon="1.0633290"><ele>106.0</ele></trkpt>
            <trkpt lat="51.1121000" lon="1.0635300"><ele>106.0</ele></trkpt>
            <trkpt lat="51.1118400" lon="1.0636790"><ele>106.0</ele></trkpt>
            <trkpt lat="51.1117000" lon="1.0637900"><ele>117.0</ele></trkpt>
            <trkpt lat="51.1113790" lon="1.0641500"><ele>104.0</ele></trkpt>
            <trkpt lat="51.1112400" lon="1.0643700"><ele>104.0</ele></trkpt>
            <trkpt lat="51.1111300" lon="1.0644600"><ele>104.0</ele></trkpt>
            <trkpt lat="51.1109600" lon="1.0645600"><ele>104.0</ele></trkpt>
            <trkpt lat="51.1108190" lon="1.0646100"><ele>98.0</ele></trkpt>
            <trkpt lat="51.1111300" lon="1.0662990"><ele>108.0</ele></trkpt>
            <trkpt lat="51.1111900" lon="1.0669500"><ele>108.0</ele></trkpt>
            <trkpt lat="51.1113100" lon="1.0678190"><ele>107.0</ele></trkpt>
            <trkpt lat="51.1113000" lon="1.0689890"><ele>107.0</ele></trkpt>
            <trkpt lat="51.1113100" lon="1.0692500"><ele>107.0</ele></trkpt>
            <trkpt lat="51.1112700" lon="1.0699700"><ele>107.0</ele></trkpt>
            <trkpt lat="51.1112700" lon="1.0701690"><ele>108.0</ele></trkpt>
            <trkpt lat="51.1113200" lon="1.0706500"><ele>108.0</ele></trkpt>
            <trkpt lat="51.1113790" lon="1.0709100"><ele>108.0</ele></trkpt>
            <trkpt lat="51.1116900" lon="1.0718290"><ele>117.0</ele></trkpt>
            <trkpt lat="51.1120200" lon="1.0725400"><ele>118.0</ele></trkpt>
            <trkpt lat="51.1122000" lon="1.0730300"><ele>118.0</ele></trkpt>
            <trkpt lat="51.1123100" lon="1.0732800"><ele>118.0</ele></trkpt>
            <trkpt lat="51.1126400" lon="1.0740200"><ele>121.0</ele></trkpt>
            <trkpt lat="51.1128400" lon="1.0743890"><ele>121.0</ele></trkpt>
            <trkpt lat="51.1129000" lon="1.0745690"><ele>121.0</ele></trkpt>
            <trkpt lat="51.1129200" lon="1.0747490"><ele>121.0</ele></trkpt>
            <trkpt lat="51.1129100" lon="1.0750190"><ele>114.0</ele></trkpt>
            <trkpt lat="51.1128600" lon="1.0754790"><ele>114.0</ele></trkpt>
            <trkpt lat="51.1128300" lon="1.0759290"><ele>114.0</ele></trkpt>
            <trkpt lat="51.1128500" lon="1.0761990"><ele>114.0</ele></trkpt>
            <trkpt lat="51.1128900" lon="1.0764190"><ele>120.0</ele></trkpt>
            <trkpt lat="51.1129900" lon="1.0768000"><ele>120.0</ele></trkpt>
            <trkpt lat="51.1130600" lon="1.0771890"><ele>120.0</ele></trkpt>
            <trkpt lat="51.1138100" lon="1.0784700"><ele>123.0</ele></trkpt>
            <trkpt lat="51.1146300" lon="1.0795100"><ele>122.0</ele></trkpt>
            <trkpt lat="51.1152400" lon="1.0801690"><ele>120.0</ele></trkpt>
            <trkpt lat="51.1156090" lon="1.0805190"><ele>120.0</ele></trkpt>
            <trkpt lat="51.1159600" lon="1.0807890"><ele>124.0</ele></trkpt>
            <trkpt lat="51.1163000" lon="1.0810900"><ele>124.0</ele></trkpt>
            <trkpt lat="51.1167800" lon="1.0816300"><ele>122.0</ele></trkpt>
            <trkpt lat="51.1172100" lon="1.0821790"><ele>122.0</ele></trkpt>
            <trkpt lat="51.1174400" lon="1.0824990"><ele>117.0</ele></trkpt>
            <trkpt lat="51.1175790" lon="1.0829990"><ele>118.0</ele></trkpt>
            <trkpt lat="51.1176800" lon="1.0829690"><ele>118.0</ele></trkpt>
            <trkpt lat="51.1177500" lon="1.0829800"><ele>118.0</ele></trkpt>
            <trkpt lat="51.1178400" lon="1.0830490"><ele>118.0</ele></trkpt>
            <trkpt lat="51.1179500" lon="1.0832390"><ele>118.0</ele></trkpt>
            <trkpt lat="51.1182500" lon="1.0839390"><ele>116.0</ele></trkpt>
            <trkpt lat="51.1183800" lon="1.0841690"><ele>121.0</ele></trkpt>
            <trkpt lat="51.1188100" lon="1.0848490"><ele>121.0</ele></trkpt>
            <trkpt lat="51.1194900" lon="1.0860390"><ele>124.0</ele></trkpt>
            <trkpt lat="51.1196500" lon="1.0862890"><ele>120.0</ele></trkpt>
            <trkpt lat="51.1199700" lon="1.0867390"><ele>120.0</ele></trkpt>
            <trkpt lat="51.1203800" lon="1.0872290"><ele>121.0</ele></trkpt>
            <trkpt lat="51.1206900" lon="1.0876390"><ele>118.0</ele></trkpt>
            <trkpt lat="51.1215800" lon="1.0888700"><ele>116.0</ele></trkpt>
            <trkpt lat="51.1219100" lon="1.0894200"><ele>109.0</ele></trkpt>
            <trkpt lat="51.1220100" lon="1.0895390"><ele>109.0</ele></trkpt>
            <trkpt lat="51.1221800" lon="1.0896990"><ele>109.0</ele></trkpt>
            <trkpt lat="51.1225600" lon="1.0900100"><ele>105.0</ele></trkpt>
            <trkpt lat="51.1228800" lon="1.0902300"><ele>105.0</ele></trkpt>
            <trkpt lat="51.1232000" lon="1.0904290"><ele>105.0</ele></trkpt>
            <trkpt lat="51.1233900" lon="1.0905190"><ele>104.0</ele></trkpt>
            <trkpt lat="51.1236200" lon="1.0905900"><ele>104.0</ele></trkpt>
            <trkpt lat="51.1245000" lon="1.0906990"><ele>102.0</ele></trkpt>
            <trkpt lat="51.1247000" lon="1.0906990"><ele>102.0</ele></trkpt>
            <trkpt lat="51.1249300" lon="1.0906090"><ele>102.0</ele></trkpt>
            <trkpt lat="51.1250100" lon="1.0905500"><ele>101.0</ele></trkpt>
            <trkpt lat="51.1252790" lon="1.0904100"><ele>101.0</ele></trkpt>
            <trkpt lat="51.1255200" lon="1.0903290"><ele>101.0</ele></trkpt>
            <trkpt lat="51.1256800" lon="1.0903000"><ele>101.0</ele></trkpt>
            <trkpt lat="51.1258300" lon="1.0903000"><ele>102.0</ele></trkpt>
            <trkpt lat="51.1266900" lon="1.0905290"><ele>102.0</ele></trkpt>
            <trkpt lat="51.1268600" lon="1.0906090"><ele>102.0</ele></trkpt>
            <trkpt lat="51.1270600" lon="1.0907890"><ele>102.0</ele></trkpt>
            <trkpt lat="51.1277300" lon="1.0916300"><ele>100.0</ele></trkpt>
            <trkpt lat="51.1278090" lon="1.0916700"><ele>100.0</ele></trkpt>
            <trkpt lat="51.1279200" lon="1.0916790"><ele>100.0</ele></trkpt>
            <trkpt lat="51.1280900" lon="1.0914500"><ele>100.0</ele></trkpt>
            <trkpt lat="51.1282600" lon="1.0911390"><ele>104.0</ele></trkpt>
            <trkpt lat="51.1284100" lon="1.0909300"><ele>103.0</ele></trkpt>
            <trkpt lat="51.1286000" lon="1.0908500"><ele>103.0</ele></trkpt>
            <trkpt lat="51.1287100" lon="1.0907700"><ele>103.0</ele></trkpt>
            <trkpt lat="51.1288000" lon="1.0906800"><ele>103.0</ele></trkpt>
            <trkpt lat="51.1289600" lon="1.0904100"><ele>103.0</ele></trkpt>
            <trkpt lat="51.1292400" lon="1.0897800"><ele>102.0</ele></trkpt>
            <trkpt lat="51.1294300" lon="1.0892990"><ele>102.0</ele></trkpt>
            <trkpt lat="51.1296000" lon="1.0890690"><ele>102.0</ele></trkpt>
            <trkpt lat="51.1298400" lon="1.0888400"><ele>102.0</ele></trkpt>
            <trkpt lat="51.1303000" lon="1.0886190"><ele>109.0</ele></trkpt>
            <trkpt lat="51.1310600" lon="1.0882000"><ele>114.0</ele></trkpt>
            <trkpt lat="51.1313600" lon="1.0880090"><ele>114.0</ele></trkpt>
            <trkpt lat="51.1316300" lon="1.0878690"><ele>114.0</ele></trkpt>
            <trkpt lat="51.1317800" lon="1.0878190"><ele>115.0</ele></trkpt>
            <trkpt lat="51.1320000" lon="1.0878400"><ele>115.0</ele></trkpt>
            <trkpt lat="51.1322000" lon="1.0879300"><ele>115.0</ele></trkpt>
            <trkpt lat="51.1322700" lon="1.0878290"><ele>115.0</ele></trkpt>
            <trkpt lat="51.1325600" lon="1.0874990"><ele>102.0</ele></trkpt>
            <trkpt lat="51.1329100" lon="1.0869990"><ele>106.0</ele></trkpt>
            <trkpt lat="51.1332800" lon="1.0863600"><ele>106.0</ele></trkpt>
            <trkpt lat="51.1340900" lon="1.0850900"><ele>110.0</ele></trkpt>
            <trkpt lat="51.1343100" lon="1.0847690"><ele>115.0</ele></trkpt>
            <trkpt lat="51.1346700" lon="1.0842800"><ele>115.0</ele></trkpt>
            <trkpt lat="51.1351290" lon="1.0838090"><ele>114.0</ele></trkpt>
            <trkpt lat="51.1360400" lon="1.0826290"><ele>122.0</ele></trkpt>
            <trkpt lat="51.1368300" lon="1.0816490"><ele>129.0</ele></trkpt>
            <trkpt lat="51.1371800" lon="1.0812590"><ele>129.0</ele></trkpt>
            <trkpt lat="51.1381000" lon="1.0800790"><ele>138.0</ele></trkpt>
            <trkpt lat="51.1383900" lon="1.0796900"><ele>149.0</ele></trkpt>
            <trkpt lat="51.1388800" lon="1.0788000"><ele>149.0</ele></trkpt>
            <trkpt lat="51.1390100" lon="1.0786390"><ele>140.0</ele></trkpt>
            <trkpt lat="51.1395500" lon="1.0783300"><ele>153.0</ele></trkpt>
            <trkpt lat="51.1398900" lon="1.0780090"><ele>153.0</ele></trkpt>
            <trkpt lat="51.1404400" lon="1.0775700"><ele>161.0</ele></trkpt>
            <trkpt lat="51.1408000" lon="1.0773900"><ele>160.0</ele></trkpt>
            <trkpt lat="51.1409800" lon="1.0772790"><ele>163.0</ele></trkpt>
            <trkpt lat="51.1420100" lon="1.0765000"><ele>160.0</ele></trkpt>
            <trkpt lat="51.1426000" lon="1.0761590"><ele>160.0</ele></trkpt>
            <trkpt lat="51.1430600" lon="1.0759290"><ele>160.0</ele></trkpt>
            <trkpt lat="51.1432600" lon="1.0758100"><ele>160.0</ele></trkpt>
            <trkpt lat="51.1434790" lon="1.0755790"><ele>159.0</ele></trkpt>
            <trkpt lat="51.1436000" lon="1.0754200"><ele>159.0</ele></trkpt>
            <trkpt lat="51.1440800" lon="1.0748700"><ele>159.0</ele></trkpt>
            <trkpt lat="51.1441800" lon="1.0748100"><ele>161.0</ele></trkpt>
            <trkpt lat="51.1460800" lon="1.0739490"><ele>163.0</ele></trkpt>
            <trkpt lat="51.1470500" lon="1.0734800"><ele>160.0</ele></trkpt>
            <trkpt lat="51.1473800" lon="1.0732900"><ele>160.0</ele></trkpt>
            <trkpt lat="51.1485700" lon="1.0726700"><ele>154.0</ele></trkpt>
            <trkpt lat="51.1515100" lon="1.0711590"><ele>153.0</ele></trkpt>
            <trkpt lat="51.1521700" lon="1.0708500"><ele>150.0</ele></trkpt>
            <trkpt lat="51.1524500" lon="1.0707400"><ele>150.0</ele></trkpt>
            <trkpt lat="51.1527500" lon="1.0705290"><ele>154.0</ele></trkpt>
            <trkpt lat="51.1528900" lon="1.0702900"><ele>154.0</ele></trkpt>
            <trkpt lat="51.1529600" lon="1.0701400"><ele>154.0</ele></trkpt>
            <trkpt lat="51.1530200" lon="1.0701400"><ele>154.0</ele></trkpt>
            <trkpt lat="51.1531900" lon="1.0700090"><ele>154.0</ele></trkpt>
            <trkpt lat="51.1533000" lon="1.0699500"><ele>163.0</ele></trkpt>
            <trkpt lat="51.1535500" lon="1.0698600"><ele>176.0</ele></trkpt>
            <trkpt lat="51.1548900" lon="1.0695690"><ele>177.0</ele></trkpt>
            <trkpt lat="51.1552600" lon="1.0694200"><ele>175.0</ele></trkpt>
            <trkpt lat="51.1555890" lon="1.0692400"><ele>175.0</ele></trkpt>
            <trkpt lat="51.1558590" lon="1.0691290"><ele>171.0</ele></trkpt>
            <trkpt lat="51.1563600" lon="1.0690200"><ele>171.0</ele></trkpt>
            <trkpt lat="51.1567600" lon="1.0689600"><ele>168.0</ele></trkpt>
            <trkpt lat="51.1575590" lon="1.0689990"><ele>168.0</ele></trkpt>
            <trkpt lat="51.1583200" lon="1.0689300"><ele>168.0</ele></trkpt>
            <trkpt lat="51.1589200" lon="1.0689600"><ele>168.0</ele></trkpt>
            <trkpt lat="51.1588650" lon="1.0728090"><ele>160.0</ele></trkpt>
            <trkpt lat="51.1588900" lon="1.0727100"><ele>160.0</ele></trkpt>
            <trkpt lat="51.1592300" lon="1.0729500"><ele>160.0</ele></trkpt>
            <trkpt lat="51.1593500" lon="1.0730900"><ele>160.0</ele></trkpt>
        </trkseg>
    </trk>
</gpx>
