<?xml version="1.0" encoding="UTF-8" standalone="yes"?>
<gpx version="1.1" creator="OS Maps - Web" xmlns="http://www.topografix.com/GPX/1/1"
xmlns:xsi="http://www.w3.org/2001/XMLSchema-instance"
xsi:schemaLocation="http://www.topografix.com/GPX/1/1 http://www.topografix.com/GPX/1/1/gpx.xsd"
xmlns:gs="http://www.topografix.com/GPX/gpx_style/0/2"
xmlns:gh="https://graphhopper.com/public/schema/gpx/1.1"
xmlns:os="https://ordnancesurvey.co.uk/public/schema/route/0.1">
    <metadata>
        <name>london to amsterdam - section 1 </name>
        <desc></desc>
        <bounds minlat="51.7228350" minlon="0.4739330" maxlat="51.9360100" maxlon="1.2820710"/>
    </metadata>
    <wpt lat="51.7288040" lon="0.4739330"/>
    <wpt lat="51.7326600" lon="0.5031100"/>
    <wpt lat="51.7288070" lon="0.5149420"/>
    <wpt lat="51.7295730" lon="0.5513240"/>
    <wpt lat="51.7285010" lon="0.5683010"/>
    <wpt lat="51.7369780" lon="0.5877130"/>
    <wpt lat="51.7377740" lon="0.6121220"/>
    <wpt lat="51.7728610" lon="0.6466810"/>
    <wpt lat="51.7933250" lon="0.6972470"/>
    <wpt lat="51.8263620" lon="0.7909710"/>
    <wpt lat="51.8369110" lon="0.8298420"/>
    <wpt lat="51.8615850" lon="0.8590760"/>
    <wpt lat="51.8603550" lon="0.8967150"/>
    <wpt lat="51.8556330" lon="0.9283300"/>
    <wpt lat="51.8586380" lon="0.9678730"/>
    <wpt lat="51.8758480" lon="0.9927680"/>
    <wpt lat="51.8819930" lon="1.0363120"/>
    <wpt lat="51.9007290" lon="1.1204580"/>
    <wpt lat="51.9041500" lon="1.1883430"/>
    <wpt lat="51.9184410" lon="1.2287750"/>
    <wpt lat="51.9360100" lon="1.2818010"/>
    <trk>
        <name>london to amsterdam - section 1 </name>
        <trkseg>
            <trkpt lat="51.7288040" lon="0.4739330"/>
            <trkpt lat="51.7285920" lon="0.4745640"/>
            <trkpt lat="51.7288080" lon="0.4747580"/>
            <trkpt lat="51.7287230" lon="0.4751500"/>
            <trkpt lat="51.7286150" lon="0.4755610"/>
            <trkpt lat="51.7285940" lon="0.4757420"/>
            <trkpt lat="51.7285960" lon="0.4758710"/>
            <trkpt lat="51.7287180" lon="0.4758490"/>
            <trkpt lat="51.7288660" lon="0.4758560"/>
            <trkpt lat="51.7289130" lon="0.4758030"/>
            <trkpt lat="51.7290010" lon="0.4758300"/>
            <trkpt lat="51.7290850" lon="0.4758050"/>
            <trkpt lat="51.7291180" lon="0.4759310"/>
            <trkpt lat="51.7291070" lon="0.4759910"/>
            <trkpt lat="51.7290430" lon="0.4760930"/>
            <trkpt lat="51.7291070" lon="0.4762390"/>
            <trkpt lat="51.7291240" lon="0.4763150"/>
            <trkpt lat="51.7290410" lon="0.4763740"/>
            <trkpt lat="51.7290230" lon="0.4764180"/>
            <trkpt lat="51.7290430" lon="0.4764920"/>
            <trkpt lat="51.7290730" lon="0.4765130"/>
            <trkpt lat="51.7291460" lon="0.4764870"/>
            <trkpt lat="51.7297520" lon="0.4761470"/>
            <trkpt lat="51.7299340" lon="0.4760620"/>
            <trkpt lat="51.7298950" lon="0.4758480"/>
            <trkpt lat="51.7299220" lon="0.4758340"/>
            <trkpt lat="51.7299610" lon="0.4760480"/>
            <trkpt lat="51.7300080" lon="0.4760270"/>
            <trkpt lat="51.7300170" lon="0.4760070"/>
            <trkpt lat="51.7301330" lon="0.4760930"/>
            <trkpt lat="51.7300880" lon="0.4762310"/>
            <trkpt lat="51.7301290" lon="0.4763100"/>
            <trkpt lat="51.7304640" lon="0.4765910"/>
            <trkpt lat="51.7303780" lon="0.4767560"/>
            <trkpt lat="51.7301390" lon="0.4771210"/>
            <trkpt lat="51.7300560" lon="0.4773630"/>
            <trkpt lat="51.7299770" lon="0.4778150"/>
            <trkpt lat="51.7299550" lon="0.4780030"/>
            <trkpt lat="51.7302790" lon="0.4780300"/>
            <trkpt lat="51.7302520" lon="0.4785070"/>
            <trkpt lat="51.7303490" lon="0.4786950"/>
            <trkpt lat="51.7303100" lon="0.4787470"/>
            <trkpt lat="51.7306060" lon="0.4792630"/>
            <trkpt lat="51.7302590" lon="0.4800300"/>
            <trkpt lat="51.7297510" lon="0.4809870"/>
            <trkpt lat="51.7297020" lon="0.4811380"/>
            <trkpt lat="51.7295330" lon="0.4814620"/>
            <trkpt lat="51.7294020" lon="0.4816010"/>
            <trkpt lat="51.7291080" lon="0.4820760"/>
            <trkpt lat="51.7289470" lon="0.4823520"/>
            <trkpt lat="51.7288330" lon="0.4826040"/>
            <trkpt lat="51.7286940" lon="0.4830300"/>
            <trkpt lat="51.7286390" lon="0.4833670"/>
            <trkpt lat="51.7286090" lon="0.4836690"/>
            <trkpt lat="51.7286040" lon="0.4838340"/>
            <trkpt lat="51.7286080" lon="0.4839910"/>
            <trkpt lat="51.7286350" lon="0.4842310"/>
            <trkpt lat="51.7288250" lon="0.4848630"/>
            <trkpt lat="51.7289190" lon="0.4851000"/>
            <trkpt lat="51.7290370" lon="0.4852630"/>
            <trkpt lat="51.7290320" lon="0.4853420"/>
            <trkpt lat="51.7290690" lon="0.4855650"/>
            <trkpt lat="51.7291420" lon="0.4857720"/>
            <trkpt lat="51.7292740" lon="0.4859980"/>
            <trkpt lat="51.7294520" lon="0.4861430"/>
            <trkpt lat="51.7295860" lon="0.4861950"/>
            <trkpt lat="51.7297460" lon="0.4862220"/>
            <trkpt lat="51.7298640" lon="0.4862790"/>
            <trkpt lat="51.7300430" lon="0.4864230"/>
            <trkpt lat="51.7301730" lon="0.4866300"/>
            <trkpt lat="51.7302880" lon="0.4869790"/>
            <trkpt lat="51.7303140" lon="0.4871990"/>
            <trkpt lat="51.7303170" lon="0.4874320"/>
            <trkpt lat="51.7302700" lon="0.4876770"/>
            <trkpt lat="51.7300510" lon="0.4885000"/>
            <trkpt lat="51.7299980" lon="0.4887960"/>
            <trkpt lat="51.7299840" lon="0.4889670"/>
            <trkpt lat="51.7299910" lon="0.4891610"/>
            <trkpt lat="51.7300150" lon="0.4892900"/>
            <trkpt lat="51.7300580" lon="0.4894160"/>
            <trkpt lat="51.7301430" lon="0.4895950"/>
            <trkpt lat="51.7302550" lon="0.4897690"/>
            <trkpt lat="51.7302900" lon="0.4898900"/>
            <trkpt lat="51.7303810" lon="0.4907670"/>
            <trkpt lat="51.7307990" lon="0.4913160"/>
            <trkpt lat="51.7309230" lon="0.4915210"/>
            <trkpt lat="51.7309570" lon="0.4916350"/>
            <trkpt lat="51.7312740" lon="0.4921460"/>
            <trkpt lat="51.7312720" lon="0.4922320"/>
            <trkpt lat="51.7311380" lon="0.4926150"/>
            <trkpt lat="51.7310840" lon="0.4928330"/>
            <trkpt lat="51.7310610" lon="0.4930580"/>
            <trkpt lat="51.7310630" lon="0.4931730"/>
            <trkpt lat="51.7311130" lon="0.4935110"/>
            <trkpt lat="51.7312220" lon="0.4939920"/>
            <trkpt lat="51.7314010" lon="0.4945220"/>
            <trkpt lat="51.7314970" lon="0.4949980"/>
            <trkpt lat="51.7316210" lon="0.4957490"/>
            <trkpt lat="51.7316370" lon="0.4958830"/>
            <trkpt lat="51.7316250" lon="0.4960990"/>
            <trkpt lat="51.7315940" lon="0.4962970"/>
            <trkpt lat="51.7316500" lon="0.4965690"/>
            <trkpt lat="51.7316450" lon="0.4966310"/>
            <trkpt lat="51.7315510" lon="0.4968910"/>
            <trkpt lat="51.7315580" lon="0.4970560"/>
            <trkpt lat="51.7316910" lon="0.4976160"/>
            <trkpt lat="51.7317180" lon="0.4976880"/>
            <trkpt lat="51.7319010" lon="0.4977470"/>
            <trkpt lat="51.7316220" lon="0.5009640"/>
            <trkpt lat="51.7315730" lon="0.5020280"/>
            <trkpt lat="51.7316120" lon="0.5031210"/>
            <trkpt lat="51.7318570" lon="0.5031110"/>
            <trkpt lat="51.7323840" lon="0.5028190"/>
            <trkpt lat="51.7324180" lon="0.5029300"/>
            <trkpt lat="51.7326600" lon="0.5031100"/>
            <trkpt lat="51.7324180" lon="0.5029300"/>
            <trkpt lat="51.7323840" lon="0.5028190"/>
            <trkpt lat="51.7318570" lon="0.5031110"/>
            <trkpt lat="51.7316120" lon="0.5031210"/>
            <trkpt lat="51.7316750" lon="0.5038960"/>
            <trkpt lat="51.7317420" lon="0.5040680"/>
            <trkpt lat="51.7317570" lon="0.5041490"/>
            <trkpt lat="51.7317650" lon="0.5042910"/>
            <trkpt lat="51.7317370" lon="0.5045480"/>
            <trkpt lat="51.7318510" lon="0.5054900"/>
            <trkpt lat="51.7319020" lon="0.5057550"/>
            <trkpt lat="51.7321020" lon="0.5062480"/>
            <trkpt lat="51.7322690" lon="0.5065090"/>
            <trkpt lat="51.7323800" lon="0.5066350"/>
            <trkpt lat="51.7321490" lon="0.5071840"/>
            <trkpt lat="51.7319800" lon="0.5076450"/>
            <trkpt lat="51.7319070" lon="0.5081560"/>
            <trkpt lat="51.7318210" lon="0.5090550"/>
            <trkpt lat="51.7317540" lon="0.5094190"/>
            <trkpt lat="51.7316580" lon="0.5097000"/>
            <trkpt lat="51.7316110" lon="0.5098880"/>
            <trkpt lat="51.7316030" lon="0.5100930"/>
            <trkpt lat="51.7316120" lon="0.5103040"/>
            <trkpt lat="51.7316750" lon="0.5108330"/>
            <trkpt lat="51.7317560" lon="0.5113470"/>
            <trkpt lat="51.7319390" lon="0.5129920"/>
            <trkpt lat="51.7319840" lon="0.5132580"/>
            <trkpt lat="51.7318610" lon="0.5134290"/>
            <trkpt lat="51.7311490" lon="0.5141300"/>
            <trkpt lat="51.7304070" lon="0.5145780"/>
            <trkpt lat="51.7301260" lon="0.5148110"/>
            <trkpt lat="51.7299040" lon="0.5148880"/>
            <trkpt lat="51.7294270" lon="0.5149830"/>
            <trkpt lat="51.7288070" lon="0.5149420"/>
            <trkpt lat="51.7285360" lon="0.5149150"/>
            <trkpt lat="51.7282590" lon="0.5149240"/>
            <trkpt lat="51.7279860" lon="0.5149880"/>
            <trkpt lat="51.7277370" lon="0.5151260"/>
            <trkpt lat="51.7276220" lon="0.5152120"/>
            <trkpt lat="51.7275210" lon="0.5154230"/>
            <trkpt lat="51.7274900" lon="0.5160840"/>
            <trkpt lat="51.7274260" lon="0.5166150"/>
            <trkpt lat="51.7272960" lon="0.5173870"/>
            <trkpt lat="51.7272070" lon="0.5173600"/>
            <trkpt lat="51.7263860" lon="0.5175800"/>
            <trkpt lat="51.7262570" lon="0.5178360"/>
            <trkpt lat="51.7256390" lon="0.5179080"/>
            <trkpt lat="51.7252500" lon="0.5180040"/>
            <trkpt lat="51.7250270" lon="0.5180880"/>
            <trkpt lat="51.7247520" lon="0.5182370"/>
            <trkpt lat="51.7242970" lon="0.5185210"/>
            <trkpt lat="51.7239010" lon="0.5188090"/>
            <trkpt lat="51.7235560" lon="0.5189250"/>
            <trkpt lat="51.7233140" lon="0.5189600"/>
            <trkpt lat="51.7230670" lon="0.5189630"/>
            <trkpt lat="51.7228720" lon="0.5190020"/>
            <trkpt lat="51.7228350" lon="0.5196140"/>
            <trkpt lat="51.7228480" lon="0.5198640"/>
            <trkpt lat="51.7229120" lon="0.5203750"/>
            <trkpt lat="51.7230720" lon="0.5210670"/>
            <trkpt lat="51.7231730" lon="0.5214140"/>
            <trkpt lat="51.7233350" lon="0.5218080"/>
            <trkpt lat="51.7235280" lon="0.5221950"/>
            <trkpt lat="51.7236940" lon="0.5224840"/>
            <trkpt lat="51.7242870" lon="0.5233010"/>
            <trkpt lat="51.7247860" lon="0.5238730"/>
            <trkpt lat="51.7254870" lon="0.5248630"/>
            <trkpt lat="51.7263360" lon="0.5255710"/>
            <trkpt lat="51.7264470" lon="0.5256350"/>
            <trkpt lat="51.7265270" lon="0.5256620"/>
            <trkpt lat="51.7266930" lon="0.5256540"/>
            <trkpt lat="51.7268490" lon="0.5255950"/>
            <trkpt lat="51.7276270" lon="0.5250560"/>
            <trkpt lat="51.7278480" lon="0.5249280"/>
            <trkpt lat="51.7288760" lon="0.5242610"/>
            <trkpt lat="51.7302960" lon="0.5234660"/>
            <trkpt lat="51.7303660" lon="0.5234640"/>
            <trkpt lat="51.7304590" lon="0.5235180"/>
            <trkpt lat="51.7305030" lon="0.5235780"/>
            <trkpt lat="51.7305940" lon="0.5239710"/>
            <trkpt lat="51.7306040" lon="0.5240580"/>
            <trkpt lat="51.7306000" lon="0.5241920"/>
            <trkpt lat="51.7305750" lon="0.5242500"/>
            <trkpt lat="51.7303430" lon="0.5244120"/>
            <trkpt lat="51.7302610" lon="0.5244510"/>
            <trkpt lat="51.7301770" lon="0.5244660"/>
            <trkpt lat="51.7292790" lon="0.5248800"/>
            <trkpt lat="51.7285050" lon="0.5253230"/>
            <trkpt lat="51.7272430" lon="0.5259780"/>
            <trkpt lat="51.7271740" lon="0.5260250"/>
            <trkpt lat="51.7270650" lon="0.5261500"/>
            <trkpt lat="51.7270550" lon="0.5262130"/>
            <trkpt lat="51.7270790" lon="0.5262680"/>
            <trkpt lat="51.7272020" lon="0.5264210"/>
            <trkpt lat="51.7273160" lon="0.5266500"/>
            <trkpt lat="51.7273200" lon="0.5266880"/>
            <trkpt lat="51.7272750" lon="0.5267660"/>
            <trkpt lat="51.7277470" lon="0.5276390"/>
            <trkpt lat="51.7281200" lon="0.5283950"/>
            <trkpt lat="51.7282430" lon="0.5286540"/>
            <trkpt lat="51.7284970" lon="0.5292770"/>
            <trkpt lat="51.7287400" lon="0.5296700"/>
            <trkpt lat="51.7291110" lon="0.5300740"/>
            <trkpt lat="51.7292840" lon="0.5302290"/>
            <trkpt lat="51.7298640" lon="0.5305600"/>
            <trkpt lat="51.7309140" lon="0.5310590"/>
            <trkpt lat="51.7313610" lon="0.5312950"/>
            <trkpt lat="51.7318450" lon="0.5317160"/>
            <trkpt lat="51.7324620" lon="0.5323170"/>
            <trkpt lat="51.7329310" lon="0.5326670"/>
            <trkpt lat="51.7333650" lon="0.5330370"/>
            <trkpt lat="51.7345660" lon="0.5339350"/>
            <trkpt lat="51.7350780" lon="0.5343720"/>
            <trkpt lat="51.7353070" lon="0.5346130"/>
            <trkpt lat="51.7355260" lon="0.5348970"/>
            <trkpt lat="51.7358900" lon="0.5352880"/>
            <trkpt lat="51.7366210" lon="0.5359660"/>
            <trkpt lat="51.7374040" lon="0.5365600"/>
            <trkpt lat="51.7376070" lon="0.5366880"/>
            <trkpt lat="51.7381560" lon="0.5369640"/>
            <trkpt lat="51.7376530" lon="0.5392620"/>
            <trkpt lat="51.7375050" lon="0.5401520"/>
            <trkpt lat="51.7372530" lon="0.5413390"/>
            <trkpt lat="51.7369410" lon="0.5427180"/>
            <trkpt lat="51.7368370" lon="0.5432820"/>
            <trkpt lat="51.7366740" lon="0.5439490"/>
            <trkpt lat="51.7364810" lon="0.5446460"/>
            <trkpt lat="51.7363480" lon="0.5454920"/>
            <trkpt lat="51.7363680" lon="0.5460100"/>
            <trkpt lat="51.7364640" lon="0.5463410"/>
            <trkpt lat="51.7365850" lon="0.5468380"/>
            <trkpt lat="51.7365710" lon="0.5473050"/>
            <trkpt lat="51.7365250" lon="0.5476280"/>
            <trkpt lat="51.7363690" lon="0.5484590"/>
            <trkpt lat="51.7363360" lon="0.5487390"/>
            <trkpt lat="51.7363060" lon="0.5493670"/>
            <trkpt lat="51.7361400" lon="0.5503660"/>
            <trkpt lat="51.7359310" lon="0.5519860"/>
            <trkpt lat="51.7357930" lon="0.5528490"/>
            <trkpt lat="51.7355820" lon="0.5544680"/>
            <trkpt lat="51.7355140" lon="0.5551120"/>
            <trkpt lat="51.7337190" lon="0.5553830"/>
            <trkpt lat="51.7324300" lon="0.5553180"/>
            <trkpt lat="51.7319210" lon="0.5552580"/>
            <trkpt lat="51.7316040" lon="0.5551840"/>
            <trkpt lat="51.7314310" lon="0.5551270"/>
            <trkpt lat="51.7311000" lon="0.5549110"/>
            <trkpt lat="51.7308380" lon="0.5547740"/>
            <trkpt lat="51.7305980" lon="0.5547060"/>
            <trkpt lat="51.7302500" lon="0.5546660"/>
            <trkpt lat="51.7301650" lon="0.5546910"/>
            <trkpt lat="51.7300870" lon="0.5547380"/>
            <trkpt lat="51.7297960" lon="0.5550190"/>
            <trkpt lat="51.7296160" lon="0.5551530"/>
            <trkpt lat="51.7294340" lon="0.5553730"/>
            <trkpt lat="51.7293150" lon="0.5555430"/>
            <trkpt lat="51.7292780" lon="0.5554480"/>
            <trkpt lat="51.7293010" lon="0.5545910"/>
            <trkpt lat="51.7293600" lon="0.5539000"/>
            <trkpt lat="51.7294200" lon="0.5534360"/>
            <trkpt lat="51.7295120" lon="0.5518750"/>
            <trkpt lat="51.7295730" lon="0.5513240"/>
            <trkpt lat="51.7295120" lon="0.5518750"/>
            <trkpt lat="51.7294200" lon="0.5534360"/>
            <trkpt lat="51.7293600" lon="0.5539000"/>
            <trkpt lat="51.7293010" lon="0.5545910"/>
            <trkpt lat="51.7292780" lon="0.5554480"/>
            <trkpt lat="51.7293150" lon="0.5555430"/>
            <trkpt lat="51.7291690" lon="0.5557350"/>
            <trkpt lat="51.7290940" lon="0.5557700"/>
            <trkpt lat="51.7288220" lon="0.5557400"/>
            <trkpt lat="51.7284140" lon="0.5556130"/>
            <trkpt lat="51.7282640" lon="0.5555940"/>
            <trkpt lat="51.7280410" lon="0.5555860"/>
            <trkpt lat="51.7278990" lon="0.5556130"/>
            <trkpt lat="51.7278470" lon="0.5556860"/>
            <trkpt lat="51.7278390" lon="0.5558640"/>
            <trkpt lat="51.7279470" lon="0.5569150"/>
            <trkpt lat="51.7279780" lon="0.5573580"/>
            <trkpt lat="51.7279820" lon="0.5584060"/>
            <trkpt lat="51.7280080" lon="0.5587090"/>
            <trkpt lat="51.7280570" lon="0.5589330"/>
            <trkpt lat="51.7281190" lon="0.5595630"/>
            <trkpt lat="51.7281070" lon="0.5598690"/>
            <trkpt lat="51.7280330" lon="0.5603110"/>
            <trkpt lat="51.7279530" lon="0.5606360"/>
            <trkpt lat="51.7277550" lon="0.5612000"/>
            <trkpt lat="51.7276360" lon="0.5616120"/>
            <trkpt lat="51.7276170" lon="0.5617220"/>
            <trkpt lat="51.7274380" lon="0.5623000"/>
            <trkpt lat="51.7273010" lon="0.5629670"/>
            <trkpt lat="51.7270860" lon="0.5647550"/>
            <trkpt lat="51.7270280" lon="0.5650230"/>
            <trkpt lat="51.7269110" lon="0.5653780"/>
            <trkpt lat="51.7268380" lon="0.5657770"/>
            <trkpt lat="51.7268320" lon="0.5659390"/>
            <trkpt lat="51.7268570" lon="0.5662640"/>
            <trkpt lat="51.7269000" lon="0.5665510"/>
            <trkpt lat="51.7270400" lon="0.5668220"/>
            <trkpt lat="51.7273500" lon="0.5672170"/>
            <trkpt lat="51.7274810" lon="0.5673610"/>
            <trkpt lat="51.7279900" lon="0.5676910"/>
            <trkpt lat="51.7281360" lon="0.5678390"/>
            <trkpt lat="51.7285010" lon="0.5683010"/>
            <trkpt lat="51.7285410" lon="0.5683520"/>
            <trkpt lat="51.7286990" lon="0.5686230"/>
            <trkpt lat="51.7288360" lon="0.5689310"/>
            <trkpt lat="51.7289280" lon="0.5693230"/>
            <trkpt lat="51.7289570" lon="0.5696160"/>
            <trkpt lat="51.7290630" lon="0.5701600"/>
            <trkpt lat="51.7292870" lon="0.5711010"/>
            <trkpt lat="51.7294570" lon="0.5716750"/>
            <trkpt lat="51.7295900" lon="0.5719860"/>
            <trkpt lat="51.7298130" lon="0.5723240"/>
            <trkpt lat="51.7301680" lon="0.5729150"/>
            <trkpt lat="51.7305470" lon="0.5736670"/>
            <trkpt lat="51.7308180" lon="0.5740430"/>
            <trkpt lat="51.7310510" lon="0.5746350"/>
            <trkpt lat="51.7312420" lon="0.5759220"/>
            <trkpt lat="51.7315600" lon="0.5771070"/>
            <trkpt lat="51.7315860" lon="0.5772710"/>
            <trkpt lat="51.7316490" lon="0.5779920"/>
            <trkpt lat="51.7324680" lon="0.5780850"/>
            <trkpt lat="51.7335220" lon="0.5780570"/>
            <trkpt lat="51.7336400" lon="0.5780380"/>
            <trkpt lat="51.7338910" lon="0.5787130"/>
            <trkpt lat="51.7339790" lon="0.5791670"/>
            <trkpt lat="51.7341290" lon="0.5796310"/>
            <trkpt lat="51.7344210" lon="0.5800820"/>
            <trkpt lat="51.7351220" lon="0.5804180"/>
            <trkpt lat="51.7351170" lon="0.5811060"/>
            <trkpt lat="51.7351730" lon="0.5823750"/>
            <trkpt lat="51.7352810" lon="0.5829500"/>
            <trkpt lat="51.7356280" lon="0.5841230"/>
            <trkpt lat="51.7361160" lon="0.5850850"/>
            <trkpt lat="51.7367450" lon="0.5866470"/>
            <trkpt lat="51.7368860" lon="0.5871890"/>
            <trkpt lat="51.7369780" lon="0.5877130"/>
            <trkpt lat="51.7371680" lon="0.5888530"/>
            <trkpt lat="51.7372440" lon="0.5894760"/>
            <trkpt lat="51.7373200" lon="0.5907660"/>
            <trkpt lat="51.7372840" lon="0.5915430"/>
            <trkpt lat="51.7372120" lon="0.5926450"/>
            <trkpt lat="51.7372330" lon="0.5930430"/>
            <trkpt lat="51.7373410" lon="0.5934870"/>
            <trkpt lat="51.7374170" lon="0.5939860"/>
            <trkpt lat="51.7373740" lon="0.5946250"/>
            <trkpt lat="51.7372570" lon="0.5953130"/>
            <trkpt lat="51.7369320" lon="0.5970440"/>
            <trkpt lat="51.7369820" lon="0.5971900"/>
            <trkpt lat="51.7370720" lon="0.5973760"/>
            <trkpt lat="51.7374030" lon="0.5973780"/>
            <trkpt lat="51.7377490" lon="0.5974040"/>
            <trkpt lat="51.7381240" lon="0.5974400"/>
            <trkpt lat="51.7389000" lon="0.5975550"/>
            <trkpt lat="51.7394090" lon="0.5975850"/>
            <trkpt lat="51.7399400" lon="0.5975140"/>
            <trkpt lat="51.7400070" lon="0.5976820"/>
            <trkpt lat="51.7399300" lon="0.5980730"/>
            <trkpt lat="51.7398630" lon="0.6001160"/>
            <trkpt lat="51.7397950" lon="0.6004720"/>
            <trkpt lat="51.7396920" lon="0.6008980"/>
            <trkpt lat="51.7395870" lon="0.6012410"/>
            <trkpt lat="51.7395520" lon="0.6014270"/>
            <trkpt lat="51.7395700" lon="0.6016720"/>
            <trkpt lat="51.7397300" lon="0.6023400"/>
            <trkpt lat="51.7397640" lon="0.6026760"/>
            <trkpt lat="51.7397430" lon="0.6029100"/>
            <trkpt lat="51.7396860" lon="0.6031230"/>
            <trkpt lat="51.7395810" lon="0.6032690"/>
            <trkpt lat="51.7393010" lon="0.6034590"/>
            <trkpt lat="51.7391870" lon="0.6036340"/>
            <trkpt lat="51.7391340" lon="0.6039120"/>
            <trkpt lat="51.7389940" lon="0.6052260"/>
            <trkpt lat="51.7388960" lon="0.6057180"/>
            <trkpt lat="51.7387720" lon="0.6066100"/>
            <trkpt lat="51.7387160" lon="0.6071420"/>
            <trkpt lat="51.7386840" lon="0.6076660"/>
            <trkpt lat="51.7387180" lon="0.6082730"/>
            <trkpt lat="51.7387840" lon="0.6088520"/>
            <trkpt lat="51.7387590" lon="0.6091510"/>
            <trkpt lat="51.7386820" lon="0.6094660"/>
            <trkpt lat="51.7384370" lon="0.6099590"/>
            <trkpt lat="51.7382760" lon="0.6104920"/>
            <trkpt lat="51.7381760" lon="0.6107720"/>
            <trkpt lat="51.7380360" lon="0.6110330"/>
            <trkpt lat="51.7377830" lon="0.6112600"/>
            <trkpt lat="51.7377070" lon="0.6113880"/>
            <trkpt lat="51.7376930" lon="0.6115380"/>
            <trkpt lat="51.7377740" lon="0.6121220"/>
            <trkpt lat="51.7377640" lon="0.6122660"/>
            <trkpt lat="51.7376320" lon="0.6129440"/>
            <trkpt lat="51.7375720" lon="0.6133960"/>
            <trkpt lat="51.7375560" lon="0.6136800"/>
            <trkpt lat="51.7375910" lon="0.6139410"/>
            <trkpt lat="51.7376690" lon="0.6142840"/>
            <trkpt lat="51.7377850" lon="0.6149110"/>
            <trkpt lat="51.7377870" lon="0.6156660"/>
            <trkpt lat="51.7376500" lon="0.6173580"/>
            <trkpt lat="51.7375860" lon="0.6175490"/>
            <trkpt lat="51.7375030" lon="0.6176760"/>
            <trkpt lat="51.7378130" lon="0.6184300"/>
            <trkpt lat="51.7379080" lon="0.6185620"/>
            <trkpt lat="51.7380660" lon="0.6186760"/>
            <trkpt lat="51.7386240" lon="0.6189160"/>
            <trkpt lat="51.7388030" lon="0.6190890"/>
            <trkpt lat="51.7390110" lon="0.6193790"/>
            <trkpt lat="51.7393230" lon="0.6199720"/>
            <trkpt lat="51.7397380" lon="0.6203490"/>
            <trkpt lat="51.7400790" lon="0.6204700"/>
            <trkpt lat="51.7404550" lon="0.6204770"/>
            <trkpt lat="51.7423620" lon="0.6207230"/>
            <trkpt lat="51.7424650" lon="0.6207020"/>
            <trkpt lat="51.7426240" lon="0.6205640"/>
            <trkpt lat="51.7426720" lon="0.6204690"/>
            <trkpt lat="51.7427040" lon="0.6203500"/>
            <trkpt lat="51.7427220" lon="0.6201440"/>
            <trkpt lat="51.7426750" lon="0.6189830"/>
            <trkpt lat="51.7426960" lon="0.6185080"/>
            <trkpt lat="51.7427790" lon="0.6182870"/>
            <trkpt lat="51.7428440" lon="0.6181900"/>
            <trkpt lat="51.7430440" lon="0.6179770"/>
            <trkpt lat="51.7435080" lon="0.6175200"/>
            <trkpt lat="51.7437210" lon="0.6172860"/>
            <trkpt lat="51.7438620" lon="0.6171010"/>
            <trkpt lat="51.7439940" lon="0.6168190"/>
            <trkpt lat="51.7441630" lon="0.6165350"/>
            <trkpt lat="51.7444920" lon="0.6162510"/>
            <trkpt lat="51.7448300" lon="0.6158740"/>
            <trkpt lat="51.7450520" lon="0.6156750"/>
            <trkpt lat="51.7453390" lon="0.6154890"/>
            <trkpt lat="51.7461740" lon="0.6150310"/>
            <trkpt lat="51.7470070" lon="0.6146680"/>
            <trkpt lat="51.7471620" lon="0.6145790"/>
            <trkpt lat="51.7473190" lon="0.6144800"/>
            <trkpt lat="51.7474420" lon="0.6143630"/>
            <trkpt lat="51.7476050" lon="0.6141630"/>
            <trkpt lat="51.7480800" lon="0.6137730"/>
            <trkpt lat="51.7483300" lon="0.6136510"/>
            <trkpt lat="51.7484600" lon="0.6136070"/>
            <trkpt lat="51.7487210" lon="0.6136190"/>
            <trkpt lat="51.7491140" lon="0.6137270"/>
            <trkpt lat="51.7492210" lon="0.6137170"/>
            <trkpt lat="51.7493230" lon="0.6136090"/>
            <trkpt lat="51.7494500" lon="0.6134110"/>
            <trkpt lat="51.7495300" lon="0.6131770"/>
            <trkpt lat="51.7495970" lon="0.6127560"/>
            <trkpt lat="51.7496250" lon="0.6124000"/>
            <trkpt lat="51.7496850" lon="0.6119950"/>
            <trkpt lat="51.7497370" lon="0.6113470"/>
            <trkpt lat="51.7500740" lon="0.6101460"/>
            <trkpt lat="51.7501480" lon="0.6099270"/>
            <trkpt lat="51.7502150" lon="0.6097810"/>
            <trkpt lat="51.7502930" lon="0.6097400"/>
            <trkpt lat="51.7504200" lon="0.6097290"/>
            <trkpt lat="51.7516190" lon="0.6097990"/>
            <trkpt lat="51.7517020" lon="0.6097750"/>
            <trkpt lat="51.7517570" lon="0.6096980"/>
            <trkpt lat="51.7518590" lon="0.6095000"/>
            <trkpt lat="51.7519050" lon="0.6093730"/>
            <trkpt lat="51.7519680" lon="0.6092970"/>
            <trkpt lat="51.7520380" lon="0.6092760"/>
            <trkpt lat="51.7521920" lon="0.6093300"/>
            <trkpt lat="51.7523900" lon="0.6095630"/>
            <trkpt lat="51.7526690" lon="0.6097140"/>
            <trkpt lat="51.7530140" lon="0.6097800"/>
            <trkpt lat="51.7533730" lon="0.6098970"/>
            <trkpt lat="51.7539290" lon="0.6101710"/>
            <trkpt lat="51.7541100" lon="0.6103250"/>
            <trkpt lat="51.7544580" lon="0.6106680"/>
            <trkpt lat="51.7552180" lon="0.6112840"/>
            <trkpt lat="51.7556250" lon="0.6114940"/>
            <trkpt lat="51.7558560" lon="0.6116340"/>
            <trkpt lat="51.7570060" lon="0.6127390"/>
            <trkpt lat="51.7572840" lon="0.6130330"/>
            <trkpt lat="51.7576500" lon="0.6135540"/>
            <trkpt lat="51.7574410" lon="0.6138500"/>
            <trkpt lat="51.7572970" lon="0.6141070"/>
            <trkpt lat="51.7572490" lon="0.6142390"/>
            <trkpt lat="51.7571620" lon="0.6145880"/>
            <trkpt lat="51.7571070" lon="0.6147210"/>
            <trkpt lat="51.7569430" lon="0.6149680"/>
            <trkpt lat="51.7566270" lon="0.6153170"/>
            <trkpt lat="51.7565470" lon="0.6154300"/>
            <trkpt lat="51.7563580" lon="0.6157960"/>
            <trkpt lat="51.7563220" lon="0.6159470"/>
            <trkpt lat="51.7562160" lon="0.6165130"/>
            <trkpt lat="51.7561940" lon="0.6167400"/>
            <trkpt lat="51.7561680" lon="0.6178160"/>
            <trkpt lat="51.7563600" lon="0.6191710"/>
            <trkpt lat="51.7563630" lon="0.6194550"/>
            <trkpt lat="51.7563340" lon="0.6196570"/>
            <trkpt lat="51.7562730" lon="0.6199240"/>
            <trkpt lat="51.7562660" lon="0.6200420"/>
            <trkpt lat="51.7562930" lon="0.6201400"/>
            <trkpt lat="51.7563380" lon="0.6201840"/>
            <trkpt lat="51.7566540" lon="0.6202940"/>
            <trkpt lat="51.7568270" lon="0.6204130"/>
            <trkpt lat="51.7568900" lon="0.6205000"/>
            <trkpt lat="51.7569570" lon="0.6206280"/>
            <trkpt lat="51.7570970" lon="0.6210140"/>
            <trkpt lat="51.7573630" lon="0.6220330"/>
            <trkpt lat="51.7577360" lon="0.6231400"/>
            <trkpt lat="51.7580180" lon="0.6241320"/>
            <trkpt lat="51.7581270" lon="0.6244570"/>
            <trkpt lat="51.7582210" lon="0.6246780"/>
            <trkpt lat="51.7582980" lon="0.6248250"/>
            <trkpt lat="51.7584470" lon="0.6250550"/>
            <trkpt lat="51.7585130" lon="0.6251340"/>
            <trkpt lat="51.7590370" lon="0.6256700"/>
            <trkpt lat="51.7592550" lon="0.6259140"/>
            <trkpt lat="51.7594020" lon="0.6261240"/>
            <trkpt lat="51.7594720" lon="0.6262490"/>
            <trkpt lat="51.7595530" lon="0.6264390"/>
            <trkpt lat="51.7596570" lon="0.6268190"/>
            <trkpt lat="51.7597230" lon="0.6272160"/>
            <trkpt lat="51.7597810" lon="0.6277330"/>
            <trkpt lat="51.7596660" lon="0.6293540"/>
            <trkpt lat="51.7596710" lon="0.6294340"/>
            <trkpt lat="51.7597000" lon="0.6295420"/>
            <trkpt lat="51.7597550" lon="0.6296220"/>
            <trkpt lat="51.7599030" lon="0.6296840"/>
            <trkpt lat="51.7606830" lon="0.6298600"/>
            <trkpt lat="51.7608240" lon="0.6299060"/>
            <trkpt lat="51.7609040" lon="0.6299510"/>
            <trkpt lat="51.7609890" lon="0.6300320"/>
            <trkpt lat="51.7610210" lon="0.6300990"/>
            <trkpt lat="51.7611560" lon="0.6305580"/>
            <trkpt lat="51.7608060" lon="0.6311750"/>
            <trkpt lat="51.7604070" lon="0.6322970"/>
            <trkpt lat="51.7602440" lon="0.6326800"/>
            <trkpt lat="51.7601120" lon="0.6329200"/>
            <trkpt lat="51.7599550" lon="0.6331380"/>
            <trkpt lat="51.7600970" lon="0.6333340"/>
            <trkpt lat="51.7602150" lon="0.6334580"/>
            <trkpt lat="51.7603380" lon="0.6335500"/>
            <trkpt lat="51.7604900" lon="0.6336350"/>
            <trkpt lat="51.7606450" lon="0.6336830"/>
            <trkpt lat="51.7613000" lon="0.6337430"/>
            <trkpt lat="51.7617880" lon="0.6336980"/>
            <trkpt lat="51.7620570" lon="0.6336390"/>
            <trkpt lat="51.7624530" lon="0.6335850"/>
            <trkpt lat="51.7628120" lon="0.6334820"/>
            <trkpt lat="51.7631030" lon="0.6333750"/>
            <trkpt lat="51.7634530" lon="0.6333090"/>
            <trkpt lat="51.7637200" lon="0.6332830"/>
            <trkpt lat="51.7643760" lon="0.6332900"/>
            <trkpt lat="51.7653000" lon="0.6332200"/>
            <trkpt lat="51.7659000" lon="0.6332230"/>
            <trkpt lat="51.7662710" lon="0.6332720"/>
            <trkpt lat="51.7664450" lon="0.6332730"/>
            <trkpt lat="51.7668940" lon="0.6332060"/>
            <trkpt lat="51.7671210" lon="0.6331360"/>
            <trkpt lat="51.7673260" lon="0.6331030"/>
            <trkpt lat="51.7677760" lon="0.6330810"/>
            <trkpt lat="51.7679730" lon="0.6330410"/>
            <trkpt lat="51.7684890" lon="0.6328500"/>
            <trkpt lat="51.7690920" lon="0.6324930"/>
            <trkpt lat="51.7692250" lon="0.6324440"/>
            <trkpt lat="51.7693110" lon="0.6324370"/>
            <trkpt lat="51.7695720" lon="0.6324650"/>
            <trkpt lat="51.7701480" lon="0.6326220"/>
            <trkpt lat="51.7704020" lon="0.6327100"/>
            <trkpt lat="51.7708980" lon="0.6327620"/>
            <trkpt lat="51.7712510" lon="0.6327680"/>
            <trkpt lat="51.7714780" lon="0.6327420"/>
            <trkpt lat="51.7719860" lon="0.6325620"/>
            <trkpt lat="51.7726140" lon="0.6325390"/>
            <trkpt lat="51.7730260" lon="0.6326130"/>
            <trkpt lat="51.7737650" lon="0.6328400"/>
            <trkpt lat="51.7745390" lon="0.6329360"/>
            <trkpt lat="51.7757250" lon="0.6332590"/>
            <trkpt lat="51.7760760" lon="0.6333460"/>
            <trkpt lat="51.7763070" lon="0.6333830"/>
            <trkpt lat="51.7761720" lon="0.6342930"/>
            <trkpt lat="51.7759300" lon="0.6355880"/>
            <trkpt lat="51.7757120" lon="0.6370020"/>
            <trkpt lat="51.7756160" lon="0.6375030"/>
            <trkpt lat="51.7754370" lon="0.6382310"/>
            <trkpt lat="51.7753520" lon="0.6389030"/>
            <trkpt lat="51.7753170" lon="0.6390530"/>
            <trkpt lat="51.7752640" lon="0.6391780"/>
            <trkpt lat="51.7751760" lon="0.6393010"/>
            <trkpt lat="51.7748830" lon="0.6396130"/>
            <trkpt lat="51.7743780" lon="0.6400870"/>
            <trkpt lat="51.7735060" lon="0.6407510"/>
            <trkpt lat="51.7731710" lon="0.6411580"/>
            <trkpt lat="51.7731000" lon="0.6412830"/>
            <trkpt lat="51.7730040" lon="0.6415260"/>
            <trkpt lat="51.7729370" lon="0.6417700"/>
            <trkpt lat="51.7728610" lon="0.6421670"/>
            <trkpt lat="51.7727660" lon="0.6425100"/>
            <trkpt lat="51.7726290" lon="0.6428300"/>
            <trkpt lat="51.7725670" lon="0.6430070"/>
            <trkpt lat="51.7725300" lon="0.6431830"/>
            <trkpt lat="51.7725160" lon="0.6437050"/>
            <trkpt lat="51.7726440" lon="0.6453510"/>
            <trkpt lat="51.7726990" lon="0.6457850"/>
            <trkpt lat="51.7727010" lon="0.6458680"/>
            <trkpt lat="51.7726890" lon="0.6459370"/>
            <trkpt lat="51.7727140" lon="0.6459910"/>
            <trkpt lat="51.7728610" lon="0.6466810"/>
            <trkpt lat="51.7729360" lon="0.6470350"/>
            <trkpt lat="51.7730850" lon="0.6476630"/>
            <trkpt lat="51.7732200" lon="0.6479520"/>
            <trkpt lat="51.7735330" lon="0.6483550"/>
            <trkpt lat="51.7737510" lon="0.6486840"/>
            <trkpt lat="51.7739190" lon="0.6490920"/>
            <trkpt lat="51.7739960" lon="0.6493850"/>
            <trkpt lat="51.7740580" lon="0.6496980"/>
            <trkpt lat="51.7741100" lon="0.6502710"/>
            <trkpt lat="51.7743050" lon="0.6519120"/>
            <trkpt lat="51.7744420" lon="0.6528210"/>
            <trkpt lat="51.7746270" lon="0.6538930"/>
            <trkpt lat="51.7747290" lon="0.6543860"/>
            <trkpt lat="51.7749600" lon="0.6552930"/>
            <trkpt lat="51.7752860" lon="0.6562220"/>
            <trkpt lat="51.7753400" lon="0.6563400"/>
            <trkpt lat="51.7753980" lon="0.6564430"/>
            <trkpt lat="51.7757170" lon="0.6567280"/>
            <trkpt lat="51.7758270" lon="0.6568520"/>
            <trkpt lat="51.7759080" lon="0.6570140"/>
            <trkpt lat="51.7760010" lon="0.6573690"/>
            <trkpt lat="51.7760380" lon="0.6576460"/>
            <trkpt lat="51.7760530" lon="0.6578840"/>
            <trkpt lat="51.7760400" lon="0.6583310"/>
            <trkpt lat="51.7759850" lon="0.6590820"/>
            <trkpt lat="51.7759750" lon="0.6594810"/>
            <trkpt lat="51.7759990" lon="0.6596170"/>
            <trkpt lat="51.7760400" lon="0.6596970"/>
            <trkpt lat="51.7761300" lon="0.6597870"/>
            <trkpt lat="51.7762960" lon="0.6598480"/>
            <trkpt lat="51.7765020" lon="0.6599030"/>
            <trkpt lat="51.7771130" lon="0.6600020"/>
            <trkpt lat="51.7771520" lon="0.6600380"/>
            <trkpt lat="51.7771830" lon="0.6600990"/>
            <trkpt lat="51.7772130" lon="0.6602070"/>
            <trkpt lat="51.7772620" lon="0.6612150"/>
            <trkpt lat="51.7772670" lon="0.6620790"/>
            <trkpt lat="51.7773270" lon="0.6634590"/>
            <trkpt lat="51.7774430" lon="0.6646660"/>
            <trkpt lat="51.7774900" lon="0.6649800"/>
            <trkpt lat="51.7775770" lon="0.6653550"/>
            <trkpt lat="51.7779120" lon="0.6663420"/>
            <trkpt lat="51.7782010" lon="0.6673940"/>
            <trkpt lat="51.7782750" lon="0.6677510"/>
            <trkpt lat="51.7782970" lon="0.6679760"/>
            <trkpt lat="51.7783010" lon="0.6682020"/>
            <trkpt lat="51.7782910" lon="0.6683900"/>
            <trkpt lat="51.7783220" lon="0.6684050"/>
            <trkpt lat="51.7785020" lon="0.6688440"/>
            <trkpt lat="51.7788940" lon="0.6697190"/>
            <trkpt lat="51.7791570" lon="0.6703860"/>
            <trkpt lat="51.7796010" lon="0.6713180"/>
            <trkpt lat="51.7799820" lon="0.6722310"/>
            <trkpt lat="51.7800620" lon="0.6723440"/>
            <trkpt lat="51.7802360" lon="0.6731780"/>
            <trkpt lat="51.7804320" lon="0.6738730"/>
            <trkpt lat="51.7805800" lon="0.6745580"/>
            <trkpt lat="51.7807320" lon="0.6751350"/>
            <trkpt lat="51.7810220" lon="0.6757790"/>
            <trkpt lat="51.7815750" lon="0.6769020"/>
            <trkpt lat="51.7817320" lon="0.6772910"/>
            <trkpt lat="51.7818680" lon="0.6780170"/>
            <trkpt lat="51.7822110" lon="0.6802910"/>
            <trkpt lat="51.7822530" lon="0.6803090"/>
            <trkpt lat="51.7824190" lon="0.6804870"/>
            <trkpt lat="51.7826980" lon="0.6806970"/>
            <trkpt lat="51.7827610" lon="0.6807240"/>
            <trkpt lat="51.7828430" lon="0.6808530"/>
            <trkpt lat="51.7832550" lon="0.6819640"/>
            <trkpt lat="51.7836520" lon="0.6828190"/>
            <trkpt lat="51.7839030" lon="0.6832680"/>
            <trkpt lat="51.7843620" lon="0.6840230"/>
            <trkpt lat="51.7847270" lon="0.6860170"/>
            <trkpt lat="51.7856410" lon="0.6884930"/>
            <trkpt lat="51.7858450" lon="0.6888060"/>
            <trkpt lat="51.7861730" lon="0.6894370"/>
            <trkpt lat="51.7863840" lon="0.6899280"/>
            <trkpt lat="51.7872090" lon="0.6916360"/>
            <trkpt lat="51.7875820" lon="0.6921990"/>
            <trkpt lat="51.7879120" lon="0.6925690"/>
            <trkpt lat="51.7884690" lon="0.6930250"/>
            <trkpt lat="51.7888440" lon="0.6932740"/>
            <trkpt lat="51.7894220" lon="0.6940650"/>
            <trkpt lat="51.7898780" lon="0.6945020"/>
            <trkpt lat="51.7906350" lon="0.6948030"/>
            <trkpt lat="51.7911520" lon="0.6951700"/>
            <trkpt lat="51.7918920" lon="0.6958200"/>
            <trkpt lat="51.7926360" lon="0.6963530"/>
            <trkpt lat="51.7927680" lon="0.6965660"/>
            <trkpt lat="51.7929680" lon="0.6968320"/>
            <trkpt lat="51.7933250" lon="0.6972470"/>
            <trkpt lat="51.7935380" lon="0.6974820"/>
            <trkpt lat="51.7936730" lon="0.6976570"/>
            <trkpt lat="51.7938920" lon="0.6978690"/>
            <trkpt lat="51.7944450" lon="0.6982930"/>
            <trkpt lat="51.7951050" lon="0.6986850"/>
            <trkpt lat="51.7954440" lon="0.6993540"/>
            <trkpt lat="51.7955640" lon="0.6996400"/>
            <trkpt lat="51.7960710" lon="0.7007220"/>
            <trkpt lat="51.7962000" lon="0.7008920"/>
            <trkpt lat="51.7968050" lon="0.7017930"/>
            <trkpt lat="51.7969350" lon="0.7020550"/>
            <trkpt lat="51.7972160" lon="0.7024290"/>
            <trkpt lat="51.7988610" lon="0.7050600"/>
            <trkpt lat="51.7994700" lon="0.7059800"/>
            <trkpt lat="51.7995350" lon="0.7060400"/>
            <trkpt lat="51.7996040" lon="0.7060750"/>
            <trkpt lat="51.7991820" lon="0.7096570"/>
            <trkpt lat="51.7989500" lon="0.7112130"/>
            <trkpt lat="51.7986560" lon="0.7126490"/>
            <trkpt lat="51.7983930" lon="0.7141140"/>
            <trkpt lat="51.7982200" lon="0.7156120"/>
            <trkpt lat="51.7979920" lon="0.7165990"/>
            <trkpt lat="51.7977970" lon="0.7172090"/>
            <trkpt lat="51.7973470" lon="0.7184370"/>
            <trkpt lat="51.7972090" lon="0.7189700"/>
            <trkpt lat="51.7971230" lon="0.7195130"/>
            <trkpt lat="51.7967390" lon="0.7212920"/>
            <trkpt lat="51.7966400" lon="0.7215500"/>
            <trkpt lat="51.7965770" lon="0.7216730"/>
            <trkpt lat="51.7971140" lon="0.7223700"/>
            <trkpt lat="51.7978640" lon="0.7234760"/>
            <trkpt lat="51.7985940" lon="0.7243170"/>
            <trkpt lat="51.7987700" lon="0.7245590"/>
            <trkpt lat="51.7991260" lon="0.7251510"/>
            <trkpt lat="51.7998450" lon="0.7266390"/>
            <trkpt lat="51.8000500" lon="0.7270160"/>
            <trkpt lat="51.8004580" lon="0.7276230"/>
            <trkpt lat="51.8006600" lon="0.7280450"/>
            <trkpt lat="51.8011290" lon="0.7292060"/>
            <trkpt lat="51.8015030" lon="0.7299840"/>
            <trkpt lat="51.8015830" lon="0.7301760"/>
            <trkpt lat="51.8017420" lon="0.7304880"/>
            <trkpt lat="51.8018730" lon="0.7306970"/>
            <trkpt lat="51.8021620" lon="0.7312710"/>
            <trkpt lat="51.8025070" lon="0.7318630"/>
            <trkpt lat="51.8030590" lon="0.7329530"/>
            <trkpt lat="51.8036880" lon="0.7339570"/>
            <trkpt lat="51.8038390" lon="0.7343010"/>
            <trkpt lat="51.8041360" lon="0.7348240"/>
            <trkpt lat="51.8043720" lon="0.7354570"/>
            <trkpt lat="51.8045770" lon="0.7365580"/>
            <trkpt lat="51.8046830" lon="0.7368070"/>
            <trkpt lat="51.8048150" lon="0.7370050"/>
            <trkpt lat="51.8053300" lon="0.7374590"/>
            <trkpt lat="51.8055050" lon="0.7376570"/>
            <trkpt lat="51.8059090" lon="0.7382750"/>
            <trkpt lat="51.8061420" lon="0.7386780"/>
            <trkpt lat="51.8063900" lon="0.7391590"/>
            <trkpt lat="51.8068290" lon="0.7400710"/>
            <trkpt lat="51.8072440" lon="0.7408540"/>
            <trkpt lat="51.8071480" lon="0.7410120"/>
            <trkpt lat="51.8071140" lon="0.7411070"/>
            <trkpt lat="51.8070990" lon="0.7412060"/>
            <trkpt lat="51.8071440" lon="0.7419150"/>
            <trkpt lat="51.8071910" lon="0.7423010"/>
            <trkpt lat="51.8072590" lon="0.7431690"/>
            <trkpt lat="51.8073270" lon="0.7445890"/>
            <trkpt lat="51.8073670" lon="0.7449260"/>
            <trkpt lat="51.8075670" lon="0.7459550"/>
            <trkpt lat="51.8075850" lon="0.7461280"/>
            <trkpt lat="51.8075890" lon="0.7462880"/>
            <trkpt lat="51.8075560" lon="0.7474470"/>
            <trkpt lat="51.8075850" lon="0.7480140"/>
            <trkpt lat="51.8076400" lon="0.7485420"/>
            <trkpt lat="51.8078910" lon="0.7503360"/>
            <trkpt lat="51.8080340" lon="0.7514940"/>
            <trkpt lat="51.8080380" lon="0.7516960"/>
            <trkpt lat="51.8079390" lon="0.7533070"/>
            <trkpt lat="51.8079510" lon="0.7535550"/>
            <trkpt lat="51.8083290" lon="0.7541960"/>
            <trkpt lat="51.8094720" lon="0.7563490"/>
            <trkpt lat="51.8107210" lon="0.7588080"/>
            <trkpt lat="51.8108100" lon="0.7590360"/>
            <trkpt lat="51.8108740" lon="0.7592680"/>
            <trkpt lat="51.8109440" lon="0.7596450"/>
            <trkpt lat="51.8110200" lon="0.7604000"/>
            <trkpt lat="51.8113030" lon="0.7623880"/>
            <trkpt lat="51.8115330" lon="0.7630080"/>
            <trkpt lat="51.8129820" lon="0.7677660"/>
            <trkpt lat="51.8133030" lon="0.7694020"/>
            <trkpt lat="51.8139420" lon="0.7710170"/>
            <trkpt lat="51.8146590" lon="0.7724350"/>
            <trkpt lat="51.8154910" lon="0.7740130"/>
            <trkpt lat="51.8157270" lon="0.7743670"/>
            <trkpt lat="51.8159450" lon="0.7746280"/>
            <trkpt lat="51.8162530" lon="0.7748490"/>
            <trkpt lat="51.8165770" lon="0.7749870"/>
            <trkpt lat="51.8171870" lon="0.7751800"/>
            <trkpt lat="51.8174830" lon="0.7753500"/>
            <trkpt lat="51.8180210" lon="0.7759330"/>
            <trkpt lat="51.8185970" lon="0.7764650"/>
            <trkpt lat="51.8191580" lon="0.7771400"/>
            <trkpt lat="51.8199600" lon="0.7779210"/>
            <trkpt lat="51.8212240" lon="0.7792830"/>
            <trkpt lat="51.8220240" lon="0.7800390"/>
            <trkpt lat="51.8223300" lon="0.7802910"/>
            <trkpt lat="51.8226210" lon="0.7804290"/>
            <trkpt lat="51.8220460" lon="0.7836580"/>
            <trkpt lat="51.8219620" lon="0.7842630"/>
            <trkpt lat="51.8218220" lon="0.7850040"/>
            <trkpt lat="51.8217000" lon="0.7854940"/>
            <trkpt lat="51.8215550" lon="0.7859280"/>
            <trkpt lat="51.8214580" lon="0.7863510"/>
            <trkpt lat="51.8214650" lon="0.7864260"/>
            <trkpt lat="51.8215040" lon="0.7865700"/>
            <trkpt lat="51.8215500" lon="0.7866850"/>
            <trkpt lat="51.8228630" lon="0.7869630"/>
            <trkpt lat="51.8236720" lon="0.7872790"/>
            <trkpt lat="51.8242660" lon="0.7876850"/>
            <trkpt lat="51.8248710" lon="0.7878140"/>
            <trkpt lat="51.8250730" lon="0.7880320"/>
            <trkpt lat="51.8252880" lon="0.7883070"/>
            <trkpt lat="51.8259910" lon="0.7894350"/>
            <trkpt lat="51.8260830" lon="0.7897280"/>
            <trkpt lat="51.8262050" lon="0.7901970"/>
            <trkpt lat="51.8263040" lon="0.7908240"/>
            <trkpt lat="51.8263620" lon="0.7909710"/>
            <trkpt lat="51.8267030" lon="0.7918430"/>
            <trkpt lat="51.8275990" lon="0.7944210"/>
            <trkpt lat="51.8278730" lon="0.7944570"/>
            <trkpt lat="51.8282700" lon="0.7944790"/>
            <trkpt lat="51.8287980" lon="0.7946090"/>
            <trkpt lat="51.8287960" lon="0.7952500"/>
            <trkpt lat="51.8288350" lon="0.7958670"/>
            <trkpt lat="51.8291560" lon="0.7989790"/>
            <trkpt lat="51.8292820" lon="0.7997960"/>
            <trkpt lat="51.8295880" lon="0.8013240"/>
            <trkpt lat="51.8296460" lon="0.8017740"/>
            <trkpt lat="51.8296800" lon="0.8025510"/>
            <trkpt lat="51.8297010" lon="0.8038540"/>
            <trkpt lat="51.8297190" lon="0.8040960"/>
            <trkpt lat="51.8298380" lon="0.8046650"/>
            <trkpt lat="51.8301140" lon="0.8054450"/>
            <trkpt lat="51.8303330" lon="0.8059340"/>
            <trkpt lat="51.8303370" lon="0.8061580"/>
            <trkpt lat="51.8302640" lon="0.8062900"/>
            <trkpt lat="51.8300430" lon="0.8065260"/>
            <trkpt lat="51.8298580" lon="0.8067540"/>
            <trkpt lat="51.8297890" lon="0.8068640"/>
            <trkpt lat="51.8297410" lon="0.8069850"/>
            <trkpt lat="51.8294830" lon="0.8079370"/>
            <trkpt lat="51.8291890" lon="0.8089010"/>
            <trkpt lat="51.8290890" lon="0.8091690"/>
            <trkpt lat="51.8289130" lon="0.8094200"/>
            <trkpt lat="51.8287150" lon="0.8097750"/>
            <trkpt lat="51.8282730" lon="0.8103910"/>
            <trkpt lat="51.8279940" lon="0.8107470"/>
            <trkpt lat="51.8277410" lon="0.8110390"/>
            <trkpt lat="51.8275900" lon="0.8112590"/>
            <trkpt lat="51.8275730" lon="0.8113800"/>
            <trkpt lat="51.8275810" lon="0.8115640"/>
            <trkpt lat="51.8276320" lon="0.8117560"/>
            <trkpt lat="51.8277980" lon="0.8121500"/>
            <trkpt lat="51.8279520" lon="0.8129660"/>
            <trkpt lat="51.8280720" lon="0.8142970"/>
            <trkpt lat="51.8283540" lon="0.8155280"/>
            <trkpt lat="51.8286430" lon="0.8163260"/>
            <trkpt lat="51.8291840" lon="0.8174050"/>
            <trkpt lat="51.8294620" lon="0.8178980"/>
            <trkpt lat="51.8296220" lon="0.8182460"/>
            <trkpt lat="51.8297540" lon="0.8185850"/>
            <trkpt lat="51.8299460" lon="0.8194480"/>
            <trkpt lat="51.8300160" lon="0.8196560"/>
            <trkpt lat="51.8301790" lon="0.8198870"/>
            <trkpt lat="51.8303740" lon="0.8201070"/>
            <trkpt lat="51.8305100" lon="0.8203090"/>
            <trkpt lat="51.8307610" lon="0.8206040"/>
            <trkpt lat="51.8309730" lon="0.8205090"/>
            <trkpt lat="51.8314730" lon="0.8203730"/>
            <trkpt lat="51.8318440" lon="0.8202390"/>
            <trkpt lat="51.8322650" lon="0.8200520"/>
            <trkpt lat="51.8337310" lon="0.8195140"/>
            <trkpt lat="51.8337530" lon="0.8197300"/>
            <trkpt lat="51.8338180" lon="0.8219370"/>
            <trkpt lat="51.8338050" lon="0.8222180"/>
            <trkpt lat="51.8338670" lon="0.8241130"/>
            <trkpt lat="51.8339120" lon="0.8264050"/>
            <trkpt lat="51.8339470" lon="0.8266090"/>
            <trkpt lat="51.8340210" lon="0.8267610"/>
            <trkpt lat="51.8341010" lon="0.8268400"/>
            <trkpt lat="51.8342110" lon="0.8269100"/>
            <trkpt lat="51.8344610" lon="0.8270000"/>
            <trkpt lat="51.8347110" lon="0.8270610"/>
            <trkpt lat="51.8348890" lon="0.8271430"/>
            <trkpt lat="51.8349460" lon="0.8271950"/>
            <trkpt lat="51.8349880" lon="0.8272740"/>
            <trkpt lat="51.8351090" lon="0.8277460"/>
            <trkpt lat="51.8352140" lon="0.8280490"/>
            <trkpt lat="51.8352860" lon="0.8281870"/>
            <trkpt lat="51.8354270" lon="0.8283830"/>
            <trkpt lat="51.8355680" lon="0.8285260"/>
            <trkpt lat="51.8356820" lon="0.8286760"/>
            <trkpt lat="51.8357490" lon="0.8288050"/>
            <trkpt lat="51.8358970" lon="0.8292910"/>
            <trkpt lat="51.8359860" lon="0.8296640"/>
            <trkpt lat="51.8361740" lon="0.8303330"/>
            <trkpt lat="51.8364960" lon="0.8307770"/>
            <trkpt lat="51.8369110" lon="0.8298420"/>
            <trkpt lat="51.8369500" lon="0.8297530"/>
            <trkpt lat="51.8373410" lon="0.8287060"/>
            <trkpt lat="51.8375080" lon="0.8282030"/>
            <trkpt lat="51.8376850" lon="0.8274710"/>
            <trkpt lat="51.8378470" lon="0.8271120"/>
            <trkpt lat="51.8380940" lon="0.8268140"/>
            <trkpt lat="51.8382260" lon="0.8265080"/>
            <trkpt lat="51.8385850" lon="0.8251770"/>
            <trkpt lat="51.8388380" lon="0.8244100"/>
            <trkpt lat="51.8389100" lon="0.8242790"/>
            <trkpt lat="51.8390210" lon="0.8242140"/>
            <trkpt lat="51.8395040" lon="0.8241200"/>
            <trkpt lat="51.8399670" lon="0.8239580"/>
            <trkpt lat="51.8403790" lon="0.8237400"/>
            <trkpt lat="51.8404300" lon="0.8236750"/>
            <trkpt lat="51.8404480" lon="0.8236150"/>
            <trkpt lat="51.8404750" lon="0.8233240"/>
            <trkpt lat="51.8405020" lon="0.8224110"/>
            <trkpt lat="51.8405520" lon="0.8220580"/>
            <trkpt lat="51.8405930" lon="0.8216140"/>
            <trkpt lat="51.8406220" lon="0.8214500"/>
            <trkpt lat="51.8406590" lon="0.8213610"/>
            <trkpt lat="51.8411110" lon="0.8209300"/>
            <trkpt lat="51.8413530" lon="0.8210370"/>
            <trkpt lat="51.8415560" lon="0.8210510"/>
            <trkpt lat="51.8421280" lon="0.8209200"/>
            <trkpt lat="51.8423820" lon="0.8207980"/>
            <trkpt lat="51.8424850" lon="0.8206910"/>
            <trkpt lat="51.8427630" lon="0.8203450"/>
            <trkpt lat="51.8435200" lon="0.8195220"/>
            <trkpt lat="51.8436720" lon="0.8193310"/>
            <trkpt lat="51.8438950" lon="0.8191200"/>
            <trkpt lat="51.8441570" lon="0.8189960"/>
            <trkpt lat="51.8445540" lon="0.8188780"/>
            <trkpt lat="51.8450040" lon="0.8187000"/>
            <trkpt lat="51.8452880" lon="0.8185640"/>
            <trkpt lat="51.8453930" lon="0.8185430"/>
            <trkpt lat="51.8454950" lon="0.8185580"/>
            <trkpt lat="51.8462040" lon="0.8188640"/>
            <trkpt lat="51.8463820" lon="0.8189220"/>
            <trkpt lat="51.8466290" lon="0.8189720"/>
            <trkpt lat="51.8469360" lon="0.8190000"/>
            <trkpt lat="51.8478890" lon="0.8188830"/>
            <trkpt lat="51.8483750" lon="0.8187650"/>
            <trkpt lat="51.8488410" lon="0.8185920"/>
            <trkpt lat="51.8491650" lon="0.8185130"/>
            <trkpt lat="51.8496040" lon="0.8184370"/>
            <trkpt lat="51.8504350" lon="0.8183420"/>
            <trkpt lat="51.8513940" lon="0.8181430"/>
            <trkpt lat="51.8524590" lon="0.8179490"/>
            <trkpt lat="51.8524970" lon="0.8178890"/>
            <trkpt lat="51.8526480" lon="0.8179610"/>
            <trkpt lat="51.8528480" lon="0.8180120"/>
            <trkpt lat="51.8530680" lon="0.8180240"/>
            <trkpt lat="51.8533090" lon="0.8180010"/>
            <trkpt lat="51.8538530" lon="0.8178900"/>
            <trkpt lat="51.8541920" lon="0.8178530"/>
            <trkpt lat="51.8543310" lon="0.8178650"/>
            <trkpt lat="51.8544720" lon="0.8179060"/>
            <trkpt lat="51.8546600" lon="0.8179890"/>
            <trkpt lat="51.8564740" lon="0.8190320"/>
            <trkpt lat="51.8573490" lon="0.8196070"/>
            <trkpt lat="51.8580010" lon="0.8201050"/>
            <trkpt lat="51.8582910" lon="0.8204220"/>
            <trkpt lat="51.8586050" lon="0.8208000"/>
            <trkpt lat="51.8590980" lon="0.8215380"/>
            <trkpt lat="51.8594160" lon="0.8221130"/>
            <trkpt lat="51.8596170" lon="0.8226220"/>
            <trkpt lat="51.8598720" lon="0.8231860"/>
            <trkpt lat="51.8602380" lon="0.8240960"/>
            <trkpt lat="51.8605130" lon="0.8247390"/>
            <trkpt lat="51.8607360" lon="0.8250480"/>
            <trkpt lat="51.8609310" lon="0.8252530"/>
            <trkpt lat="51.8616170" lon="0.8257350"/>
            <trkpt lat="51.8623890" lon="0.8259830"/>
            <trkpt lat="51.8625440" lon="0.8260490"/>
            <trkpt lat="51.8626450" lon="0.8260520"/>
            <trkpt lat="51.8627640" lon="0.8261530"/>
            <trkpt lat="51.8628120" lon="0.8262310"/>
            <trkpt lat="51.8628780" lon="0.8263940"/>
            <trkpt lat="51.8628840" lon="0.8264660"/>
            <trkpt lat="51.8628700" lon="0.8265410"/>
            <trkpt lat="51.8629450" lon="0.8270400"/>
            <trkpt lat="51.8633230" lon="0.8300950"/>
            <trkpt lat="51.8635240" lon="0.8314090"/>
            <trkpt lat="51.8638790" lon="0.8333410"/>
            <trkpt lat="51.8639580" lon="0.8339550"/>
            <trkpt lat="51.8641160" lon="0.8353900"/>
            <trkpt lat="51.8643080" lon="0.8364720"/>
            <trkpt lat="51.8644360" lon="0.8371160"/>
            <trkpt lat="51.8646150" lon="0.8384430"/>
            <trkpt lat="51.8647850" lon="0.8409610"/>
            <trkpt lat="51.8650680" lon="0.8430480"/>
            <trkpt lat="51.8653050" lon="0.8439660"/>
            <trkpt lat="51.8656380" lon="0.8448530"/>
            <trkpt lat="51.8661480" lon="0.8459220"/>
            <trkpt lat="51.8668420" lon="0.8470500"/>
            <trkpt lat="51.8671670" lon="0.8477520"/>
            <trkpt lat="51.8672210" lon="0.8478920"/>
            <trkpt lat="51.8674990" lon="0.8487410"/>
            <trkpt lat="51.8684950" lon="0.8521370"/>
            <trkpt lat="51.8687140" lon="0.8527190"/>
            <trkpt lat="51.8692640" lon="0.8540510"/>
            <trkpt lat="51.8696280" lon="0.8548880"/>
            <trkpt lat="51.8698940" lon="0.8555640"/>
            <trkpt lat="51.8699820" lon="0.8559220"/>
            <trkpt lat="51.8700290" lon="0.8563580"/>
            <trkpt lat="51.8701090" lon="0.8566740"/>
            <trkpt lat="51.8699700" lon="0.8567450"/>
            <trkpt lat="51.8699940" lon="0.8572900"/>
            <trkpt lat="51.8700810" lon="0.8573350"/>
            <trkpt lat="51.8701280" lon="0.8573850"/>
            <trkpt lat="51.8702060" lon="0.8575390"/>
            <trkpt lat="51.8700970" lon="0.8577010"/>
            <trkpt lat="51.8697100" lon="0.8587720"/>
            <trkpt lat="51.8695700" lon="0.8592390"/>
            <trkpt lat="51.8693310" lon="0.8601180"/>
            <trkpt lat="51.8691860" lon="0.8607290"/>
            <trkpt lat="51.8690580" lon="0.8613550"/>
            <trkpt lat="51.8689870" lon="0.8617890"/>
            <trkpt lat="51.8689260" lon="0.8622610"/>
            <trkpt lat="51.8687910" lon="0.8622700"/>
            <trkpt lat="51.8687470" lon="0.8622390"/>
            <trkpt lat="51.8686580" lon="0.8624260"/>
            <trkpt lat="51.8686140" lon="0.8624710"/>
            <trkpt lat="51.8685250" lon="0.8624900"/>
            <trkpt lat="51.8683500" lon="0.8623980"/>
            <trkpt lat="51.8683400" lon="0.8624570"/>
            <trkpt lat="51.8676250" lon="0.8619130"/>
            <trkpt lat="51.8668970" lon="0.8615600"/>
            <trkpt lat="51.8659570" lon="0.8610760"/>
            <trkpt lat="51.8651910" lon="0.8607540"/>
            <trkpt lat="51.8640160" lon="0.8603630"/>
            <trkpt lat="51.8636210" lon="0.8601950"/>
            <trkpt lat="51.8631540" lon="0.8598770"/>
            <trkpt lat="51.8627580" lon="0.8596580"/>
            <trkpt lat="51.8623630" lon="0.8593710"/>
            <trkpt lat="51.8618200" lon="0.8591870"/>
            <trkpt lat="51.8615850" lon="0.8590760"/>
            <trkpt lat="51.8618200" lon="0.8591870"/>
            <trkpt lat="51.8623630" lon="0.8593710"/>
            <trkpt lat="51.8627580" lon="0.8596580"/>
            <trkpt lat="51.8631540" lon="0.8598770"/>
            <trkpt lat="51.8636210" lon="0.8601950"/>
            <trkpt lat="51.8640160" lon="0.8603630"/>
            <trkpt lat="51.8651910" lon="0.8607540"/>
            <trkpt lat="51.8659570" lon="0.8610760"/>
            <trkpt lat="51.8668970" lon="0.8615600"/>
            <trkpt lat="51.8676250" lon="0.8619130"/>
            <trkpt lat="51.8683400" lon="0.8624570"/>
            <trkpt lat="51.8683500" lon="0.8623980"/>
            <trkpt lat="51.8685250" lon="0.8624900"/>
            <trkpt lat="51.8686140" lon="0.8624710"/>
            <trkpt lat="51.8686580" lon="0.8624260"/>
            <trkpt lat="51.8687470" lon="0.8622390"/>
            <trkpt lat="51.8687910" lon="0.8622700"/>
            <trkpt lat="51.8688530" lon="0.8622750"/>
            <trkpt lat="51.8688670" lon="0.8624440"/>
            <trkpt lat="51.8689060" lon="0.8625060"/>
            <trkpt lat="51.8689300" lon="0.8626260"/>
            <trkpt lat="51.8688300" lon="0.8632070"/>
            <trkpt lat="51.8687130" lon="0.8659920"/>
            <trkpt lat="51.8688190" lon="0.8664330"/>
            <trkpt lat="51.8688880" lon="0.8664460"/>
            <trkpt lat="51.8689350" lon="0.8664960"/>
            <trkpt lat="51.8689650" lon="0.8665650"/>
            <trkpt lat="51.8689770" lon="0.8666590"/>
            <trkpt lat="51.8689600" lon="0.8667680"/>
            <trkpt lat="51.8689390" lon="0.8668140"/>
            <trkpt lat="51.8688780" lon="0.8668760"/>
            <trkpt lat="51.8687930" lon="0.8671850"/>
            <trkpt lat="51.8687310" lon="0.8674900"/>
            <trkpt lat="51.8686700" lon="0.8676980"/>
            <trkpt lat="51.8685540" lon="0.8679550"/>
            <trkpt lat="51.8684050" lon="0.8681870"/>
            <trkpt lat="51.8683050" lon="0.8683160"/>
            <trkpt lat="51.8681720" lon="0.8684360"/>
            <trkpt lat="51.8679970" lon="0.8685470"/>
            <trkpt lat="51.8675060" lon="0.8687800"/>
            <trkpt lat="51.8671560" lon="0.8689780"/>
            <trkpt lat="51.8668170" lon="0.8692180"/>
            <trkpt lat="51.8663400" lon="0.8695960"/>
            <trkpt lat="51.8660490" lon="0.8698870"/>
            <trkpt lat="51.8651900" lon="0.8711580"/>
            <trkpt lat="51.8650770" lon="0.8714060"/>
            <trkpt lat="51.8649240" lon="0.8718570"/>
            <trkpt lat="51.8648890" lon="0.8720160"/>
            <trkpt lat="51.8645630" lon="0.8718690"/>
            <trkpt lat="51.8643040" lon="0.8725840"/>
            <trkpt lat="51.8634960" lon="0.8744080"/>
            <trkpt lat="51.8631220" lon="0.8753160"/>
            <trkpt lat="51.8626790" lon="0.8764700"/>
            <trkpt lat="51.8623680" lon="0.8772270"/>
            <trkpt lat="51.8618340" lon="0.8786600"/>
            <trkpt lat="51.8617470" lon="0.8789530"/>
            <trkpt lat="51.8616880" lon="0.8792040"/>
            <trkpt lat="51.8616470" lon="0.8794470"/>
            <trkpt lat="51.8615010" lon="0.8806970"/>
            <trkpt lat="51.8614090" lon="0.8813060"/>
            <trkpt lat="51.8613370" lon="0.8816320"/>
            <trkpt lat="51.8611360" lon="0.8823590"/>
            <trkpt lat="51.8609780" lon="0.8828020"/>
            <trkpt lat="51.8607540" lon="0.8832970"/>
            <trkpt lat="51.8603450" lon="0.8841090"/>
            <trkpt lat="51.8602080" lon="0.8845730"/>
            <trkpt lat="51.8601260" lon="0.8850440"/>
            <trkpt lat="51.8600910" lon="0.8853880"/>
            <trkpt lat="51.8600860" lon="0.8856630"/>
            <trkpt lat="51.8601490" lon="0.8866560"/>
            <trkpt lat="51.8602070" lon="0.8870510"/>
            <trkpt lat="51.8604620" lon="0.8881610"/>
            <trkpt lat="51.8607550" lon="0.8895400"/>
            <trkpt lat="51.8610230" lon="0.8906940"/>
            <trkpt lat="51.8611180" lon="0.8912150"/>
            <trkpt lat="51.8611630" lon="0.8917180"/>
            <trkpt lat="51.8612420" lon="0.8920760"/>
            <trkpt lat="51.8612700" lon="0.8920890"/>
            <trkpt lat="51.8613160" lon="0.8921530"/>
            <trkpt lat="51.8613390" lon="0.8922210"/>
            <trkpt lat="51.8614290" lon="0.8922550"/>
            <trkpt lat="51.8613690" lon="0.8924400"/>
            <trkpt lat="51.8612110" lon="0.8926320"/>
            <trkpt lat="51.8611600" lon="0.8928640"/>
            <trkpt lat="51.8610070" lon="0.8934080"/>
            <trkpt lat="51.8606140" lon="0.8949790"/>
            <trkpt lat="51.8606240" lon="0.8950500"/>
            <trkpt lat="51.8606580" lon="0.8951390"/>
            <trkpt lat="51.8606350" lon="0.8952940"/>
            <trkpt lat="51.8605100" lon="0.8954340"/>
            <trkpt lat="51.8604010" lon="0.8958380"/>
            <trkpt lat="51.8605190" lon="0.8959150"/>
            <trkpt lat="51.8605210" lon="0.8959350"/>
            <trkpt lat="51.8604190" lon="0.8963260"/>
            <trkpt lat="51.8603550" lon="0.8967150"/>
            <trkpt lat="51.8604190" lon="0.8963260"/>
            <trkpt lat="51.8605190" lon="0.8959150"/>
            <trkpt lat="51.8604010" lon="0.8958380"/>
            <trkpt lat="51.8603250" lon="0.8961550"/>
            <trkpt lat="51.8601480" lon="0.8973800"/>
            <trkpt lat="51.8601460" lon="0.8975670"/>
            <trkpt lat="51.8601680" lon="0.8980480"/>
            <trkpt lat="51.8601800" lon="0.8981540"/>
            <trkpt lat="51.8602460" lon="0.8984430"/>
            <trkpt lat="51.8602200" lon="0.8984790"/>
            <trkpt lat="51.8601860" lon="0.8985840"/>
            <trkpt lat="51.8600840" lon="0.8985640"/>
            <trkpt lat="51.8600500" lon="0.8984640"/>
            <trkpt lat="51.8600110" lon="0.8990370"/>
            <trkpt lat="51.8599600" lon="0.8992900"/>
            <trkpt lat="51.8598850" lon="0.8995540"/>
            <trkpt lat="51.8598120" lon="0.8998770"/>
            <trkpt lat="51.8597770" lon="0.9001910"/>
            <trkpt lat="51.8597990" lon="0.9005500"/>
            <trkpt lat="51.8598620" lon="0.9006020"/>
            <trkpt lat="51.8598860" lon="0.9006970"/>
            <trkpt lat="51.8598670" lon="0.9007920"/>
            <trkpt lat="51.8598000" lon="0.9008490"/>
            <trkpt lat="51.8597470" lon="0.9011070"/>
            <trkpt lat="51.8596610" lon="0.9016460"/>
            <trkpt lat="51.8596470" lon="0.9018870"/>
            <trkpt lat="51.8596530" lon="0.9021980"/>
            <trkpt lat="51.8597450" lon="0.9027680"/>
            <trkpt lat="51.8598580" lon="0.9030690"/>
            <trkpt lat="51.8603030" lon="0.9039720"/>
            <trkpt lat="51.8605360" lon="0.9045680"/>
            <trkpt lat="51.8607990" lon="0.9053950"/>
            <trkpt lat="51.8609740" lon="0.9061790"/>
            <trkpt lat="51.8612660" lon="0.9075870"/>
            <trkpt lat="51.8612800" lon="0.9077430"/>
            <trkpt lat="51.8609330" lon="0.9078420"/>
            <trkpt lat="51.8606270" lon="0.9079980"/>
            <trkpt lat="51.8596250" lon="0.9086070"/>
            <trkpt lat="51.8584480" lon="0.9093680"/>
            <trkpt lat="51.8581940" lon="0.9095840"/>
            <trkpt lat="51.8580430" lon="0.9097700"/>
            <trkpt lat="51.8573690" lon="0.9107020"/>
            <trkpt lat="51.8564800" lon="0.9117080"/>
            <trkpt lat="51.8560620" lon="0.9122630"/>
            <trkpt lat="51.8557760" lon="0.9127130"/>
            <trkpt lat="51.8557110" lon="0.9131440"/>
            <trkpt lat="51.8558140" lon="0.9131620"/>
            <trkpt lat="51.8558590" lon="0.9132060"/>
            <trkpt lat="51.8558030" lon="0.9147430"/>
            <trkpt lat="51.8558500" lon="0.9150960"/>
            <trkpt lat="51.8558930" lon="0.9152910"/>
            <trkpt lat="51.8559590" lon="0.9154450"/>
            <trkpt lat="51.8560350" lon="0.9155480"/>
            <trkpt lat="51.8563020" lon="0.9157350"/>
            <trkpt lat="51.8568260" lon="0.9160410"/>
            <trkpt lat="51.8569360" lon="0.9160700"/>
            <trkpt lat="51.8570140" lon="0.9160580"/>
            <trkpt lat="51.8570410" lon="0.9161480"/>
            <trkpt lat="51.8570750" lon="0.9162080"/>
            <trkpt lat="51.8570830" lon="0.9162640"/>
            <trkpt lat="51.8570670" lon="0.9163010"/>
            <trkpt lat="51.8569300" lon="0.9164170"/>
            <trkpt lat="51.8568350" lon="0.9165440"/>
            <trkpt lat="51.8567600" lon="0.9164680"/>
            <trkpt lat="51.8562860" lon="0.9166770"/>
            <trkpt lat="51.8559390" lon="0.9168080"/>
            <trkpt lat="51.8557300" lon="0.9168640"/>
            <trkpt lat="51.8557390" lon="0.9182010"/>
            <trkpt lat="51.8556680" lon="0.9188290"/>
            <trkpt lat="51.8555320" lon="0.9195820"/>
            <trkpt lat="51.8554810" lon="0.9203280"/>
            <trkpt lat="51.8555000" lon="0.9209930"/>
            <trkpt lat="51.8556310" lon="0.9217660"/>
            <trkpt lat="51.8557790" lon="0.9222000"/>
            <trkpt lat="51.8558120" lon="0.9225220"/>
            <trkpt lat="51.8558550" lon="0.9231550"/>
            <trkpt lat="51.8558810" lon="0.9238180"/>
            <trkpt lat="51.8558370" lon="0.9243380"/>
            <trkpt lat="51.8556690" lon="0.9253460"/>
            <trkpt lat="51.8554060" lon="0.9261700"/>
            <trkpt lat="51.8553250" lon="0.9265450"/>
            <trkpt lat="51.8552970" lon="0.9267570"/>
            <trkpt lat="51.8552920" lon="0.9273770"/>
            <trkpt lat="51.8552520" lon="0.9275700"/>
            <trkpt lat="51.8552490" lon="0.9277930"/>
            <trkpt lat="51.8552730" lon="0.9278540"/>
            <trkpt lat="51.8552950" lon="0.9278540"/>
            <trkpt lat="51.8555290" lon="0.9276640"/>
            <trkpt lat="51.8557920" lon="0.9274090"/>
            <trkpt lat="51.8559470" lon="0.9273020"/>
            <trkpt lat="51.8560700" lon="0.9274420"/>
            <trkpt lat="51.8556330" lon="0.9283300"/>
            <trkpt lat="51.8560700" lon="0.9274420"/>
            <trkpt lat="51.8559470" lon="0.9273020"/>
            <trkpt lat="51.8557920" lon="0.9274090"/>
            <trkpt lat="51.8555290" lon="0.9276640"/>
            <trkpt lat="51.8552950" lon="0.9278540"/>
            <trkpt lat="51.8552730" lon="0.9278540"/>
            <trkpt lat="51.8552490" lon="0.9277930"/>
            <trkpt lat="51.8552520" lon="0.9275700"/>
            <trkpt lat="51.8552920" lon="0.9273770"/>
            <trkpt lat="51.8552970" lon="0.9267570"/>
            <trkpt lat="51.8553250" lon="0.9265450"/>
            <trkpt lat="51.8554060" lon="0.9261700"/>
            <trkpt lat="51.8556690" lon="0.9253460"/>
            <trkpt lat="51.8558370" lon="0.9243380"/>
            <trkpt lat="51.8558810" lon="0.9238180"/>
            <trkpt lat="51.8558550" lon="0.9231550"/>
            <trkpt lat="51.8558120" lon="0.9225220"/>
            <trkpt lat="51.8557790" lon="0.9222000"/>
            <trkpt lat="51.8556310" lon="0.9217660"/>
            <trkpt lat="51.8555000" lon="0.9209930"/>
            <trkpt lat="51.8554810" lon="0.9203280"/>
            <trkpt lat="51.8555320" lon="0.9195820"/>
            <trkpt lat="51.8556680" lon="0.9188290"/>
            <trkpt lat="51.8557390" lon="0.9182010"/>
            <trkpt lat="51.8557300" lon="0.9168640"/>
            <trkpt lat="51.8559390" lon="0.9168080"/>
            <trkpt lat="51.8562860" lon="0.9166770"/>
            <trkpt lat="51.8567600" lon="0.9164680"/>
            <trkpt lat="51.8568350" lon="0.9165440"/>
            <trkpt lat="51.8569300" lon="0.9164170"/>
            <trkpt lat="51.8570670" lon="0.9163010"/>
            <trkpt lat="51.8570830" lon="0.9162640"/>
            <trkpt lat="51.8570750" lon="0.9162080"/>
            <trkpt lat="51.8570410" lon="0.9161480"/>
            <trkpt lat="51.8570140" lon="0.9160580"/>
            <trkpt lat="51.8569360" lon="0.9160700"/>
            <trkpt lat="51.8568260" lon="0.9160410"/>
            <trkpt lat="51.8563020" lon="0.9157350"/>
            <trkpt lat="51.8560350" lon="0.9155480"/>
            <trkpt lat="51.8559590" lon="0.9154450"/>
            <trkpt lat="51.8558930" lon="0.9152910"/>
            <trkpt lat="51.8558500" lon="0.9150960"/>
            <trkpt lat="51.8558030" lon="0.9147430"/>
            <trkpt lat="51.8558590" lon="0.9132060"/>
            <trkpt lat="51.8558140" lon="0.9131620"/>
            <trkpt lat="51.8557110" lon="0.9131440"/>
            <trkpt lat="51.8557260" lon="0.9130090"/>
            <trkpt lat="51.8557760" lon="0.9127130"/>
            <trkpt lat="51.8560620" lon="0.9122630"/>
            <trkpt lat="51.8564800" lon="0.9117080"/>
            <trkpt lat="51.8573690" lon="0.9107020"/>
            <trkpt lat="51.8580430" lon="0.9097700"/>
            <trkpt lat="51.8581940" lon="0.9095840"/>
            <trkpt lat="51.8584480" lon="0.9093680"/>
            <trkpt lat="51.8596250" lon="0.9086070"/>
            <trkpt lat="51.8607380" lon="0.9079320"/>
            <trkpt lat="51.8609330" lon="0.9078420"/>
            <trkpt lat="51.8612800" lon="0.9077430"/>
            <trkpt lat="51.8614680" lon="0.9077200"/>
            <trkpt lat="51.8617080" lon="0.9077450"/>
            <trkpt lat="51.8626500" lon="0.9079050"/>
            <trkpt lat="51.8634990" lon="0.9081250"/>
            <trkpt lat="51.8636690" lon="0.9081940"/>
            <trkpt lat="51.8638430" lon="0.9082940"/>
            <trkpt lat="51.8639350" lon="0.9083160"/>
            <trkpt lat="51.8641030" lon="0.9084310"/>
            <trkpt lat="51.8642680" lon="0.9085030"/>
            <trkpt lat="51.8644690" lon="0.9085450"/>
            <trkpt lat="51.8665790" lon="0.9084760"/>
            <trkpt lat="51.8667050" lon="0.9084820"/>
            <trkpt lat="51.8668050" lon="0.9085150"/>
            <trkpt lat="51.8669060" lon="0.9085650"/>
            <trkpt lat="51.8670000" lon="0.9086530"/>
            <trkpt lat="51.8676170" lon="0.9096360"/>
            <trkpt lat="51.8678120" lon="0.9098840"/>
            <trkpt lat="51.8680100" lon="0.9100510"/>
            <trkpt lat="51.8687090" lon="0.9104300"/>
            <trkpt lat="51.8689680" lon="0.9106750"/>
            <trkpt lat="51.8692060" lon="0.9108730"/>
            <trkpt lat="51.8694090" lon="0.9108830"/>
            <trkpt lat="51.8695900" lon="0.9108320"/>
            <trkpt lat="51.8697750" lon="0.9107550"/>
            <trkpt lat="51.8708300" lon="0.9100340"/>
            <trkpt lat="51.8718980" lon="0.9094670"/>
            <trkpt lat="51.8720630" lon="0.9094350"/>
            <trkpt lat="51.8724450" lon="0.9108460"/>
            <trkpt lat="51.8727470" lon="0.9120780"/>
            <trkpt lat="51.8729020" lon="0.9126230"/>
            <trkpt lat="51.8729350" lon="0.9129650"/>
            <trkpt lat="51.8729350" lon="0.9131110"/>
            <trkpt lat="51.8729030" lon="0.9135380"/>
            <trkpt lat="51.8728670" lon="0.9136800"/>
            <trkpt lat="51.8727630" lon="0.9139590"/>
            <trkpt lat="51.8725500" lon="0.9143630"/>
            <trkpt lat="51.8722500" lon="0.9148230"/>
            <trkpt lat="51.8718800" lon="0.9154520"/>
            <trkpt lat="51.8716360" lon="0.9160000"/>
            <trkpt lat="51.8715420" lon="0.9163220"/>
            <trkpt lat="51.8714460" lon="0.9167940"/>
            <trkpt lat="51.8714250" lon="0.9169750"/>
            <trkpt lat="51.8713600" lon="0.9182120"/>
            <trkpt lat="51.8713180" lon="0.9187870"/>
            <trkpt lat="51.8712820" lon="0.9190780"/>
            <trkpt lat="51.8708530" lon="0.9211460"/>
            <trkpt lat="51.8706290" lon="0.9222850"/>
            <trkpt lat="51.8704920" lon="0.9231090"/>
            <trkpt lat="51.8704870" lon="0.9235240"/>
            <trkpt lat="51.8705090" lon="0.9237930"/>
            <trkpt lat="51.8706220" lon="0.9247070"/>
            <trkpt lat="51.8707470" lon="0.9252880"/>
            <trkpt lat="51.8708390" lon="0.9256050"/>
            <trkpt lat="51.8710550" lon="0.9262330"/>
            <trkpt lat="51.8717030" lon="0.9257310"/>
            <trkpt lat="51.8720110" lon="0.9254350"/>
            <trkpt lat="51.8721820" lon="0.9252050"/>
            <trkpt lat="51.8724130" lon="0.9249390"/>
            <trkpt lat="51.8725700" lon="0.9248040"/>
            <trkpt lat="51.8727040" lon="0.9247160"/>
            <trkpt lat="51.8732230" lon="0.9245140"/>
            <trkpt lat="51.8734210" lon="0.9245260"/>
            <trkpt lat="51.8734850" lon="0.9250090"/>
            <trkpt lat="51.8735920" lon="0.9253620"/>
            <trkpt lat="51.8736760" lon="0.9255670"/>
            <trkpt lat="51.8737470" lon="0.9257030"/>
            <trkpt lat="51.8744340" lon="0.9267360"/>
            <trkpt lat="51.8746910" lon="0.9270930"/>
            <trkpt lat="51.8751500" lon="0.9277750"/>
            <trkpt lat="51.8751870" lon="0.9278910"/>
            <trkpt lat="51.8755400" lon="0.9285220"/>
            <trkpt lat="51.8762680" lon="0.9300460"/>
            <trkpt lat="51.8763730" lon="0.9302290"/>
            <trkpt lat="51.8764810" lon="0.9304770"/>
            <trkpt lat="51.8765590" lon="0.9307350"/>
            <trkpt lat="51.8766220" lon="0.9310030"/>
            <trkpt lat="51.8766600" lon="0.9312460"/>
            <trkpt lat="51.8767050" lon="0.9321300"/>
            <trkpt lat="51.8767680" lon="0.9323400"/>
            <trkpt lat="51.8768630" lon="0.9325290"/>
            <trkpt lat="51.8769190" lon="0.9325860"/>
            <trkpt lat="51.8769620" lon="0.9325890"/>
            <trkpt lat="51.8770040" lon="0.9325700"/>
            <trkpt lat="51.8770540" lon="0.9324900"/>
            <trkpt lat="51.8771790" lon="0.9321860"/>
            <trkpt lat="51.8776930" lon="0.9305130"/>
            <trkpt lat="51.8778400" lon="0.9299740"/>
            <trkpt lat="51.8781000" lon="0.9291670"/>
            <trkpt lat="51.8782260" lon="0.9287960"/>
            <trkpt lat="51.8784800" lon="0.9282180"/>
            <trkpt lat="51.8787140" lon="0.9278180"/>
            <trkpt lat="51.8793390" lon="0.9270010"/>
            <trkpt lat="51.8795090" lon="0.9268570"/>
            <trkpt lat="51.8796660" lon="0.9267710"/>
            <trkpt lat="51.8799220" lon="0.9267250"/>
            <trkpt lat="51.8800300" lon="0.9267450"/>
            <trkpt lat="51.8800080" lon="0.9268790"/>
            <trkpt lat="51.8798770" lon="0.9268050"/>
            <trkpt lat="51.8799570" lon="0.9269140"/>
            <trkpt lat="51.8800680" lon="0.9270010"/>
            <trkpt lat="51.8801760" lon="0.9271280"/>
            <trkpt lat="51.8802470" lon="0.9272640"/>
            <trkpt lat="51.8802730" lon="0.9273740"/>
            <trkpt lat="51.8802840" lon="0.9275240"/>
            <trkpt lat="51.8802520" lon="0.9294850"/>
            <trkpt lat="51.8802900" lon="0.9305310"/>
            <trkpt lat="51.8803610" lon="0.9311510"/>
            <trkpt lat="51.8804450" lon="0.9311830"/>
            <trkpt lat="51.8804900" lon="0.9313110"/>
            <trkpt lat="51.8806340" lon="0.9312120"/>
            <trkpt lat="51.8807410" lon="0.9311670"/>
            <trkpt lat="51.8809080" lon="0.9311860"/>
            <trkpt lat="51.8809760" lon="0.9312200"/>
            <trkpt lat="51.8811870" lon="0.9314120"/>
            <trkpt lat="51.8818660" lon="0.9318930"/>
            <trkpt lat="51.8820960" lon="0.9320070"/>
            <trkpt lat="51.8828430" lon="0.9322860"/>
            <trkpt lat="51.8829260" lon="0.9323700"/>
            <trkpt lat="51.8829620" lon="0.9324570"/>
            <trkpt lat="51.8829850" lon="0.9325870"/>
            <trkpt lat="51.8831510" lon="0.9325490"/>
            <trkpt lat="51.8832330" lon="0.9325830"/>
            <trkpt lat="51.8833380" lon="0.9323520"/>
            <trkpt lat="51.8833860" lon="0.9322900"/>
            <trkpt lat="51.8834440" lon="0.9322590"/>
            <trkpt lat="51.8837150" lon="0.9323440"/>
            <trkpt lat="51.8838440" lon="0.9324060"/>
            <trkpt lat="51.8839260" lon="0.9324770"/>
            <trkpt lat="51.8839800" lon="0.9326320"/>
            <trkpt lat="51.8839910" lon="0.9329370"/>
            <trkpt lat="51.8838490" lon="0.9332400"/>
            <trkpt lat="51.8839440" lon="0.9333620"/>
            <trkpt lat="51.8839910" lon="0.9332740"/>
            <trkpt lat="51.8840560" lon="0.9333660"/>
            <trkpt lat="51.8838490" lon="0.9337520"/>
            <trkpt lat="51.8836950" lon="0.9341570"/>
            <trkpt lat="51.8830380" lon="0.9354180"/>
            <trkpt lat="51.8826590" lon="0.9362100"/>
            <trkpt lat="51.8825020" lon="0.9366060"/>
            <trkpt lat="51.8823340" lon="0.9370770"/>
            <trkpt lat="51.8820380" lon="0.9380030"/>
            <trkpt lat="51.8816420" lon="0.9396420"/>
            <trkpt lat="51.8815500" lon="0.9400980"/>
            <trkpt lat="51.8815000" lon="0.9400790"/>
            <trkpt lat="51.8813970" lon="0.9406890"/>
            <trkpt lat="51.8812830" lon="0.9417170"/>
            <trkpt lat="51.8810560" lon="0.9468930"/>
            <trkpt lat="51.8810930" lon="0.9477510"/>
            <trkpt lat="51.8811970" lon="0.9489800"/>
            <trkpt lat="51.8812580" lon="0.9499550"/>
            <trkpt lat="51.8812710" lon="0.9518040"/>
            <trkpt lat="51.8811770" lon="0.9520080"/>
            <trkpt lat="51.8811250" lon="0.9520850"/>
            <trkpt lat="51.8810640" lon="0.9521460"/>
            <trkpt lat="51.8808920" lon="0.9522490"/>
            <trkpt lat="51.8807080" lon="0.9524000"/>
            <trkpt lat="51.8805960" lon="0.9524530"/>
            <trkpt lat="51.8804580" lon="0.9526110"/>
            <trkpt lat="51.8802880" lon="0.9528540"/>
            <trkpt lat="51.8800140" lon="0.9533440"/>
            <trkpt lat="51.8792740" lon="0.9547340"/>
            <trkpt lat="51.8787170" lon="0.9558270"/>
            <trkpt lat="51.8779560" lon="0.9572310"/>
            <trkpt lat="51.8777590" lon="0.9575180"/>
            <trkpt lat="51.8773570" lon="0.9579760"/>
            <trkpt lat="51.8769940" lon="0.9582630"/>
            <trkpt lat="51.8765480" lon="0.9585700"/>
            <trkpt lat="51.8762170" lon="0.9586800"/>
            <trkpt lat="51.8759130" lon="0.9587240"/>
            <trkpt lat="51.8756490" lon="0.9588170"/>
            <trkpt lat="51.8750880" lon="0.9591370"/>
            <trkpt lat="51.8742370" lon="0.9597140"/>
            <trkpt lat="51.8734700" lon="0.9603920"/>
            <trkpt lat="51.8726790" lon="0.9611860"/>
            <trkpt lat="51.8719300" lon="0.9621360"/>
            <trkpt lat="51.8715680" lon="0.9625180"/>
            <trkpt lat="51.8712400" lon="0.9627150"/>
            <trkpt lat="51.8708610" lon="0.9628470"/>
            <trkpt lat="51.8699720" lon="0.9630360"/>
            <trkpt lat="51.8695270" lon="0.9630880"/>
            <trkpt lat="51.8688860" lon="0.9631260"/>
            <trkpt lat="51.8685370" lon="0.9631170"/>
            <trkpt lat="51.8682560" lon="0.9630830"/>
            <trkpt lat="51.8677460" lon="0.9629780"/>
            <trkpt lat="51.8675140" lon="0.9628980"/>
            <trkpt lat="51.8672780" lon="0.9628120"/>
            <trkpt lat="51.8670420" lon="0.9626930"/>
            <trkpt lat="51.8669240" lon="0.9626070"/>
            <trkpt lat="51.8668690" lon="0.9625370"/>
            <trkpt lat="51.8667460" lon="0.9626260"/>
            <trkpt lat="51.8664700" lon="0.9626540"/>
            <trkpt lat="51.8655710" lon="0.9629890"/>
            <trkpt lat="51.8649110" lon="0.9632780"/>
            <trkpt lat="51.8636680" lon="0.9640690"/>
            <trkpt lat="51.8634570" lon="0.9642710"/>
            <trkpt lat="51.8632790" lon="0.9645400"/>
            <trkpt lat="51.8629090" lon="0.9654400"/>
            <trkpt lat="51.8624820" lon="0.9664100"/>
            <trkpt lat="51.8623460" lon="0.9666800"/>
            <trkpt lat="51.8614660" lon="0.9681170"/>
            <trkpt lat="51.8611590" lon="0.9685480"/>
            <trkpt lat="51.8610940" lon="0.9686640"/>
            <trkpt lat="51.8610140" lon="0.9689610"/>
            <trkpt lat="51.8609600" lon="0.9693310"/>
            <trkpt lat="51.8609540" lon="0.9697140"/>
            <trkpt lat="51.8609300" lon="0.9701660"/>
            <trkpt lat="51.8608130" lon="0.9711200"/>
            <trkpt lat="51.8605280" lon="0.9710580"/>
            <trkpt lat="51.8604050" lon="0.9709810"/>
            <trkpt lat="51.8602380" lon="0.9708010"/>
            <trkpt lat="51.8601210" lon="0.9705700"/>
            <trkpt lat="51.8600800" lon="0.9704530"/>
            <trkpt lat="51.8600350" lon="0.9702430"/>
            <trkpt lat="51.8600130" lon="0.9697720"/>
            <trkpt lat="51.8599970" lon="0.9696740"/>
            <trkpt lat="51.8599540" lon="0.9695320"/>
            <trkpt lat="51.8598540" lon="0.9693330"/>
            <trkpt lat="51.8597450" lon="0.9692240"/>
            <trkpt lat="51.8594770" lon="0.9690630"/>
            <trkpt lat="51.8594000" lon="0.9689620"/>
            <trkpt lat="51.8593620" lon="0.9688620"/>
            <trkpt lat="51.8593380" lon="0.9686580"/>
            <trkpt lat="51.8593840" lon="0.9682960"/>
            <trkpt lat="51.8591540" lon="0.9681780"/>
            <trkpt lat="51.8586380" lon="0.9678730"/>
            <trkpt lat="51.8591540" lon="0.9681780"/>
            <trkpt lat="51.8593840" lon="0.9682960"/>
            <trkpt lat="51.8593380" lon="0.9686580"/>
            <trkpt lat="51.8593620" lon="0.9688620"/>
            <trkpt lat="51.8594000" lon="0.9689620"/>
            <trkpt lat="51.8594770" lon="0.9690630"/>
            <trkpt lat="51.8597450" lon="0.9692240"/>
            <trkpt lat="51.8598540" lon="0.9693330"/>
            <trkpt lat="51.8599540" lon="0.9695320"/>
            <trkpt lat="51.8599970" lon="0.9696740"/>
            <trkpt lat="51.8600130" lon="0.9697720"/>
            <trkpt lat="51.8600350" lon="0.9702430"/>
            <trkpt lat="51.8600800" lon="0.9704530"/>
            <trkpt lat="51.8601210" lon="0.9705700"/>
            <trkpt lat="51.8602380" lon="0.9708010"/>
            <trkpt lat="51.8604050" lon="0.9709810"/>
            <trkpt lat="51.8605280" lon="0.9710580"/>
            <trkpt lat="51.8608130" lon="0.9711200"/>
            <trkpt lat="51.8607720" lon="0.9717600"/>
            <trkpt lat="51.8606760" lon="0.9726020"/>
            <trkpt lat="51.8604950" lon="0.9736480"/>
            <trkpt lat="51.8604160" lon="0.9739860"/>
            <trkpt lat="51.8607300" lon="0.9743150"/>
            <trkpt lat="51.8609850" lon="0.9745470"/>
            <trkpt lat="51.8619200" lon="0.9751120"/>
            <trkpt lat="51.8625170" lon="0.9754150"/>
            <trkpt lat="51.8628920" lon="0.9757460"/>
            <trkpt lat="51.8634550" lon="0.9763390"/>
            <trkpt lat="51.8635150" lon="0.9764440"/>
            <trkpt lat="51.8637540" lon="0.9766460"/>
            <trkpt lat="51.8638750" lon="0.9767280"/>
            <trkpt lat="51.8645810" lon="0.9769850"/>
            <trkpt lat="51.8648810" lon="0.9770550"/>
            <trkpt lat="51.8653450" lon="0.9771130"/>
            <trkpt lat="51.8654890" lon="0.9771530"/>
            <trkpt lat="51.8656890" lon="0.9772550"/>
            <trkpt lat="51.8660510" lon="0.9775280"/>
            <trkpt lat="51.8663810" lon="0.9778680"/>
            <trkpt lat="51.8668080" lon="0.9783510"/>
            <trkpt lat="51.8674280" lon="0.9788600"/>
            <trkpt lat="51.8678180" lon="0.9791290"/>
            <trkpt lat="51.8681790" lon="0.9793150"/>
            <trkpt lat="51.8682960" lon="0.9793440"/>
            <trkpt lat="51.8686920" lon="0.9793450"/>
            <trkpt lat="51.8687500" lon="0.9793650"/>
            <trkpt lat="51.8687790" lon="0.9793920"/>
            <trkpt lat="51.8688720" lon="0.9795470"/>
            <trkpt lat="51.8689270" lon="0.9797060"/>
            <trkpt lat="51.8690180" lon="0.9800570"/>
            <trkpt lat="51.8691410" lon="0.9807170"/>
            <trkpt lat="51.8691620" lon="0.9809750"/>
            <trkpt lat="51.8691410" lon="0.9816950"/>
            <trkpt lat="51.8690500" lon="0.9819440"/>
            <trkpt lat="51.8689610" lon="0.9823010"/>
            <trkpt lat="51.8686150" lon="0.9840890"/>
            <trkpt lat="51.8685220" lon="0.9846960"/>
            <trkpt lat="51.8684830" lon="0.9850130"/>
            <trkpt lat="51.8683890" lon="0.9861640"/>
            <trkpt lat="51.8683320" lon="0.9876370"/>
            <trkpt lat="51.8682510" lon="0.9883350"/>
            <trkpt lat="51.8683090" lon="0.9884220"/>
            <trkpt lat="51.8686860" lon="0.9892640"/>
            <trkpt lat="51.8689420" lon="0.9897080"/>
            <trkpt lat="51.8693110" lon="0.9902200"/>
            <trkpt lat="51.8695970" lon="0.9905460"/>
            <trkpt lat="51.8696830" lon="0.9906660"/>
            <trkpt lat="51.8697370" lon="0.9907730"/>
            <trkpt lat="51.8714430" lon="0.9909960"/>
            <trkpt lat="51.8717120" lon="0.9910620"/>
            <trkpt lat="51.8723740" lon="0.9912940"/>
            <trkpt lat="51.8729780" lon="0.9915480"/>
            <trkpt lat="51.8734700" lon="0.9917810"/>
            <trkpt lat="51.8756140" lon="0.9926910"/>
            <trkpt lat="51.8758480" lon="0.9927680"/>
            <trkpt lat="51.8763870" lon="0.9929590"/>
            <trkpt lat="51.8768800" lon="0.9931940"/>
            <trkpt lat="51.8775210" lon="0.9935370"/>
            <trkpt lat="51.8782280" lon="0.9938410"/>
            <trkpt lat="51.8788260" lon="0.9940640"/>
            <trkpt lat="51.8793330" lon="0.9941880"/>
            <trkpt lat="51.8797220" lon="0.9943040"/>
            <trkpt lat="51.8803880" lon="0.9945500"/>
            <trkpt lat="51.8809220" lon="0.9948220"/>
            <trkpt lat="51.8810750" lon="0.9949380"/>
            <trkpt lat="51.8807840" lon="0.9956290"/>
            <trkpt lat="51.8805370" lon="0.9963970"/>
            <trkpt lat="51.8802850" lon="0.9970410"/>
            <trkpt lat="51.8801580" lon="0.9973280"/>
            <trkpt lat="51.8804460" lon="0.9976740"/>
            <trkpt lat="51.8805190" lon="0.9977960"/>
            <trkpt lat="51.8806120" lon="0.9980100"/>
            <trkpt lat="51.8806690" lon="0.9982410"/>
            <trkpt lat="51.8807040" lon="0.9985150"/>
            <trkpt lat="51.8807150" lon="0.9987950"/>
            <trkpt lat="51.8807030" lon="0.9990650"/>
            <trkpt lat="51.8806040" lon="1.0003010"/>
            <trkpt lat="51.8805570" lon="1.0010700"/>
            <trkpt lat="51.8805330" lon="1.0017030"/>
            <trkpt lat="51.8804650" lon="1.0027130"/>
            <trkpt lat="51.8804590" lon="1.0032320"/>
            <trkpt lat="51.8804880" lon="1.0039620"/>
            <trkpt lat="51.8805320" lon="1.0044190"/>
            <trkpt lat="51.8806620" lon="1.0054650"/>
            <trkpt lat="51.8809530" lon="1.0071180"/>
            <trkpt lat="51.8812940" lon="1.0097070"/>
            <trkpt lat="51.8815780" lon="1.0109780"/>
            <trkpt lat="51.8816840" lon="1.0116150"/>
            <trkpt lat="51.8817520" lon="1.0121470"/>
            <trkpt lat="51.8818400" lon="1.0131850"/>
            <trkpt lat="51.8819120" lon="1.0145920"/>
            <trkpt lat="51.8819310" lon="1.0160020"/>
            <trkpt lat="51.8819220" lon="1.0164840"/>
            <trkpt lat="51.8819100" lon="1.0167350"/>
            <trkpt lat="51.8817610" lon="1.0183690"/>
            <trkpt lat="51.8816490" lon="1.0192020"/>
            <trkpt lat="51.8813400" lon="1.0205460"/>
            <trkpt lat="51.8811490" lon="1.0212150"/>
            <trkpt lat="51.8806670" lon="1.0230440"/>
            <trkpt lat="51.8803920" lon="1.0241420"/>
            <trkpt lat="51.8802800" lon="1.0247600"/>
            <trkpt lat="51.8802120" lon="1.0254640"/>
            <trkpt lat="51.8801850" lon="1.0263910"/>
            <trkpt lat="51.8802010" lon="1.0268460"/>
            <trkpt lat="51.8802960" lon="1.0277900"/>
            <trkpt lat="51.8803680" lon="1.0282400"/>
            <trkpt lat="51.8805310" lon="1.0289610"/>
            <trkpt lat="51.8810000" lon="1.0308660"/>
            <trkpt lat="51.8815020" lon="1.0330630"/>
            <trkpt lat="51.8815410" lon="1.0333350"/>
            <trkpt lat="51.8815810" lon="1.0337780"/>
            <trkpt lat="51.8816130" lon="1.0343290"/>
            <trkpt lat="51.8816390" lon="1.0345530"/>
            <trkpt lat="51.8819930" lon="1.0363120"/>
            <trkpt lat="51.8820450" lon="1.0365790"/>
            <trkpt lat="51.8821300" lon="1.0371800"/>
            <trkpt lat="51.8825720" lon="1.0407970"/>
            <trkpt lat="51.8827020" lon="1.0422520"/>
            <trkpt lat="51.8827640" lon="1.0438700"/>
            <trkpt lat="51.8828800" lon="1.0448200"/>
            <trkpt lat="51.8828770" lon="1.0451880"/>
            <trkpt lat="51.8828500" lon="1.0454450"/>
            <trkpt lat="51.8827120" lon="1.0463380"/>
            <trkpt lat="51.8826860" lon="1.0466640"/>
            <trkpt lat="51.8828450" lon="1.0489200"/>
            <trkpt lat="51.8829450" lon="1.0498830"/>
            <trkpt lat="51.8830560" lon="1.0507560"/>
            <trkpt lat="51.8831790" lon="1.0528530"/>
            <trkpt lat="51.8832080" lon="1.0537880"/>
            <trkpt lat="51.8832460" lon="1.0543710"/>
            <trkpt lat="51.8832930" lon="1.0548100"/>
            <trkpt lat="51.8834280" lon="1.0555250"/>
            <trkpt lat="51.8835580" lon="1.0560090"/>
            <trkpt lat="51.8836900" lon="1.0564020"/>
            <trkpt lat="51.8837880" lon="1.0566490"/>
            <trkpt lat="51.8840950" lon="1.0572740"/>
            <trkpt lat="51.8845450" lon="1.0578900"/>
            <trkpt lat="51.8849260" lon="1.0583010"/>
            <trkpt lat="51.8857910" lon="1.0590630"/>
            <trkpt lat="51.8858820" lon="1.0591380"/>
            <trkpt lat="51.8860440" lon="1.0592270"/>
            <trkpt lat="51.8860360" lon="1.0593780"/>
            <trkpt lat="51.8861660" lon="1.0593820"/>
            <trkpt lat="51.8864180" lon="1.0596080"/>
            <trkpt lat="51.8865980" lon="1.0600150"/>
            <trkpt lat="51.8867070" lon="1.0599060"/>
            <trkpt lat="51.8868760" lon="1.0601170"/>
            <trkpt lat="51.8870710" lon="1.0602480"/>
            <trkpt lat="51.8872280" lon="1.0603790"/>
            <trkpt lat="51.8873270" lon="1.0604880"/>
            <trkpt lat="51.8874630" lon="1.0607230"/>
            <trkpt lat="51.8875480" lon="1.0609380"/>
            <trkpt lat="51.8876920" lon="1.0613870"/>
            <trkpt lat="51.8877900" lon="1.0615860"/>
            <trkpt lat="51.8880980" lon="1.0620190"/>
            <trkpt lat="51.8882520" lon="1.0623160"/>
            <trkpt lat="51.8884990" lon="1.0629350"/>
            <trkpt lat="51.8886880" lon="1.0633580"/>
            <trkpt lat="51.8888880" lon="1.0636720"/>
            <trkpt lat="51.8899570" lon="1.0649200"/>
            <trkpt lat="51.8899560" lon="1.0654330"/>
            <trkpt lat="51.8899210" lon="1.0665290"/>
            <trkpt lat="51.8898830" lon="1.0670160"/>
            <trkpt lat="51.8898640" lon="1.0674440"/>
            <trkpt lat="51.8898130" lon="1.0680750"/>
            <trkpt lat="51.8896760" lon="1.0690440"/>
            <trkpt lat="51.8896250" lon="1.0695170"/>
            <trkpt lat="51.8896180" lon="1.0697360"/>
            <trkpt lat="51.8896250" lon="1.0699450"/>
            <trkpt lat="51.8896450" lon="1.0701070"/>
            <trkpt lat="51.8897140" lon="1.0704980"/>
            <trkpt lat="51.8898030" lon="1.0711110"/>
            <trkpt lat="51.8900020" lon="1.0726060"/>
            <trkpt lat="51.8900980" lon="1.0735760"/>
            <trkpt lat="51.8902120" lon="1.0753930"/>
            <trkpt lat="51.8900190" lon="1.0758210"/>
            <trkpt lat="51.8899250" lon="1.0762360"/>
            <trkpt lat="51.8899080" lon="1.0763840"/>
            <trkpt lat="51.8899090" lon="1.0767080"/>
            <trkpt lat="51.8899270" lon="1.0769780"/>
            <trkpt lat="51.8900610" lon="1.0784090"/>
            <trkpt lat="51.8900700" lon="1.0786770"/>
            <trkpt lat="51.8900630" lon="1.0788670"/>
            <trkpt lat="51.8900380" lon="1.0790440"/>
            <trkpt lat="51.8899310" lon="1.0795190"/>
            <trkpt lat="51.8898690" lon="1.0797030"/>
            <trkpt lat="51.8893930" lon="1.0808280"/>
            <trkpt lat="51.8893250" lon="1.0810710"/>
            <trkpt lat="51.8892940" lon="1.0813040"/>
            <trkpt lat="51.8892920" lon="1.0815630"/>
            <trkpt lat="51.8893290" lon="1.0819320"/>
            <trkpt lat="51.8893670" lon="1.0821640"/>
            <trkpt lat="51.8894380" lon="1.0825200"/>
            <trkpt lat="51.8897230" lon="1.0837450"/>
            <trkpt lat="51.8897890" lon="1.0841840"/>
            <trkpt lat="51.8898130" lon="1.0849160"/>
            <trkpt lat="51.8898320" lon="1.0863740"/>
            <trkpt lat="51.8898840" lon="1.0871770"/>
            <trkpt lat="51.8899760" lon="1.0878430"/>
            <trkpt lat="51.8900930" lon="1.0884240"/>
            <trkpt lat="51.8902600" lon="1.0891280"/>
            <trkpt lat="51.8903620" lon="1.0894120"/>
            <trkpt lat="51.8904750" lon="1.0896990"/>
            <trkpt lat="51.8905770" lon="1.0898920"/>
            <trkpt lat="51.8908570" lon="1.0902870"/>
            <trkpt lat="51.8910690" lon="1.0904930"/>
            <trkpt lat="51.8912440" lon="1.0906280"/>
            <trkpt lat="51.8918050" lon="1.0909820"/>
            <trkpt lat="51.8921490" lon="1.0911770"/>
            <trkpt lat="51.8928200" lon="1.0916650"/>
            <trkpt lat="51.8931350" lon="1.0919870"/>
            <trkpt lat="51.8935470" lon="1.0924410"/>
            <trkpt lat="51.8937780" lon="1.0926420"/>
            <trkpt lat="51.8939910" lon="1.0928530"/>
            <trkpt lat="51.8941420" lon="1.0930300"/>
            <trkpt lat="51.8944500" lon="1.0934460"/>
            <trkpt lat="51.8949810" lon="1.0942960"/>
            <trkpt lat="51.8950380" lon="1.0944040"/>
            <trkpt lat="51.8950810" lon="1.0945290"/>
            <trkpt lat="51.8952480" lon="1.0952180"/>
            <trkpt lat="51.8952980" lon="1.0952630"/>
            <trkpt lat="51.8952740" lon="1.0954090"/>
            <trkpt lat="51.8952740" lon="1.0959170"/>
            <trkpt lat="51.8953480" lon="1.0970620"/>
            <trkpt lat="51.8953990" lon="1.0981580"/>
            <trkpt lat="51.8960100" lon="1.0994770"/>
            <trkpt lat="51.8964060" lon="1.1000810"/>
            <trkpt lat="51.8972350" lon="1.1011460"/>
            <trkpt lat="51.8975280" lon="1.1014750"/>
            <trkpt lat="51.8976730" lon="1.1016790"/>
            <trkpt lat="51.8977400" lon="1.1018180"/>
            <trkpt lat="51.8977790" lon="1.1020290"/>
            <trkpt lat="51.8978480" lon="1.1029180"/>
            <trkpt lat="51.8978620" lon="1.1033310"/>
            <trkpt lat="51.8978570" lon="1.1035770"/>
            <trkpt lat="51.8977080" lon="1.1050560"/>
            <trkpt lat="51.8977100" lon="1.1053200"/>
            <trkpt lat="51.8979340" lon="1.1075490"/>
            <trkpt lat="51.8981430" lon="1.1087560"/>
            <trkpt lat="51.8984660" lon="1.1113050"/>
            <trkpt lat="51.8985460" lon="1.1116870"/>
            <trkpt lat="51.8986890" lon="1.1121200"/>
            <trkpt lat="51.8988340" lon="1.1124800"/>
            <trkpt lat="51.8992080" lon="1.1132730"/>
            <trkpt lat="51.8993320" lon="1.1135950"/>
            <trkpt lat="51.8994340" lon="1.1139210"/>
            <trkpt lat="51.8999770" lon="1.1170690"/>
            <trkpt lat="51.9000640" lon="1.1178600"/>
            <trkpt lat="51.9001350" lon="1.1182580"/>
            <trkpt lat="51.9004220" lon="1.1193660"/>
            <trkpt lat="51.9005580" lon="1.1197750"/>
            <trkpt lat="51.9007290" lon="1.1204580"/>
            <trkpt lat="51.9009250" lon="1.1212810"/>
            <trkpt lat="51.9009920" lon="1.1216490"/>
            <trkpt lat="51.9010940" lon="1.1223620"/>
            <trkpt lat="51.9011330" lon="1.1228150"/>
            <trkpt lat="51.9012130" lon="1.1243440"/>
            <trkpt lat="51.9012050" lon="1.1245840"/>
            <trkpt lat="51.9011550" lon="1.1252510"/>
            <trkpt lat="51.9011660" lon="1.1261620"/>
            <trkpt lat="51.9011350" lon="1.1270590"/>
            <trkpt lat="51.9011740" lon="1.1277210"/>
            <trkpt lat="51.9012460" lon="1.1284340"/>
            <trkpt lat="51.9012560" lon="1.1288330"/>
            <trkpt lat="51.9012310" lon="1.1293690"/>
            <trkpt lat="51.9012220" lon="1.1298800"/>
            <trkpt lat="51.9012600" lon="1.1304430"/>
            <trkpt lat="51.9014810" lon="1.1322200"/>
            <trkpt lat="51.9014950" lon="1.1327250"/>
            <trkpt lat="51.9014830" lon="1.1333680"/>
            <trkpt lat="51.9014380" lon="1.1340780"/>
            <trkpt lat="51.9013750" lon="1.1348240"/>
            <trkpt lat="51.9013300" lon="1.1350870"/>
            <trkpt lat="51.9008940" lon="1.1366050"/>
            <trkpt lat="51.9008140" lon="1.1368230"/>
            <trkpt lat="51.9007200" lon="1.1369590"/>
            <trkpt lat="51.9006240" lon="1.1370400"/>
            <trkpt lat="51.9005010" lon="1.1371010"/>
            <trkpt lat="51.9000170" lon="1.1371370"/>
            <trkpt lat="51.8995240" lon="1.1372120"/>
            <trkpt lat="51.8992990" lon="1.1372820"/>
            <trkpt lat="51.8992290" lon="1.1374090"/>
            <trkpt lat="51.8991860" lon="1.1375690"/>
            <trkpt lat="51.8991470" lon="1.1379590"/>
            <trkpt lat="51.8991750" lon="1.1389100"/>
            <trkpt lat="51.8991550" lon="1.1393010"/>
            <trkpt lat="51.8991100" lon="1.1396600"/>
            <trkpt lat="51.8988720" lon="1.1408040"/>
            <trkpt lat="51.8988050" lon="1.1409510"/>
            <trkpt lat="51.8987210" lon="1.1412360"/>
            <trkpt lat="51.8986020" lon="1.1417430"/>
            <trkpt lat="51.8984960" lon="1.1422470"/>
            <trkpt lat="51.8984130" lon="1.1428420"/>
            <trkpt lat="51.8984110" lon="1.1430340"/>
            <trkpt lat="51.8984250" lon="1.1432580"/>
            <trkpt lat="51.8985280" lon="1.1440280"/>
            <trkpt lat="51.8985310" lon="1.1442230"/>
            <trkpt lat="51.8984930" lon="1.1445740"/>
            <trkpt lat="51.8984520" lon="1.1447250"/>
            <trkpt lat="51.8983830" lon="1.1449090"/>
            <trkpt lat="51.8983080" lon="1.1450610"/>
            <trkpt lat="51.8982310" lon="1.1451680"/>
            <trkpt lat="51.8981360" lon="1.1452670"/>
            <trkpt lat="51.8976490" lon="1.1456170"/>
            <trkpt lat="51.8971210" lon="1.1460630"/>
            <trkpt lat="51.8969660" lon="1.1462440"/>
            <trkpt lat="51.8967790" lon="1.1465160"/>
            <trkpt lat="51.8965910" lon="1.1468340"/>
            <trkpt lat="51.8965030" lon="1.1471780"/>
            <trkpt lat="51.8964330" lon="1.1475640"/>
            <trkpt lat="51.8963300" lon="1.1487480"/>
            <trkpt lat="51.8963610" lon="1.1497340"/>
            <trkpt lat="51.8964110" lon="1.1504040"/>
            <trkpt lat="51.8965080" lon="1.1509680"/>
            <trkpt lat="51.8966100" lon="1.1513930"/>
            <trkpt lat="51.8967320" lon="1.1518090"/>
            <trkpt lat="51.8975440" lon="1.1543230"/>
            <trkpt lat="51.8976070" lon="1.1545940"/>
            <trkpt lat="51.8976470" lon="1.1548320"/>
            <trkpt lat="51.8977060" lon="1.1553330"/>
            <trkpt lat="51.8977090" lon="1.1557800"/>
            <trkpt lat="51.8976650" lon="1.1562670"/>
            <trkpt lat="51.8974150" lon="1.1576850"/>
            <trkpt lat="51.8973990" lon="1.1579710"/>
            <trkpt lat="51.8974310" lon="1.1583140"/>
            <trkpt lat="51.8975730" lon="1.1592260"/>
            <trkpt lat="51.8977160" lon="1.1604790"/>
            <trkpt lat="51.8977640" lon="1.1607630"/>
            <trkpt lat="51.8980660" lon="1.1621690"/>
            <trkpt lat="51.8983110" lon="1.1630890"/>
            <trkpt lat="51.8984710" lon="1.1635740"/>
            <trkpt lat="51.8989840" lon="1.1645810"/>
            <trkpt lat="51.8995470" lon="1.1656140"/>
            <trkpt lat="51.8996270" lon="1.1657990"/>
            <trkpt lat="51.8996480" lon="1.1659620"/>
            <trkpt lat="51.8996380" lon="1.1660670"/>
            <trkpt lat="51.8995600" lon="1.1662180"/>
            <trkpt lat="51.8989950" lon="1.1668530"/>
            <trkpt lat="51.8988920" lon="1.1670560"/>
            <trkpt lat="51.8988890" lon="1.1673180"/>
            <trkpt lat="51.8989690" lon="1.1677100"/>
            <trkpt lat="51.8991380" lon="1.1683760"/>
            <trkpt lat="51.8991530" lon="1.1686830"/>
            <trkpt lat="51.8991300" lon="1.1690880"/>
            <trkpt lat="51.8990790" lon="1.1695680"/>
            <trkpt lat="51.8989610" lon="1.1703580"/>
            <trkpt lat="51.8987270" lon="1.1714650"/>
            <trkpt lat="51.8986660" lon="1.1718380"/>
            <trkpt lat="51.8986430" lon="1.1721280"/>
            <trkpt lat="51.8986380" lon="1.1724300"/>
            <trkpt lat="51.8986930" lon="1.1727690"/>
            <trkpt lat="51.8993260" lon="1.1752320"/>
            <trkpt lat="51.8993630" lon="1.1755800"/>
            <trkpt lat="51.8993750" lon="1.1758780"/>
            <trkpt lat="51.8993810" lon="1.1768740"/>
            <trkpt lat="51.8994740" lon="1.1770920"/>
            <trkpt lat="51.8995950" lon="1.1772400"/>
            <trkpt lat="51.8997050" lon="1.1772840"/>
            <trkpt lat="51.9002560" lon="1.1772650"/>
            <trkpt lat="51.9004930" lon="1.1773220"/>
            <trkpt lat="51.9006860" lon="1.1773910"/>
            <trkpt lat="51.9008730" lon="1.1775100"/>
            <trkpt lat="51.9011630" lon="1.1777910"/>
            <trkpt lat="51.9012960" lon="1.1779740"/>
            <trkpt lat="51.9025290" lon="1.1791300"/>
            <trkpt lat="51.9028300" lon="1.1794520"/>
            <trkpt lat="51.9030430" lon="1.1797060"/>
            <trkpt lat="51.9031130" lon="1.1798160"/>
            <trkpt lat="51.9031480" lon="1.1799130"/>
            <trkpt lat="51.9032330" lon="1.1800490"/>
            <trkpt lat="51.9033250" lon="1.1800870"/>
            <trkpt lat="51.9031380" lon="1.1804410"/>
            <trkpt lat="51.9022090" lon="1.1818170"/>
            <trkpt lat="51.9016700" lon="1.1825290"/>
            <trkpt lat="51.9015980" lon="1.1826900"/>
            <trkpt lat="51.9015350" lon="1.1829200"/>
            <trkpt lat="51.9016450" lon="1.1831010"/>
            <trkpt lat="51.9018920" lon="1.1836010"/>
            <trkpt lat="51.9020250" lon="1.1838800"/>
            <trkpt lat="51.9021460" lon="1.1841740"/>
            <trkpt lat="51.9022180" lon="1.1844160"/>
            <trkpt lat="51.9026370" lon="1.1861460"/>
            <trkpt lat="51.9027640" lon="1.1866080"/>
            <trkpt lat="51.9031570" lon="1.1875700"/>
            <trkpt lat="51.9034190" lon="1.1879720"/>
            <trkpt lat="51.9037980" lon="1.1886380"/>
            <trkpt lat="51.9038800" lon="1.1887550"/>
            <trkpt lat="51.9041500" lon="1.1883430"/>
            <trkpt lat="51.9038800" lon="1.1887550"/>
            <trkpt lat="51.9040690" lon="1.1890310"/>
            <trkpt lat="51.9042770" lon="1.1892940"/>
            <trkpt lat="51.9047280" lon="1.1896700"/>
            <trkpt lat="51.9048880" lon="1.1898210"/>
            <trkpt lat="51.9050570" lon="1.1900280"/>
            <trkpt lat="51.9052660" lon="1.1904500"/>
            <trkpt lat="51.9056690" lon="1.1916100"/>
            <trkpt lat="51.9057870" lon="1.1918840"/>
            <trkpt lat="51.9059650" lon="1.1921870"/>
            <trkpt lat="51.9061050" lon="1.1925150"/>
            <trkpt lat="51.9062030" lon="1.1928890"/>
            <trkpt lat="51.9064220" lon="1.1942200"/>
            <trkpt lat="51.9065340" lon="1.1946640"/>
            <trkpt lat="51.9073720" lon="1.1976860"/>
            <trkpt lat="51.9073990" lon="1.1978580"/>
            <trkpt lat="51.9073950" lon="1.1980970"/>
            <trkpt lat="51.9072980" lon="1.1990570"/>
            <trkpt lat="51.9072600" lon="1.1998400"/>
            <trkpt lat="51.9072510" lon="1.2002580"/>
            <trkpt lat="51.9072710" lon="1.2007880"/>
            <trkpt lat="51.9073880" lon="1.2017710"/>
            <trkpt lat="51.9074720" lon="1.2027140"/>
            <trkpt lat="51.9075280" lon="1.2031110"/>
            <trkpt lat="51.9076040" lon="1.2033930"/>
            <trkpt lat="51.9079570" lon="1.2042780"/>
            <trkpt lat="51.9080500" lon="1.2046220"/>
            <trkpt lat="51.9080590" lon="1.2048350"/>
            <trkpt lat="51.9080200" lon="1.2050430"/>
            <trkpt lat="51.9079310" lon="1.2052230"/>
            <trkpt lat="51.9078600" lon="1.2052980"/>
            <trkpt lat="51.9074090" lon="1.2056520"/>
            <trkpt lat="51.9066500" lon="1.2061710"/>
            <trkpt lat="51.9060830" lon="1.2065230"/>
            <trkpt lat="51.9059390" lon="1.2066420"/>
            <trkpt lat="51.9058640" lon="1.2067390"/>
            <trkpt lat="51.9058180" lon="1.2068280"/>
            <trkpt lat="51.9057840" lon="1.2069320"/>
            <trkpt lat="51.9057470" lon="1.2071570"/>
            <trkpt lat="51.9057250" lon="1.2076050"/>
            <trkpt lat="51.9057250" lon="1.2080940"/>
            <trkpt lat="51.9057560" lon="1.2084200"/>
            <trkpt lat="51.9058060" lon="1.2086530"/>
            <trkpt lat="51.9058710" lon="1.2088550"/>
            <trkpt lat="51.9059960" lon="1.2090700"/>
            <trkpt lat="51.9066160" lon="1.2095950"/>
            <trkpt lat="51.9067620" lon="1.2097440"/>
            <trkpt lat="51.9068980" lon="1.2099170"/>
            <trkpt lat="51.9071580" lon="1.2104010"/>
            <trkpt lat="51.9076090" lon="1.2113360"/>
            <trkpt lat="51.9077510" lon="1.2115920"/>
            <trkpt lat="51.9082050" lon="1.2123190"/>
            <trkpt lat="51.9083760" lon="1.2126210"/>
            <trkpt lat="51.9088180" lon="1.2135170"/>
            <trkpt lat="51.9090100" lon="1.2140180"/>
            <trkpt lat="51.9097200" lon="1.2165720"/>
            <trkpt lat="51.9097730" lon="1.2168180"/>
            <trkpt lat="51.9098810" lon="1.2175800"/>
            <trkpt lat="51.9099360" lon="1.2178720"/>
            <trkpt lat="51.9100820" lon="1.2183620"/>
            <trkpt lat="51.9102880" lon="1.2189060"/>
            <trkpt lat="51.9106590" lon="1.2195430"/>
            <trkpt lat="51.9111230" lon="1.2202560"/>
            <trkpt lat="51.9113250" lon="1.2204620"/>
            <trkpt lat="51.9115240" lon="1.2205870"/>
            <trkpt lat="51.9118330" lon="1.2206900"/>
            <trkpt lat="51.9119410" lon="1.2207570"/>
            <trkpt lat="51.9120710" lon="1.2208830"/>
            <trkpt lat="51.9121940" lon="1.2210760"/>
            <trkpt lat="51.9128770" lon="1.2223840"/>
            <trkpt lat="51.9130170" lon="1.2226140"/>
            <trkpt lat="51.9131490" lon="1.2227590"/>
            <trkpt lat="51.9133190" lon="1.2228760"/>
            <trkpt lat="51.9134970" lon="1.2229150"/>
            <trkpt lat="51.9138320" lon="1.2229070"/>
            <trkpt lat="51.9145060" lon="1.2228480"/>
            <trkpt lat="51.9148110" lon="1.2228600"/>
            <trkpt lat="51.9151100" lon="1.2228480"/>
            <trkpt lat="51.9156840" lon="1.2227380"/>
            <trkpt lat="51.9157520" lon="1.2227470"/>
            <trkpt lat="51.9158110" lon="1.2227840"/>
            <trkpt lat="51.9158880" lon="1.2228750"/>
            <trkpt lat="51.9159550" lon="1.2229850"/>
            <trkpt lat="51.9164910" lon="1.2242360"/>
            <trkpt lat="51.9169580" lon="1.2254990"/>
            <trkpt lat="51.9175050" lon="1.2265420"/>
            <trkpt lat="51.9182810" lon="1.2283400"/>
            <trkpt lat="51.9184410" lon="1.2287750"/>
            <trkpt lat="51.9190190" lon="1.2307500"/>
            <trkpt lat="51.9191600" lon="1.2310250"/>
            <trkpt lat="51.9192650" lon="1.2311810"/>
            <trkpt lat="51.9194150" lon="1.2313410"/>
            <trkpt lat="51.9195200" lon="1.2314130"/>
            <trkpt lat="51.9196950" lon="1.2314570"/>
            <trkpt lat="51.9198960" lon="1.2313860"/>
            <trkpt lat="51.9213490" lon="1.2305750"/>
            <trkpt lat="51.9218770" lon="1.2303830"/>
            <trkpt lat="51.9220500" lon="1.2303550"/>
            <trkpt lat="51.9222470" lon="1.2303670"/>
            <trkpt lat="51.9223710" lon="1.2303900"/>
            <trkpt lat="51.9227980" lon="1.2305320"/>
            <trkpt lat="51.9231910" lon="1.2307650"/>
            <trkpt lat="51.9235560" lon="1.2310300"/>
            <trkpt lat="51.9241260" lon="1.2315100"/>
            <trkpt lat="51.9243060" lon="1.2317230"/>
            <trkpt lat="51.9244410" lon="1.2319300"/>
            <trkpt lat="51.9250690" lon="1.2329940"/>
            <trkpt lat="51.9253680" lon="1.2334680"/>
            <trkpt lat="51.9257880" lon="1.2340610"/>
            <trkpt lat="51.9262620" lon="1.2348900"/>
            <trkpt lat="51.9263860" lon="1.2351780"/>
            <trkpt lat="51.9265340" lon="1.2356840"/>
            <trkpt lat="51.9266060" lon="1.2360320"/>
            <trkpt lat="51.9266430" lon="1.2362940"/>
            <trkpt lat="51.9266570" lon="1.2365560"/>
            <trkpt lat="51.9266570" lon="1.2369700"/>
            <trkpt lat="51.9266720" lon="1.2372590"/>
            <trkpt lat="51.9266940" lon="1.2373740"/>
            <trkpt lat="51.9273800" lon="1.2402030"/>
            <trkpt lat="51.9275280" lon="1.2408930"/>
            <trkpt lat="51.9276570" lon="1.2413910"/>
            <trkpt lat="51.9281490" lon="1.2432110"/>
            <trkpt lat="51.9283030" lon="1.2436520"/>
            <trkpt lat="51.9284240" lon="1.2438990"/>
            <trkpt lat="51.9282720" lon="1.2444190"/>
            <trkpt lat="51.9280970" lon="1.2448720"/>
            <trkpt lat="51.9279470" lon="1.2451420"/>
            <trkpt lat="51.9277670" lon="1.2454020"/>
            <trkpt lat="51.9276300" lon="1.2455620"/>
            <trkpt lat="51.9274850" lon="1.2457100"/>
            <trkpt lat="51.9273450" lon="1.2458070"/>
            <trkpt lat="51.9254450" lon="1.2469860"/>
            <trkpt lat="51.9251910" lon="1.2471680"/>
            <trkpt lat="51.9249870" lon="1.2474290"/>
            <trkpt lat="51.9248300" lon="1.2476600"/>
            <trkpt lat="51.9246940" lon="1.2479180"/>
            <trkpt lat="51.9244820" lon="1.2484780"/>
            <trkpt lat="51.9243880" lon="1.2489110"/>
            <trkpt lat="51.9243440" lon="1.2492040"/>
            <trkpt lat="51.9243250" lon="1.2495350"/>
            <trkpt lat="51.9243320" lon="1.2500640"/>
            <trkpt lat="51.9243520" lon="1.2502960"/>
            <trkpt lat="51.9244020" lon="1.2506390"/>
            <trkpt lat="51.9245390" lon="1.2512340"/>
            <trkpt lat="51.9245800" lon="1.2514700"/>
            <trkpt lat="51.9250310" lon="1.2556270"/>
            <trkpt lat="51.9251690" lon="1.2561720"/>
            <trkpt lat="51.9252670" lon="1.2564210"/>
            <trkpt lat="51.9253890" lon="1.2566990"/>
            <trkpt lat="51.9263920" lon="1.2587320"/>
            <trkpt lat="51.9265860" lon="1.2590930"/>
            <trkpt lat="51.9266520" lon="1.2592500"/>
            <trkpt lat="51.9267020" lon="1.2594550"/>
            <trkpt lat="51.9267270" lon="1.2597220"/>
            <trkpt lat="51.9266530" lon="1.2604930"/>
            <trkpt lat="51.9266740" lon="1.2609800"/>
            <trkpt lat="51.9267110" lon="1.2613930"/>
            <trkpt lat="51.9267710" lon="1.2617530"/>
            <trkpt lat="51.9270880" lon="1.2630910"/>
            <trkpt lat="51.9272000" lon="1.2636760"/>
            <trkpt lat="51.9273860" lon="1.2650970"/>
            <trkpt lat="51.9274390" lon="1.2657390"/>
            <trkpt lat="51.9274950" lon="1.2662110"/>
            <trkpt lat="51.9276380" lon="1.2670500"/>
            <trkpt lat="51.9276940" lon="1.2673470"/>
            <trkpt lat="51.9278760" lon="1.2680170"/>
            <trkpt lat="51.9279640" lon="1.2684390"/>
            <trkpt lat="51.9280180" lon="1.2690120"/>
            <trkpt lat="51.9280680" lon="1.2693990"/>
            <trkpt lat="51.9281690" lon="1.2699470"/>
            <trkpt lat="51.9282710" lon="1.2703410"/>
            <trkpt lat="51.9284050" lon="1.2707230"/>
            <trkpt lat="51.9286400" lon="1.2715050"/>
            <trkpt lat="51.9287560" lon="1.2719920"/>
            <trkpt lat="51.9288580" lon="1.2725580"/>
            <trkpt lat="51.9289310" lon="1.2728880"/>
            <trkpt lat="51.9290180" lon="1.2731710"/>
            <trkpt lat="51.9291210" lon="1.2734440"/>
            <trkpt lat="51.9292140" lon="1.2736170"/>
            <trkpt lat="51.9297760" lon="1.2743620"/>
            <trkpt lat="51.9300200" lon="1.2746230"/>
            <trkpt lat="51.9301940" lon="1.2747710"/>
            <trkpt lat="51.9303650" lon="1.2749490"/>
            <trkpt lat="51.9309400" lon="1.2756590"/>
            <trkpt lat="51.9313200" lon="1.2760960"/>
            <trkpt lat="51.9318610" lon="1.2766730"/>
            <trkpt lat="51.9324180" lon="1.2772150"/>
            <trkpt lat="51.9326850" lon="1.2774530"/>
            <trkpt lat="51.9328690" lon="1.2775890"/>
            <trkpt lat="51.9329240" lon="1.2776140"/>
            <trkpt lat="51.9329610" lon="1.2776020"/>
            <trkpt lat="51.9331220" lon="1.2774980"/>
            <trkpt lat="51.9331780" lon="1.2776990"/>
            <trkpt lat="51.9332550" lon="1.2778720"/>
            <trkpt lat="51.9340340" lon="1.2790420"/>
            <trkpt lat="51.9349540" lon="1.2803830"/>
            <trkpt lat="51.9354030" lon="1.2813390"/>
            <trkpt lat="51.9357920" lon="1.2820710"/>
            <trkpt lat="51.9360100" lon="1.2818010"/>
        </trkseg>
    </trk>
</gpx>
