<?xml version="1.0" encoding="UTF-8"?>
<gpx xmlns:gpxdata="http://www.cluetrust.com/XML/GPXDATA/1/0" xmlns:xsi="http://www.w3.org/2001/XMLSchema-instance" xmlns="http://www.topografix.com/GPX/1/1" version="1.1" creator="http://ridewithgps.com/" xsi:schemaLocation="http://www.topografix.com/GPX/1/1 http://www.topografix.com/GPX/1/1/gpx.xsd http://www.cluetrust.com/XML/GPXDATA/1/0 http://www.cluetrust.com/Schemas/gpxdata10.xsd">
  <metadata>
    <name>london to newhaven</name>
    <link href="https://ridewithgps.com/routes/55197572">
      <text>london to newhaven</text>
    </link>
    <time>2026-05-18T20:21:07Z</time>
  </metadata>
  <trk>
    <name>london to newhaven</name>
    <trkseg>
      <trkpt lat="51.56197" lon="-0.07427">
        <ele>29.4</ele>
      </trkpt>
      <trkpt lat="51.56197" lon="-0.07427">
        <ele>29.4</ele>
      </trkpt>
      <trkpt lat="51.56194" lon="-0.07384">
        <ele>28.7</ele>
      </trkpt>
      <trkpt lat="51.56195" lon="-0.07384">
        <ele>28.7</ele>
      </trkpt>
      <trkpt lat="51.56197" lon="-0.07383">
        <ele>28.6</ele>
      </trkpt>
      <trkpt lat="51.56204" lon="-0.07462">
        <ele>29.6</ele>
      </trkpt>
      <trkpt lat="51.56215" lon="-0.07547">
        <ele>30.2</ele>
      </trkpt>
      <trkpt lat="51.56216" lon="-0.07577">
        <ele>30.4</ele>
      </trkpt>
      <trkpt lat="51.5622" lon="-0.07704">
        <ele>30.5</ele>
      </trkpt>
      <trkpt lat="51.56166" lon="-0.07714">
        <ele>30.4</ele>
      </trkpt>
      <trkpt lat="51.561" lon="-0.07711">
        <ele>28.9</ele>
      </trkpt>
      <trkpt lat="51.56035" lon="-0.07707">
        <ele>27.3</ele>
      </trkpt>
      <trkpt lat="51.5602" lon="-0.07794">
        <ele>27.5</ele>
      </trkpt>
      <trkpt lat="51.56015" lon="-0.07822">
        <ele>27.4</ele>
      </trkpt>
      <trkpt lat="51.5601" lon="-0.07856">
        <ele>27.5</ele>
      </trkpt>
      <trkpt lat="51.55945" lon="-0.0785">
        <ele>25.9</ele>
      </trkpt>
      <trkpt lat="51.55879" lon="-0.07843">
        <ele>25.1</ele>
      </trkpt>
      <trkpt lat="51.55814" lon="-0.07836">
        <ele>25.0</ele>
      </trkpt>
      <trkpt lat="51.55812" lon="-0.07837">
        <ele>25.0</ele>
      </trkpt>
      <trkpt lat="51.5581" lon="-0.0784">
        <ele>25.1</ele>
      </trkpt>
      <trkpt lat="51.558" lon="-0.07865">
        <ele>25.4</ele>
      </trkpt>
      <trkpt lat="51.55797" lon="-0.07872">
        <ele>25.5</ele>
      </trkpt>
      <trkpt lat="51.55792" lon="-0.07877">
        <ele>25.5</ele>
      </trkpt>
      <trkpt lat="51.55786" lon="-0.07881">
        <ele>25.6</ele>
      </trkpt>
      <trkpt lat="51.55774" lon="-0.07884">
        <ele>25.6</ele>
      </trkpt>
      <trkpt lat="51.5577" lon="-0.07884">
        <ele>25.6</ele>
      </trkpt>
      <trkpt lat="51.55703" lon="-0.07894">
        <ele>25.7</ele>
      </trkpt>
      <trkpt lat="51.55635" lon="-0.07904">
        <ele>25.6</ele>
      </trkpt>
      <trkpt lat="51.55617" lon="-0.07908">
        <ele>25.4</ele>
      </trkpt>
      <trkpt lat="51.55548" lon="-0.07917">
        <ele>25.0</ele>
      </trkpt>
      <trkpt lat="51.55518" lon="-0.07922">
        <ele>25.0</ele>
      </trkpt>
      <trkpt lat="51.55513" lon="-0.07923">
        <ele>25.0</ele>
      </trkpt>
      <trkpt lat="51.55508" lon="-0.07923">
        <ele>25.0</ele>
      </trkpt>
      <trkpt lat="51.55503" lon="-0.0792">
        <ele>25.0</ele>
      </trkpt>
      <trkpt lat="51.5548" lon="-0.0792">
        <ele>25.0</ele>
      </trkpt>
      <trkpt lat="51.55471" lon="-0.07918">
        <ele>25.0</ele>
      </trkpt>
      <trkpt lat="51.5547" lon="-0.07916">
        <ele>25.0</ele>
      </trkpt>
      <trkpt lat="51.55468" lon="-0.07917">
        <ele>25.0</ele>
      </trkpt>
      <trkpt lat="51.55423" lon="-0.07927">
        <ele>25.0</ele>
      </trkpt>
      <trkpt lat="51.55378" lon="-0.07938">
        <ele>24.5</ele>
      </trkpt>
      <trkpt lat="51.55372" lon="-0.07938">
        <ele>24.5</ele>
      </trkpt>
      <trkpt lat="51.55362" lon="-0.07936">
        <ele>24.3</ele>
      </trkpt>
      <trkpt lat="51.55358" lon="-0.07933">
        <ele>24.3</ele>
      </trkpt>
      <trkpt lat="51.55353" lon="-0.07929">
        <ele>24.2</ele>
      </trkpt>
      <trkpt lat="51.55344" lon="-0.07918">
        <ele>24.1</ele>
      </trkpt>
      <trkpt lat="51.55332" lon="-0.0791">
        <ele>24.0</ele>
      </trkpt>
      <trkpt lat="51.55326" lon="-0.07907">
        <ele>24.1</ele>
      </trkpt>
      <trkpt lat="51.55283" lon="-0.07899">
        <ele>24.6</ele>
      </trkpt>
      <trkpt lat="51.55267" lon="-0.07898">
        <ele>24.8</ele>
      </trkpt>
      <trkpt lat="51.55205" lon="-0.07903">
        <ele>24.9</ele>
      </trkpt>
      <trkpt lat="51.552" lon="-0.07905">
        <ele>24.9</ele>
      </trkpt>
      <trkpt lat="51.55177" lon="-0.07931">
        <ele>25.2</ele>
      </trkpt>
      <trkpt lat="51.55176" lon="-0.07934">
        <ele>25.2</ele>
      </trkpt>
      <trkpt lat="51.55173" lon="-0.07938">
        <ele>25.2</ele>
      </trkpt>
      <trkpt lat="51.5517" lon="-0.07943">
        <ele>25.3</ele>
      </trkpt>
      <trkpt lat="51.5516" lon="-0.07928">
        <ele>25.0</ele>
      </trkpt>
      <trkpt lat="51.55144" lon="-0.0791">
        <ele>24.4</ele>
      </trkpt>
      <trkpt lat="51.55098" lon="-0.07867">
        <ele>23.2</ele>
      </trkpt>
      <trkpt lat="51.55079" lon="-0.07854">
        <ele>22.9</ele>
      </trkpt>
      <trkpt lat="51.55072" lon="-0.07851">
        <ele>22.8</ele>
      </trkpt>
      <trkpt lat="51.55053" lon="-0.07839">
        <ele>22.3</ele>
      </trkpt>
      <trkpt lat="51.54984" lon="-0.07792">
        <ele>21.0</ele>
      </trkpt>
      <trkpt lat="51.54919" lon="-0.07746">
        <ele>21.0</ele>
      </trkpt>
      <trkpt lat="51.5487" lon="-0.07705">
        <ele>21.5</ele>
      </trkpt>
      <trkpt lat="51.54868" lon="-0.07718">
        <ele>21.4</ele>
      </trkpt>
      <trkpt lat="51.54868" lon="-0.07732">
        <ele>21.2</ele>
      </trkpt>
      <trkpt lat="51.54868" lon="-0.07761">
        <ele>21.0</ele>
      </trkpt>
      <trkpt lat="51.54868" lon="-0.078">
        <ele>21.0</ele>
      </trkpt>
      <trkpt lat="51.54871" lon="-0.07876">
        <ele>21.5</ele>
      </trkpt>
      <trkpt lat="51.5485" lon="-0.0788">
        <ele>21.5</ele>
      </trkpt>
      <trkpt lat="51.54846" lon="-0.07881">
        <ele>21.5</ele>
      </trkpt>
      <trkpt lat="51.54833" lon="-0.07884">
        <ele>21.5</ele>
      </trkpt>
      <trkpt lat="51.54828" lon="-0.07885">
        <ele>21.5</ele>
      </trkpt>
      <trkpt lat="51.54804" lon="-0.0789">
        <ele>21.6</ele>
      </trkpt>
      <trkpt lat="51.54727" lon="-0.07905">
        <ele>21.5</ele>
      </trkpt>
      <trkpt lat="51.5465" lon="-0.07919">
        <ele>21.2</ele>
      </trkpt>
      <trkpt lat="51.54648" lon="-0.07924">
        <ele>21.3</ele>
      </trkpt>
      <trkpt lat="51.54638" lon="-0.07926">
        <ele>21.4</ele>
      </trkpt>
      <trkpt lat="51.54635" lon="-0.07928">
        <ele>21.5</ele>
      </trkpt>
      <trkpt lat="51.54644" lon="-0.08066">
        <ele>21.6</ele>
      </trkpt>
      <trkpt lat="51.54644" lon="-0.08068">
        <ele>21.6</ele>
      </trkpt>
      <trkpt lat="51.54641" lon="-0.08071">
        <ele>21.7</ele>
      </trkpt>
      <trkpt lat="51.54556" lon="-0.08089">
        <ele>22.7</ele>
      </trkpt>
      <trkpt lat="51.54526" lon="-0.08093">
        <ele>22.4</ele>
      </trkpt>
      <trkpt lat="51.54485" lon="-0.08104">
        <ele>22.0</ele>
      </trkpt>
      <trkpt lat="51.54419" lon="-0.08119">
        <ele>21.0</ele>
      </trkpt>
      <trkpt lat="51.54413" lon="-0.0812">
        <ele>21.0</ele>
      </trkpt>
      <trkpt lat="51.54351" lon="-0.08134">
        <ele>21.0</ele>
      </trkpt>
      <trkpt lat="51.54289" lon="-0.08147">
        <ele>20.1</ele>
      </trkpt>
      <trkpt lat="51.54218" lon="-0.08164">
        <ele>18.6</ele>
      </trkpt>
      <trkpt lat="51.54148" lon="-0.08181">
        <ele>18.5</ele>
      </trkpt>
      <trkpt lat="51.54117" lon="-0.0819">
        <ele>19.0</ele>
      </trkpt>
      <trkpt lat="51.54115" lon="-0.08178">
        <ele>18.8</ele>
      </trkpt>
      <trkpt lat="51.54107" lon="-0.08137">
        <ele>19.1</ele>
      </trkpt>
      <trkpt lat="51.54103" lon="-0.0811">
        <ele>19.4</ele>
      </trkpt>
      <trkpt lat="51.54102" lon="-0.08094">
        <ele>19.6</ele>
      </trkpt>
      <trkpt lat="51.54102" lon="-0.08061">
        <ele>20.1</ele>
      </trkpt>
      <trkpt lat="51.54043" lon="-0.08076">
        <ele>20.0</ele>
      </trkpt>
      <trkpt lat="51.53983" lon="-0.08091">
        <ele>19.8</ele>
      </trkpt>
      <trkpt lat="51.5391" lon="-0.08116">
        <ele>19.3</ele>
      </trkpt>
      <trkpt lat="51.53896" lon="-0.08119">
        <ele>20.0</ele>
      </trkpt>
      <trkpt lat="51.53856" lon="-0.08133">
        <ele>21.9</ele>
      </trkpt>
      <trkpt lat="51.5381" lon="-0.08149">
        <ele>22.4</ele>
      </trkpt>
      <trkpt lat="51.53764" lon="-0.08166">
        <ele>21.3</ele>
      </trkpt>
      <trkpt lat="51.53749" lon="-0.08171">
        <ele>21.1</ele>
      </trkpt>
      <trkpt lat="51.53723" lon="-0.08176">
        <ele>21.0</ele>
      </trkpt>
      <trkpt lat="51.53706" lon="-0.0818">
        <ele>20.9</ele>
      </trkpt>
      <trkpt lat="51.53645" lon="-0.08192">
        <ele>20.7</ele>
      </trkpt>
      <trkpt lat="51.53583" lon="-0.08204">
        <ele>20.6</ele>
      </trkpt>
      <trkpt lat="51.53581" lon="-0.08205">
        <ele>20.6</ele>
      </trkpt>
      <trkpt lat="51.53557" lon="-0.08225">
        <ele>20.9</ele>
      </trkpt>
      <trkpt lat="51.53545" lon="-0.08238">
        <ele>21.1</ele>
      </trkpt>
      <trkpt lat="51.53538" lon="-0.08252">
        <ele>21.1</ele>
      </trkpt>
      <trkpt lat="51.53531" lon="-0.08265">
        <ele>21.1</ele>
      </trkpt>
      <trkpt lat="51.53522" lon="-0.08274">
        <ele>21.3</ele>
      </trkpt>
      <trkpt lat="51.53505" lon="-0.08286">
        <ele>21.5</ele>
      </trkpt>
      <trkpt lat="51.535" lon="-0.08288">
        <ele>21.5</ele>
      </trkpt>
      <trkpt lat="51.53491" lon="-0.08289">
        <ele>21.4</ele>
      </trkpt>
      <trkpt lat="51.5344" lon="-0.08286">
        <ele>20.8</ele>
      </trkpt>
      <trkpt lat="51.53375" lon="-0.08295">
        <ele>20.7</ele>
      </trkpt>
      <trkpt lat="51.53371" lon="-0.08295">
        <ele>20.8</ele>
      </trkpt>
      <trkpt lat="51.5332" lon="-0.08302">
        <ele>21.1</ele>
      </trkpt>
      <trkpt lat="51.5329" lon="-0.08305">
        <ele>21.2</ele>
      </trkpt>
      <trkpt lat="51.53235" lon="-0.08303">
        <ele>21.2</ele>
      </trkpt>
      <trkpt lat="51.53168" lon="-0.08296">
        <ele>20.5</ele>
      </trkpt>
      <trkpt lat="51.53102" lon="-0.0829">
        <ele>22.8</ele>
      </trkpt>
      <trkpt lat="51.53104" lon="-0.08154">
        <ele>22.1</ele>
      </trkpt>
      <trkpt lat="51.53106" lon="-0.08018">
        <ele>20.8</ele>
      </trkpt>
      <trkpt lat="51.53085" lon="-0.08018">
        <ele>20.3</ele>
      </trkpt>
      <trkpt lat="51.53081" lon="-0.07941">
        <ele>20.7</ele>
      </trkpt>
      <trkpt lat="51.53078" lon="-0.07864">
        <ele>21.7</ele>
      </trkpt>
      <trkpt lat="51.53073" lon="-0.07791">
        <ele>22.0</ele>
      </trkpt>
      <trkpt lat="51.53069" lon="-0.07718">
        <ele>21.7</ele>
      </trkpt>
      <trkpt lat="51.53041" lon="-0.07723">
        <ele>22.0</ele>
      </trkpt>
      <trkpt lat="51.53014" lon="-0.0773">
        <ele>22.2</ele>
      </trkpt>
      <trkpt lat="51.53014" lon="-0.0773">
        <ele>22.2</ele>
      </trkpt>
      <trkpt lat="51.52945" lon="-0.07755">
        <ele>22.0</ele>
      </trkpt>
      <trkpt lat="51.52898" lon="-0.07779">
        <ele>22.0</ele>
      </trkpt>
      <trkpt lat="51.52857" lon="-0.07792">
        <ele>22.0</ele>
      </trkpt>
      <trkpt lat="51.52829" lon="-0.07794">
        <ele>22.1</ele>
      </trkpt>
      <trkpt lat="51.52773" lon="-0.07799">
        <ele>23.1</ele>
      </trkpt>
      <trkpt lat="51.52718" lon="-0.07805">
        <ele>23.7</ele>
      </trkpt>
      <trkpt lat="51.52673" lon="-0.07803">
        <ele>23.6</ele>
      </trkpt>
      <trkpt lat="51.52636" lon="-0.07804">
        <ele>22.7</ele>
      </trkpt>
      <trkpt lat="51.5262" lon="-0.07803">
        <ele>22.2</ele>
      </trkpt>
      <trkpt lat="51.52612" lon="-0.078">
        <ele>21.9</ele>
      </trkpt>
      <trkpt lat="51.52589" lon="-0.07786">
        <ele>21.2</ele>
      </trkpt>
      <trkpt lat="51.5256" lon="-0.07763">
        <ele>20.7</ele>
      </trkpt>
      <trkpt lat="51.52542" lon="-0.07751">
        <ele>20.5</ele>
      </trkpt>
      <trkpt lat="51.52534" lon="-0.07746">
        <ele>20.4</ele>
      </trkpt>
      <trkpt lat="51.52515" lon="-0.07739">
        <ele>20.3</ele>
      </trkpt>
      <trkpt lat="51.52499" lon="-0.07735">
        <ele>20.2</ele>
      </trkpt>
      <trkpt lat="51.5248" lon="-0.07732">
        <ele>20.6</ele>
      </trkpt>
      <trkpt lat="51.52437" lon="-0.07723">
        <ele>21.6</ele>
      </trkpt>
      <trkpt lat="51.5239" lon="-0.07723">
        <ele>20.9</ele>
      </trkpt>
      <trkpt lat="51.52371" lon="-0.07725">
        <ele>20.1</ele>
      </trkpt>
      <trkpt lat="51.52364" lon="-0.07724">
        <ele>19.8</ele>
      </trkpt>
      <trkpt lat="51.52353" lon="-0.07728">
        <ele>19.3</ele>
      </trkpt>
      <trkpt lat="51.52321" lon="-0.07743">
        <ele>18.3</ele>
      </trkpt>
      <trkpt lat="51.5231" lon="-0.07746">
        <ele>18.3</ele>
      </trkpt>
      <trkpt lat="51.52296" lon="-0.07756">
        <ele>18.4</ele>
      </trkpt>
      <trkpt lat="51.5228" lon="-0.07765">
        <ele>18.6</ele>
      </trkpt>
      <trkpt lat="51.52271" lon="-0.07769">
        <ele>18.7</ele>
      </trkpt>
      <trkpt lat="51.52266" lon="-0.07774">
        <ele>18.8</ele>
      </trkpt>
      <trkpt lat="51.52262" lon="-0.07785">
        <ele>18.8</ele>
      </trkpt>
      <trkpt lat="51.52246" lon="-0.07795">
        <ele>18.9</ele>
      </trkpt>
      <trkpt lat="51.52217" lon="-0.07808">
        <ele>18.4</ele>
      </trkpt>
      <trkpt lat="51.5218" lon="-0.07828">
        <ele>17.4</ele>
      </trkpt>
      <trkpt lat="51.52164" lon="-0.07841">
        <ele>17.2</ele>
      </trkpt>
      <trkpt lat="51.52146" lon="-0.07856">
        <ele>18.3</ele>
      </trkpt>
      <trkpt lat="51.52136" lon="-0.07856">
        <ele>18.8</ele>
      </trkpt>
      <trkpt lat="51.5207" lon="-0.07884">
        <ele>23.2</ele>
      </trkpt>
      <trkpt lat="51.52051" lon="-0.07888">
        <ele>24.9</ele>
      </trkpt>
      <trkpt lat="51.52029" lon="-0.0789">
        <ele>26.8</ele>
      </trkpt>
      <trkpt lat="51.52017" lon="-0.0789">
        <ele>27.7</ele>
      </trkpt>
      <trkpt lat="51.51996" lon="-0.07894">
        <ele>29.9</ele>
      </trkpt>
      <trkpt lat="51.5198" lon="-0.07899">
        <ele>31.8</ele>
      </trkpt>
      <trkpt lat="51.51936" lon="-0.07915">
        <ele>36.5</ele>
      </trkpt>
      <trkpt lat="51.51901" lon="-0.07929">
        <ele>38.0</ele>
      </trkpt>
      <trkpt lat="51.519" lon="-0.07937">
        <ele>38.4</ele>
      </trkpt>
      <trkpt lat="51.51871" lon="-0.07951">
        <ele>38.7</ele>
      </trkpt>
      <trkpt lat="51.51864" lon="-0.07953">
        <ele>38.8</ele>
      </trkpt>
      <trkpt lat="51.51831" lon="-0.07972">
        <ele>40.1</ele>
      </trkpt>
      <trkpt lat="51.51817" lon="-0.07982">
        <ele>39.4</ele>
      </trkpt>
      <trkpt lat="51.51789" lon="-0.08005">
        <ele>37.1</ele>
      </trkpt>
      <trkpt lat="51.51754" lon="-0.08039">
        <ele>32.9</ele>
      </trkpt>
      <trkpt lat="51.51741" lon="-0.08054">
        <ele>31.9</ele>
      </trkpt>
      <trkpt lat="51.51728" lon="-0.08065">
        <ele>30.9</ele>
      </trkpt>
      <trkpt lat="51.51704" lon="-0.08088">
        <ele>29.1</ele>
      </trkpt>
      <trkpt lat="51.51694" lon="-0.08098">
        <ele>28.3</ele>
      </trkpt>
      <trkpt lat="51.51671" lon="-0.08113">
        <ele>26.4</ele>
      </trkpt>
      <trkpt lat="51.5166" lon="-0.08124">
        <ele>26.6</ele>
      </trkpt>
      <trkpt lat="51.51649" lon="-0.08131">
        <ele>27.5</ele>
      </trkpt>
      <trkpt lat="51.51641" lon="-0.0813">
        <ele>28.2</ele>
      </trkpt>
      <trkpt lat="51.51624" lon="-0.08146">
        <ele>29.6</ele>
      </trkpt>
      <trkpt lat="51.51591" lon="-0.08184">
        <ele>32.8</ele>
      </trkpt>
      <trkpt lat="51.5159" lon="-0.08192">
        <ele>33.0</ele>
      </trkpt>
      <trkpt lat="51.51565" lon="-0.08219">
        <ele>33.9</ele>
      </trkpt>
      <trkpt lat="51.51535" lon="-0.08252">
        <ele>33.9</ele>
      </trkpt>
      <trkpt lat="51.51492" lon="-0.08295">
        <ele>33.9</ele>
      </trkpt>
      <trkpt lat="51.51448" lon="-0.08356">
        <ele>35.4</ele>
      </trkpt>
      <trkpt lat="51.51443" lon="-0.08362">
        <ele>35.5</ele>
      </trkpt>
      <trkpt lat="51.51439" lon="-0.08366">
        <ele>35.5</ele>
      </trkpt>
      <trkpt lat="51.51412" lon="-0.08385">
        <ele>35.9</ele>
      </trkpt>
      <trkpt lat="51.51333" lon="-0.08418">
        <ele>36.9</ele>
      </trkpt>
      <trkpt lat="51.51283" lon="-0.08445">
        <ele>35.9</ele>
      </trkpt>
      <trkpt lat="51.51253" lon="-0.08467">
        <ele>35.9</ele>
      </trkpt>
      <trkpt lat="51.51231" lon="-0.08484">
        <ele>36.7</ele>
      </trkpt>
      <trkpt lat="51.51193" lon="-0.08511">
        <ele>38.6</ele>
      </trkpt>
      <trkpt lat="51.5112" lon="-0.08559">
        <ele>35.1</ele>
      </trkpt>
      <trkpt lat="51.51109" lon="-0.08564">
        <ele>34.2</ele>
      </trkpt>
      <trkpt lat="51.51099" lon="-0.0858">
        <ele>33.2</ele>
      </trkpt>
      <trkpt lat="51.51088" lon="-0.08603">
        <ele>32.3</ele>
      </trkpt>
      <trkpt lat="51.51083" lon="-0.0862">
        <ele>32.0</ele>
      </trkpt>
      <trkpt lat="51.51083" lon="-0.08637">
        <ele>32.0</ele>
      </trkpt>
      <trkpt lat="51.51084" lon="-0.08657">
        <ele>32.0</ele>
      </trkpt>
      <trkpt lat="51.51067" lon="-0.08663">
        <ele>31.6</ele>
      </trkpt>
      <trkpt lat="51.5103" lon="-0.0868">
        <ele>30.4</ele>
      </trkpt>
      <trkpt lat="51.50982" lon="-0.08697">
        <ele>28.6</ele>
      </trkpt>
      <trkpt lat="51.50897" lon="-0.08727">
        <ele>25.5</ele>
      </trkpt>
      <trkpt lat="51.50811" lon="-0.08756">
        <ele>22.4</ele>
      </trkpt>
      <trkpt lat="51.50726" lon="-0.08786">
        <ele>19.3</ele>
      </trkpt>
      <trkpt lat="51.50678" lon="-0.08804">
        <ele>17.5</ele>
      </trkpt>
      <trkpt lat="51.5063" lon="-0.08823">
        <ele>15.8</ele>
      </trkpt>
      <trkpt lat="51.50617" lon="-0.0883">
        <ele>15.3</ele>
      </trkpt>
      <trkpt lat="51.50611" lon="-0.08807">
        <ele>14.8</ele>
      </trkpt>
      <trkpt lat="51.50608" lon="-0.08788">
        <ele>15.0</ele>
      </trkpt>
      <trkpt lat="51.5059" lon="-0.08685">
        <ele>17.4</ele>
      </trkpt>
      <trkpt lat="51.50583" lon="-0.08635">
        <ele>18.0</ele>
      </trkpt>
      <trkpt lat="51.50578" lon="-0.08603">
        <ele>17.9</ele>
      </trkpt>
      <trkpt lat="51.50574" lon="-0.08589">
        <ele>17.8</ele>
      </trkpt>
      <trkpt lat="51.50558" lon="-0.08542">
        <ele>18.0</ele>
      </trkpt>
      <trkpt lat="51.50513" lon="-0.08434">
        <ele>17.5</ele>
      </trkpt>
      <trkpt lat="51.50462" lon="-0.08319">
        <ele>13.1</ele>
      </trkpt>
      <trkpt lat="51.50456" lon="-0.08301">
        <ele>12.0</ele>
      </trkpt>
      <trkpt lat="51.50427" lon="-0.08207">
        <ele>7.6</ele>
      </trkpt>
      <trkpt lat="51.50385" lon="-0.08111">
        <ele>7.1</ele>
      </trkpt>
      <trkpt lat="51.50372" lon="-0.08081">
        <ele>7.7</ele>
      </trkpt>
      <trkpt lat="51.50367" lon="-0.08064">
        <ele>7.7</ele>
      </trkpt>
      <trkpt lat="51.50346" lon="-0.0798">
        <ele>8.0</ele>
      </trkpt>
      <trkpt lat="51.50328" lon="-0.07928">
        <ele>8.3</ele>
      </trkpt>
      <trkpt lat="51.50308" lon="-0.07875">
        <ele>8.6</ele>
      </trkpt>
      <trkpt lat="51.5031" lon="-0.07868">
        <ele>8.4</ele>
      </trkpt>
      <trkpt lat="51.50308" lon="-0.07857">
        <ele>8.4</ele>
      </trkpt>
      <trkpt lat="51.50307" lon="-0.07848">
        <ele>8.4</ele>
      </trkpt>
      <trkpt lat="51.50304" lon="-0.07841">
        <ele>8.5</ele>
      </trkpt>
      <trkpt lat="51.50273" lon="-0.07792">
        <ele>10.2</ele>
      </trkpt>
      <trkpt lat="51.50269" lon="-0.07789">
        <ele>10.3</ele>
      </trkpt>
      <trkpt lat="51.50248" lon="-0.07758">
        <ele>11.0</ele>
      </trkpt>
      <trkpt lat="51.50234" lon="-0.07734">
        <ele>11.3</ele>
      </trkpt>
      <trkpt lat="51.50232" lon="-0.07733">
        <ele>11.3</ele>
      </trkpt>
      <trkpt lat="51.50227" lon="-0.07724">
        <ele>11.5</ele>
      </trkpt>
      <trkpt lat="51.50191" lon="-0.07671">
        <ele>13.3</ele>
      </trkpt>
      <trkpt lat="51.50181" lon="-0.07652">
        <ele>13.5</ele>
      </trkpt>
      <trkpt lat="51.50163" lon="-0.07628">
        <ele>13.3</ele>
      </trkpt>
      <trkpt lat="51.50144" lon="-0.07595">
        <ele>11.7</ele>
      </trkpt>
      <trkpt lat="51.50142" lon="-0.07589">
        <ele>11.6</ele>
      </trkpt>
      <trkpt lat="51.50139" lon="-0.0758">
        <ele>11.3</ele>
      </trkpt>
      <trkpt lat="51.50136" lon="-0.07574">
        <ele>11.1</ele>
      </trkpt>
      <trkpt lat="51.5013" lon="-0.07561">
        <ele>10.7</ele>
      </trkpt>
      <trkpt lat="51.50127" lon="-0.07559">
        <ele>10.5</ele>
      </trkpt>
      <trkpt lat="51.50101" lon="-0.07508">
        <ele>8.9</ele>
      </trkpt>
      <trkpt lat="51.50074" lon="-0.07452">
        <ele>8.4</ele>
      </trkpt>
      <trkpt lat="51.50059" lon="-0.07415">
        <ele>8.8</ele>
      </trkpt>
      <trkpt lat="51.50053" lon="-0.07395">
        <ele>9.3</ele>
      </trkpt>
      <trkpt lat="51.50044" lon="-0.0736">
        <ele>10.2</ele>
      </trkpt>
      <trkpt lat="51.50039" lon="-0.07342">
        <ele>10.7</ele>
      </trkpt>
      <trkpt lat="51.50032" lon="-0.07329">
        <ele>11.0</ele>
      </trkpt>
      <trkpt lat="51.50025" lon="-0.073">
        <ele>10.8</ele>
      </trkpt>
      <trkpt lat="51.50025" lon="-0.07291">
        <ele>10.8</ele>
      </trkpt>
      <trkpt lat="51.50023" lon="-0.07284">
        <ele>10.7</ele>
      </trkpt>
      <trkpt lat="51.5002" lon="-0.07275">
        <ele>10.6</ele>
      </trkpt>
      <trkpt lat="51.50008" lon="-0.0725">
        <ele>10.2</ele>
      </trkpt>
      <trkpt lat="51.49969" lon="-0.07188">
        <ele>7.2</ele>
      </trkpt>
      <trkpt lat="51.49963" lon="-0.07182">
        <ele>6.9</ele>
      </trkpt>
      <trkpt lat="51.49946" lon="-0.07151">
        <ele>6.2</ele>
      </trkpt>
      <trkpt lat="51.49925" lon="-0.07108">
        <ele>5.9</ele>
      </trkpt>
      <trkpt lat="51.49899" lon="-0.07048">
        <ele>6.7</ele>
      </trkpt>
      <trkpt lat="51.49896" lon="-0.07038">
        <ele>6.9</ele>
      </trkpt>
      <trkpt lat="51.49887" lon="-0.07016">
        <ele>7.5</ele>
      </trkpt>
      <trkpt lat="51.49866" lon="-0.06959">
        <ele>7.6</ele>
      </trkpt>
      <trkpt lat="51.4986" lon="-0.06928">
        <ele>7.2</ele>
      </trkpt>
      <trkpt lat="51.49855" lon="-0.0691">
        <ele>6.9</ele>
      </trkpt>
      <trkpt lat="51.49851" lon="-0.06901">
        <ele>6.7</ele>
      </trkpt>
      <trkpt lat="51.4984" lon="-0.06884">
        <ele>6.3</ele>
      </trkpt>
      <trkpt lat="51.49828" lon="-0.06837">
        <ele>5.1</ele>
      </trkpt>
      <trkpt lat="51.49817" lon="-0.06781">
        <ele>4.9</ele>
      </trkpt>
      <trkpt lat="51.49811" lon="-0.06729">
        <ele>4.6</ele>
      </trkpt>
      <trkpt lat="51.49806" lon="-0.06676">
        <ele>4.1</ele>
      </trkpt>
      <trkpt lat="51.49805" lon="-0.06627">
        <ele>4.1</ele>
      </trkpt>
      <trkpt lat="51.49799" lon="-0.06627">
        <ele>4.0</ele>
      </trkpt>
      <trkpt lat="51.49778" lon="-0.06627">
        <ele>3.3</ele>
      </trkpt>
      <trkpt lat="51.49773" lon="-0.06628">
        <ele>3.2</ele>
      </trkpt>
      <trkpt lat="51.4977" lon="-0.0663">
        <ele>3.1</ele>
      </trkpt>
      <trkpt lat="51.49758" lon="-0.06627">
        <ele>2.7</ele>
      </trkpt>
      <trkpt lat="51.49691" lon="-0.06602">
        <ele>5.8</ele>
      </trkpt>
      <trkpt lat="51.49667" lon="-0.06595">
        <ele>7.0</ele>
      </trkpt>
      <trkpt lat="51.4962" lon="-0.06585">
        <ele>7.0</ele>
      </trkpt>
      <trkpt lat="51.49572" lon="-0.06575">
        <ele>6.8</ele>
      </trkpt>
      <trkpt lat="51.49557" lon="-0.06573">
        <ele>6.8</ele>
      </trkpt>
      <trkpt lat="51.4954" lon="-0.06568">
        <ele>6.7</ele>
      </trkpt>
      <trkpt lat="51.49473" lon="-0.06537">
        <ele>6.5</ele>
      </trkpt>
      <trkpt lat="51.49465" lon="-0.06528">
        <ele>6.5</ele>
      </trkpt>
      <trkpt lat="51.49426" lon="-0.065019">
        <ele>6.9</ele>
      </trkpt>
      <trkpt lat="51.49413" lon="-0.064979">
        <ele>7.0</ele>
      </trkpt>
      <trkpt lat="51.49401" lon="-0.06493">
        <ele>6.8</ele>
      </trkpt>
      <trkpt lat="51.49391" lon="-0.0649">
        <ele>6.7</ele>
      </trkpt>
      <trkpt lat="51.49385" lon="-0.0649">
        <ele>6.6</ele>
      </trkpt>
      <trkpt lat="51.4934" lon="-0.06503">
        <ele>6.0</ele>
      </trkpt>
      <trkpt lat="51.49275" lon="-0.06512">
        <ele>5.0</ele>
      </trkpt>
      <trkpt lat="51.49251" lon="-0.06517">
        <ele>4.6</ele>
      </trkpt>
      <trkpt lat="51.49236" lon="-0.06519">
        <ele>4.5</ele>
      </trkpt>
      <trkpt lat="51.49173" lon="-0.06524">
        <ele>4.0</ele>
      </trkpt>
      <trkpt lat="51.4911" lon="-0.06529">
        <ele>4.4</ele>
      </trkpt>
      <trkpt lat="51.49055" lon="-0.065339">
        <ele>3.8</ele>
      </trkpt>
      <trkpt lat="51.49001" lon="-0.0654">
        <ele>2.5</ele>
      </trkpt>
      <trkpt lat="51.48953" lon="-0.06542">
        <ele>3.1</ele>
      </trkpt>
      <trkpt lat="51.48901" lon="-0.0655">
        <ele>3.6</ele>
      </trkpt>
      <trkpt lat="51.48849" lon="-0.06559">
        <ele>4.0</ele>
      </trkpt>
      <trkpt lat="51.4881" lon="-0.06564">
        <ele>4.3</ele>
      </trkpt>
      <trkpt lat="51.48743" lon="-0.06574">
        <ele>4.9</ele>
      </trkpt>
      <trkpt lat="51.48676" lon="-0.06583">
        <ele>5.0</ele>
      </trkpt>
      <trkpt lat="51.48605" lon="-0.06572">
        <ele>4.2</ele>
      </trkpt>
      <trkpt lat="51.48534" lon="-0.06561">
        <ele>3.6</ele>
      </trkpt>
      <trkpt lat="51.48527" lon="-0.06558">
        <ele>3.5</ele>
      </trkpt>
      <trkpt lat="51.48519" lon="-0.065519">
        <ele>3.5</ele>
      </trkpt>
      <trkpt lat="51.48512" lon="-0.06543">
        <ele>3.6</ele>
      </trkpt>
      <trkpt lat="51.48494" lon="-0.06575">
        <ele>3.2</ele>
      </trkpt>
      <trkpt lat="51.48486" lon="-0.06582">
        <ele>3.3</ele>
      </trkpt>
      <trkpt lat="51.48479" lon="-0.06587">
        <ele>3.5</ele>
      </trkpt>
      <trkpt lat="51.48446" lon="-0.06602">
        <ele>4.3</ele>
      </trkpt>
      <trkpt lat="51.4844" lon="-0.06597">
        <ele>4.4</ele>
      </trkpt>
      <trkpt lat="51.48411" lon="-0.0661">
        <ele>5.0</ele>
      </trkpt>
      <trkpt lat="51.48406" lon="-0.06623">
        <ele>4.9</ele>
      </trkpt>
      <trkpt lat="51.48356" lon="-0.06507">
        <ele>5.7</ele>
      </trkpt>
      <trkpt lat="51.48352" lon="-0.06505">
        <ele>5.7</ele>
      </trkpt>
      <trkpt lat="51.48346" lon="-0.06496">
        <ele>5.8</ele>
      </trkpt>
      <trkpt lat="51.48342" lon="-0.064949">
        <ele>5.8</ele>
      </trkpt>
      <trkpt lat="51.4834" lon="-0.06497">
        <ele>5.9</ele>
      </trkpt>
      <trkpt lat="51.48285" lon="-0.06537">
        <ele>6.1</ele>
      </trkpt>
      <trkpt lat="51.48232" lon="-0.0658">
        <ele>7.0</ele>
      </trkpt>
      <trkpt lat="51.48179" lon="-0.06623">
        <ele>7.0</ele>
      </trkpt>
      <trkpt lat="51.48122" lon="-0.06666">
        <ele>5.9</ele>
      </trkpt>
      <trkpt lat="51.48065" lon="-0.0671">
        <ele>6.1</ele>
      </trkpt>
      <trkpt lat="51.48022" lon="-0.06736">
        <ele>6.8</ele>
      </trkpt>
      <trkpt lat="51.47978" lon="-0.06761">
        <ele>7.0</ele>
      </trkpt>
      <trkpt lat="51.47933" lon="-0.06787">
        <ele>7.0</ele>
      </trkpt>
      <trkpt lat="51.47888" lon="-0.06813">
        <ele>6.7</ele>
      </trkpt>
      <trkpt lat="51.47851" lon="-0.06833">
        <ele>6.2</ele>
      </trkpt>
      <trkpt lat="51.47822" lon="-0.06846">
        <ele>6.0</ele>
      </trkpt>
      <trkpt lat="51.47832" lon="-0.06788">
        <ele>6.0</ele>
      </trkpt>
      <trkpt lat="51.47795" lon="-0.06774">
        <ele>5.5</ele>
      </trkpt>
      <trkpt lat="51.47791" lon="-0.06769">
        <ele>5.5</ele>
      </trkpt>
      <trkpt lat="51.47777" lon="-0.06763">
        <ele>5.3</ele>
      </trkpt>
      <trkpt lat="51.47739" lon="-0.06749">
        <ele>5.4</ele>
      </trkpt>
      <trkpt lat="51.47736" lon="-0.06751">
        <ele>5.5</ele>
      </trkpt>
      <trkpt lat="51.47718" lon="-0.06744">
        <ele>6.2</ele>
      </trkpt>
      <trkpt lat="51.47718" lon="-0.06744">
        <ele>6.2</ele>
      </trkpt>
      <trkpt lat="51.47718" lon="-0.06744">
        <ele>6.2</ele>
      </trkpt>
      <trkpt lat="51.47673" lon="-0.06727">
        <ele>7.5</ele>
      </trkpt>
      <trkpt lat="51.47678" lon="-0.06693">
        <ele>7.1</ele>
      </trkpt>
      <trkpt lat="51.47677" lon="-0.06663">
        <ele>6.9</ele>
      </trkpt>
      <trkpt lat="51.47614" lon="-0.06669">
        <ele>6.4</ele>
      </trkpt>
      <trkpt lat="51.47551" lon="-0.06675">
        <ele>6.5</ele>
      </trkpt>
      <trkpt lat="51.47546" lon="-0.06729">
        <ele>7.2</ele>
      </trkpt>
      <trkpt lat="51.47541" lon="-0.06761">
        <ele>7.6</ele>
      </trkpt>
      <trkpt lat="51.47537" lon="-0.06774">
        <ele>7.7</ele>
      </trkpt>
      <trkpt lat="51.47524" lon="-0.06805">
        <ele>7.9</ele>
      </trkpt>
      <trkpt lat="51.47516" lon="-0.06825">
        <ele>8.0</ele>
      </trkpt>
      <trkpt lat="51.47512" lon="-0.06842">
        <ele>8.1</ele>
      </trkpt>
      <trkpt lat="51.4751" lon="-0.06856">
        <ele>8.2</ele>
      </trkpt>
      <trkpt lat="51.47504" lon="-0.06901">
        <ele>8.7</ele>
      </trkpt>
      <trkpt lat="51.47452" lon="-0.06883">
        <ele>8.6</ele>
      </trkpt>
      <trkpt lat="51.47449" lon="-0.06903">
        <ele>8.8</ele>
      </trkpt>
      <trkpt lat="51.47438" lon="-0.06977">
        <ele>9.2</ele>
      </trkpt>
      <trkpt lat="51.47433" lon="-0.06978">
        <ele>9.1</ele>
      </trkpt>
      <trkpt lat="51.47424" lon="-0.06989">
        <ele>9.1</ele>
      </trkpt>
      <trkpt lat="51.47382" lon="-0.06968">
        <ele>9.7</ele>
      </trkpt>
      <trkpt lat="51.47362" lon="-0.06979">
        <ele>10.1</ele>
      </trkpt>
      <trkpt lat="51.47359" lon="-0.06985">
        <ele>10.3</ele>
      </trkpt>
      <trkpt lat="51.47353" lon="-0.06983">
        <ele>10.4</ele>
      </trkpt>
      <trkpt lat="51.47344" lon="-0.0698">
        <ele>10.5</ele>
      </trkpt>
      <trkpt lat="51.47341" lon="-0.06978">
        <ele>10.6</ele>
      </trkpt>
      <trkpt lat="51.47328" lon="-0.06983">
        <ele>10.7</ele>
      </trkpt>
      <trkpt lat="51.4732" lon="-0.06981">
        <ele>10.6</ele>
      </trkpt>
      <trkpt lat="51.47237" lon="-0.0697">
        <ele>9.7</ele>
      </trkpt>
      <trkpt lat="51.47215" lon="-0.06969">
        <ele>9.8</ele>
      </trkpt>
      <trkpt lat="51.47212" lon="-0.06974">
        <ele>9.8</ele>
      </trkpt>
      <trkpt lat="51.47205" lon="-0.06971">
        <ele>9.8</ele>
      </trkpt>
      <trkpt lat="51.47201" lon="-0.06967">
        <ele>9.8</ele>
      </trkpt>
      <trkpt lat="51.47198" lon="-0.06969">
        <ele>9.9</ele>
      </trkpt>
      <trkpt lat="51.47158" lon="-0.06969">
        <ele>10.2</ele>
      </trkpt>
      <trkpt lat="51.47142" lon="-0.06962">
        <ele>10.7</ele>
      </trkpt>
      <trkpt lat="51.47126" lon="-0.06951">
        <ele>11.3</ele>
      </trkpt>
      <trkpt lat="51.47072" lon="-0.06911">
        <ele>13.1</ele>
      </trkpt>
      <trkpt lat="51.47007" lon="-0.06858">
        <ele>13.7</ele>
      </trkpt>
      <trkpt lat="51.46981" lon="-0.06837">
        <ele>14.4</ele>
      </trkpt>
      <trkpt lat="51.46905" lon="-0.06785">
        <ele>14.6</ele>
      </trkpt>
      <trkpt lat="51.46862" lon="-0.06759">
        <ele>13.4</ele>
      </trkpt>
      <trkpt lat="51.46823" lon="-0.06733">
        <ele>13.0</ele>
      </trkpt>
      <trkpt lat="51.46767" lon="-0.06692">
        <ele>14.2</ele>
      </trkpt>
      <trkpt lat="51.46758" lon="-0.06683">
        <ele>14.6</ele>
      </trkpt>
      <trkpt lat="51.46709" lon="-0.06614">
        <ele>15.0</ele>
      </trkpt>
      <trkpt lat="51.46682" lon="-0.06589">
        <ele>15.0</ele>
      </trkpt>
      <trkpt lat="51.46642" lon="-0.066">
        <ele>15.0</ele>
      </trkpt>
      <trkpt lat="51.46634" lon="-0.06598">
        <ele>15.0</ele>
      </trkpt>
      <trkpt lat="51.46557" lon="-0.06606">
        <ele>15.2</ele>
      </trkpt>
      <trkpt lat="51.46554" lon="-0.06601">
        <ele>15.3</ele>
      </trkpt>
      <trkpt lat="51.46553" lon="-0.06599">
        <ele>15.3</ele>
      </trkpt>
      <trkpt lat="51.46524" lon="-0.06601">
        <ele>15.6</ele>
      </trkpt>
      <trkpt lat="51.46514" lon="-0.06599">
        <ele>15.7</ele>
      </trkpt>
      <trkpt lat="51.46495" lon="-0.06589">
        <ele>16.1</ele>
      </trkpt>
      <trkpt lat="51.46491" lon="-0.06594">
        <ele>16.1</ele>
      </trkpt>
      <trkpt lat="51.46421" lon="-0.06558">
        <ele>18.2</ele>
      </trkpt>
      <trkpt lat="51.46402" lon="-0.06546">
        <ele>18.5</ele>
      </trkpt>
      <trkpt lat="51.46398" lon="-0.06543">
        <ele>18.6</ele>
      </trkpt>
      <trkpt lat="51.4636" lon="-0.06521">
        <ele>18.9</ele>
      </trkpt>
      <trkpt lat="51.46351" lon="-0.06517">
        <ele>19.0</ele>
      </trkpt>
      <trkpt lat="51.46319" lon="-0.065">
        <ele>19.7</ele>
      </trkpt>
      <trkpt lat="51.46277" lon="-0.06475">
        <ele>21.8</ele>
      </trkpt>
      <trkpt lat="51.46268" lon="-0.064659">
        <ele>22.2</ele>
      </trkpt>
      <trkpt lat="51.46265" lon="-0.06476">
        <ele>22.3</ele>
      </trkpt>
      <trkpt lat="51.46193" lon="-0.06501">
        <ele>16.9</ele>
      </trkpt>
      <trkpt lat="51.46114" lon="-0.065339">
        <ele>18.7</ele>
      </trkpt>
      <trkpt lat="51.46036" lon="-0.06567">
        <ele>21.0</ele>
      </trkpt>
      <trkpt lat="51.45957" lon="-0.066">
        <ele>22.2</ele>
      </trkpt>
      <trkpt lat="51.45952" lon="-0.06608">
        <ele>22.4</ele>
      </trkpt>
      <trkpt lat="51.45904" lon="-0.06604">
        <ele>23.5</ele>
      </trkpt>
      <trkpt lat="51.45881" lon="-0.06591">
        <ele>23.9</ele>
      </trkpt>
      <trkpt lat="51.45822" lon="-0.06543">
        <ele>25.3</ele>
      </trkpt>
      <trkpt lat="51.45769" lon="-0.06504">
        <ele>27.3</ele>
      </trkpt>
      <trkpt lat="51.45739" lon="-0.06478">
        <ele>28.3</ele>
      </trkpt>
      <trkpt lat="51.45704" lon="-0.064519">
        <ele>29.1</ele>
      </trkpt>
      <trkpt lat="51.45675" lon="-0.06432">
        <ele>29.8</ele>
      </trkpt>
      <trkpt lat="51.45612" lon="-0.063909">
        <ele>32.3</ele>
      </trkpt>
      <trkpt lat="51.45583" lon="-0.06376">
        <ele>34.0</ele>
      </trkpt>
      <trkpt lat="51.45548" lon="-0.063549">
        <ele>33.5</ele>
      </trkpt>
      <trkpt lat="51.45498" lon="-0.06324">
        <ele>32.0</ele>
      </trkpt>
      <trkpt lat="51.45447" lon="-0.062939">
        <ele>31.4</ele>
      </trkpt>
      <trkpt lat="51.45425" lon="-0.06343">
        <ele>31.2</ele>
      </trkpt>
      <trkpt lat="51.45414" lon="-0.06358">
        <ele>31.3</ele>
      </trkpt>
      <trkpt lat="51.45369" lon="-0.06406">
        <ele>32.4</ele>
      </trkpt>
      <trkpt lat="51.45358" lon="-0.064159">
        <ele>32.7</ele>
      </trkpt>
      <trkpt lat="51.45304" lon="-0.06462">
        <ele>33.7</ele>
      </trkpt>
      <trkpt lat="51.4525" lon="-0.06508">
        <ele>35.2</ele>
      </trkpt>
      <trkpt lat="51.45244" lon="-0.06518">
        <ele>35.6</ele>
      </trkpt>
      <trkpt lat="51.45226" lon="-0.06557">
        <ele>37.0</ele>
      </trkpt>
      <trkpt lat="51.45159" lon="-0.0648">
        <ele>38.2</ele>
      </trkpt>
      <trkpt lat="51.45117" lon="-0.06438">
        <ele>40.1</ele>
      </trkpt>
      <trkpt lat="51.45076" lon="-0.06395">
        <ele>43.5</ele>
      </trkpt>
      <trkpt lat="51.45044" lon="-0.0637">
        <ele>47.5</ele>
      </trkpt>
      <trkpt lat="51.45029" lon="-0.0636">
        <ele>49.3</ele>
      </trkpt>
      <trkpt lat="51.44981" lon="-0.063369">
        <ele>54.9</ele>
      </trkpt>
      <trkpt lat="51.44931" lon="-0.0632">
        <ele>60.3</ele>
      </trkpt>
      <trkpt lat="51.44889" lon="-0.0632">
        <ele>62.5</ele>
      </trkpt>
      <trkpt lat="51.44826" lon="-0.06345">
        <ele>64.4</ele>
      </trkpt>
      <trkpt lat="51.44785" lon="-0.06376">
        <ele>66.1</ele>
      </trkpt>
      <trkpt lat="51.44768" lon="-0.06392">
        <ele>67.2</ele>
      </trkpt>
      <trkpt lat="51.4469" lon="-0.06461">
        <ele>66.4</ele>
      </trkpt>
      <trkpt lat="51.44612" lon="-0.0653">
        <ele>61.9</ele>
      </trkpt>
      <trkpt lat="51.44598" lon="-0.06539">
        <ele>60.9</ele>
      </trkpt>
      <trkpt lat="51.44547" lon="-0.06564">
        <ele>58.3</ele>
      </trkpt>
      <trkpt lat="51.44506" lon="-0.06581">
        <ele>56.3</ele>
      </trkpt>
      <trkpt lat="51.44469" lon="-0.06591">
        <ele>55.9</ele>
      </trkpt>
      <trkpt lat="51.44439" lon="-0.06596">
        <ele>55.7</ele>
      </trkpt>
      <trkpt lat="51.44386" lon="-0.06601">
        <ele>56.2</ele>
      </trkpt>
      <trkpt lat="51.44324" lon="-0.06609">
        <ele>57.3</ele>
      </trkpt>
      <trkpt lat="51.44262" lon="-0.06617">
        <ele>58.8</ele>
      </trkpt>
      <trkpt lat="51.44249" lon="-0.0662">
        <ele>59.1</ele>
      </trkpt>
      <trkpt lat="51.44241" lon="-0.06635">
        <ele>59.0</ele>
      </trkpt>
      <trkpt lat="51.44182" lon="-0.06571">
        <ele>63.1</ele>
      </trkpt>
      <trkpt lat="51.4417" lon="-0.06554">
        <ele>64.6</ele>
      </trkpt>
      <trkpt lat="51.44132" lon="-0.06512">
        <ele>67.0</ele>
      </trkpt>
      <trkpt lat="51.44117" lon="-0.06482">
        <ele>68.4</ele>
      </trkpt>
      <trkpt lat="51.44109" lon="-0.06464">
        <ele>69.2</ele>
      </trkpt>
      <trkpt lat="51.44102" lon="-0.064409">
        <ele>70.2</ele>
      </trkpt>
      <trkpt lat="51.44099" lon="-0.06425">
        <ele>71.0</ele>
      </trkpt>
      <trkpt lat="51.44095" lon="-0.06413">
        <ele>71.5</ele>
      </trkpt>
      <trkpt lat="51.4409" lon="-0.06408">
        <ele>71.6</ele>
      </trkpt>
      <trkpt lat="51.44086" lon="-0.06403">
        <ele>71.7</ele>
      </trkpt>
      <trkpt lat="51.44053" lon="-0.06394">
        <ele>72.7</ele>
      </trkpt>
      <trkpt lat="51.44023" lon="-0.06392">
        <ele>73.4</ele>
      </trkpt>
      <trkpt lat="51.43954" lon="-0.06379">
        <ele>79.6</ele>
      </trkpt>
      <trkpt lat="51.43898" lon="-0.063729">
        <ele>86.6</ele>
      </trkpt>
      <trkpt lat="51.43878" lon="-0.06375">
        <ele>89.3</ele>
      </trkpt>
      <trkpt lat="51.43849" lon="-0.06374">
        <ele>93.3</ele>
      </trkpt>
      <trkpt lat="51.43823" lon="-0.06374">
        <ele>96.4</ele>
      </trkpt>
      <trkpt lat="51.43806" lon="-0.06372">
        <ele>97.8</ele>
      </trkpt>
      <trkpt lat="51.43798" lon="-0.06369">
        <ele>98.5</ele>
      </trkpt>
      <trkpt lat="51.4379" lon="-0.06365">
        <ele>99.1</ele>
      </trkpt>
      <trkpt lat="51.4377" lon="-0.063519">
        <ele>101.0</ele>
      </trkpt>
      <trkpt lat="51.43767" lon="-0.06347">
        <ele>101.3</ele>
      </trkpt>
      <trkpt lat="51.43757" lon="-0.06342">
        <ele>102.2</ele>
      </trkpt>
      <trkpt lat="51.43752" lon="-0.06342">
        <ele>102.7</ele>
      </trkpt>
      <trkpt lat="51.4375" lon="-0.0634">
        <ele>102.9</ele>
      </trkpt>
      <trkpt lat="51.43746" lon="-0.06338">
        <ele>102.9</ele>
      </trkpt>
      <trkpt lat="51.43741" lon="-0.06342">
        <ele>102.7</ele>
      </trkpt>
      <trkpt lat="51.43727" lon="-0.06324">
        <ele>102.0</ele>
      </trkpt>
      <trkpt lat="51.43714" lon="-0.063119">
        <ele>101.1</ele>
      </trkpt>
      <trkpt lat="51.43697" lon="-0.06302">
        <ele>100.1</ele>
      </trkpt>
      <trkpt lat="51.43679" lon="-0.06295">
        <ele>99.1</ele>
      </trkpt>
      <trkpt lat="51.4362" lon="-0.062839">
        <ele>95.6</ele>
      </trkpt>
      <trkpt lat="51.43587" lon="-0.06281">
        <ele>93.5</ele>
      </trkpt>
      <trkpt lat="51.43556" lon="-0.062729">
        <ele>91.2</ele>
      </trkpt>
      <trkpt lat="51.43514" lon="-0.06267">
        <ele>88.8</ele>
      </trkpt>
      <trkpt lat="51.4347" lon="-0.06242">
        <ele>84.9</ele>
      </trkpt>
      <trkpt lat="51.4346" lon="-0.06235">
        <ele>83.9</ele>
      </trkpt>
      <trkpt lat="51.43381" lon="-0.0619">
        <ele>76.4</ele>
      </trkpt>
      <trkpt lat="51.43331" lon="-0.06155">
        <ele>71.9</ele>
      </trkpt>
      <trkpt lat="51.43309" lon="-0.06142">
        <ele>71.5</ele>
      </trkpt>
      <trkpt lat="51.4326" lon="-0.06108">
        <ele>70.1</ele>
      </trkpt>
      <trkpt lat="51.4323" lon="-0.0608">
        <ele>68.6</ele>
      </trkpt>
      <trkpt lat="51.43222" lon="-0.06071">
        <ele>68.1</ele>
      </trkpt>
      <trkpt lat="51.43204" lon="-0.06066">
        <ele>67.6</ele>
      </trkpt>
      <trkpt lat="51.4319" lon="-0.06059">
        <ele>67.1</ele>
      </trkpt>
      <trkpt lat="51.43135" lon="-0.05998">
        <ele>63.6</ele>
      </trkpt>
      <trkpt lat="51.43083" lon="-0.05949">
        <ele>62.4</ele>
      </trkpt>
      <trkpt lat="51.43014" lon="-0.05894">
        <ele>60.0</ele>
      </trkpt>
      <trkpt lat="51.43" lon="-0.05884">
        <ele>59.6</ele>
      </trkpt>
      <trkpt lat="51.42978" lon="-0.0587">
        <ele>59.4</ele>
      </trkpt>
      <trkpt lat="51.42942" lon="-0.05841">
        <ele>58.5</ele>
      </trkpt>
      <trkpt lat="51.42919" lon="-0.0582">
        <ele>57.9</ele>
      </trkpt>
      <trkpt lat="51.42901" lon="-0.05802">
        <ele>58.2</ele>
      </trkpt>
      <trkpt lat="51.4287" lon="-0.05767">
        <ele>58.6</ele>
      </trkpt>
      <trkpt lat="51.428" lon="-0.05693">
        <ele>58.0</ele>
      </trkpt>
      <trkpt lat="51.42769" lon="-0.05663">
        <ele>58.8</ele>
      </trkpt>
      <trkpt lat="51.42727" lon="-0.05616">
        <ele>58.9</ele>
      </trkpt>
      <trkpt lat="51.42706" lon="-0.05597">
        <ele>58.4</ele>
      </trkpt>
      <trkpt lat="51.42706" lon="-0.05589">
        <ele>58.2</ele>
      </trkpt>
      <trkpt lat="51.42702" lon="-0.05583">
        <ele>58.0</ele>
      </trkpt>
      <trkpt lat="51.42697" lon="-0.05581">
        <ele>57.9</ele>
      </trkpt>
      <trkpt lat="51.42692" lon="-0.05585">
        <ele>58.1</ele>
      </trkpt>
      <trkpt lat="51.42672" lon="-0.05526">
        <ele>55.9</ele>
      </trkpt>
      <trkpt lat="51.42662" lon="-0.05486">
        <ele>54.8</ele>
      </trkpt>
      <trkpt lat="51.42658" lon="-0.05463">
        <ele>54.3</ele>
      </trkpt>
      <trkpt lat="51.42649" lon="-0.05412">
        <ele>53.1</ele>
      </trkpt>
      <trkpt lat="51.42646" lon="-0.05413">
        <ele>53.2</ele>
      </trkpt>
      <trkpt lat="51.42645" lon="-0.05414">
        <ele>53.2</ele>
      </trkpt>
      <trkpt lat="51.42639" lon="-0.05407">
        <ele>53.1</ele>
      </trkpt>
      <trkpt lat="51.42623" lon="-0.05409">
        <ele>53.4</ele>
      </trkpt>
      <trkpt lat="51.42577" lon="-0.0542">
        <ele>54.0</ele>
      </trkpt>
      <trkpt lat="51.42532" lon="-0.05431">
        <ele>54.1</ele>
      </trkpt>
      <trkpt lat="51.42472" lon="-0.05445">
        <ele>52.9</ele>
      </trkpt>
      <trkpt lat="51.42411" lon="-0.05459">
        <ele>50.9</ele>
      </trkpt>
      <trkpt lat="51.42373" lon="-0.05477">
        <ele>50.9</ele>
      </trkpt>
      <trkpt lat="51.42294" lon="-0.05516">
        <ele>52.2</ele>
      </trkpt>
      <trkpt lat="51.42216" lon="-0.05556">
        <ele>53.3</ele>
      </trkpt>
      <trkpt lat="51.42137" lon="-0.05596">
        <ele>51.9</ele>
      </trkpt>
      <trkpt lat="51.42129" lon="-0.05594">
        <ele>51.6</ele>
      </trkpt>
      <trkpt lat="51.42072" lon="-0.05516">
        <ele>49.5</ele>
      </trkpt>
      <trkpt lat="51.42016" lon="-0.0543">
        <ele>45.9</ele>
      </trkpt>
      <trkpt lat="51.41963" lon="-0.05356">
        <ele>43.8</ele>
      </trkpt>
      <trkpt lat="51.41959" lon="-0.05345">
        <ele>43.6</ele>
      </trkpt>
      <trkpt lat="51.41957" lon="-0.05328">
        <ele>43.5</ele>
      </trkpt>
      <trkpt lat="51.41953" lon="-0.05322">
        <ele>43.4</ele>
      </trkpt>
      <trkpt lat="51.41934" lon="-0.05246">
        <ele>43.2</ele>
      </trkpt>
      <trkpt lat="51.41915" lon="-0.0517">
        <ele>42.0</ele>
      </trkpt>
      <trkpt lat="51.41882" lon="-0.05048">
        <ele>38.6</ele>
      </trkpt>
      <trkpt lat="51.4186" lon="-0.04941">
        <ele>35.9</ele>
      </trkpt>
      <trkpt lat="51.41837" lon="-0.04835">
        <ele>34.1</ele>
      </trkpt>
      <trkpt lat="51.41811" lon="-0.0472">
        <ele>32.5</ele>
      </trkpt>
      <trkpt lat="51.41785" lon="-0.04605">
        <ele>32.0</ele>
      </trkpt>
      <trkpt lat="51.41776" lon="-0.04561">
        <ele>32.2</ele>
      </trkpt>
      <trkpt lat="51.41747" lon="-0.04437">
        <ele>31.4</ele>
      </trkpt>
      <trkpt lat="51.41739" lon="-0.04412">
        <ele>30.8</ele>
      </trkpt>
      <trkpt lat="51.41718" lon="-0.04325">
        <ele>28.6</ele>
      </trkpt>
      <trkpt lat="51.41692" lon="-0.04225">
        <ele>28.0</ele>
      </trkpt>
      <trkpt lat="51.41678" lon="-0.04164">
        <ele>28.6</ele>
      </trkpt>
      <trkpt lat="51.41668" lon="-0.04114">
        <ele>28.3</ele>
      </trkpt>
      <trkpt lat="51.41659" lon="-0.0405">
        <ele>27.7</ele>
      </trkpt>
      <trkpt lat="51.41644" lon="-0.0394">
        <ele>26.9</ele>
      </trkpt>
      <trkpt lat="51.41642" lon="-0.03922">
        <ele>26.8</ele>
      </trkpt>
      <trkpt lat="51.41634" lon="-0.03826">
        <ele>26.2</ele>
      </trkpt>
      <trkpt lat="51.41629" lon="-0.03747">
        <ele>26.9</ele>
      </trkpt>
      <trkpt lat="51.41625" lon="-0.03668">
        <ele>28.0</ele>
      </trkpt>
      <trkpt lat="51.41589" lon="-0.03671">
        <ele>28.8</ele>
      </trkpt>
      <trkpt lat="51.41508" lon="-0.03674">
        <ele>29.0</ele>
      </trkpt>
      <trkpt lat="51.41427" lon="-0.03676">
        <ele>28.9</ele>
      </trkpt>
      <trkpt lat="51.41391" lon="-0.03676">
        <ele>28.6</ele>
      </trkpt>
      <trkpt lat="51.41383" lon="-0.03674">
        <ele>28.5</ele>
      </trkpt>
      <trkpt lat="51.41383" lon="-0.03656">
        <ele>28.7</ele>
      </trkpt>
      <trkpt lat="51.41384" lon="-0.03539">
        <ele>30.3</ele>
      </trkpt>
      <trkpt lat="51.41384" lon="-0.03515">
        <ele>30.6</ele>
      </trkpt>
      <trkpt lat="51.41384" lon="-0.03486">
        <ele>31.0</ele>
      </trkpt>
      <trkpt lat="51.41386" lon="-0.03474">
        <ele>31.2</ele>
      </trkpt>
      <trkpt lat="51.4139" lon="-0.03459">
        <ele>31.4</ele>
      </trkpt>
      <trkpt lat="51.41398" lon="-0.03431">
        <ele>31.7</ele>
      </trkpt>
      <trkpt lat="51.41427" lon="-0.03326">
        <ele>33.2</ele>
      </trkpt>
      <trkpt lat="51.41409" lon="-0.03307">
        <ele>33.3</ele>
      </trkpt>
      <trkpt lat="51.41392" lon="-0.03292">
        <ele>33.3</ele>
      </trkpt>
      <trkpt lat="51.41367" lon="-0.03262">
        <ele>33.8</ele>
      </trkpt>
      <trkpt lat="51.41331" lon="-0.03218">
        <ele>34.8</ele>
      </trkpt>
      <trkpt lat="51.41294" lon="-0.03153">
        <ele>36.1</ele>
      </trkpt>
      <trkpt lat="51.41285" lon="-0.03128">
        <ele>36.3</ele>
      </trkpt>
      <trkpt lat="51.41272" lon="-0.03096">
        <ele>36.6</ele>
      </trkpt>
      <trkpt lat="51.41266" lon="-0.03073">
        <ele>36.9</ele>
      </trkpt>
      <trkpt lat="51.41251" lon="-0.03039">
        <ele>37.5</ele>
      </trkpt>
      <trkpt lat="51.41237" lon="-0.02984">
        <ele>38.2</ele>
      </trkpt>
      <trkpt lat="51.41233" lon="-0.02965">
        <ele>38.3</ele>
      </trkpt>
      <trkpt lat="51.41224" lon="-0.02913">
        <ele>38.7</ele>
      </trkpt>
      <trkpt lat="51.41221" lon="-0.0287">
        <ele>39.4</ele>
      </trkpt>
      <trkpt lat="51.4122" lon="-0.02839">
        <ele>39.8</ele>
      </trkpt>
      <trkpt lat="51.41222" lon="-0.02773">
        <ele>40.2</ele>
      </trkpt>
      <trkpt lat="51.41219" lon="-0.02736">
        <ele>40.5</ele>
      </trkpt>
      <trkpt lat="51.41202" lon="-0.02618">
        <ele>41.8</ele>
      </trkpt>
      <trkpt lat="51.41186" lon="-0.02499">
        <ele>42.8</ele>
      </trkpt>
      <trkpt lat="51.41172" lon="-0.02507">
        <ele>42.9</ele>
      </trkpt>
      <trkpt lat="51.41156" lon="-0.02512">
        <ele>42.6</ele>
      </trkpt>
      <trkpt lat="51.4114" lon="-0.02512">
        <ele>42.2</ele>
      </trkpt>
      <trkpt lat="51.41107" lon="-0.02503">
        <ele>42.2</ele>
      </trkpt>
      <trkpt lat="51.41084" lon="-0.02499">
        <ele>42.3</ele>
      </trkpt>
      <trkpt lat="51.41045" lon="-0.02495">
        <ele>42.4</ele>
      </trkpt>
      <trkpt lat="51.41036" lon="-0.02495">
        <ele>42.7</ele>
      </trkpt>
      <trkpt lat="51.40962" lon="-0.02519">
        <ele>43.7</ele>
      </trkpt>
      <trkpt lat="51.40953" lon="-0.0252">
        <ele>43.7</ele>
      </trkpt>
      <trkpt lat="51.40883" lon="-0.02507">
        <ele>43.1</ele>
      </trkpt>
      <trkpt lat="51.4088" lon="-0.02482">
        <ele>43.2</ele>
      </trkpt>
      <trkpt lat="51.40873" lon="-0.02442">
        <ele>42.9</ele>
      </trkpt>
      <trkpt lat="51.40866" lon="-0.02418">
        <ele>42.6</ele>
      </trkpt>
      <trkpt lat="51.40863" lon="-0.02411">
        <ele>42.5</ele>
      </trkpt>
      <trkpt lat="51.40856" lon="-0.02398">
        <ele>42.3</ele>
      </trkpt>
      <trkpt lat="51.40826" lon="-0.02351">
        <ele>41.5</ele>
      </trkpt>
      <trkpt lat="51.40821" lon="-0.0234">
        <ele>41.5</ele>
      </trkpt>
      <trkpt lat="51.40817" lon="-0.02329">
        <ele>41.4</ele>
      </trkpt>
      <trkpt lat="51.40811" lon="-0.02308">
        <ele>41.3</ele>
      </trkpt>
      <trkpt lat="51.40806" lon="-0.02284">
        <ele>41.2</ele>
      </trkpt>
      <trkpt lat="51.40804" lon="-0.02272">
        <ele>41.2</ele>
      </trkpt>
      <trkpt lat="51.40804" lon="-0.02258">
        <ele>41.3</ele>
      </trkpt>
      <trkpt lat="51.40805" lon="-0.0224">
        <ele>41.4</ele>
      </trkpt>
      <trkpt lat="51.40808" lon="-0.02196">
        <ele>41.8</ele>
      </trkpt>
      <trkpt lat="51.40808" lon="-0.02184">
        <ele>41.9</ele>
      </trkpt>
      <trkpt lat="51.40807" lon="-0.02175">
        <ele>41.9</ele>
      </trkpt>
      <trkpt lat="51.40801" lon="-0.02152">
        <ele>42.5</ele>
      </trkpt>
      <trkpt lat="51.40795" lon="-0.02133">
        <ele>43.0</ele>
      </trkpt>
      <trkpt lat="51.40784" lon="-0.02111">
        <ele>43.6</ele>
      </trkpt>
      <trkpt lat="51.40758" lon="-0.02078">
        <ele>44.3</ele>
      </trkpt>
      <trkpt lat="51.4075" lon="-0.02066">
        <ele>44.6</ele>
      </trkpt>
      <trkpt lat="51.40726" lon="-0.02018">
        <ele>46.5</ele>
      </trkpt>
      <trkpt lat="51.40715" lon="-0.01935">
        <ele>47.5</ele>
      </trkpt>
      <trkpt lat="51.40713" lon="-0.01914">
        <ele>47.6</ele>
      </trkpt>
      <trkpt lat="51.40708" lon="-0.01799">
        <ele>49.2</ele>
      </trkpt>
      <trkpt lat="51.40705" lon="-0.01771">
        <ele>49.3</ele>
      </trkpt>
      <trkpt lat="51.40703" lon="-0.01753">
        <ele>49.3</ele>
      </trkpt>
      <trkpt lat="51.40683" lon="-0.01685">
        <ele>49.4</ele>
      </trkpt>
      <trkpt lat="51.40647" lon="-0.01573">
        <ele>50.4</ele>
      </trkpt>
      <trkpt lat="51.40639" lon="-0.01545">
        <ele>50.8</ele>
      </trkpt>
      <trkpt lat="51.40636" lon="-0.01521">
        <ele>51.1</ele>
      </trkpt>
      <trkpt lat="51.40633" lon="-0.01498">
        <ele>51.4</ele>
      </trkpt>
      <trkpt lat="51.40628" lon="-0.01498">
        <ele>51.5</ele>
      </trkpt>
      <trkpt lat="51.40621" lon="-0.01496">
        <ele>51.6</ele>
      </trkpt>
      <trkpt lat="51.40616" lon="-0.01491">
        <ele>51.7</ele>
      </trkpt>
      <trkpt lat="51.4061" lon="-0.01478">
        <ele>51.9</ele>
      </trkpt>
      <trkpt lat="51.40584" lon="-0.01413">
        <ele>53.1</ele>
      </trkpt>
      <trkpt lat="51.40523" lon="-0.01451">
        <ele>54.5</ele>
      </trkpt>
      <trkpt lat="51.40507" lon="-0.0146">
        <ele>54.8</ele>
      </trkpt>
      <trkpt lat="51.40504" lon="-0.01455">
        <ele>55.0</ele>
      </trkpt>
      <trkpt lat="51.40501" lon="-0.01452">
        <ele>55.1</ele>
      </trkpt>
      <trkpt lat="51.40494" lon="-0.01452">
        <ele>55.3</ele>
      </trkpt>
      <trkpt lat="51.40494" lon="-0.01452">
        <ele>55.3</ele>
      </trkpt>
      <trkpt lat="51.4049" lon="-0.01455">
        <ele>55.4</ele>
      </trkpt>
      <trkpt lat="51.40487" lon="-0.01463">
        <ele>55.3</ele>
      </trkpt>
      <trkpt lat="51.40488" lon="-0.01471">
        <ele>55.0</ele>
      </trkpt>
      <trkpt lat="51.40478" lon="-0.01477">
        <ele>55.2</ele>
      </trkpt>
      <trkpt lat="51.40468" lon="-0.01527">
        <ele>54.0</ele>
      </trkpt>
      <trkpt lat="51.40453" lon="-0.0152">
        <ele>54.5</ele>
      </trkpt>
      <trkpt lat="51.40447" lon="-0.01521">
        <ele>54.6</ele>
      </trkpt>
      <trkpt lat="51.40444" lon="-0.01526">
        <ele>54.5</ele>
      </trkpt>
      <trkpt lat="51.40442" lon="-0.01534">
        <ele>54.3</ele>
      </trkpt>
      <trkpt lat="51.40435" lon="-0.01567">
        <ele>53.3</ele>
      </trkpt>
      <trkpt lat="51.40457" lon="-0.01597">
        <ele>52.2</ele>
      </trkpt>
      <trkpt lat="51.40517" lon="-0.01663">
        <ele>51.0</ele>
      </trkpt>
      <trkpt lat="51.40561" lon="-0.01726">
        <ele>49.6</ele>
      </trkpt>
      <trkpt lat="51.40534" lon="-0.0179">
        <ele>48.5</ele>
      </trkpt>
      <trkpt lat="51.40507" lon="-0.01854">
        <ele>47.8</ele>
      </trkpt>
      <trkpt lat="51.40503" lon="-0.01866">
        <ele>47.6</ele>
      </trkpt>
      <trkpt lat="51.40496" lon="-0.01895">
        <ele>47.3</ele>
      </trkpt>
      <trkpt lat="51.40484" lon="-0.01971">
        <ele>47.0</ele>
      </trkpt>
      <trkpt lat="51.40472" lon="-0.01967">
        <ele>47.0</ele>
      </trkpt>
      <trkpt lat="51.4041" lon="-0.01943">
        <ele>47.1</ele>
      </trkpt>
      <trkpt lat="51.40348" lon="-0.01918">
        <ele>47.8</ele>
      </trkpt>
      <trkpt lat="51.40286" lon="-0.01893">
        <ele>48.9</ele>
      </trkpt>
      <trkpt lat="51.40258" lon="-0.01885">
        <ele>49.3</ele>
      </trkpt>
      <trkpt lat="51.40228" lon="-0.01879">
        <ele>49.3</ele>
      </trkpt>
      <trkpt lat="51.40209" lon="-0.01874">
        <ele>49.3</ele>
      </trkpt>
      <trkpt lat="51.40187" lon="-0.01861">
        <ele>49.2</ele>
      </trkpt>
      <trkpt lat="51.40126" lon="-0.01821">
        <ele>49.0</ele>
      </trkpt>
      <trkpt lat="51.40118" lon="-0.01818">
        <ele>49.0</ele>
      </trkpt>
      <trkpt lat="51.40109" lon="-0.01815">
        <ele>49.0</ele>
      </trkpt>
      <trkpt lat="51.401" lon="-0.01815">
        <ele>49.0</ele>
      </trkpt>
      <trkpt lat="51.40061" lon="-0.01823">
        <ele>49.3</ele>
      </trkpt>
      <trkpt lat="51.40023" lon="-0.01826">
        <ele>49.7</ele>
      </trkpt>
      <trkpt lat="51.39997" lon="-0.01826">
        <ele>50.0</ele>
      </trkpt>
      <trkpt lat="51.3995" lon="-0.01824">
        <ele>50.6</ele>
      </trkpt>
      <trkpt lat="51.39934" lon="-0.01821">
        <ele>50.8</ele>
      </trkpt>
      <trkpt lat="51.39926" lon="-0.01818">
        <ele>50.9</ele>
      </trkpt>
      <trkpt lat="51.39926" lon="-0.01808">
        <ele>50.9</ele>
      </trkpt>
      <trkpt lat="51.39925" lon="-0.01802">
        <ele>50.9</ele>
      </trkpt>
      <trkpt lat="51.39923" lon="-0.01797">
        <ele>50.9</ele>
      </trkpt>
      <trkpt lat="51.3992" lon="-0.01792">
        <ele>51.0</ele>
      </trkpt>
      <trkpt lat="51.39918" lon="-0.0179">
        <ele>51.0</ele>
      </trkpt>
      <trkpt lat="51.39915" lon="-0.0179">
        <ele>51.0</ele>
      </trkpt>
      <trkpt lat="51.3991" lon="-0.01792">
        <ele>51.0</ele>
      </trkpt>
      <trkpt lat="51.39891" lon="-0.01742">
        <ele>51.1</ele>
      </trkpt>
      <trkpt lat="51.39882" lon="-0.01713">
        <ele>51.4</ele>
      </trkpt>
      <trkpt lat="51.39876" lon="-0.0169">
        <ele>51.7</ele>
      </trkpt>
      <trkpt lat="51.39869" lon="-0.01651">
        <ele>52.0</ele>
      </trkpt>
      <trkpt lat="51.39865" lon="-0.016379">
        <ele>52.0</ele>
      </trkpt>
      <trkpt lat="51.39859" lon="-0.01633">
        <ele>52.0</ele>
      </trkpt>
      <trkpt lat="51.39841" lon="-0.01626">
        <ele>52.0</ele>
      </trkpt>
      <trkpt lat="51.39754" lon="-0.01592">
        <ele>51.0</ele>
      </trkpt>
      <trkpt lat="51.39685" lon="-0.01568">
        <ele>52.5</ele>
      </trkpt>
      <trkpt lat="51.39617" lon="-0.01543">
        <ele>52.5</ele>
      </trkpt>
      <trkpt lat="51.39584" lon="-0.01529">
        <ele>52.6</ele>
      </trkpt>
      <trkpt lat="51.39553" lon="-0.01509">
        <ele>52.5</ele>
      </trkpt>
      <trkpt lat="51.39527" lon="-0.01488">
        <ele>52.3</ele>
      </trkpt>
      <trkpt lat="51.39471" lon="-0.0144">
        <ele>51.9</ele>
      </trkpt>
      <trkpt lat="51.39416" lon="-0.01392">
        <ele>52.3</ele>
      </trkpt>
      <trkpt lat="51.3936" lon="-0.01344">
        <ele>52.2</ele>
      </trkpt>
      <trkpt lat="51.39304" lon="-0.01308">
        <ele>52.2</ele>
      </trkpt>
      <trkpt lat="51.39256" lon="-0.01283">
        <ele>52.0</ele>
      </trkpt>
      <trkpt lat="51.39208" lon="-0.01258">
        <ele>51.5</ele>
      </trkpt>
      <trkpt lat="51.39155" lon="-0.01233">
        <ele>51.1</ele>
      </trkpt>
      <trkpt lat="51.39074" lon="-0.01184">
        <ele>50.8</ele>
      </trkpt>
      <trkpt lat="51.38993" lon="-0.01134">
        <ele>51.4</ele>
      </trkpt>
      <trkpt lat="51.38913" lon="-0.01085">
        <ele>52.0</ele>
      </trkpt>
      <trkpt lat="51.38899" lon="-0.01078">
        <ele>52.3</ele>
      </trkpt>
      <trkpt lat="51.38828" lon="-0.01059">
        <ele>53.5</ele>
      </trkpt>
      <trkpt lat="51.38758" lon="-0.01039">
        <ele>57.1</ele>
      </trkpt>
      <trkpt lat="51.38744" lon="-0.01032">
        <ele>57.7</ele>
      </trkpt>
      <trkpt lat="51.38734" lon="-0.01033">
        <ele>57.8</ele>
      </trkpt>
      <trkpt lat="51.38723" lon="-0.01033">
        <ele>57.9</ele>
      </trkpt>
      <trkpt lat="51.38709" lon="-0.01029">
        <ele>58.0</ele>
      </trkpt>
      <trkpt lat="51.38657" lon="-0.01012">
        <ele>58.2</ele>
      </trkpt>
      <trkpt lat="51.3859" lon="-0.00988">
        <ele>58.8</ele>
      </trkpt>
      <trkpt lat="51.38523" lon="-0.00964">
        <ele>60.0</ele>
      </trkpt>
      <trkpt lat="51.38444" lon="-0.00938">
        <ele>62.1</ele>
      </trkpt>
      <trkpt lat="51.38425" lon="-0.00936">
        <ele>62.7</ele>
      </trkpt>
      <trkpt lat="51.38413" lon="-0.00937">
        <ele>63.1</ele>
      </trkpt>
      <trkpt lat="51.38403" lon="-0.00941">
        <ele>63.2</ele>
      </trkpt>
      <trkpt lat="51.38395" lon="-0.00948">
        <ele>63.4</ele>
      </trkpt>
      <trkpt lat="51.38388" lon="-0.0096">
        <ele>63.5</ele>
      </trkpt>
      <trkpt lat="51.38382" lon="-0.00976">
        <ele>63.7</ele>
      </trkpt>
      <trkpt lat="51.38353" lon="-0.0107">
        <ele>63.9</ele>
      </trkpt>
      <trkpt lat="51.38325" lon="-0.01163">
        <ele>64.0</ele>
      </trkpt>
      <trkpt lat="51.38302" lon="-0.01232">
        <ele>63.2</ele>
      </trkpt>
      <trkpt lat="51.38292" lon="-0.01261">
        <ele>63.0</ele>
      </trkpt>
      <trkpt lat="51.38287" lon="-0.01272">
        <ele>63.0</ele>
      </trkpt>
      <trkpt lat="51.38281" lon="-0.01278">
        <ele>63.0</ele>
      </trkpt>
      <trkpt lat="51.38271" lon="-0.01284">
        <ele>63.0</ele>
      </trkpt>
      <trkpt lat="51.38238" lon="-0.0129">
        <ele>63.4</ele>
      </trkpt>
      <trkpt lat="51.38186" lon="-0.01297">
        <ele>65.3</ele>
      </trkpt>
      <trkpt lat="51.38134" lon="-0.01302">
        <ele>65.6</ele>
      </trkpt>
      <trkpt lat="51.3813" lon="-0.01301">
        <ele>65.6</ele>
      </trkpt>
      <trkpt lat="51.38124" lon="-0.01296">
        <ele>65.5</ele>
      </trkpt>
      <trkpt lat="51.38104" lon="-0.01305">
        <ele>65.2</ele>
      </trkpt>
      <trkpt lat="51.38082" lon="-0.01318">
        <ele>65.7</ele>
      </trkpt>
      <trkpt lat="51.38062" lon="-0.01331">
        <ele>66.2</ele>
      </trkpt>
      <trkpt lat="51.38053" lon="-0.01342">
        <ele>66.5</ele>
      </trkpt>
      <trkpt lat="51.38032" lon="-0.01375">
        <ele>67.2</ele>
      </trkpt>
      <trkpt lat="51.38001" lon="-0.01316">
        <ele>68.7</ele>
      </trkpt>
      <trkpt lat="51.3797" lon="-0.01257">
        <ele>68.8</ele>
      </trkpt>
      <trkpt lat="51.37921" lon="-0.01166">
        <ele>66.9</ele>
      </trkpt>
      <trkpt lat="51.37872" lon="-0.01075">
        <ele>68.5</ele>
      </trkpt>
      <trkpt lat="51.37823" lon="-0.00985">
        <ele>69.2</ele>
      </trkpt>
      <trkpt lat="51.37779" lon="-0.00906">
        <ele>70.4</ele>
      </trkpt>
      <trkpt lat="51.37775" lon="-0.00904">
        <ele>70.6</ele>
      </trkpt>
      <trkpt lat="51.37771" lon="-0.00906">
        <ele>70.6</ele>
      </trkpt>
      <trkpt lat="51.37731" lon="-0.00951">
        <ele>71.7</ele>
      </trkpt>
      <trkpt lat="51.37718" lon="-0.00964">
        <ele>72.2</ele>
      </trkpt>
      <trkpt lat="51.37685" lon="-0.0099">
        <ele>73.3</ele>
      </trkpt>
      <trkpt lat="51.37656" lon="-0.00903">
        <ele>74.1</ele>
      </trkpt>
      <trkpt lat="51.37627" lon="-0.00816">
        <ele>74.3</ele>
      </trkpt>
      <trkpt lat="51.37601" lon="-0.00738">
        <ele>75.0</ele>
      </trkpt>
      <trkpt lat="51.37568" lon="-0.00648">
        <ele>75.6</ele>
      </trkpt>
      <trkpt lat="51.3756" lon="-0.00628">
        <ele>75.8</ele>
      </trkpt>
      <trkpt lat="51.37538" lon="-0.00575">
        <ele>76.6</ele>
      </trkpt>
      <trkpt lat="51.3749" lon="-0.00468">
        <ele>78.1</ele>
      </trkpt>
      <trkpt lat="51.37473" lon="-0.00436">
        <ele>78.1</ele>
      </trkpt>
      <trkpt lat="51.37465" lon="-0.00424">
        <ele>78.0</ele>
      </trkpt>
      <trkpt lat="51.37454" lon="-0.00412">
        <ele>78.0</ele>
      </trkpt>
      <trkpt lat="51.37444" lon="-0.00404">
        <ele>77.9</ele>
      </trkpt>
      <trkpt lat="51.37433" lon="-0.00392">
        <ele>77.8</ele>
      </trkpt>
      <trkpt lat="51.37401" lon="-0.00345">
        <ele>76.4</ele>
      </trkpt>
      <trkpt lat="51.37368" lon="-0.0029">
        <ele>72.4</ele>
      </trkpt>
      <trkpt lat="51.37334" lon="-0.00236">
        <ele>68.3</ele>
      </trkpt>
      <trkpt lat="51.37286" lon="-0.00154">
        <ele>64.4</ele>
      </trkpt>
      <trkpt lat="51.37273" lon="-0.00131">
        <ele>64.2</ele>
      </trkpt>
      <trkpt lat="51.37258" lon="-0.00099">
        <ele>64.0</ele>
      </trkpt>
      <trkpt lat="51.37251" lon="-0.00078">
        <ele>64.0</ele>
      </trkpt>
      <trkpt lat="51.37246" lon="-0.00053">
        <ele>64.0</ele>
      </trkpt>
      <trkpt lat="51.37243" lon="-0.00031">
        <ele>63.0</ele>
      </trkpt>
      <trkpt lat="51.37239" lon="-0.00016">
        <ele>63.0</ele>
      </trkpt>
      <trkpt lat="51.3719" lon="0.00086">
        <ele>63.0</ele>
      </trkpt>
      <trkpt lat="51.37143" lon="0.00181">
        <ele>62.9</ele>
      </trkpt>
      <trkpt lat="51.37097" lon="0.00275">
        <ele>65.2</ele>
      </trkpt>
      <trkpt lat="51.37093" lon="0.00287">
        <ele>65.4</ele>
      </trkpt>
      <trkpt lat="51.37095" lon="0.00305">
        <ele>65.6</ele>
      </trkpt>
      <trkpt lat="51.37104" lon="0.00347">
        <ele>67.3</ele>
      </trkpt>
      <trkpt lat="51.37074" lon="0.00364">
        <ele>68.9</ele>
      </trkpt>
      <trkpt lat="51.37057" lon="0.00377">
        <ele>70.2</ele>
      </trkpt>
      <trkpt lat="51.37046" lon="0.00388">
        <ele>71.2</ele>
      </trkpt>
      <trkpt lat="51.36991" lon="0.0043">
        <ele>74.9</ele>
      </trkpt>
      <trkpt lat="51.36936" lon="0.00473">
        <ele>75.5</ele>
      </trkpt>
      <trkpt lat="51.36929" lon="0.00484">
        <ele>75.8</ele>
      </trkpt>
      <trkpt lat="51.36892" lon="0.00519">
        <ele>76.2</ele>
      </trkpt>
      <trkpt lat="51.36883" lon="0.00524">
        <ele>76.0</ele>
      </trkpt>
      <trkpt lat="51.36874" lon="0.00526">
        <ele>75.4</ele>
      </trkpt>
      <trkpt lat="51.36839" lon="0.00547">
        <ele>74.1</ele>
      </trkpt>
      <trkpt lat="51.36826" lon="0.00558">
        <ele>74.1</ele>
      </trkpt>
      <trkpt lat="51.36769" lon="0.00624">
        <ele>72.1</ele>
      </trkpt>
      <trkpt lat="51.3673" lon="0.00721">
        <ele>70.5</ele>
      </trkpt>
      <trkpt lat="51.36692" lon="0.00817">
        <ele>69.4</ele>
      </trkpt>
      <trkpt lat="51.36689" lon="0.0082">
        <ele>69.1</ele>
      </trkpt>
      <trkpt lat="51.36684" lon="0.00822">
        <ele>68.7</ele>
      </trkpt>
      <trkpt lat="51.36683" lon="0.00833">
        <ele>68.6</ele>
      </trkpt>
      <trkpt lat="51.3668" lon="0.00845">
        <ele>68.3</ele>
      </trkpt>
      <trkpt lat="51.36672" lon="0.00868">
        <ele>67.5</ele>
      </trkpt>
      <trkpt lat="51.3663" lon="0.00979">
        <ele>68.8</ele>
      </trkpt>
      <trkpt lat="51.36587" lon="0.01089">
        <ele>69.9</ele>
      </trkpt>
      <trkpt lat="51.36544" lon="0.012">
        <ele>71.9</ele>
      </trkpt>
      <trkpt lat="51.36515" lon="0.01289">
        <ele>73.0</ele>
      </trkpt>
      <trkpt lat="51.36494" lon="0.01374">
        <ele>73.3</ele>
      </trkpt>
      <trkpt lat="51.36473" lon="0.01459">
        <ele>73.6</ele>
      </trkpt>
      <trkpt lat="51.36449" lon="0.01528">
        <ele>74.0</ele>
      </trkpt>
      <trkpt lat="51.36399" lon="0.016289">
        <ele>74.3</ele>
      </trkpt>
      <trkpt lat="51.3635" lon="0.0173">
        <ele>75.7</ele>
      </trkpt>
      <trkpt lat="51.36299" lon="0.01794">
        <ele>76.8</ele>
      </trkpt>
      <trkpt lat="51.36248" lon="0.01858">
        <ele>77.0</ele>
      </trkpt>
      <trkpt lat="51.36197" lon="0.01922">
        <ele>77.0</ele>
      </trkpt>
      <trkpt lat="51.36147" lon="0.01991">
        <ele>77.7</ele>
      </trkpt>
      <trkpt lat="51.36111" lon="0.02051">
        <ele>78.8</ele>
      </trkpt>
      <trkpt lat="51.36086" lon="0.02083">
        <ele>79.0</ele>
      </trkpt>
      <trkpt lat="51.3608" lon="0.02092">
        <ele>78.8</ele>
      </trkpt>
      <trkpt lat="51.36077" lon="0.02106">
        <ele>78.5</ele>
      </trkpt>
      <trkpt lat="51.36074" lon="0.02127">
        <ele>78.1</ele>
      </trkpt>
      <trkpt lat="51.36071" lon="0.02136">
        <ele>77.9</ele>
      </trkpt>
      <trkpt lat="51.36062" lon="0.02145">
        <ele>77.8</ele>
      </trkpt>
      <trkpt lat="51.3605" lon="0.02148">
        <ele>77.8</ele>
      </trkpt>
      <trkpt lat="51.3601" lon="0.02164">
        <ele>77.9</ele>
      </trkpt>
      <trkpt lat="51.35934" lon="0.02235">
        <ele>80.6</ele>
      </trkpt>
      <trkpt lat="51.35929" lon="0.02238">
        <ele>80.7</ele>
      </trkpt>
      <trkpt lat="51.3591" lon="0.02236">
        <ele>80.8</ele>
      </trkpt>
      <trkpt lat="51.35833" lon="0.02235">
        <ele>81.0</ele>
      </trkpt>
      <trkpt lat="51.358" lon="0.02231">
        <ele>81.8</ele>
      </trkpt>
      <trkpt lat="51.35772" lon="0.02238">
        <ele>82.5</ele>
      </trkpt>
      <trkpt lat="51.35741" lon="0.02286">
        <ele>82.7</ele>
      </trkpt>
      <trkpt lat="51.35701" lon="0.02387">
        <ele>84.5</ele>
      </trkpt>
      <trkpt lat="51.35641" lon="0.02465">
        <ele>89.5</ele>
      </trkpt>
      <trkpt lat="51.35594" lon="0.02531">
        <ele>95.4</ele>
      </trkpt>
      <trkpt lat="51.35559" lon="0.02629">
        <ele>99.9</ele>
      </trkpt>
      <trkpt lat="51.35533" lon="0.02666">
        <ele>101.6</ele>
      </trkpt>
      <trkpt lat="51.35495" lon="0.02683">
        <ele>103.1</ele>
      </trkpt>
      <trkpt lat="51.35408" lon="0.0269">
        <ele>105.5</ele>
      </trkpt>
      <trkpt lat="51.3532" lon="0.02697">
        <ele>107.3</ele>
      </trkpt>
      <trkpt lat="51.35233" lon="0.02704">
        <ele>110.5</ele>
      </trkpt>
      <trkpt lat="51.35146" lon="0.02711">
        <ele>112.4</ele>
      </trkpt>
      <trkpt lat="51.35087" lon="0.02703">
        <ele>112.7</ele>
      </trkpt>
      <trkpt lat="51.35044" lon="0.02707">
        <ele>112.0</ele>
      </trkpt>
      <trkpt lat="51.35005" lon="0.02729">
        <ele>112.1</ele>
      </trkpt>
      <trkpt lat="51.3497" lon="0.02776">
        <ele>111.3</ele>
      </trkpt>
      <trkpt lat="51.34935" lon="0.02866">
        <ele>110.1</ele>
      </trkpt>
      <trkpt lat="51.34919" lon="0.02948">
        <ele>108.7</ele>
      </trkpt>
      <trkpt lat="51.34907" lon="0.0303">
        <ele>110.0</ele>
      </trkpt>
      <trkpt lat="51.34896" lon="0.03112">
        <ele>112.8</ele>
      </trkpt>
      <trkpt lat="51.34891" lon="0.031489">
        <ele>114.1</ele>
      </trkpt>
      <trkpt lat="51.34896" lon="0.03265">
        <ele>118.8</ele>
      </trkpt>
      <trkpt lat="51.34892" lon="0.03404">
        <ele>127.1</ele>
      </trkpt>
      <trkpt lat="51.34886" lon="0.03476">
        <ele>132.7</ele>
      </trkpt>
      <trkpt lat="51.34858" lon="0.03548">
        <ele>136.2</ele>
      </trkpt>
      <trkpt lat="51.34845" lon="0.03567">
        <ele>136.7</ele>
      </trkpt>
      <trkpt lat="51.34834" lon="0.03585">
        <ele>137.1</ele>
      </trkpt>
      <trkpt lat="51.34832" lon="0.03603">
        <ele>137.9</ele>
      </trkpt>
      <trkpt lat="51.34837" lon="0.03631">
        <ele>139.4</ele>
      </trkpt>
      <trkpt lat="51.34817" lon="0.0364">
        <ele>138.9</ele>
      </trkpt>
      <trkpt lat="51.34799" lon="0.03645">
        <ele>138.3</ele>
      </trkpt>
      <trkpt lat="51.34782" lon="0.03645">
        <ele>137.5</ele>
      </trkpt>
      <trkpt lat="51.34769" lon="0.03647">
        <ele>137.0</ele>
      </trkpt>
      <trkpt lat="51.34767" lon="0.03671">
        <ele>137.9</ele>
      </trkpt>
      <trkpt lat="51.34765" lon="0.0368">
        <ele>138.0</ele>
      </trkpt>
      <trkpt lat="51.34741" lon="0.03722">
        <ele>138.2</ele>
      </trkpt>
      <trkpt lat="51.34726" lon="0.03754">
        <ele>138.8</ele>
      </trkpt>
      <trkpt lat="51.34714" lon="0.03796">
        <ele>140.1</ele>
      </trkpt>
      <trkpt lat="51.34715" lon="0.03871">
        <ele>141.2</ele>
      </trkpt>
      <trkpt lat="51.34729" lon="0.03993">
        <ele>140.0</ele>
      </trkpt>
      <trkpt lat="51.34747" lon="0.04132">
        <ele>136.9</ele>
      </trkpt>
      <trkpt lat="51.34754" lon="0.04193">
        <ele>134.3</ele>
      </trkpt>
      <trkpt lat="51.34756" lon="0.04224">
        <ele>132.6</ele>
      </trkpt>
      <trkpt lat="51.34757" lon="0.04272">
        <ele>130.1</ele>
      </trkpt>
      <trkpt lat="51.34754" lon="0.04281">
        <ele>129.8</ele>
      </trkpt>
      <trkpt lat="51.34712" lon="0.04352">
        <ele>125.3</ele>
      </trkpt>
      <trkpt lat="51.34671" lon="0.04423">
        <ele>120.6</ele>
      </trkpt>
      <trkpt lat="51.34639" lon="0.04478">
        <ele>117.6</ele>
      </trkpt>
      <trkpt lat="51.34602" lon="0.04554">
        <ele>118.6</ele>
      </trkpt>
      <trkpt lat="51.3458" lon="0.04591">
        <ele>120.4</ele>
      </trkpt>
      <trkpt lat="51.3454" lon="0.04642">
        <ele>123.3</ele>
      </trkpt>
      <trkpt lat="51.34497" lon="0.04707">
        <ele>127.9</ele>
      </trkpt>
      <trkpt lat="51.3449" lon="0.04728">
        <ele>129.5</ele>
      </trkpt>
      <trkpt lat="51.34483" lon="0.04777">
        <ele>133.5</ele>
      </trkpt>
      <trkpt lat="51.34478" lon="0.04802">
        <ele>135.6</ele>
      </trkpt>
      <trkpt lat="51.34469" lon="0.04829">
        <ele>138.0</ele>
      </trkpt>
      <trkpt lat="51.34427" lon="0.04909">
        <ele>138.8</ele>
      </trkpt>
      <trkpt lat="51.34395" lon="0.04963">
        <ele>140.6</ele>
      </trkpt>
      <trkpt lat="51.34377" lon="0.05005">
        <ele>141.9</ele>
      </trkpt>
      <trkpt lat="51.34358" lon="0.05065">
        <ele>143.4</ele>
      </trkpt>
      <trkpt lat="51.34352" lon="0.05075">
        <ele>143.8</ele>
      </trkpt>
      <trkpt lat="51.34345" lon="0.05082">
        <ele>144.3</ele>
      </trkpt>
      <trkpt lat="51.34317" lon="0.05088">
        <ele>145.4</ele>
      </trkpt>
      <trkpt lat="51.34278" lon="0.05101">
        <ele>146.5</ele>
      </trkpt>
      <trkpt lat="51.34239" lon="0.05127">
        <ele>147.9</ele>
      </trkpt>
      <trkpt lat="51.34167" lon="0.05203">
        <ele>150.1</ele>
      </trkpt>
      <trkpt lat="51.34111" lon="0.05232">
        <ele>151.4</ele>
      </trkpt>
      <trkpt lat="51.34081" lon="0.05252">
        <ele>151.9</ele>
      </trkpt>
      <trkpt lat="51.34071" lon="0.05256">
        <ele>151.7</ele>
      </trkpt>
      <trkpt lat="51.34046" lon="0.05257">
        <ele>151.4</ele>
      </trkpt>
      <trkpt lat="51.3402" lon="0.05252">
        <ele>151.2</ele>
      </trkpt>
      <trkpt lat="51.33988" lon="0.05238">
        <ele>151.2</ele>
      </trkpt>
      <trkpt lat="51.33949" lon="0.05223">
        <ele>151.8</ele>
      </trkpt>
      <trkpt lat="51.33937" lon="0.05224">
        <ele>152.0</ele>
      </trkpt>
      <trkpt lat="51.33926" lon="0.05227">
        <ele>152.1</ele>
      </trkpt>
      <trkpt lat="51.33872" lon="0.05249">
        <ele>152.0</ele>
      </trkpt>
      <trkpt lat="51.33819" lon="0.05294">
        <ele>151.6</ele>
      </trkpt>
      <trkpt lat="51.33794" lon="0.05309">
        <ele>151.8</ele>
      </trkpt>
      <trkpt lat="51.33752" lon="0.05333">
        <ele>152.0</ele>
      </trkpt>
      <trkpt lat="51.33683" lon="0.05362">
        <ele>154.5</ele>
      </trkpt>
      <trkpt lat="51.33628" lon="0.05393">
        <ele>156.3</ele>
      </trkpt>
      <trkpt lat="51.3361" lon="0.05401">
        <ele>156.9</ele>
      </trkpt>
      <trkpt lat="51.33603" lon="0.05401">
        <ele>157.1</ele>
      </trkpt>
      <trkpt lat="51.33596" lon="0.05395">
        <ele>157.3</ele>
      </trkpt>
      <trkpt lat="51.33589" lon="0.05387">
        <ele>157.5</ele>
      </trkpt>
      <trkpt lat="51.33552" lon="0.05326">
        <ele>159.0</ele>
      </trkpt>
      <trkpt lat="51.33535" lon="0.05297">
        <ele>160.3</ele>
      </trkpt>
      <trkpt lat="51.33527" lon="0.05279">
        <ele>161.0</ele>
      </trkpt>
      <trkpt lat="51.33518" lon="0.05252">
        <ele>161.9</ele>
      </trkpt>
      <trkpt lat="51.33513" lon="0.05235">
        <ele>162.2</ele>
      </trkpt>
      <trkpt lat="51.3351" lon="0.05226">
        <ele>162.4</ele>
      </trkpt>
      <trkpt lat="51.33502" lon="0.05215">
        <ele>162.9</ele>
      </trkpt>
      <trkpt lat="51.33493" lon="0.05206">
        <ele>163.3</ele>
      </trkpt>
      <trkpt lat="51.33479" lon="0.05201">
        <ele>163.9</ele>
      </trkpt>
      <trkpt lat="51.33429" lon="0.0519">
        <ele>166.2</ele>
      </trkpt>
      <trkpt lat="51.33386" lon="0.05179">
        <ele>168.6</ele>
      </trkpt>
      <trkpt lat="51.33369" lon="0.05173">
        <ele>169.7</ele>
      </trkpt>
      <trkpt lat="51.33345" lon="0.05162">
        <ele>171.3</ele>
      </trkpt>
      <trkpt lat="51.33293" lon="0.05146">
        <ele>171.4</ele>
      </trkpt>
      <trkpt lat="51.33284" lon="0.05144">
        <ele>171.3</ele>
      </trkpt>
      <trkpt lat="51.33275" lon="0.05144">
        <ele>171.2</ele>
      </trkpt>
      <trkpt lat="51.3327" lon="0.05145">
        <ele>171.2</ele>
      </trkpt>
      <trkpt lat="51.33265" lon="0.05132">
        <ele>171.1</ele>
      </trkpt>
      <trkpt lat="51.33252" lon="0.05112">
        <ele>171.0</ele>
      </trkpt>
      <trkpt lat="51.33239" lon="0.05086">
        <ele>171.4</ele>
      </trkpt>
      <trkpt lat="51.33228" lon="0.05061">
        <ele>171.8</ele>
      </trkpt>
      <trkpt lat="51.33222" lon="0.05052">
        <ele>172.0</ele>
      </trkpt>
      <trkpt lat="51.33218" lon="0.05049">
        <ele>172.2</ele>
      </trkpt>
      <trkpt lat="51.33206" lon="0.05047">
        <ele>172.6</ele>
      </trkpt>
      <trkpt lat="51.33197" lon="0.05046">
        <ele>172.9</ele>
      </trkpt>
      <trkpt lat="51.33188" lon="0.05042">
        <ele>173.2</ele>
      </trkpt>
      <trkpt lat="51.3318" lon="0.05034">
        <ele>173.5</ele>
      </trkpt>
      <trkpt lat="51.3317" lon="0.05018">
        <ele>173.9</ele>
      </trkpt>
      <trkpt lat="51.33155" lon="0.04989">
        <ele>173.8</ele>
      </trkpt>
      <trkpt lat="51.33118" lon="0.04865">
        <ele>170.1</ele>
      </trkpt>
      <trkpt lat="51.33115" lon="0.04836">
        <ele>169.2</ele>
      </trkpt>
      <trkpt lat="51.33114" lon="0.04811">
        <ele>167.2</ele>
      </trkpt>
      <trkpt lat="51.33109" lon="0.0479">
        <ele>165.0</ele>
      </trkpt>
      <trkpt lat="51.33109" lon="0.04769">
        <ele>163.2</ele>
      </trkpt>
      <trkpt lat="51.33094" lon="0.04775">
        <ele>162.5</ele>
      </trkpt>
      <trkpt lat="51.33026" lon="0.04829">
        <ele>161.3</ele>
      </trkpt>
      <trkpt lat="51.32982" lon="0.04867">
        <ele>160.0</ele>
      </trkpt>
      <trkpt lat="51.32908" lon="0.04893">
        <ele>155.5</ele>
      </trkpt>
      <trkpt lat="51.32861" lon="0.04911">
        <ele>156.1</ele>
      </trkpt>
      <trkpt lat="51.32829" lon="0.0493">
        <ele>157.3</ele>
      </trkpt>
      <trkpt lat="51.32768" lon="0.04974">
        <ele>158.8</ele>
      </trkpt>
      <trkpt lat="51.32768" lon="0.04974">
        <ele>158.8</ele>
      </trkpt>
      <trkpt lat="51.32829" lon="0.0493">
        <ele>157.3</ele>
      </trkpt>
      <trkpt lat="51.32861" lon="0.04911">
        <ele>156.1</ele>
      </trkpt>
      <trkpt lat="51.32908" lon="0.04893">
        <ele>155.5</ele>
      </trkpt>
      <trkpt lat="51.32982" lon="0.04867">
        <ele>160.0</ele>
      </trkpt>
      <trkpt lat="51.33026" lon="0.04829">
        <ele>161.3</ele>
      </trkpt>
      <trkpt lat="51.33094" lon="0.04775">
        <ele>162.5</ele>
      </trkpt>
      <trkpt lat="51.33109" lon="0.04769">
        <ele>163.2</ele>
      </trkpt>
      <trkpt lat="51.33109" lon="0.0479">
        <ele>165.0</ele>
      </trkpt>
      <trkpt lat="51.33114" lon="0.04811">
        <ele>167.2</ele>
      </trkpt>
      <trkpt lat="51.33115" lon="0.04836">
        <ele>169.2</ele>
      </trkpt>
      <trkpt lat="51.33118" lon="0.04865">
        <ele>170.1</ele>
      </trkpt>
      <trkpt lat="51.33155" lon="0.04989">
        <ele>173.8</ele>
      </trkpt>
      <trkpt lat="51.3317" lon="0.05018">
        <ele>173.9</ele>
      </trkpt>
      <trkpt lat="51.3318" lon="0.05034">
        <ele>173.5</ele>
      </trkpt>
      <trkpt lat="51.33188" lon="0.05042">
        <ele>173.2</ele>
      </trkpt>
      <trkpt lat="51.33197" lon="0.05046">
        <ele>172.9</ele>
      </trkpt>
      <trkpt lat="51.33206" lon="0.05047">
        <ele>172.6</ele>
      </trkpt>
      <trkpt lat="51.33218" lon="0.05049">
        <ele>172.2</ele>
      </trkpt>
      <trkpt lat="51.33222" lon="0.05052">
        <ele>172.0</ele>
      </trkpt>
      <trkpt lat="51.33228" lon="0.05061">
        <ele>171.8</ele>
      </trkpt>
      <trkpt lat="51.33239" lon="0.05086">
        <ele>171.4</ele>
      </trkpt>
      <trkpt lat="51.33252" lon="0.05112">
        <ele>171.0</ele>
      </trkpt>
      <trkpt lat="51.33265" lon="0.05132">
        <ele>171.1</ele>
      </trkpt>
      <trkpt lat="51.3327" lon="0.05145">
        <ele>171.2</ele>
      </trkpt>
      <trkpt lat="51.33275" lon="0.05144">
        <ele>171.2</ele>
      </trkpt>
      <trkpt lat="51.33284" lon="0.05144">
        <ele>171.3</ele>
      </trkpt>
      <trkpt lat="51.33293" lon="0.05146">
        <ele>171.4</ele>
      </trkpt>
      <trkpt lat="51.33345" lon="0.05162">
        <ele>171.3</ele>
      </trkpt>
      <trkpt lat="51.33369" lon="0.05173">
        <ele>169.7</ele>
      </trkpt>
      <trkpt lat="51.33386" lon="0.05179">
        <ele>168.6</ele>
      </trkpt>
      <trkpt lat="51.33429" lon="0.0519">
        <ele>166.2</ele>
      </trkpt>
      <trkpt lat="51.33479" lon="0.05201">
        <ele>163.9</ele>
      </trkpt>
      <trkpt lat="51.33493" lon="0.05206">
        <ele>163.3</ele>
      </trkpt>
      <trkpt lat="51.33502" lon="0.05215">
        <ele>162.9</ele>
      </trkpt>
      <trkpt lat="51.3351" lon="0.05226">
        <ele>162.4</ele>
      </trkpt>
      <trkpt lat="51.33513" lon="0.05235">
        <ele>162.2</ele>
      </trkpt>
      <trkpt lat="51.33518" lon="0.05252">
        <ele>161.9</ele>
      </trkpt>
      <trkpt lat="51.33527" lon="0.05279">
        <ele>161.0</ele>
      </trkpt>
      <trkpt lat="51.33535" lon="0.05297">
        <ele>160.3</ele>
      </trkpt>
      <trkpt lat="51.33552" lon="0.05326">
        <ele>159.0</ele>
      </trkpt>
      <trkpt lat="51.33589" lon="0.05387">
        <ele>157.5</ele>
      </trkpt>
      <trkpt lat="51.33596" lon="0.05395">
        <ele>157.3</ele>
      </trkpt>
      <trkpt lat="51.33603" lon="0.05401">
        <ele>157.1</ele>
      </trkpt>
      <trkpt lat="51.33583" lon="0.05414">
        <ele>158.0</ele>
      </trkpt>
      <trkpt lat="51.33573" lon="0.05424">
        <ele>158.6</ele>
      </trkpt>
      <trkpt lat="51.33542" lon="0.05488">
        <ele>160.4</ele>
      </trkpt>
      <trkpt lat="51.33502" lon="0.05571">
        <ele>161.1</ele>
      </trkpt>
      <trkpt lat="51.33467" lon="0.05635">
        <ele>161.7</ele>
      </trkpt>
      <trkpt lat="51.33444" lon="0.05672">
        <ele>162.6</ele>
      </trkpt>
      <trkpt lat="51.33428" lon="0.05723">
        <ele>162.2</ele>
      </trkpt>
      <trkpt lat="51.3339" lon="0.05776">
        <ele>162.8</ele>
      </trkpt>
      <trkpt lat="51.33363" lon="0.05846">
        <ele>162.7</ele>
      </trkpt>
      <trkpt lat="51.33337" lon="0.05953">
        <ele>162.9</ele>
      </trkpt>
      <trkpt lat="51.33304" lon="0.06015">
        <ele>163.6</ele>
      </trkpt>
      <trkpt lat="51.33256" lon="0.06047">
        <ele>166.1</ele>
      </trkpt>
      <trkpt lat="51.33207" lon="0.06078">
        <ele>168.7</ele>
      </trkpt>
      <trkpt lat="51.33179" lon="0.06094">
        <ele>169.9</ele>
      </trkpt>
      <trkpt lat="51.33145" lon="0.06101">
        <ele>171.0</ele>
      </trkpt>
      <trkpt lat="51.33114" lon="0.06122">
        <ele>171.5</ele>
      </trkpt>
      <trkpt lat="51.33084" lon="0.06136">
        <ele>172.3</ele>
      </trkpt>
      <trkpt lat="51.33057" lon="0.06131">
        <ele>172.8</ele>
      </trkpt>
      <trkpt lat="51.33036" lon="0.06124">
        <ele>173.1</ele>
      </trkpt>
      <trkpt lat="51.32981" lon="0.06128">
        <ele>173.3</ele>
      </trkpt>
      <trkpt lat="51.32928" lon="0.06158">
        <ele>173.0</ele>
      </trkpt>
      <trkpt lat="51.32864" lon="0.062">
        <ele>165.9</ele>
      </trkpt>
      <trkpt lat="51.32831" lon="0.06244">
        <ele>158.7</ele>
      </trkpt>
      <trkpt lat="51.32786" lon="0.062689">
        <ele>154.1</ele>
      </trkpt>
      <trkpt lat="51.32711" lon="0.06281">
        <ele>149.4</ele>
      </trkpt>
      <trkpt lat="51.32647" lon="0.06285">
        <ele>145.4</ele>
      </trkpt>
      <trkpt lat="51.32621" lon="0.06313">
        <ele>140.8</ele>
      </trkpt>
      <trkpt lat="51.32611" lon="0.06335">
        <ele>137.8</ele>
      </trkpt>
      <trkpt lat="51.3261" lon="0.06354">
        <ele>136.0</ele>
      </trkpt>
      <trkpt lat="51.32619" lon="0.06395">
        <ele>132.2</ele>
      </trkpt>
      <trkpt lat="51.32616" lon="0.06446">
        <ele>126.8</ele>
      </trkpt>
      <trkpt lat="51.32603" lon="0.06485">
        <ele>122.9</ele>
      </trkpt>
      <trkpt lat="51.32565" lon="0.06573">
        <ele>122.7</ele>
      </trkpt>
      <trkpt lat="51.32555" lon="0.06589">
        <ele>122.7</ele>
      </trkpt>
      <trkpt lat="51.32545" lon="0.06602">
        <ele>122.7</ele>
      </trkpt>
      <trkpt lat="51.32515" lon="0.06621">
        <ele>122.3</ele>
      </trkpt>
      <trkpt lat="51.32463" lon="0.06661">
        <ele>122.5</ele>
      </trkpt>
      <trkpt lat="51.32389" lon="0.06729">
        <ele>128.7</ele>
      </trkpt>
      <trkpt lat="51.32327" lon="0.06792">
        <ele>133.3</ele>
      </trkpt>
      <trkpt lat="51.32264" lon="0.06855">
        <ele>137.9</ele>
      </trkpt>
      <trkpt lat="51.32202" lon="0.06918">
        <ele>146.6</ele>
      </trkpt>
      <trkpt lat="51.32154" lon="0.06981">
        <ele>156.4</ele>
      </trkpt>
      <trkpt lat="51.32103" lon="0.07019">
        <ele>163.3</ele>
      </trkpt>
      <trkpt lat="51.32086" lon="0.07034">
        <ele>165.6</ele>
      </trkpt>
      <trkpt lat="51.32086" lon="0.07064">
        <ele>168.8</ele>
      </trkpt>
      <trkpt lat="51.32069" lon="0.07078">
        <ele>170.9</ele>
      </trkpt>
      <trkpt lat="51.32058" lon="0.07082">
        <ele>171.8</ele>
      </trkpt>
      <trkpt lat="51.32042" lon="0.07092">
        <ele>173.5</ele>
      </trkpt>
      <trkpt lat="51.32021" lon="0.07088">
        <ele>173.8</ele>
      </trkpt>
      <trkpt lat="51.31985" lon="0.07091">
        <ele>174.4</ele>
      </trkpt>
      <trkpt lat="51.31977" lon="0.07093">
        <ele>174.4</ele>
      </trkpt>
      <trkpt lat="51.31974" lon="0.07095">
        <ele>174.6</ele>
      </trkpt>
      <trkpt lat="51.31962" lon="0.07106">
        <ele>175.6</ele>
      </trkpt>
      <trkpt lat="51.31951" lon="0.07119">
        <ele>177.0</ele>
      </trkpt>
      <trkpt lat="51.31939" lon="0.07136">
        <ele>179.0</ele>
      </trkpt>
      <trkpt lat="51.31925" lon="0.07159">
        <ele>182.0</ele>
      </trkpt>
      <trkpt lat="51.31897" lon="0.07216">
        <ele>181.6</ele>
      </trkpt>
      <trkpt lat="51.31869" lon="0.07273">
        <ele>182.1</ele>
      </trkpt>
      <trkpt lat="51.31845" lon="0.07317">
        <ele>184.6</ele>
      </trkpt>
      <trkpt lat="51.31834" lon="0.07335">
        <ele>186.0</ele>
      </trkpt>
      <trkpt lat="51.31812" lon="0.07363">
        <ele>185.8</ele>
      </trkpt>
      <trkpt lat="51.31795" lon="0.0738">
        <ele>185.7</ele>
      </trkpt>
      <trkpt lat="51.31778" lon="0.07391">
        <ele>185.6</ele>
      </trkpt>
      <trkpt lat="51.31758" lon="0.07399">
        <ele>185.5</ele>
      </trkpt>
      <trkpt lat="51.31725" lon="0.07405">
        <ele>184.9</ele>
      </trkpt>
      <trkpt lat="51.31708" lon="0.07409">
        <ele>184.6</ele>
      </trkpt>
      <trkpt lat="51.31661" lon="0.07424">
        <ele>184.5</ele>
      </trkpt>
      <trkpt lat="51.31655" lon="0.07428">
        <ele>184.8</ele>
      </trkpt>
      <trkpt lat="51.31649" lon="0.07432">
        <ele>185.1</ele>
      </trkpt>
      <trkpt lat="51.31631" lon="0.07449">
        <ele>186.3</ele>
      </trkpt>
      <trkpt lat="51.31591" lon="0.07484">
        <ele>188.8</ele>
      </trkpt>
      <trkpt lat="51.31578" lon="0.07493">
        <ele>189.6</ele>
      </trkpt>
      <trkpt lat="51.31532" lon="0.07514">
        <ele>191.2</ele>
      </trkpt>
      <trkpt lat="51.31463" lon="0.0755">
        <ele>194.7</ele>
      </trkpt>
      <trkpt lat="51.31393" lon="0.07585">
        <ele>198.8</ele>
      </trkpt>
      <trkpt lat="51.31338" lon="0.07619">
        <ele>201.2</ele>
      </trkpt>
      <trkpt lat="51.31283" lon="0.07653">
        <ele>204.2</ele>
      </trkpt>
      <trkpt lat="51.31259" lon="0.0767">
        <ele>205.6</ele>
      </trkpt>
      <trkpt lat="51.31202" lon="0.07719">
        <ele>207.7</ele>
      </trkpt>
      <trkpt lat="51.31166" lon="0.07753">
        <ele>209.0</ele>
      </trkpt>
      <trkpt lat="51.31144" lon="0.07778">
        <ele>209.1</ele>
      </trkpt>
      <trkpt lat="51.31125" lon="0.07808">
        <ele>209.5</ele>
      </trkpt>
      <trkpt lat="51.31093" lon="0.07862">
        <ele>210.0</ele>
      </trkpt>
      <trkpt lat="51.31062" lon="0.07915">
        <ele>209.8</ele>
      </trkpt>
      <trkpt lat="51.31029" lon="0.07972">
        <ele>209.8</ele>
      </trkpt>
      <trkpt lat="51.31011" lon="0.08006">
        <ele>210.2</ele>
      </trkpt>
      <trkpt lat="51.31002" lon="0.08018">
        <ele>210.4</ele>
      </trkpt>
      <trkpt lat="51.30991" lon="0.08029">
        <ele>210.8</ele>
      </trkpt>
      <trkpt lat="51.30966" lon="0.08045">
        <ele>211.8</ele>
      </trkpt>
      <trkpt lat="51.3091" lon="0.08062">
        <ele>214.4</ele>
      </trkpt>
      <trkpt lat="51.30843" lon="0.08097">
        <ele>215.6</ele>
      </trkpt>
      <trkpt lat="51.30777" lon="0.08139">
        <ele>218.9</ele>
      </trkpt>
      <trkpt lat="51.30712" lon="0.08181">
        <ele>221.3</ele>
      </trkpt>
      <trkpt lat="51.30647" lon="0.08223">
        <ele>222.7</ele>
      </trkpt>
      <trkpt lat="51.30581" lon="0.08264">
        <ele>224.3</ele>
      </trkpt>
      <trkpt lat="51.30504" lon="0.08306">
        <ele>227.5</ele>
      </trkpt>
      <trkpt lat="51.30446" lon="0.08365">
        <ele>228.9</ele>
      </trkpt>
      <trkpt lat="51.30388" lon="0.08423">
        <ele>229.2</ele>
      </trkpt>
      <trkpt lat="51.30325" lon="0.08477">
        <ele>228.9</ele>
      </trkpt>
      <trkpt lat="51.30277" lon="0.08514">
        <ele>230.0</ele>
      </trkpt>
      <trkpt lat="51.30229" lon="0.08551">
        <ele>231.3</ele>
      </trkpt>
      <trkpt lat="51.30184" lon="0.08573">
        <ele>231.8</ele>
      </trkpt>
      <trkpt lat="51.30139" lon="0.08595">
        <ele>232.3</ele>
      </trkpt>
      <trkpt lat="51.30094" lon="0.08605">
        <ele>232.9</ele>
      </trkpt>
      <trkpt lat="51.3006" lon="0.08601">
        <ele>233.4</ele>
      </trkpt>
      <trkpt lat="51.30046" lon="0.08603">
        <ele>233.7</ele>
      </trkpt>
      <trkpt lat="51.30036" lon="0.08606">
        <ele>233.8</ele>
      </trkpt>
      <trkpt lat="51.30028" lon="0.08611">
        <ele>233.9</ele>
      </trkpt>
      <trkpt lat="51.30016" lon="0.08623">
        <ele>233.8</ele>
      </trkpt>
      <trkpt lat="51.29984" lon="0.08673">
        <ele>233.5</ele>
      </trkpt>
      <trkpt lat="51.29925" lon="0.08757">
        <ele>236.9</ele>
      </trkpt>
      <trkpt lat="51.29856" lon="0.08844">
        <ele>239.8</ele>
      </trkpt>
      <trkpt lat="51.29821" lon="0.08884">
        <ele>240.4</ele>
      </trkpt>
      <trkpt lat="51.29797" lon="0.08909">
        <ele>240.1</ele>
      </trkpt>
      <trkpt lat="51.29788" lon="0.08921">
        <ele>239.9</ele>
      </trkpt>
      <trkpt lat="51.29772" lon="0.08946">
        <ele>239.6</ele>
      </trkpt>
      <trkpt lat="51.2973" lon="0.0903">
        <ele>238.0</ele>
      </trkpt>
      <trkpt lat="51.29678" lon="0.09124">
        <ele>234.2</ele>
      </trkpt>
      <trkpt lat="51.29661" lon="0.09203">
        <ele>231.4</ele>
      </trkpt>
      <trkpt lat="51.29643" lon="0.09282">
        <ele>226.7</ele>
      </trkpt>
      <trkpt lat="51.29646" lon="0.09391">
        <ele>223.2</ele>
      </trkpt>
      <trkpt lat="51.29648" lon="0.095">
        <ele>219.5</ele>
      </trkpt>
      <trkpt lat="51.29665" lon="0.0958">
        <ele>219.9</ele>
      </trkpt>
      <trkpt lat="51.2969" lon="0.09648">
        <ele>218.3</ele>
      </trkpt>
      <trkpt lat="51.29682" lon="0.09654">
        <ele>217.9</ele>
      </trkpt>
      <trkpt lat="51.29675" lon="0.09666">
        <ele>217.2</ele>
      </trkpt>
      <trkpt lat="51.29645" lon="0.0973">
        <ele>213.2</ele>
      </trkpt>
      <trkpt lat="51.29617" lon="0.09805">
        <ele>209.8</ele>
      </trkpt>
      <trkpt lat="51.2961" lon="0.09832">
        <ele>209.0</ele>
      </trkpt>
      <trkpt lat="51.29605" lon="0.09871">
        <ele>208.5</ele>
      </trkpt>
      <trkpt lat="51.29601" lon="0.09893">
        <ele>208.3</ele>
      </trkpt>
      <trkpt lat="51.29593" lon="0.09915">
        <ele>208.1</ele>
      </trkpt>
      <trkpt lat="51.29588" lon="0.09938">
        <ele>208.3</ele>
      </trkpt>
      <trkpt lat="51.29578" lon="0.09951">
        <ele>207.4</ele>
      </trkpt>
      <trkpt lat="51.2957" lon="0.09958">
        <ele>205.9</ele>
      </trkpt>
      <trkpt lat="51.29556" lon="0.09966">
        <ele>203.3</ele>
      </trkpt>
      <trkpt lat="51.29545" lon="0.09967">
        <ele>201.2</ele>
      </trkpt>
      <trkpt lat="51.29515" lon="0.09963">
        <ele>195.4</ele>
      </trkpt>
      <trkpt lat="51.29507" lon="0.09964">
        <ele>193.9</ele>
      </trkpt>
      <trkpt lat="51.295" lon="0.09967">
        <ele>192.6</ele>
      </trkpt>
      <trkpt lat="51.29491" lon="0.09976">
        <ele>190.7</ele>
      </trkpt>
      <trkpt lat="51.29479" lon="0.09995">
        <ele>188.2</ele>
      </trkpt>
      <trkpt lat="51.29467" lon="0.10022">
        <ele>184.8</ele>
      </trkpt>
      <trkpt lat="51.29413" lon="0.1013">
        <ele>170.1</ele>
      </trkpt>
      <trkpt lat="51.2939" lon="0.1017">
        <ele>164.4</ele>
      </trkpt>
      <trkpt lat="51.2933" lon="0.10264">
        <ele>150.3</ele>
      </trkpt>
      <trkpt lat="51.29312" lon="0.10291">
        <ele>147.8</ele>
      </trkpt>
      <trkpt lat="51.29285" lon="0.10321">
        <ele>145.0</ele>
      </trkpt>
      <trkpt lat="51.29224" lon="0.10381">
        <ele>139.7</ele>
      </trkpt>
      <trkpt lat="51.29208" lon="0.10399">
        <ele>138.6</ele>
      </trkpt>
      <trkpt lat="51.292" lon="0.1041">
        <ele>138.0</ele>
      </trkpt>
      <trkpt lat="51.29187" lon="0.10438">
        <ele>136.9</ele>
      </trkpt>
      <trkpt lat="51.29174" lon="0.10461">
        <ele>135.9</ele>
      </trkpt>
      <trkpt lat="51.29159" lon="0.10482">
        <ele>135.0</ele>
      </trkpt>
      <trkpt lat="51.29119" lon="0.1053">
        <ele>133.3</ele>
      </trkpt>
      <trkpt lat="51.29082" lon="0.10567">
        <ele>132.2</ele>
      </trkpt>
      <trkpt lat="51.29015" lon="0.10622">
        <ele>129.8</ele>
      </trkpt>
      <trkpt lat="51.28971" lon="0.10691">
        <ele>127.8</ele>
      </trkpt>
      <trkpt lat="51.28935" lon="0.10735">
        <ele>126.4</ele>
      </trkpt>
      <trkpt lat="51.2889" lon="0.10774">
        <ele>124.5</ele>
      </trkpt>
      <trkpt lat="51.28853" lon="0.10812">
        <ele>122.2</ele>
      </trkpt>
      <trkpt lat="51.28819" lon="0.10856">
        <ele>119.8</ele>
      </trkpt>
      <trkpt lat="51.28791" lon="0.10895">
        <ele>118.0</ele>
      </trkpt>
      <trkpt lat="51.28743" lon="0.10958">
        <ele>116.4</ele>
      </trkpt>
      <trkpt lat="51.28722" lon="0.10983">
        <ele>116.7</ele>
      </trkpt>
      <trkpt lat="51.28706" lon="0.11002">
        <ele>117.0</ele>
      </trkpt>
      <trkpt lat="51.28687" lon="0.11019">
        <ele>117.0</ele>
      </trkpt>
      <trkpt lat="51.2867" lon="0.11026">
        <ele>117.0</ele>
      </trkpt>
      <trkpt lat="51.2865" lon="0.11031">
        <ele>116.4</ele>
      </trkpt>
      <trkpt lat="51.28611" lon="0.11036">
        <ele>115.0</ele>
      </trkpt>
      <trkpt lat="51.28575" lon="0.11045">
        <ele>114.2</ele>
      </trkpt>
      <trkpt lat="51.285" lon="0.11064">
        <ele>112.6</ele>
      </trkpt>
      <trkpt lat="51.28452" lon="0.11069">
        <ele>111.7</ele>
      </trkpt>
      <trkpt lat="51.28404" lon="0.11073">
        <ele>111.2</ele>
      </trkpt>
      <trkpt lat="51.2834" lon="0.11083">
        <ele>108.3</ele>
      </trkpt>
      <trkpt lat="51.28261" lon="0.11097">
        <ele>105.7</ele>
      </trkpt>
      <trkpt lat="51.28181" lon="0.11112">
        <ele>103.5</ele>
      </trkpt>
      <trkpt lat="51.28102" lon="0.11127">
        <ele>102.8</ele>
      </trkpt>
      <trkpt lat="51.28082" lon="0.1112">
        <ele>102.5</ele>
      </trkpt>
      <trkpt lat="51.28013" lon="0.11092">
        <ele>104.5</ele>
      </trkpt>
      <trkpt lat="51.27926" lon="0.11107">
        <ele>102.9</ele>
      </trkpt>
      <trkpt lat="51.27882" lon="0.11113">
        <ele>98.2</ele>
      </trkpt>
      <trkpt lat="51.27838" lon="0.11114">
        <ele>92.6</ele>
      </trkpt>
      <trkpt lat="51.27821" lon="0.11112">
        <ele>91.5</ele>
      </trkpt>
      <trkpt lat="51.278" lon="0.111">
        <ele>90.7</ele>
      </trkpt>
      <trkpt lat="51.27777" lon="0.11081">
        <ele>90.0</ele>
      </trkpt>
      <trkpt lat="51.27759" lon="0.11069">
        <ele>90.0</ele>
      </trkpt>
      <trkpt lat="51.27753" lon="0.11068">
        <ele>90.0</ele>
      </trkpt>
      <trkpt lat="51.27746" lon="0.11067">
        <ele>90.0</ele>
      </trkpt>
      <trkpt lat="51.27662" lon="0.1108">
        <ele>90.1</ele>
      </trkpt>
      <trkpt lat="51.27651" lon="0.11005">
        <ele>90.4</ele>
      </trkpt>
      <trkpt lat="51.2764" lon="0.1093">
        <ele>92.1</ele>
      </trkpt>
      <trkpt lat="51.27616" lon="0.10819">
        <ele>92.8</ele>
      </trkpt>
      <trkpt lat="51.27612" lon="0.10793">
        <ele>92.5</ele>
      </trkpt>
      <trkpt lat="51.27602" lon="0.10752">
        <ele>92.0</ele>
      </trkpt>
      <trkpt lat="51.27585" lon="0.10759">
        <ele>92.1</ele>
      </trkpt>
      <trkpt lat="51.27565" lon="0.10764">
        <ele>93.6</ele>
      </trkpt>
      <trkpt lat="51.27538" lon="0.10767">
        <ele>95.8</ele>
      </trkpt>
      <trkpt lat="51.27507" lon="0.10766">
        <ele>98.3</ele>
      </trkpt>
      <trkpt lat="51.27427" lon="0.10755">
        <ele>106.1</ele>
      </trkpt>
      <trkpt lat="51.27345" lon="0.10729">
        <ele>105.0</ele>
      </trkpt>
      <trkpt lat="51.27286" lon="0.10698">
        <ele>104.9</ele>
      </trkpt>
      <trkpt lat="51.27227" lon="0.10667">
        <ele>106.1</ele>
      </trkpt>
      <trkpt lat="51.27201" lon="0.10651">
        <ele>107.4</ele>
      </trkpt>
      <trkpt lat="51.27131" lon="0.1065">
        <ele>110.6</ele>
      </trkpt>
      <trkpt lat="51.27067" lon="0.10655">
        <ele>114.3</ele>
      </trkpt>
      <trkpt lat="51.26993" lon="0.10595">
        <ele>118.0</ele>
      </trkpt>
      <trkpt lat="51.26919" lon="0.10535">
        <ele>122.2</ele>
      </trkpt>
      <trkpt lat="51.26861" lon="0.10498">
        <ele>126.6</ele>
      </trkpt>
      <trkpt lat="51.26855" lon="0.10495">
        <ele>127.0</ele>
      </trkpt>
      <trkpt lat="51.26808" lon="0.10477">
        <ele>130.8</ele>
      </trkpt>
      <trkpt lat="51.2676" lon="0.1046">
        <ele>135.1</ele>
      </trkpt>
      <trkpt lat="51.26693" lon="0.10432">
        <ele>138.3</ele>
      </trkpt>
      <trkpt lat="51.26624" lon="0.10398">
        <ele>142.2</ele>
      </trkpt>
      <trkpt lat="51.26554" lon="0.10364">
        <ele>147.1</ele>
      </trkpt>
      <trkpt lat="51.26533" lon="0.10356">
        <ele>148.9</ele>
      </trkpt>
      <trkpt lat="51.26477" lon="0.10352">
        <ele>154.2</ele>
      </trkpt>
      <trkpt lat="51.26439" lon="0.10347">
        <ele>158.1</ele>
      </trkpt>
      <trkpt lat="51.26399" lon="0.10347">
        <ele>161.9</ele>
      </trkpt>
      <trkpt lat="51.26355" lon="0.10349">
        <ele>165.8</ele>
      </trkpt>
      <trkpt lat="51.26327" lon="0.10348">
        <ele>168.2</ele>
      </trkpt>
      <trkpt lat="51.26273" lon="0.10338">
        <ele>172.3</ele>
      </trkpt>
      <trkpt lat="51.2622" lon="0.1032">
        <ele>175.7</ele>
      </trkpt>
      <trkpt lat="51.26144" lon="0.103">
        <ele>180.4</ele>
      </trkpt>
      <trkpt lat="51.26068" lon="0.1028">
        <ele>184.8</ele>
      </trkpt>
      <trkpt lat="51.25993" lon="0.1026">
        <ele>186.9</ele>
      </trkpt>
      <trkpt lat="51.25947" lon="0.10242">
        <ele>186.5</ele>
      </trkpt>
      <trkpt lat="51.25912" lon="0.10216">
        <ele>187.3</ele>
      </trkpt>
      <trkpt lat="51.25861" lon="0.10192">
        <ele>189.5</ele>
      </trkpt>
      <trkpt lat="51.25839" lon="0.10179">
        <ele>190.9</ele>
      </trkpt>
      <trkpt lat="51.25762" lon="0.10163">
        <ele>196.2</ele>
      </trkpt>
      <trkpt lat="51.2568" lon="0.10148">
        <ele>202.6</ele>
      </trkpt>
      <trkpt lat="51.25604" lon="0.10143">
        <ele>208.2</ele>
      </trkpt>
      <trkpt lat="51.2555" lon="0.10143">
        <ele>211.7</ele>
      </trkpt>
      <trkpt lat="51.25472" lon="0.10155">
        <ele>216.7</ele>
      </trkpt>
      <trkpt lat="51.25426" lon="0.10167">
        <ele>220.3</ele>
      </trkpt>
      <trkpt lat="51.25381" lon="0.10179">
        <ele>222.6</ele>
      </trkpt>
      <trkpt lat="51.25303" lon="0.10244">
        <ele>226.4</ele>
      </trkpt>
      <trkpt lat="51.25278" lon="0.10274">
        <ele>227.8</ele>
      </trkpt>
      <trkpt lat="51.25238" lon="0.10318">
        <ele>231.1</ele>
      </trkpt>
      <trkpt lat="51.25169" lon="0.10362">
        <ele>238.8</ele>
      </trkpt>
      <trkpt lat="51.25118" lon="0.10416">
        <ele>241.9</ele>
      </trkpt>
      <trkpt lat="51.25066" lon="0.1047">
        <ele>243.8</ele>
      </trkpt>
      <trkpt lat="51.25063" lon="0.10478">
        <ele>243.8</ele>
      </trkpt>
      <trkpt lat="51.2506" lon="0.10491">
        <ele>243.7</ele>
      </trkpt>
      <trkpt lat="51.25055" lon="0.10487">
        <ele>243.8</ele>
      </trkpt>
      <trkpt lat="51.25052" lon="0.10487">
        <ele>243.9</ele>
      </trkpt>
      <trkpt lat="51.25046" lon="0.1049">
        <ele>244.0</ele>
      </trkpt>
      <trkpt lat="51.24985" lon="0.10534">
        <ele>244.4</ele>
      </trkpt>
      <trkpt lat="51.24932" lon="0.10552">
        <ele>244.6</ele>
      </trkpt>
      <trkpt lat="51.24856" lon="0.10546">
        <ele>244.6</ele>
      </trkpt>
      <trkpt lat="51.2478" lon="0.1054">
        <ele>243.9</ele>
      </trkpt>
      <trkpt lat="51.24704" lon="0.10534">
        <ele>241.3</ele>
      </trkpt>
      <trkpt lat="51.24665" lon="0.10534">
        <ele>239.2</ele>
      </trkpt>
      <trkpt lat="51.24665" lon="0.10534">
        <ele>239.2</ele>
      </trkpt>
      <trkpt lat="51.24639" lon="0.10534">
        <ele>237.1</ele>
      </trkpt>
      <trkpt lat="51.24583" lon="0.10497">
        <ele>235.0</ele>
      </trkpt>
      <trkpt lat="51.24528" lon="0.10461">
        <ele>231.6</ele>
      </trkpt>
      <trkpt lat="51.24493" lon="0.10443">
        <ele>229.7</ele>
      </trkpt>
      <trkpt lat="51.24419" lon="0.10444">
        <ele>221.6</ele>
      </trkpt>
      <trkpt lat="51.24345" lon="0.10445">
        <ele>210.1</ele>
      </trkpt>
      <trkpt lat="51.24286" lon="0.10435">
        <ele>202.2</ele>
      </trkpt>
      <trkpt lat="51.24228" lon="0.10426">
        <ele>195.5</ele>
      </trkpt>
      <trkpt lat="51.242" lon="0.10428">
        <ele>192.3</ele>
      </trkpt>
      <trkpt lat="51.24175" lon="0.10435">
        <ele>188.9</ele>
      </trkpt>
      <trkpt lat="51.24107" lon="0.10499">
        <ele>178.9</ele>
      </trkpt>
      <trkpt lat="51.2405" lon="0.10551">
        <ele>168.0</ele>
      </trkpt>
      <trkpt lat="51.23992" lon="0.10602">
        <ele>159.4</ele>
      </trkpt>
      <trkpt lat="51.23942" lon="0.10668">
        <ele>153.8</ele>
      </trkpt>
      <trkpt lat="51.2392" lon="0.10701">
        <ele>151.0</ele>
      </trkpt>
      <trkpt lat="51.23887" lon="0.10739">
        <ele>146.4</ele>
      </trkpt>
      <trkpt lat="51.23805" lon="0.10742">
        <ele>138.7</ele>
      </trkpt>
      <trkpt lat="51.23734" lon="0.10758">
        <ele>132.6</ele>
      </trkpt>
      <trkpt lat="51.23662" lon="0.10773">
        <ele>126.5</ele>
      </trkpt>
      <trkpt lat="51.23605" lon="0.10759">
        <ele>122.9</ele>
      </trkpt>
      <trkpt lat="51.23542" lon="0.10793">
        <ele>116.7</ele>
      </trkpt>
      <trkpt lat="51.23479" lon="0.10828">
        <ele>111.6</ele>
      </trkpt>
      <trkpt lat="51.23398" lon="0.10846">
        <ele>107.6</ele>
      </trkpt>
      <trkpt lat="51.23316" lon="0.10864">
        <ele>103.4</ele>
      </trkpt>
      <trkpt lat="51.23233" lon="0.10839">
        <ele>96.4</ele>
      </trkpt>
      <trkpt lat="51.23162" lon="0.10844">
        <ele>90.6</ele>
      </trkpt>
      <trkpt lat="51.23091" lon="0.10848">
        <ele>88.7</ele>
      </trkpt>
      <trkpt lat="51.2301" lon="0.1084">
        <ele>85.2</ele>
      </trkpt>
      <trkpt lat="51.22929" lon="0.10831">
        <ele>81.6</ele>
      </trkpt>
      <trkpt lat="51.22864" lon="0.10818">
        <ele>80.6</ele>
      </trkpt>
      <trkpt lat="51.22821" lon="0.10803">
        <ele>80.5</ele>
      </trkpt>
      <trkpt lat="51.22811" lon="0.10798">
        <ele>80.6</ele>
      </trkpt>
      <trkpt lat="51.22757" lon="0.10748">
        <ele>80.1</ele>
      </trkpt>
      <trkpt lat="51.22704" lon="0.10699">
        <ele>78.1</ele>
      </trkpt>
      <trkpt lat="51.22646" lon="0.1067">
        <ele>76.5</ele>
      </trkpt>
      <trkpt lat="51.22589" lon="0.10641">
        <ele>74.2</ele>
      </trkpt>
      <trkpt lat="51.22543" lon="0.10622">
        <ele>71.3</ele>
      </trkpt>
      <trkpt lat="51.22497" lon="0.10603">
        <ele>69.0</ele>
      </trkpt>
      <trkpt lat="51.22456" lon="0.10567">
        <ele>69.6</ele>
      </trkpt>
      <trkpt lat="51.22412" lon="0.10493">
        <ele>70.8</ele>
      </trkpt>
      <trkpt lat="51.22375" lon="0.10424">
        <ele>69.9</ele>
      </trkpt>
      <trkpt lat="51.2231" lon="0.10355">
        <ele>69.2</ele>
      </trkpt>
      <trkpt lat="51.22294" lon="0.10344">
        <ele>69.3</ele>
      </trkpt>
      <trkpt lat="51.22278" lon="0.10336">
        <ele>69.3</ele>
      </trkpt>
      <trkpt lat="51.22267" lon="0.10334">
        <ele>69.2</ele>
      </trkpt>
      <trkpt lat="51.22264" lon="0.10337">
        <ele>69.1</ele>
      </trkpt>
      <trkpt lat="51.2226" lon="0.10333">
        <ele>69.1</ele>
      </trkpt>
      <trkpt lat="51.22257" lon="0.1033">
        <ele>69.2</ele>
      </trkpt>
      <trkpt lat="51.22247" lon="0.10328">
        <ele>69.1</ele>
      </trkpt>
      <trkpt lat="51.2221" lon="0.10326">
        <ele>68.7</ele>
      </trkpt>
      <trkpt lat="51.22159" lon="0.10318">
        <ele>68.2</ele>
      </trkpt>
      <trkpt lat="51.22108" lon="0.1031">
        <ele>67.5</ele>
      </trkpt>
      <trkpt lat="51.22036" lon="0.10295">
        <ele>65.6</ele>
      </trkpt>
      <trkpt lat="51.21997" lon="0.10255">
        <ele>64.0</ele>
      </trkpt>
      <trkpt lat="51.21958" lon="0.10216">
        <ele>63.5</ele>
      </trkpt>
      <trkpt lat="51.21874" lon="0.10168">
        <ele>62.5</ele>
      </trkpt>
      <trkpt lat="51.21831" lon="0.10147">
        <ele>62.2</ele>
      </trkpt>
      <trkpt lat="51.21816" lon="0.10135">
        <ele>62.1</ele>
      </trkpt>
      <trkpt lat="51.21768" lon="0.10086">
        <ele>61.8</ele>
      </trkpt>
      <trkpt lat="51.21721" lon="0.10038">
        <ele>61.3</ele>
      </trkpt>
      <trkpt lat="51.21649" lon="0.0997">
        <ele>59.8</ele>
      </trkpt>
      <trkpt lat="51.21578" lon="0.09903">
        <ele>59.0</ele>
      </trkpt>
      <trkpt lat="51.21573" lon="0.09914">
        <ele>58.8</ele>
      </trkpt>
      <trkpt lat="51.21547" lon="0.09953">
        <ele>57.4</ele>
      </trkpt>
      <trkpt lat="51.21513" lon="0.10014">
        <ele>56.0</ele>
      </trkpt>
      <trkpt lat="51.21489" lon="0.1006">
        <ele>55.1</ele>
      </trkpt>
      <trkpt lat="51.21463" lon="0.10113">
        <ele>54.3</ele>
      </trkpt>
      <trkpt lat="51.21456" lon="0.1013">
        <ele>54.2</ele>
      </trkpt>
      <trkpt lat="51.21452" lon="0.10144">
        <ele>54.2</ele>
      </trkpt>
      <trkpt lat="51.21449" lon="0.10161">
        <ele>54.2</ele>
      </trkpt>
      <trkpt lat="51.21448" lon="0.10172">
        <ele>54.3</ele>
      </trkpt>
      <trkpt lat="51.21448" lon="0.10184">
        <ele>54.5</ele>
      </trkpt>
      <trkpt lat="51.21447" lon="0.10199">
        <ele>54.7</ele>
      </trkpt>
      <trkpt lat="51.21443" lon="0.10241">
        <ele>55.3</ele>
      </trkpt>
      <trkpt lat="51.2144" lon="0.10256">
        <ele>55.5</ele>
      </trkpt>
      <trkpt lat="51.21436" lon="0.1027">
        <ele>55.8</ele>
      </trkpt>
      <trkpt lat="51.21425" lon="0.10293">
        <ele>56.3</ele>
      </trkpt>
      <trkpt lat="51.21417" lon="0.10309">
        <ele>56.7</ele>
      </trkpt>
      <trkpt lat="51.21388" lon="0.10346">
        <ele>57.1</ele>
      </trkpt>
      <trkpt lat="51.2138" lon="0.10362">
        <ele>57.2</ele>
      </trkpt>
      <trkpt lat="51.21338" lon="0.10455">
        <ele>58.8</ele>
      </trkpt>
      <trkpt lat="51.21297" lon="0.10548">
        <ele>61.4</ele>
      </trkpt>
      <trkpt lat="51.21253" lon="0.10628">
        <ele>63.5</ele>
      </trkpt>
      <trkpt lat="51.21209" lon="0.10703">
        <ele>66.2</ele>
      </trkpt>
      <trkpt lat="51.21165" lon="0.10778">
        <ele>68.3</ele>
      </trkpt>
      <trkpt lat="51.21111" lon="0.10843">
        <ele>68.3</ele>
      </trkpt>
      <trkpt lat="51.21057" lon="0.10908">
        <ele>67.7</ele>
      </trkpt>
      <trkpt lat="51.21006" lon="0.10949">
        <ele>67.5</ele>
      </trkpt>
      <trkpt lat="51.20955" lon="0.1099">
        <ele>66.7</ele>
      </trkpt>
      <trkpt lat="51.20891" lon="0.11021">
        <ele>65.0</ele>
      </trkpt>
      <trkpt lat="51.20826" lon="0.11051">
        <ele>63.3</ele>
      </trkpt>
      <trkpt lat="51.20807" lon="0.11058">
        <ele>63.0</ele>
      </trkpt>
      <trkpt lat="51.20767" lon="0.11061">
        <ele>62.5</ele>
      </trkpt>
      <trkpt lat="51.20734" lon="0.11064">
        <ele>61.5</ele>
      </trkpt>
      <trkpt lat="51.2071" lon="0.11084">
        <ele>60.1</ele>
      </trkpt>
      <trkpt lat="51.20673" lon="0.11127">
        <ele>57.3</ele>
      </trkpt>
      <trkpt lat="51.20644" lon="0.11158">
        <ele>55.4</ele>
      </trkpt>
      <trkpt lat="51.20629" lon="0.11172">
        <ele>54.6</ele>
      </trkpt>
      <trkpt lat="51.20581" lon="0.11207">
        <ele>52.9</ele>
      </trkpt>
      <trkpt lat="51.20534" lon="0.11243">
        <ele>51.8</ele>
      </trkpt>
      <trkpt lat="51.20505" lon="0.11266">
        <ele>51.3</ele>
      </trkpt>
      <trkpt lat="51.20493" lon="0.11278">
        <ele>51.2</ele>
      </trkpt>
      <trkpt lat="51.20477" lon="0.11294">
        <ele>51.0</ele>
      </trkpt>
      <trkpt lat="51.20459" lon="0.11319">
        <ele>50.5</ele>
      </trkpt>
      <trkpt lat="51.20427" lon="0.11366">
        <ele>49.4</ele>
      </trkpt>
      <trkpt lat="51.20398" lon="0.11411">
        <ele>48.8</ele>
      </trkpt>
      <trkpt lat="51.20392" lon="0.11423">
        <ele>48.8</ele>
      </trkpt>
      <trkpt lat="51.20389" lon="0.11434">
        <ele>48.8</ele>
      </trkpt>
      <trkpt lat="51.20387" lon="0.11442">
        <ele>48.8</ele>
      </trkpt>
      <trkpt lat="51.20386" lon="0.11454">
        <ele>48.9</ele>
      </trkpt>
      <trkpt lat="51.20385" lon="0.11574">
        <ele>48.9</ele>
      </trkpt>
      <trkpt lat="51.20371" lon="0.11633">
        <ele>47.8</ele>
      </trkpt>
      <trkpt lat="51.20343" lon="0.11727">
        <ele>46.3</ele>
      </trkpt>
      <trkpt lat="51.20314" lon="0.11822">
        <ele>46.0</ele>
      </trkpt>
      <trkpt lat="51.2028" lon="0.11928">
        <ele>46.5</ele>
      </trkpt>
      <trkpt lat="51.20265" lon="0.11997">
        <ele>47.3</ele>
      </trkpt>
      <trkpt lat="51.2025" lon="0.12071">
        <ele>49.6</ele>
      </trkpt>
      <trkpt lat="51.20246" lon="0.12098">
        <ele>50.3</ele>
      </trkpt>
      <trkpt lat="51.20244" lon="0.12127">
        <ele>51.1</ele>
      </trkpt>
      <trkpt lat="51.20244" lon="0.12161">
        <ele>52.3</ele>
      </trkpt>
      <trkpt lat="51.20245" lon="0.12238">
        <ele>55.1</ele>
      </trkpt>
      <trkpt lat="51.20244" lon="0.12267">
        <ele>56.0</ele>
      </trkpt>
      <trkpt lat="51.20235" lon="0.1239">
        <ele>57.4</ele>
      </trkpt>
      <trkpt lat="51.2023" lon="0.12436">
        <ele>56.9</ele>
      </trkpt>
      <trkpt lat="51.20223" lon="0.12481">
        <ele>56.3</ele>
      </trkpt>
      <trkpt lat="51.20212" lon="0.12569">
        <ele>54.9</ele>
      </trkpt>
      <trkpt lat="51.20204" lon="0.12654">
        <ele>53.4</ele>
      </trkpt>
      <trkpt lat="51.20196" lon="0.1274">
        <ele>52.1</ele>
      </trkpt>
      <trkpt lat="51.20185" lon="0.12834">
        <ele>51.0</ele>
      </trkpt>
      <trkpt lat="51.20178" lon="0.128849">
        <ele>49.8</ele>
      </trkpt>
      <trkpt lat="51.20171" lon="0.12923">
        <ele>49.9</ele>
      </trkpt>
      <trkpt lat="51.20169" lon="0.1293">
        <ele>49.9</ele>
      </trkpt>
      <trkpt lat="51.20167" lon="0.12936">
        <ele>50.0</ele>
      </trkpt>
      <trkpt lat="51.20164" lon="0.12938">
        <ele>50.0</ele>
      </trkpt>
      <trkpt lat="51.2016" lon="0.12938">
        <ele>50.0</ele>
      </trkpt>
      <trkpt lat="51.2015" lon="0.12936">
        <ele>50.1</ele>
      </trkpt>
      <trkpt lat="51.20138" lon="0.12934">
        <ele>50.1</ele>
      </trkpt>
      <trkpt lat="51.20132" lon="0.12935">
        <ele>50.2</ele>
      </trkpt>
      <trkpt lat="51.20128" lon="0.12939">
        <ele>50.2</ele>
      </trkpt>
      <trkpt lat="51.20124" lon="0.129509">
        <ele>50.3</ele>
      </trkpt>
      <trkpt lat="51.2011" lon="0.13009">
        <ele>50.9</ele>
      </trkpt>
      <trkpt lat="51.20092" lon="0.130649">
        <ele>50.8</ele>
      </trkpt>
      <trkpt lat="51.20077" lon="0.131">
        <ele>50.9</ele>
      </trkpt>
      <trkpt lat="51.2007" lon="0.13114">
        <ele>51.0</ele>
      </trkpt>
      <trkpt lat="51.20049" lon="0.13143">
        <ele>51.5</ele>
      </trkpt>
      <trkpt lat="51.20023" lon="0.13183">
        <ele>52.1</ele>
      </trkpt>
      <trkpt lat="51.20015" lon="0.13197">
        <ele>52.1</ele>
      </trkpt>
      <trkpt lat="51.20012" lon="0.13205">
        <ele>52.0</ele>
      </trkpt>
      <trkpt lat="51.20006" lon="0.13226">
        <ele>51.6</ele>
      </trkpt>
      <trkpt lat="51.20004" lon="0.13245">
        <ele>51.0</ele>
      </trkpt>
      <trkpt lat="51.20003" lon="0.13268">
        <ele>50.0</ele>
      </trkpt>
      <trkpt lat="51.19989" lon="0.13293">
        <ele>48.5</ele>
      </trkpt>
      <trkpt lat="51.19948" lon="0.1333">
        <ele>45.3</ele>
      </trkpt>
      <trkpt lat="51.19939" lon="0.13335">
        <ele>44.7</ele>
      </trkpt>
      <trkpt lat="51.19892" lon="0.13384">
        <ele>41.5</ele>
      </trkpt>
      <trkpt lat="51.19834" lon="0.13448">
        <ele>37.9</ele>
      </trkpt>
      <trkpt lat="51.19776" lon="0.13512">
        <ele>36.0</ele>
      </trkpt>
      <trkpt lat="51.19732" lon="0.13557">
        <ele>36.2</ele>
      </trkpt>
      <trkpt lat="51.19688" lon="0.13601">
        <ele>36.5</ele>
      </trkpt>
      <trkpt lat="51.19642" lon="0.13678">
        <ele>35.7</ele>
      </trkpt>
      <trkpt lat="51.19636" lon="0.13683">
        <ele>35.6</ele>
      </trkpt>
      <trkpt lat="51.1962" lon="0.13697">
        <ele>35.4</ele>
      </trkpt>
      <trkpt lat="51.19596" lon="0.13732">
        <ele>35.2</ele>
      </trkpt>
      <trkpt lat="51.19576" lon="0.13773">
        <ele>34.9</ele>
      </trkpt>
      <trkpt lat="51.19568" lon="0.13824">
        <ele>34.3</ele>
      </trkpt>
      <trkpt lat="51.1956" lon="0.13841">
        <ele>34.1</ele>
      </trkpt>
      <trkpt lat="51.19545" lon="0.13869">
        <ele>33.8</ele>
      </trkpt>
      <trkpt lat="51.19525" lon="0.13899">
        <ele>33.4</ele>
      </trkpt>
      <trkpt lat="51.19461" lon="0.13979">
        <ele>34.6</ele>
      </trkpt>
      <trkpt lat="51.19455" lon="0.13985">
        <ele>35.0</ele>
      </trkpt>
      <trkpt lat="51.19446" lon="0.13992">
        <ele>35.5</ele>
      </trkpt>
      <trkpt lat="51.1936" lon="0.14018">
        <ele>40.3</ele>
      </trkpt>
      <trkpt lat="51.1931" lon="0.14008">
        <ele>42.3</ele>
      </trkpt>
      <trkpt lat="51.19243" lon="0.1403">
        <ele>43.0</ele>
      </trkpt>
      <trkpt lat="51.19176" lon="0.14051">
        <ele>43.0</ele>
      </trkpt>
      <trkpt lat="51.19124" lon="0.14087">
        <ele>44.1</ele>
      </trkpt>
      <trkpt lat="51.19061" lon="0.14098">
        <ele>45.0</ele>
      </trkpt>
      <trkpt lat="51.19016" lon="0.14122">
        <ele>45.4</ele>
      </trkpt>
      <trkpt lat="51.18971" lon="0.14145">
        <ele>45.6</ele>
      </trkpt>
      <trkpt lat="51.18918" lon="0.14151">
        <ele>44.7</ele>
      </trkpt>
      <trkpt lat="51.18865" lon="0.14157">
        <ele>46.6</ele>
      </trkpt>
      <trkpt lat="51.18823" lon="0.14121">
        <ele>46.9</ele>
      </trkpt>
      <trkpt lat="51.18816" lon="0.14197">
        <ele>48.5</ele>
      </trkpt>
      <trkpt lat="51.18808" lon="0.14272">
        <ele>47.7</ele>
      </trkpt>
      <trkpt lat="51.18804" lon="0.14353">
        <ele>46.3</ele>
      </trkpt>
      <trkpt lat="51.188" lon="0.14434">
        <ele>45.8</ele>
      </trkpt>
      <trkpt lat="51.18792" lon="0.1446">
        <ele>46.0</ele>
      </trkpt>
      <trkpt lat="51.18782" lon="0.14472">
        <ele>46.4</ele>
      </trkpt>
      <trkpt lat="51.18768" lon="0.14479">
        <ele>47.2</ele>
      </trkpt>
      <trkpt lat="51.18736" lon="0.14485">
        <ele>49.3</ele>
      </trkpt>
      <trkpt lat="51.18727" lon="0.14488">
        <ele>49.9</ele>
      </trkpt>
      <trkpt lat="51.18721" lon="0.14492">
        <ele>50.3</ele>
      </trkpt>
      <trkpt lat="51.18673" lon="0.14527">
        <ele>53.8</ele>
      </trkpt>
      <trkpt lat="51.18638" lon="0.14546">
        <ele>55.1</ele>
      </trkpt>
      <trkpt lat="51.18606" lon="0.14557">
        <ele>55.9</ele>
      </trkpt>
      <trkpt lat="51.18602" lon="0.14565">
        <ele>56.2</ele>
      </trkpt>
      <trkpt lat="51.18603" lon="0.1463">
        <ele>57.5</ele>
      </trkpt>
      <trkpt lat="51.18606" lon="0.14712">
        <ele>58.2</ele>
      </trkpt>
      <trkpt lat="51.18609" lon="0.14795">
        <ele>58.4</ele>
      </trkpt>
      <trkpt lat="51.18611" lon="0.14845">
        <ele>59.0</ele>
      </trkpt>
      <trkpt lat="51.18614" lon="0.14969">
        <ele>62.2</ele>
      </trkpt>
      <trkpt lat="51.18616" lon="0.15093">
        <ele>62.2</ele>
      </trkpt>
      <trkpt lat="51.18619" lon="0.15217">
        <ele>61.4</ele>
      </trkpt>
      <trkpt lat="51.18616" lon="0.15251">
        <ele>61.6</ele>
      </trkpt>
      <trkpt lat="51.18613" lon="0.1531">
        <ele>61.7</ele>
      </trkpt>
      <trkpt lat="51.18609" lon="0.1535">
        <ele>61.6</ele>
      </trkpt>
      <trkpt lat="51.18586" lon="0.15389">
        <ele>62.2</ele>
      </trkpt>
      <trkpt lat="51.18572" lon="0.15411">
        <ele>61.5</ele>
      </trkpt>
      <trkpt lat="51.1856" lon="0.15423">
        <ele>60.8</ele>
      </trkpt>
      <trkpt lat="51.185" lon="0.15473">
        <ele>56.0</ele>
      </trkpt>
      <trkpt lat="51.18441" lon="0.15523">
        <ele>51.6</ele>
      </trkpt>
      <trkpt lat="51.184" lon="0.15554">
        <ele>49.3</ele>
      </trkpt>
      <trkpt lat="51.18359" lon="0.15585">
        <ele>47.6</ele>
      </trkpt>
      <trkpt lat="51.18342" lon="0.15593">
        <ele>47.0</ele>
      </trkpt>
      <trkpt lat="51.18294" lon="0.15585">
        <ele>45.5</ele>
      </trkpt>
      <trkpt lat="51.18255" lon="0.15581">
        <ele>44.2</ele>
      </trkpt>
      <trkpt lat="51.18223" lon="0.15574">
        <ele>43.2</ele>
      </trkpt>
      <trkpt lat="51.18186" lon="0.15558">
        <ele>42.1</ele>
      </trkpt>
      <trkpt lat="51.18172" lon="0.15554">
        <ele>41.6</ele>
      </trkpt>
      <trkpt lat="51.18158" lon="0.15555">
        <ele>41.6</ele>
      </trkpt>
      <trkpt lat="51.18127" lon="0.15572">
        <ele>42.5</ele>
      </trkpt>
      <trkpt lat="51.18101" lon="0.15582">
        <ele>43.4</ele>
      </trkpt>
      <trkpt lat="51.18052" lon="0.15562">
        <ele>45.1</ele>
      </trkpt>
      <trkpt lat="51.17981" lon="0.15552">
        <ele>47.3</ele>
      </trkpt>
      <trkpt lat="51.17894" lon="0.15524">
        <ele>49.1</ele>
      </trkpt>
      <trkpt lat="51.17851" lon="0.15488">
        <ele>49.8</ele>
      </trkpt>
      <trkpt lat="51.17804" lon="0.15417">
        <ele>49.0</ele>
      </trkpt>
      <trkpt lat="51.17767" lon="0.15328">
        <ele>49.6</ele>
      </trkpt>
      <trkpt lat="51.1773" lon="0.15239">
        <ele>50.1</ele>
      </trkpt>
      <trkpt lat="51.17678" lon="0.1514">
        <ele>53.2</ele>
      </trkpt>
      <trkpt lat="51.17607" lon="0.15056">
        <ele>62.0</ele>
      </trkpt>
      <trkpt lat="51.17583" lon="0.15035">
        <ele>64.3</ele>
      </trkpt>
      <trkpt lat="51.1756" lon="0.1501">
        <ele>66.7</ele>
      </trkpt>
      <trkpt lat="51.17492" lon="0.14956">
        <ele>71.3</ele>
      </trkpt>
      <trkpt lat="51.17469" lon="0.14924">
        <ele>72.6</ele>
      </trkpt>
      <trkpt lat="51.17434" lon="0.14856">
        <ele>73.7</ele>
      </trkpt>
      <trkpt lat="51.17399" lon="0.14788">
        <ele>73.3</ele>
      </trkpt>
      <trkpt lat="51.17346" lon="0.14725">
        <ele>73.4</ele>
      </trkpt>
      <trkpt lat="51.17294" lon="0.14661">
        <ele>73.0</ele>
      </trkpt>
      <trkpt lat="51.17294" lon="0.14661">
        <ele>73.0</ele>
      </trkpt>
      <trkpt lat="51.1723" lon="0.14584">
        <ele>74.5</ele>
      </trkpt>
      <trkpt lat="51.17211" lon="0.14563">
        <ele>75.2</ele>
      </trkpt>
      <trkpt lat="51.17177" lon="0.14516">
        <ele>77.2</ele>
      </trkpt>
      <trkpt lat="51.17142" lon="0.14469">
        <ele>78.9</ele>
      </trkpt>
      <trkpt lat="51.17099" lon="0.14389">
        <ele>82.3</ele>
      </trkpt>
      <trkpt lat="51.17054" lon="0.14335">
        <ele>85.3</ele>
      </trkpt>
      <trkpt lat="51.17008" lon="0.1428">
        <ele>89.4</ele>
      </trkpt>
      <trkpt lat="51.16971" lon="0.14239">
        <ele>93.0</ele>
      </trkpt>
      <trkpt lat="51.16907" lon="0.14169">
        <ele>98.4</ele>
      </trkpt>
      <trkpt lat="51.16888" lon="0.14144">
        <ele>99.8</ele>
      </trkpt>
      <trkpt lat="51.16849" lon="0.1409">
        <ele>102.8</ele>
      </trkpt>
      <trkpt lat="51.16831" lon="0.14069">
        <ele>104.1</ele>
      </trkpt>
      <trkpt lat="51.16794" lon="0.14027">
        <ele>105.6</ele>
      </trkpt>
      <trkpt lat="51.16761" lon="0.13993">
        <ele>107.1</ele>
      </trkpt>
      <trkpt lat="51.16752" lon="0.13986">
        <ele>107.2</ele>
      </trkpt>
      <trkpt lat="51.16751" lon="0.13973">
        <ele>106.6</ele>
      </trkpt>
      <trkpt lat="51.16748" lon="0.13944">
        <ele>105.6</ele>
      </trkpt>
      <trkpt lat="51.16736" lon="0.13857">
        <ele>105.0</ele>
      </trkpt>
      <trkpt lat="51.16725" lon="0.1377">
        <ele>105.8</ele>
      </trkpt>
      <trkpt lat="51.16711" lon="0.13694">
        <ele>107.1</ele>
      </trkpt>
      <trkpt lat="51.16697" lon="0.13619">
        <ele>109.4</ele>
      </trkpt>
      <trkpt lat="51.16694" lon="0.13597">
        <ele>110.0</ele>
      </trkpt>
      <trkpt lat="51.16694" lon="0.13585">
        <ele>110.1</ele>
      </trkpt>
      <trkpt lat="51.16695" lon="0.1356">
        <ele>110.1</ele>
      </trkpt>
      <trkpt lat="51.16702" lon="0.13519">
        <ele>109.6</ele>
      </trkpt>
      <trkpt lat="51.16704" lon="0.13507">
        <ele>109.4</ele>
      </trkpt>
      <trkpt lat="51.16704" lon="0.13495">
        <ele>109.5</ele>
      </trkpt>
      <trkpt lat="51.16702" lon="0.13436">
        <ele>109.2</ele>
      </trkpt>
      <trkpt lat="51.16702" lon="0.13417">
        <ele>109.0</ele>
      </trkpt>
      <trkpt lat="51.16701" lon="0.13392">
        <ele>108.9</ele>
      </trkpt>
      <trkpt lat="51.16698" lon="0.13371">
        <ele>109.0</ele>
      </trkpt>
      <trkpt lat="51.16693" lon="0.13353">
        <ele>109.3</ele>
      </trkpt>
      <trkpt lat="51.16687" lon="0.13338">
        <ele>109.6</ele>
      </trkpt>
      <trkpt lat="51.1668" lon="0.13326">
        <ele>110.0</ele>
      </trkpt>
      <trkpt lat="51.16671" lon="0.13314">
        <ele>110.5</ele>
      </trkpt>
      <trkpt lat="51.1666" lon="0.13304">
        <ele>111.4</ele>
      </trkpt>
      <trkpt lat="51.16646" lon="0.13294">
        <ele>112.7</ele>
      </trkpt>
      <trkpt lat="51.16613" lon="0.13273">
        <ele>115.3</ele>
      </trkpt>
      <trkpt lat="51.16601" lon="0.13264">
        <ele>116.1</ele>
      </trkpt>
      <trkpt lat="51.16588" lon="0.13251">
        <ele>116.7</ele>
      </trkpt>
      <trkpt lat="51.16571" lon="0.13229">
        <ele>117.0</ele>
      </trkpt>
      <trkpt lat="51.16561" lon="0.13209">
        <ele>117.0</ele>
      </trkpt>
      <trkpt lat="51.16543" lon="0.13166">
        <ele>116.9</ele>
      </trkpt>
      <trkpt lat="51.16522" lon="0.131039">
        <ele>117.1</ele>
      </trkpt>
      <trkpt lat="51.16514" lon="0.13077">
        <ele>117.1</ele>
      </trkpt>
      <trkpt lat="51.16506" lon="0.13044">
        <ele>117.2</ele>
      </trkpt>
      <trkpt lat="51.16498" lon="0.12989">
        <ele>116.5</ele>
      </trkpt>
      <trkpt lat="51.16494" lon="0.129759">
        <ele>115.8</ele>
      </trkpt>
      <trkpt lat="51.16478" lon="0.12933">
        <ele>113.8</ele>
      </trkpt>
      <trkpt lat="51.16473" lon="0.12917">
        <ele>113.0</ele>
      </trkpt>
      <trkpt lat="51.16482" lon="0.12812">
        <ele>108.8</ele>
      </trkpt>
      <trkpt lat="51.1649" lon="0.127069">
        <ele>107.2</ele>
      </trkpt>
      <trkpt lat="51.16493" lon="0.126069">
        <ele>107.5</ele>
      </trkpt>
      <trkpt lat="51.16495" lon="0.1247">
        <ele>109.9</ele>
      </trkpt>
      <trkpt lat="51.16497" lon="0.12333">
        <ele>113.8</ele>
      </trkpt>
      <trkpt lat="51.16496" lon="0.12286">
        <ele>113.8</ele>
      </trkpt>
      <trkpt lat="51.16496" lon="0.1226">
        <ele>113.8</ele>
      </trkpt>
      <trkpt lat="51.16498" lon="0.12226">
        <ele>113.9</ele>
      </trkpt>
      <trkpt lat="51.16503" lon="0.12182">
        <ele>114.0</ele>
      </trkpt>
      <trkpt lat="51.16521" lon="0.12062">
        <ele>115.9</ele>
      </trkpt>
      <trkpt lat="51.16524" lon="0.12043">
        <ele>116.1</ele>
      </trkpt>
      <trkpt lat="51.16525" lon="0.12026">
        <ele>116.4</ele>
      </trkpt>
      <trkpt lat="51.16524" lon="0.1198">
        <ele>118.6</ele>
      </trkpt>
      <trkpt lat="51.16525" lon="0.11958">
        <ele>120.5</ele>
      </trkpt>
      <trkpt lat="51.16522" lon="0.11956">
        <ele>120.8</ele>
      </trkpt>
      <trkpt lat="51.16519" lon="0.11952">
        <ele>121.3</ele>
      </trkpt>
      <trkpt lat="51.16497" lon="0.11903">
        <ele>125.8</ele>
      </trkpt>
      <trkpt lat="51.16473" lon="0.1184">
        <ele>128.0</ele>
      </trkpt>
      <trkpt lat="51.16457" lon="0.11805">
        <ele>128.7</ele>
      </trkpt>
      <trkpt lat="51.16433" lon="0.1176">
        <ele>129.7</ele>
      </trkpt>
      <trkpt lat="51.16421" lon="0.11735">
        <ele>130.4</ele>
      </trkpt>
      <trkpt lat="51.16407" lon="0.11685">
        <ele>132.2</ele>
      </trkpt>
      <trkpt lat="51.16392" lon="0.1159">
        <ele>134.4</ele>
      </trkpt>
      <trkpt lat="51.16389" lon="0.11534">
        <ele>136.1</ele>
      </trkpt>
      <trkpt lat="51.16388" lon="0.11524">
        <ele>136.4</ele>
      </trkpt>
      <trkpt lat="51.16386" lon="0.11514">
        <ele>136.5</ele>
      </trkpt>
      <trkpt lat="51.16383" lon="0.11506">
        <ele>136.5</ele>
      </trkpt>
      <trkpt lat="51.16378" lon="0.11498">
        <ele>136.4</ele>
      </trkpt>
      <trkpt lat="51.16374" lon="0.11494">
        <ele>136.2</ele>
      </trkpt>
      <trkpt lat="51.16367" lon="0.11491">
        <ele>135.6</ele>
      </trkpt>
      <trkpt lat="51.16353" lon="0.11491">
        <ele>134.4</ele>
      </trkpt>
      <trkpt lat="51.16343" lon="0.11492">
        <ele>133.4</ele>
      </trkpt>
      <trkpt lat="51.16326" lon="0.11497">
        <ele>131.7</ele>
      </trkpt>
      <trkpt lat="51.16312" lon="0.11499">
        <ele>130.5</ele>
      </trkpt>
      <trkpt lat="51.16301" lon="0.11498">
        <ele>129.8</ele>
      </trkpt>
      <trkpt lat="51.16289" lon="0.11495">
        <ele>129.1</ele>
      </trkpt>
      <trkpt lat="51.16272" lon="0.11487">
        <ele>128.4</ele>
      </trkpt>
      <trkpt lat="51.16215" lon="0.11456">
        <ele>125.3</ele>
      </trkpt>
      <trkpt lat="51.16175" lon="0.11452">
        <ele>121.7</ele>
      </trkpt>
      <trkpt lat="51.16151" lon="0.11448">
        <ele>120.2</ele>
      </trkpt>
      <trkpt lat="51.1614" lon="0.11445">
        <ele>119.7</ele>
      </trkpt>
      <trkpt lat="51.16096" lon="0.11423">
        <ele>117.7</ele>
      </trkpt>
      <trkpt lat="51.16059" lon="0.11411">
        <ele>115.6</ele>
      </trkpt>
      <trkpt lat="51.16015" lon="0.11403">
        <ele>113.0</ele>
      </trkpt>
      <trkpt lat="51.15959" lon="0.114">
        <ele>109.6</ele>
      </trkpt>
      <trkpt lat="51.15944" lon="0.11398">
        <ele>108.7</ele>
      </trkpt>
      <trkpt lat="51.15933" lon="0.11396">
        <ele>108.0</ele>
      </trkpt>
      <trkpt lat="51.15905" lon="0.11383">
        <ele>106.3</ele>
      </trkpt>
      <trkpt lat="51.15889" lon="0.11375">
        <ele>105.8</ele>
      </trkpt>
      <trkpt lat="51.15845" lon="0.11335">
        <ele>103.2</ele>
      </trkpt>
      <trkpt lat="51.15796" lon="0.11288">
        <ele>99.9</ele>
      </trkpt>
      <trkpt lat="51.15746" lon="0.11242">
        <ele>97.1</ele>
      </trkpt>
      <trkpt lat="51.15724" lon="0.11224">
        <ele>94.4</ele>
      </trkpt>
      <trkpt lat="51.15694" lon="0.11205">
        <ele>91.1</ele>
      </trkpt>
      <trkpt lat="51.15646" lon="0.11177">
        <ele>85.9</ele>
      </trkpt>
      <trkpt lat="51.15597" lon="0.11149">
        <ele>80.3</ele>
      </trkpt>
      <trkpt lat="51.15565" lon="0.11128">
        <ele>76.6</ele>
      </trkpt>
      <trkpt lat="51.15527" lon="0.11102">
        <ele>72.9</ele>
      </trkpt>
      <trkpt lat="51.15486" lon="0.11076">
        <ele>71.0</ele>
      </trkpt>
      <trkpt lat="51.15467" lon="0.11066">
        <ele>71.4</ele>
      </trkpt>
      <trkpt lat="51.15457" lon="0.1106">
        <ele>71.6</ele>
      </trkpt>
      <trkpt lat="51.1542" lon="0.11037">
        <ele>72.6</ele>
      </trkpt>
      <trkpt lat="51.15366" lon="0.11007">
        <ele>75.5</ele>
      </trkpt>
      <trkpt lat="51.15351" lon="0.10997">
        <ele>76.5</ele>
      </trkpt>
      <trkpt lat="51.1534" lon="0.10988">
        <ele>77.2</ele>
      </trkpt>
      <trkpt lat="51.15334" lon="0.1098">
        <ele>77.7</ele>
      </trkpt>
      <trkpt lat="51.15327" lon="0.10969">
        <ele>78.2</ele>
      </trkpt>
      <trkpt lat="51.15319" lon="0.10951">
        <ele>79.0</ele>
      </trkpt>
      <trkpt lat="51.15299" lon="0.10901">
        <ele>81.4</ele>
      </trkpt>
      <trkpt lat="51.15269" lon="0.10816">
        <ele>85.8</ele>
      </trkpt>
      <trkpt lat="51.15255" lon="0.1077">
        <ele>88.1</ele>
      </trkpt>
      <trkpt lat="51.15243" lon="0.10724">
        <ele>90.1</ele>
      </trkpt>
      <trkpt lat="51.15241" lon="0.1071">
        <ele>90.7</ele>
      </trkpt>
      <trkpt lat="51.15235" lon="0.10636">
        <ele>93.7</ele>
      </trkpt>
      <trkpt lat="51.15234" lon="0.10613">
        <ele>94.6</ele>
      </trkpt>
      <trkpt lat="51.15231" lon="0.10585">
        <ele>95.8</ele>
      </trkpt>
      <trkpt lat="51.15228" lon="0.10569">
        <ele>96.6</ele>
      </trkpt>
      <trkpt lat="51.15223" lon="0.10553">
        <ele>97.4</ele>
      </trkpt>
      <trkpt lat="51.15188" lon="0.1046">
        <ele>100.9</ele>
      </trkpt>
      <trkpt lat="51.1516" lon="0.10393">
        <ele>100.4</ele>
      </trkpt>
      <trkpt lat="51.15136" lon="0.10333">
        <ele>98.9</ele>
      </trkpt>
      <trkpt lat="51.15118" lon="0.10284">
        <ele>98.5</ele>
      </trkpt>
      <trkpt lat="51.15105" lon="0.10243">
        <ele>98.1</ele>
      </trkpt>
      <trkpt lat="51.15092" lon="0.10196">
        <ele>97.5</ele>
      </trkpt>
      <trkpt lat="51.1508" lon="0.10139">
        <ele>97.1</ele>
      </trkpt>
      <trkpt lat="51.1501" lon="0.1021">
        <ele>93.5</ele>
      </trkpt>
      <trkpt lat="51.14941" lon="0.10281">
        <ele>89.6</ele>
      </trkpt>
      <trkpt lat="51.14918" lon="0.10308">
        <ele>88.8</ele>
      </trkpt>
      <trkpt lat="51.14855" lon="0.10391">
        <ele>83.9</ele>
      </trkpt>
      <trkpt lat="51.14829" lon="0.10422">
        <ele>81.6</ele>
      </trkpt>
      <trkpt lat="51.14805" lon="0.10448">
        <ele>79.2</ele>
      </trkpt>
      <trkpt lat="51.14777" lon="0.10475">
        <ele>76.5</ele>
      </trkpt>
      <trkpt lat="51.14756" lon="0.1049">
        <ele>74.7</ele>
      </trkpt>
      <trkpt lat="51.14679" lon="0.1053">
        <ele>70.1</ele>
      </trkpt>
      <trkpt lat="51.14649" lon="0.10548">
        <ele>68.7</ele>
      </trkpt>
      <trkpt lat="51.146" lon="0.10583">
        <ele>65.8</ele>
      </trkpt>
      <trkpt lat="51.1455" lon="0.10618">
        <ele>61.8</ele>
      </trkpt>
      <trkpt lat="51.1449" lon="0.10647">
        <ele>57.2</ele>
      </trkpt>
      <trkpt lat="51.14478" lon="0.1065">
        <ele>56.4</ele>
      </trkpt>
      <trkpt lat="51.14465" lon="0.10656">
        <ele>55.6</ele>
      </trkpt>
      <trkpt lat="51.14425" lon="0.10675">
        <ele>54.5</ele>
      </trkpt>
      <trkpt lat="51.14417" lon="0.10678">
        <ele>54.3</ele>
      </trkpt>
      <trkpt lat="51.14349" lon="0.1071">
        <ele>52.5</ele>
      </trkpt>
      <trkpt lat="51.14306" lon="0.10733">
        <ele>55.4</ele>
      </trkpt>
      <trkpt lat="51.14263" lon="0.10756">
        <ele>59.8</ele>
      </trkpt>
      <trkpt lat="51.14186" lon="0.10773">
        <ele>65.9</ele>
      </trkpt>
      <trkpt lat="51.14124" lon="0.10768">
        <ele>71.4</ele>
      </trkpt>
      <trkpt lat="51.14072" lon="0.10756">
        <ele>76.4</ele>
      </trkpt>
      <trkpt lat="51.1402" lon="0.10743">
        <ele>81.6</ele>
      </trkpt>
      <trkpt lat="51.1395" lon="0.10744">
        <ele>87.5</ele>
      </trkpt>
      <trkpt lat="51.1387" lon="0.10774">
        <ele>92.4</ele>
      </trkpt>
      <trkpt lat="51.13821" lon="0.10777">
        <ele>94.2</ele>
      </trkpt>
      <trkpt lat="51.13745" lon="0.10756">
        <ele>95.9</ele>
      </trkpt>
      <trkpt lat="51.13669" lon="0.10736">
        <ele>95.2</ele>
      </trkpt>
      <trkpt lat="51.13589" lon="0.10721">
        <ele>96.9</ele>
      </trkpt>
      <trkpt lat="51.13509" lon="0.10705">
        <ele>99.4</ele>
      </trkpt>
      <trkpt lat="51.1342" lon="0.10691">
        <ele>102.3</ele>
      </trkpt>
      <trkpt lat="51.1335" lon="0.10694">
        <ele>106.3</ele>
      </trkpt>
      <trkpt lat="51.1331" lon="0.10712">
        <ele>108.1</ele>
      </trkpt>
      <trkpt lat="51.1324" lon="0.10786">
        <ele>110.8</ele>
      </trkpt>
      <trkpt lat="51.13205" lon="0.10818">
        <ele>110.9</ele>
      </trkpt>
      <trkpt lat="51.13192" lon="0.10832">
        <ele>110.6</ele>
      </trkpt>
      <trkpt lat="51.13178" lon="0.10841">
        <ele>110.5</ele>
      </trkpt>
      <trkpt lat="51.13168" lon="0.10844">
        <ele>110.4</ele>
      </trkpt>
      <trkpt lat="51.13152" lon="0.10846">
        <ele>109.7</ele>
      </trkpt>
      <trkpt lat="51.13155" lon="0.10924">
        <ele>112.6</ele>
      </trkpt>
      <trkpt lat="51.1311" lon="0.10935">
        <ele>110.1</ele>
      </trkpt>
      <trkpt lat="51.13097" lon="0.10942">
        <ele>109.5</ele>
      </trkpt>
      <trkpt lat="51.13083" lon="0.10952">
        <ele>108.8</ele>
      </trkpt>
      <trkpt lat="51.13068" lon="0.10967">
        <ele>108.3</ele>
      </trkpt>
      <trkpt lat="51.13039" lon="0.10999">
        <ele>107.3</ele>
      </trkpt>
      <trkpt lat="51.12972" lon="0.11087">
        <ele>105.1</ele>
      </trkpt>
      <trkpt lat="51.12904" lon="0.11176">
        <ele>105.3</ele>
      </trkpt>
      <trkpt lat="51.12858" lon="0.11239">
        <ele>103.7</ele>
      </trkpt>
      <trkpt lat="51.12812" lon="0.11302">
        <ele>103.6</ele>
      </trkpt>
      <trkpt lat="51.12781" lon="0.11345">
        <ele>103.7</ele>
      </trkpt>
      <trkpt lat="51.12756" lon="0.1137">
        <ele>102.7</ele>
      </trkpt>
      <trkpt lat="51.12721" lon="0.11392">
        <ele>100.8</ele>
      </trkpt>
      <trkpt lat="51.1266" lon="0.11427">
        <ele>97.4</ele>
      </trkpt>
      <trkpt lat="51.126" lon="0.11462">
        <ele>92.7</ele>
      </trkpt>
      <trkpt lat="51.12576" lon="0.11472">
        <ele>91.3</ele>
      </trkpt>
      <trkpt lat="51.12554" lon="0.11477">
        <ele>91.3</ele>
      </trkpt>
      <trkpt lat="51.12519" lon="0.1148">
        <ele>91.2</ele>
      </trkpt>
      <trkpt lat="51.12458" lon="0.11473">
        <ele>91.7</ele>
      </trkpt>
      <trkpt lat="51.12396" lon="0.11466">
        <ele>93.5</ele>
      </trkpt>
      <trkpt lat="51.12342" lon="0.11455">
        <ele>97.0</ele>
      </trkpt>
      <trkpt lat="51.12288" lon="0.11444">
        <ele>96.8</ele>
      </trkpt>
      <trkpt lat="51.12238" lon="0.11421">
        <ele>95.6</ele>
      </trkpt>
      <trkpt lat="51.12189" lon="0.11397">
        <ele>94.0</ele>
      </trkpt>
      <trkpt lat="51.12116" lon="0.11374">
        <ele>90.5</ele>
      </trkpt>
      <trkpt lat="51.12044" lon="0.11351">
        <ele>86.2</ele>
      </trkpt>
      <trkpt lat="51.11971" lon="0.11327">
        <ele>79.8</ele>
      </trkpt>
      <trkpt lat="51.11899" lon="0.11304">
        <ele>72.2</ele>
      </trkpt>
      <trkpt lat="51.11827" lon="0.11281">
        <ele>66.0</ele>
      </trkpt>
      <trkpt lat="51.1178" lon="0.11264">
        <ele>62.9</ele>
      </trkpt>
      <trkpt lat="51.11733" lon="0.11247">
        <ele>59.8</ele>
      </trkpt>
      <trkpt lat="51.11711" lon="0.11242">
        <ele>58.2</ele>
      </trkpt>
      <trkpt lat="51.11675" lon="0.11246">
        <ele>55.6</ele>
      </trkpt>
      <trkpt lat="51.11614" lon="0.11268">
        <ele>51.9</ele>
      </trkpt>
      <trkpt lat="51.11553" lon="0.11291">
        <ele>49.8</ele>
      </trkpt>
      <trkpt lat="51.11492" lon="0.11313">
        <ele>48.9</ele>
      </trkpt>
      <trkpt lat="51.11444" lon="0.11334">
        <ele>50.3</ele>
      </trkpt>
      <trkpt lat="51.11397" lon="0.11356">
        <ele>52.0</ele>
      </trkpt>
      <trkpt lat="51.11378" lon="0.11356">
        <ele>53.1</ele>
      </trkpt>
      <trkpt lat="51.11357" lon="0.1135">
        <ele>54.7</ele>
      </trkpt>
      <trkpt lat="51.11298" lon="0.11329">
        <ele>55.5</ele>
      </trkpt>
      <trkpt lat="51.11269" lon="0.1132">
        <ele>54.8</ele>
      </trkpt>
      <trkpt lat="51.11245" lon="0.11317">
        <ele>54.3</ele>
      </trkpt>
      <trkpt lat="51.11219" lon="0.11318">
        <ele>54.7</ele>
      </trkpt>
      <trkpt lat="51.11131" lon="0.11329">
        <ele>54.7</ele>
      </trkpt>
      <trkpt lat="51.11085" lon="0.11321">
        <ele>54.3</ele>
      </trkpt>
      <trkpt lat="51.11039" lon="0.11313">
        <ele>52.8</ele>
      </trkpt>
      <trkpt lat="51.10957" lon="0.11315">
        <ele>48.9</ele>
      </trkpt>
      <trkpt lat="51.10935" lon="0.11319">
        <ele>47.8</ele>
      </trkpt>
      <trkpt lat="51.10916" lon="0.11319">
        <ele>46.8</ele>
      </trkpt>
      <trkpt lat="51.10902" lon="0.11314">
        <ele>46.4</ele>
      </trkpt>
      <trkpt lat="51.10886" lon="0.11303">
        <ele>45.9</ele>
      </trkpt>
      <trkpt lat="51.10827" lon="0.11239">
        <ele>44.1</ele>
      </trkpt>
      <trkpt lat="51.10767" lon="0.11189">
        <ele>44.9</ele>
      </trkpt>
      <trkpt lat="51.10756" lon="0.11183">
        <ele>45.0</ele>
      </trkpt>
      <trkpt lat="51.10735" lon="0.11173">
        <ele>45.3</ele>
      </trkpt>
      <trkpt lat="51.10713" lon="0.1117">
        <ele>45.9</ele>
      </trkpt>
      <trkpt lat="51.10667" lon="0.11173">
        <ele>46.9</ele>
      </trkpt>
      <trkpt lat="51.10621" lon="0.11177">
        <ele>50.0</ele>
      </trkpt>
      <trkpt lat="51.10597" lon="0.11179">
        <ele>51.6</ele>
      </trkpt>
      <trkpt lat="51.10578" lon="0.11184">
        <ele>53.0</ele>
      </trkpt>
      <trkpt lat="51.10557" lon="0.11194">
        <ele>54.3</ele>
      </trkpt>
      <trkpt lat="51.10517" lon="0.1123">
        <ele>56.9</ele>
      </trkpt>
      <trkpt lat="51.10502" lon="0.11236">
        <ele>58.0</ele>
      </trkpt>
      <trkpt lat="51.10486" lon="0.11236">
        <ele>58.7</ele>
      </trkpt>
      <trkpt lat="51.10473" lon="0.11233">
        <ele>59.2</ele>
      </trkpt>
      <trkpt lat="51.10458" lon="0.11226">
        <ele>59.9</ele>
      </trkpt>
      <trkpt lat="51.10417" lon="0.1119">
        <ele>62.4</ele>
      </trkpt>
      <trkpt lat="51.1041" lon="0.11188">
        <ele>62.5</ele>
      </trkpt>
      <trkpt lat="51.10399" lon="0.11189">
        <ele>62.5</ele>
      </trkpt>
      <trkpt lat="51.10398" lon="0.11178">
        <ele>62.7</ele>
      </trkpt>
      <trkpt lat="51.10395" lon="0.1117">
        <ele>62.9</ele>
      </trkpt>
      <trkpt lat="51.1039" lon="0.11161">
        <ele>63.0</ele>
      </trkpt>
      <trkpt lat="51.10329" lon="0.11095">
        <ele>64.8</ele>
      </trkpt>
      <trkpt lat="51.10279" lon="0.11046">
        <ele>65.8</ele>
      </trkpt>
      <trkpt lat="51.10251" lon="0.11025">
        <ele>66.0</ele>
      </trkpt>
      <trkpt lat="51.10182" lon="0.1098">
        <ele>68.4</ele>
      </trkpt>
      <trkpt lat="51.10143" lon="0.1095">
        <ele>68.8</ele>
      </trkpt>
      <trkpt lat="51.10075" lon="0.10893">
        <ele>69.3</ele>
      </trkpt>
      <trkpt lat="51.10048" lon="0.10874">
        <ele>69.6</ele>
      </trkpt>
      <trkpt lat="51.10002" lon="0.10846">
        <ele>70.5</ele>
      </trkpt>
      <trkpt lat="51.09956" lon="0.10817">
        <ele>70.3</ele>
      </trkpt>
      <trkpt lat="51.09937" lon="0.10807">
        <ele>70.4</ele>
      </trkpt>
      <trkpt lat="51.09926" lon="0.10797">
        <ele>70.4</ele>
      </trkpt>
      <trkpt lat="51.09915" lon="0.10784">
        <ele>70.3</ele>
      </trkpt>
      <trkpt lat="51.09912" lon="0.10789">
        <ele>70.7</ele>
      </trkpt>
      <trkpt lat="51.09907" lon="0.10794">
        <ele>71.2</ele>
      </trkpt>
      <trkpt lat="51.09902" lon="0.10795">
        <ele>71.6</ele>
      </trkpt>
      <trkpt lat="51.09839" lon="0.10786">
        <ele>75.6</ele>
      </trkpt>
      <trkpt lat="51.09783" lon="0.10776">
        <ele>80.2</ele>
      </trkpt>
      <trkpt lat="51.09727" lon="0.10766">
        <ele>85.3</ele>
      </trkpt>
      <trkpt lat="51.09645" lon="0.10763">
        <ele>93.5</ele>
      </trkpt>
      <trkpt lat="51.09579" lon="0.10756">
        <ele>100.2</ele>
      </trkpt>
      <trkpt lat="51.09513" lon="0.10748">
        <ele>104.2</ele>
      </trkpt>
      <trkpt lat="51.09443" lon="0.10751">
        <ele>106.3</ele>
      </trkpt>
      <trkpt lat="51.09422" lon="0.10754">
        <ele>106.8</ele>
      </trkpt>
      <trkpt lat="51.09358" lon="0.10776">
        <ele>103.1</ele>
      </trkpt>
      <trkpt lat="51.09305" lon="0.10803">
        <ele>98.2</ele>
      </trkpt>
      <trkpt lat="51.09251" lon="0.1083">
        <ele>91.2</ele>
      </trkpt>
      <trkpt lat="51.09211" lon="0.10855">
        <ele>83.8</ele>
      </trkpt>
      <trkpt lat="51.09166" lon="0.10874">
        <ele>75.9</ele>
      </trkpt>
      <trkpt lat="51.09118" lon="0.10898">
        <ele>70.1</ele>
      </trkpt>
      <trkpt lat="51.09067" lon="0.10917">
        <ele>64.8</ele>
      </trkpt>
      <trkpt lat="51.09014" lon="0.10922">
        <ele>60.9</ele>
      </trkpt>
      <trkpt lat="51.08955" lon="0.10918">
        <ele>59.4</ele>
      </trkpt>
      <trkpt lat="51.08906" lon="0.1092">
        <ele>59.4</ele>
      </trkpt>
      <trkpt lat="51.08857" lon="0.10923">
        <ele>61.2</ele>
      </trkpt>
      <trkpt lat="51.0879" lon="0.10929">
        <ele>66.4</ele>
      </trkpt>
      <trkpt lat="51.08724" lon="0.10936">
        <ele>72.0</ele>
      </trkpt>
      <trkpt lat="51.08639" lon="0.10943">
        <ele>77.3</ele>
      </trkpt>
      <trkpt lat="51.08607" lon="0.10942">
        <ele>79.2</ele>
      </trkpt>
      <trkpt lat="51.08519" lon="0.10927">
        <ele>84.7</ele>
      </trkpt>
      <trkpt lat="51.0843" lon="0.10913">
        <ele>89.3</ele>
      </trkpt>
      <trkpt lat="51.08397" lon="0.10904">
        <ele>90.8</ele>
      </trkpt>
      <trkpt lat="51.08378" lon="0.10896">
        <ele>91.7</ele>
      </trkpt>
      <trkpt lat="51.08348" lon="0.10873">
        <ele>93.2</ele>
      </trkpt>
      <trkpt lat="51.08307" lon="0.10838">
        <ele>93.6</ele>
      </trkpt>
      <trkpt lat="51.08263" lon="0.10794">
        <ele>93.5</ele>
      </trkpt>
      <trkpt lat="51.08219" lon="0.10749">
        <ele>94.4</ele>
      </trkpt>
      <trkpt lat="51.08178" lon="0.10705">
        <ele>96.3</ele>
      </trkpt>
      <trkpt lat="51.08157" lon="0.10674">
        <ele>97.5</ele>
      </trkpt>
      <trkpt lat="51.08141" lon="0.10648">
        <ele>97.7</ele>
      </trkpt>
      <trkpt lat="51.0811" lon="0.10588">
        <ele>98.9</ele>
      </trkpt>
      <trkpt lat="51.08079" lon="0.10529">
        <ele>100.1</ele>
      </trkpt>
      <trkpt lat="51.08045" lon="0.10475">
        <ele>100.3</ele>
      </trkpt>
      <trkpt lat="51.08012" lon="0.1042">
        <ele>101.9</ele>
      </trkpt>
      <trkpt lat="51.07973" lon="0.10361">
        <ele>104.7</ele>
      </trkpt>
      <trkpt lat="51.07921" lon="0.10277">
        <ele>108.6</ele>
      </trkpt>
      <trkpt lat="51.07868" lon="0.10194">
        <ele>115.2</ele>
      </trkpt>
      <trkpt lat="51.07822" lon="0.10118">
        <ele>119.7</ele>
      </trkpt>
      <trkpt lat="51.07771" lon="0.10038">
        <ele>122.9</ele>
      </trkpt>
      <trkpt lat="51.07719" lon="0.09958">
        <ele>127.0</ele>
      </trkpt>
      <trkpt lat="51.07662" lon="0.09888">
        <ele>132.0</ele>
      </trkpt>
      <trkpt lat="51.07612" lon="0.09852">
        <ele>136.1</ele>
      </trkpt>
      <trkpt lat="51.07566" lon="0.09841">
        <ele>139.6</ele>
      </trkpt>
      <trkpt lat="51.07478" lon="0.09825">
        <ele>147.4</ele>
      </trkpt>
      <trkpt lat="51.07389" lon="0.09809">
        <ele>153.2</ele>
      </trkpt>
      <trkpt lat="51.07324" lon="0.09807">
        <ele>156.9</ele>
      </trkpt>
      <trkpt lat="51.07278" lon="0.09812">
        <ele>161.0</ele>
      </trkpt>
      <trkpt lat="51.07232" lon="0.09817">
        <ele>164.8</ele>
      </trkpt>
      <trkpt lat="51.07159" lon="0.09829">
        <ele>170.9</ele>
      </trkpt>
      <trkpt lat="51.07086" lon="0.0984">
        <ele>179.0</ele>
      </trkpt>
      <trkpt lat="51.07052" lon="0.09837">
        <ele>180.8</ele>
      </trkpt>
      <trkpt lat="51.06988" lon="0.09816">
        <ele>183.7</ele>
      </trkpt>
      <trkpt lat="51.06942" lon="0.09801">
        <ele>185.0</ele>
      </trkpt>
      <trkpt lat="51.06897" lon="0.09785">
        <ele>186.1</ele>
      </trkpt>
      <trkpt lat="51.0687" lon="0.09772">
        <ele>186.7</ele>
      </trkpt>
      <trkpt lat="51.06853" lon="0.09758">
        <ele>187.6</ele>
      </trkpt>
      <trkpt lat="51.06835" lon="0.09738">
        <ele>189.0</ele>
      </trkpt>
      <trkpt lat="51.06799" lon="0.09696">
        <ele>191.0</ele>
      </trkpt>
      <trkpt lat="51.06742" lon="0.09634">
        <ele>192.6</ele>
      </trkpt>
      <trkpt lat="51.06685" lon="0.09572">
        <ele>193.5</ele>
      </trkpt>
      <trkpt lat="51.06638" lon="0.09519">
        <ele>194.3</ele>
      </trkpt>
      <trkpt lat="51.06616" lon="0.09497">
        <ele>194.9</ele>
      </trkpt>
      <trkpt lat="51.0656" lon="0.09447">
        <ele>196.6</ele>
      </trkpt>
      <trkpt lat="51.06505" lon="0.09397">
        <ele>198.1</ele>
      </trkpt>
      <trkpt lat="51.06461" lon="0.09362">
        <ele>198.7</ele>
      </trkpt>
      <trkpt lat="51.06432" lon="0.09344">
        <ele>198.9</ele>
      </trkpt>
      <trkpt lat="51.06385" lon="0.09326">
        <ele>199.8</ele>
      </trkpt>
      <trkpt lat="51.06378" lon="0.09324">
        <ele>200.0</ele>
      </trkpt>
      <trkpt lat="51.06347" lon="0.09322">
        <ele>200.7</ele>
      </trkpt>
      <trkpt lat="51.06323" lon="0.09324">
        <ele>201.6</ele>
      </trkpt>
      <trkpt lat="51.06303" lon="0.09328">
        <ele>202.8</ele>
      </trkpt>
      <trkpt lat="51.06288" lon="0.09334">
        <ele>203.7</ele>
      </trkpt>
      <trkpt lat="51.06205" lon="0.09372">
        <ele>208.1</ele>
      </trkpt>
      <trkpt lat="51.06122" lon="0.0941">
        <ele>211.1</ele>
      </trkpt>
      <trkpt lat="51.06039" lon="0.09447">
        <ele>211.7</ele>
      </trkpt>
      <trkpt lat="51.05999" lon="0.09467">
        <ele>211.8</ele>
      </trkpt>
      <trkpt lat="51.05935" lon="0.09495">
        <ele>211.9</ele>
      </trkpt>
      <trkpt lat="51.05871" lon="0.09522">
        <ele>211.2</ele>
      </trkpt>
      <trkpt lat="51.05807" lon="0.09549">
        <ele>210.6</ele>
      </trkpt>
      <trkpt lat="51.05747" lon="0.09574">
        <ele>210.8</ele>
      </trkpt>
      <trkpt lat="51.05687" lon="0.09599">
        <ele>210.6</ele>
      </trkpt>
      <trkpt lat="51.05627" lon="0.09624">
        <ele>209.5</ele>
      </trkpt>
      <trkpt lat="51.05569" lon="0.0965">
        <ele>208.2</ele>
      </trkpt>
      <trkpt lat="51.05518" lon="0.09672">
        <ele>207.6</ele>
      </trkpt>
      <trkpt lat="51.05489" lon="0.09687">
        <ele>207.3</ele>
      </trkpt>
      <trkpt lat="51.05465" lon="0.09707">
        <ele>207.3</ele>
      </trkpt>
      <trkpt lat="51.05437" lon="0.09735">
        <ele>207.3</ele>
      </trkpt>
      <trkpt lat="51.05371" lon="0.09805">
        <ele>207.8</ele>
      </trkpt>
      <trkpt lat="51.05304" lon="0.09875">
        <ele>208.2</ele>
      </trkpt>
      <trkpt lat="51.05281" lon="0.09902">
        <ele>208.5</ele>
      </trkpt>
      <trkpt lat="51.05231" lon="0.09953">
        <ele>208.8</ele>
      </trkpt>
      <trkpt lat="51.0518" lon="0.10005">
        <ele>207.4</ele>
      </trkpt>
      <trkpt lat="51.05171" lon="0.10012">
        <ele>207.0</ele>
      </trkpt>
      <trkpt lat="51.05159" lon="0.10019">
        <ele>206.7</ele>
      </trkpt>
      <trkpt lat="51.05147" lon="0.10021">
        <ele>206.6</ele>
      </trkpt>
      <trkpt lat="51.05061" lon="0.1003">
        <ele>205.8</ele>
      </trkpt>
      <trkpt lat="51.04975" lon="0.10039">
        <ele>204.0</ele>
      </trkpt>
      <trkpt lat="51.0489" lon="0.10047">
        <ele>202.4</ele>
      </trkpt>
      <trkpt lat="51.04804" lon="0.10056">
        <ele>199.9</ele>
      </trkpt>
      <trkpt lat="51.04742" lon="0.10064">
        <ele>197.7</ele>
      </trkpt>
      <trkpt lat="51.0468" lon="0.10071">
        <ele>195.4</ele>
      </trkpt>
      <trkpt lat="51.04614" lon="0.10077">
        <ele>193.0</ele>
      </trkpt>
      <trkpt lat="51.04548" lon="0.10084">
        <ele>191.2</ele>
      </trkpt>
      <trkpt lat="51.04495" lon="0.10084">
        <ele>190.1</ele>
      </trkpt>
      <trkpt lat="51.04463" lon="0.10081">
        <ele>190.4</ele>
      </trkpt>
      <trkpt lat="51.04431" lon="0.10073">
        <ele>190.6</ele>
      </trkpt>
      <trkpt lat="51.04412" lon="0.10067">
        <ele>190.8</ele>
      </trkpt>
      <trkpt lat="51.0439" lon="0.10055">
        <ele>191.4</ele>
      </trkpt>
      <trkpt lat="51.04339" lon="0.10016">
        <ele>192.9</ele>
      </trkpt>
      <trkpt lat="51.04267" lon="0.09946">
        <ele>190.8</ele>
      </trkpt>
      <trkpt lat="51.0422" lon="0.09896">
        <ele>189.9</ele>
      </trkpt>
      <trkpt lat="51.04173" lon="0.09847">
        <ele>190.7</ele>
      </trkpt>
      <trkpt lat="51.04105" lon="0.09763">
        <ele>191.8</ele>
      </trkpt>
      <trkpt lat="51.04065" lon="0.09707">
        <ele>190.6</ele>
      </trkpt>
      <trkpt lat="51.04026" lon="0.09651">
        <ele>187.3</ele>
      </trkpt>
      <trkpt lat="51.03986" lon="0.09586">
        <ele>186.1</ele>
      </trkpt>
      <trkpt lat="51.03933" lon="0.09521">
        <ele>185.8</ele>
      </trkpt>
      <trkpt lat="51.0388" lon="0.09456">
        <ele>184.1</ele>
      </trkpt>
      <trkpt lat="51.03828" lon="0.09403">
        <ele>181.7</ele>
      </trkpt>
      <trkpt lat="51.03776" lon="0.09349">
        <ele>178.0</ele>
      </trkpt>
      <trkpt lat="51.03724" lon="0.09295">
        <ele>174.3</ele>
      </trkpt>
      <trkpt lat="51.037" lon="0.09273">
        <ele>172.6</ele>
      </trkpt>
      <trkpt lat="51.03656" lon="0.09246">
        <ele>169.4</ele>
      </trkpt>
      <trkpt lat="51.03647" lon="0.09242">
        <ele>169.0</ele>
      </trkpt>
      <trkpt lat="51.0363" lon="0.09243">
        <ele>168.2</ele>
      </trkpt>
      <trkpt lat="51.03601" lon="0.09244">
        <ele>166.8</ele>
      </trkpt>
      <trkpt lat="51.03564" lon="0.09244">
        <ele>164.8</ele>
      </trkpt>
      <trkpt lat="51.03522" lon="0.09248">
        <ele>162.3</ele>
      </trkpt>
      <trkpt lat="51.03488" lon="0.09244">
        <ele>160.4</ele>
      </trkpt>
      <trkpt lat="51.03457" lon="0.09247">
        <ele>159.0</ele>
      </trkpt>
      <trkpt lat="51.03427" lon="0.09242">
        <ele>157.6</ele>
      </trkpt>
      <trkpt lat="51.03403" lon="0.09236">
        <ele>156.3</ele>
      </trkpt>
      <trkpt lat="51.03358" lon="0.09229">
        <ele>153.6</ele>
      </trkpt>
      <trkpt lat="51.03329" lon="0.0922">
        <ele>151.7</ele>
      </trkpt>
      <trkpt lat="51.03305" lon="0.09213">
        <ele>150.1</ele>
      </trkpt>
      <trkpt lat="51.03265" lon="0.092">
        <ele>147.6</ele>
      </trkpt>
      <trkpt lat="51.0324" lon="0.0919">
        <ele>146.3</ele>
      </trkpt>
      <trkpt lat="51.03218" lon="0.0918">
        <ele>145.6</ele>
      </trkpt>
      <trkpt lat="51.03191" lon="0.09159">
        <ele>144.9</ele>
      </trkpt>
      <trkpt lat="51.03127" lon="0.09101">
        <ele>143.6</ele>
      </trkpt>
      <trkpt lat="51.03109" lon="0.09088">
        <ele>143.5</ele>
      </trkpt>
      <trkpt lat="51.0309" lon="0.09078">
        <ele>143.3</ele>
      </trkpt>
      <trkpt lat="51.03066" lon="0.09075">
        <ele>142.7</ele>
      </trkpt>
      <trkpt lat="51.03014" lon="0.09073">
        <ele>140.8</ele>
      </trkpt>
      <trkpt lat="51.02961" lon="0.09072">
        <ele>138.0</ele>
      </trkpt>
      <trkpt lat="51.02946" lon="0.09074">
        <ele>137.1</ele>
      </trkpt>
      <trkpt lat="51.0293" lon="0.09066">
        <ele>136.4</ele>
      </trkpt>
      <trkpt lat="51.02865" lon="0.09042">
        <ele>134.0</ele>
      </trkpt>
      <trkpt lat="51.028" lon="0.09018">
        <ele>131.5</ele>
      </trkpt>
      <trkpt lat="51.0273" lon="0.08994">
        <ele>128.0</ele>
      </trkpt>
      <trkpt lat="51.02659" lon="0.08969">
        <ele>124.4</ele>
      </trkpt>
      <trkpt lat="51.02599" lon="0.08943">
        <ele>121.8</ele>
      </trkpt>
      <trkpt lat="51.0254" lon="0.08917">
        <ele>118.5</ele>
      </trkpt>
      <trkpt lat="51.0248" lon="0.0889">
        <ele>115.7</ele>
      </trkpt>
      <trkpt lat="51.02433" lon="0.08872">
        <ele>113.9</ele>
      </trkpt>
      <trkpt lat="51.02386" lon="0.08853">
        <ele>112.0</ele>
      </trkpt>
      <trkpt lat="51.02361" lon="0.08845">
        <ele>111.0</ele>
      </trkpt>
      <trkpt lat="51.02346" lon="0.08842">
        <ele>110.5</ele>
      </trkpt>
      <trkpt lat="51.02321" lon="0.0884">
        <ele>109.4</ele>
      </trkpt>
      <trkpt lat="51.02245" lon="0.0883">
        <ele>105.7</ele>
      </trkpt>
      <trkpt lat="51.02174" lon="0.0882">
        <ele>102.0</ele>
      </trkpt>
      <trkpt lat="51.02127" lon="0.08814">
        <ele>98.8</ele>
      </trkpt>
      <trkpt lat="51.02079" lon="0.08809">
        <ele>95.4</ele>
      </trkpt>
      <trkpt lat="51.02008" lon="0.08803">
        <ele>91.1</ele>
      </trkpt>
      <trkpt lat="51.01937" lon="0.08796">
        <ele>85.7</ele>
      </trkpt>
      <trkpt lat="51.01899" lon="0.08789">
        <ele>83.4</ele>
      </trkpt>
      <trkpt lat="51.01877" lon="0.08783">
        <ele>82.6</ele>
      </trkpt>
      <trkpt lat="51.01872" lon="0.08758">
        <ele>81.6</ele>
      </trkpt>
      <trkpt lat="51.01866" lon="0.08671">
        <ele>79.1</ele>
      </trkpt>
      <trkpt lat="51.01867" lon="0.08571">
        <ele>78.0</ele>
      </trkpt>
      <trkpt lat="51.01859" lon="0.0854">
        <ele>77.5</ele>
      </trkpt>
      <trkpt lat="51.01851" lon="0.08524">
        <ele>77.1</ele>
      </trkpt>
      <trkpt lat="51.01817" lon="0.08491">
        <ele>75.7</ele>
      </trkpt>
      <trkpt lat="51.01806" lon="0.08424">
        <ele>73.3</ele>
      </trkpt>
      <trkpt lat="51.01812" lon="0.08358">
        <ele>71.3</ele>
      </trkpt>
      <trkpt lat="51.01837" lon="0.08281">
        <ele>72.3</ele>
      </trkpt>
      <trkpt lat="51.01821" lon="0.08184">
        <ele>70.8</ele>
      </trkpt>
      <trkpt lat="51.01806" lon="0.08087">
        <ele>70.0</ele>
      </trkpt>
      <trkpt lat="51.0179" lon="0.07991">
        <ele>68.0</ele>
      </trkpt>
      <trkpt lat="51.01767" lon="0.07866">
        <ele>63.4</ele>
      </trkpt>
      <trkpt lat="51.01775" lon="0.07746">
        <ele>59.2</ele>
      </trkpt>
      <trkpt lat="51.01788" lon="0.07648">
        <ele>55.3</ele>
      </trkpt>
      <trkpt lat="51.01806" lon="0.07604">
        <ele>54.0</ele>
      </trkpt>
      <trkpt lat="51.01827" lon="0.07573">
        <ele>53.0</ele>
      </trkpt>
      <trkpt lat="51.0183" lon="0.07566">
        <ele>52.9</ele>
      </trkpt>
      <trkpt lat="51.01821" lon="0.07491">
        <ele>52.5</ele>
      </trkpt>
      <trkpt lat="51.01812" lon="0.07415">
        <ele>55.3</ele>
      </trkpt>
      <trkpt lat="51.01751" lon="0.07387">
        <ele>57.1</ele>
      </trkpt>
      <trkpt lat="51.0169" lon="0.07358">
        <ele>63.2</ele>
      </trkpt>
      <trkpt lat="51.01629" lon="0.0733">
        <ele>68.0</ele>
      </trkpt>
      <trkpt lat="51.01565" lon="0.07258">
        <ele>70.6</ele>
      </trkpt>
      <trkpt lat="51.01513" lon="0.07198">
        <ele>70.8</ele>
      </trkpt>
      <trkpt lat="51.01475" lon="0.07091">
        <ele>71.4</ele>
      </trkpt>
      <trkpt lat="51.01476" lon="0.07069">
        <ele>71.2</ele>
      </trkpt>
      <trkpt lat="51.01514" lon="0.07026">
        <ele>71.5</ele>
      </trkpt>
      <trkpt lat="51.01478" lon="0.06972">
        <ele>70.4</ele>
      </trkpt>
      <trkpt lat="51.01441" lon="0.06918">
        <ele>69.3</ele>
      </trkpt>
      <trkpt lat="51.01388" lon="0.06847">
        <ele>68.2</ele>
      </trkpt>
      <trkpt lat="51.01336" lon="0.06773">
        <ele>68.1</ele>
      </trkpt>
      <trkpt lat="51.01285" lon="0.067">
        <ele>68.3</ele>
      </trkpt>
      <trkpt lat="51.01255" lon="0.06639">
        <ele>69.6</ele>
      </trkpt>
      <trkpt lat="51.01244" lon="0.06606">
        <ele>70.0</ele>
      </trkpt>
      <trkpt lat="51.01227" lon="0.065199">
        <ele>70.1</ele>
      </trkpt>
      <trkpt lat="51.01212" lon="0.06407">
        <ele>64.2</ele>
      </trkpt>
      <trkpt lat="51.01203" lon="0.06385">
        <ele>62.7</ele>
      </trkpt>
      <trkpt lat="51.0119" lon="0.06368">
        <ele>61.3</ele>
      </trkpt>
      <trkpt lat="51.01115" lon="0.06311">
        <ele>56.9</ele>
      </trkpt>
      <trkpt lat="51.01065" lon="0.062869">
        <ele>55.9</ele>
      </trkpt>
      <trkpt lat="51.01015" lon="0.06263">
        <ele>55.3</ele>
      </trkpt>
      <trkpt lat="51.01004" lon="0.06257">
        <ele>55.1</ele>
      </trkpt>
      <trkpt lat="51.00996" lon="0.06239">
        <ele>55.0</ele>
      </trkpt>
      <trkpt lat="51.00973" lon="0.06167">
        <ele>55.0</ele>
      </trkpt>
      <trkpt lat="51.0095" lon="0.06095">
        <ele>59.0</ele>
      </trkpt>
      <trkpt lat="51.00932" lon="0.06067">
        <ele>60.8</ele>
      </trkpt>
      <trkpt lat="51.00914" lon="0.06059">
        <ele>61.4</ele>
      </trkpt>
      <trkpt lat="51.00878" lon="0.0606">
        <ele>61.1</ele>
      </trkpt>
      <trkpt lat="51.00847" lon="0.06053">
        <ele>61.2</ele>
      </trkpt>
      <trkpt lat="51.00791" lon="0.06031">
        <ele>60.7</ele>
      </trkpt>
      <trkpt lat="51.00747" lon="0.0601">
        <ele>60.5</ele>
      </trkpt>
      <trkpt lat="51.00703" lon="0.0599">
        <ele>60.7</ele>
      </trkpt>
      <trkpt lat="51.00652" lon="0.05977">
        <ele>60.2</ele>
      </trkpt>
      <trkpt lat="51.0058" lon="0.05973">
        <ele>58.6</ele>
      </trkpt>
      <trkpt lat="51.00509" lon="0.0597">
        <ele>58.6</ele>
      </trkpt>
      <trkpt lat="51.00468" lon="0.05954">
        <ele>58.7</ele>
      </trkpt>
      <trkpt lat="51.00445" lon="0.0594">
        <ele>58.8</ele>
      </trkpt>
      <trkpt lat="51.0039" lon="0.05912">
        <ele>58.7</ele>
      </trkpt>
      <trkpt lat="51.00335" lon="0.05883">
        <ele>58.0</ele>
      </trkpt>
      <trkpt lat="51.00285" lon="0.05853">
        <ele>57.9</ele>
      </trkpt>
      <trkpt lat="51.00234" lon="0.05823">
        <ele>57.9</ele>
      </trkpt>
      <trkpt lat="51.00184" lon="0.05803">
        <ele>57.8</ele>
      </trkpt>
      <trkpt lat="51.00136" lon="0.05789">
        <ele>57.0</ele>
      </trkpt>
      <trkpt lat="51.00104" lon="0.0579">
        <ele>56.7</ele>
      </trkpt>
      <trkpt lat="51.00053" lon="0.05804">
        <ele>56.2</ele>
      </trkpt>
      <trkpt lat="50.99997" lon="0.05839">
        <ele>55.9</ele>
      </trkpt>
      <trkpt lat="50.99951" lon="0.05854">
        <ele>53.8</ele>
      </trkpt>
      <trkpt lat="50.99904" lon="0.05869">
        <ele>52.3</ele>
      </trkpt>
      <trkpt lat="50.99857" lon="0.05887">
        <ele>52.4</ele>
      </trkpt>
      <trkpt lat="50.99809" lon="0.05906">
        <ele>53.6</ele>
      </trkpt>
      <trkpt lat="50.99743" lon="0.05941">
        <ele>57.2</ele>
      </trkpt>
      <trkpt lat="50.99677" lon="0.05976">
        <ele>62.6</ele>
      </trkpt>
      <trkpt lat="50.99589" lon="0.05991">
        <ele>62.4</ele>
      </trkpt>
      <trkpt lat="50.99521" lon="0.05992">
        <ele>61.3</ele>
      </trkpt>
      <trkpt lat="50.9945" lon="0.06011">
        <ele>58.5</ele>
      </trkpt>
      <trkpt lat="50.99379" lon="0.0603">
        <ele>56.2</ele>
      </trkpt>
      <trkpt lat="50.99311" lon="0.06056">
        <ele>55.7</ele>
      </trkpt>
      <trkpt lat="50.99243" lon="0.06081">
        <ele>56.3</ele>
      </trkpt>
      <trkpt lat="50.99175" lon="0.06107">
        <ele>58.7</ele>
      </trkpt>
      <trkpt lat="50.99107" lon="0.06136">
        <ele>59.2</ele>
      </trkpt>
      <trkpt lat="50.9904" lon="0.06162">
        <ele>60.4</ele>
      </trkpt>
      <trkpt lat="50.98972" lon="0.06187">
        <ele>59.6</ele>
      </trkpt>
      <trkpt lat="50.98903" lon="0.06219">
        <ele>57.4</ele>
      </trkpt>
      <trkpt lat="50.98834" lon="0.062509">
        <ele>57.0</ele>
      </trkpt>
      <trkpt lat="50.98765" lon="0.06282">
        <ele>54.6</ele>
      </trkpt>
      <trkpt lat="50.98682" lon="0.06325">
        <ele>51.4</ele>
      </trkpt>
      <trkpt lat="50.98598" lon="0.06363">
        <ele>50.9</ele>
      </trkpt>
      <trkpt lat="50.98578" lon="0.06367">
        <ele>50.9</ele>
      </trkpt>
      <trkpt lat="50.98525" lon="0.06372">
        <ele>49.9</ele>
      </trkpt>
      <trkpt lat="50.98482" lon="0.06371">
        <ele>48.9</ele>
      </trkpt>
      <trkpt lat="50.98459" lon="0.063729">
        <ele>48.2</ele>
      </trkpt>
      <trkpt lat="50.9843" lon="0.06383">
        <ele>47.6</ele>
      </trkpt>
      <trkpt lat="50.98387" lon="0.06407">
        <ele>47.5</ele>
      </trkpt>
      <trkpt lat="50.98344" lon="0.06432">
        <ele>47.4</ele>
      </trkpt>
      <trkpt lat="50.98286" lon="0.064479">
        <ele>47.6</ele>
      </trkpt>
      <trkpt lat="50.98227" lon="0.064549">
        <ele>48.2</ele>
      </trkpt>
      <trkpt lat="50.98159" lon="0.064479">
        <ele>48.5</ele>
      </trkpt>
      <trkpt lat="50.98129" lon="0.06447">
        <ele>47.7</ele>
      </trkpt>
      <trkpt lat="50.98081" lon="0.064409">
        <ele>46.3</ele>
      </trkpt>
      <trkpt lat="50.98032" lon="0.064339">
        <ele>46.0</ele>
      </trkpt>
      <trkpt lat="50.97983" lon="0.06429">
        <ele>45.0</ele>
      </trkpt>
      <trkpt lat="50.97935" lon="0.06424">
        <ele>42.7</ele>
      </trkpt>
      <trkpt lat="50.97889" lon="0.06421">
        <ele>41.5</ele>
      </trkpt>
      <trkpt lat="50.97843" lon="0.06419">
        <ele>41.1</ele>
      </trkpt>
      <trkpt lat="50.97793" lon="0.064199">
        <ele>39.5</ele>
      </trkpt>
      <trkpt lat="50.97744" lon="0.06422">
        <ele>37.7</ele>
      </trkpt>
      <trkpt lat="50.97777" lon="0.06383">
        <ele>39.4</ele>
      </trkpt>
      <trkpt lat="50.97802" lon="0.06342">
        <ele>40.8</ele>
      </trkpt>
      <trkpt lat="50.97836" lon="0.06271">
        <ele>42.1</ele>
      </trkpt>
      <trkpt lat="50.9787" lon="0.06199">
        <ele>42.9</ele>
      </trkpt>
      <trkpt lat="50.97882" lon="0.06171">
        <ele>43.2</ele>
      </trkpt>
      <trkpt lat="50.97906" lon="0.06123">
        <ele>42.8</ele>
      </trkpt>
      <trkpt lat="50.97943" lon="0.06045">
        <ele>42.2</ele>
      </trkpt>
      <trkpt lat="50.9798" lon="0.05968">
        <ele>42.4</ele>
      </trkpt>
      <trkpt lat="50.9803" lon="0.05856">
        <ele>42.7</ele>
      </trkpt>
      <trkpt lat="50.98047" lon="0.0581">
        <ele>42.0</ele>
      </trkpt>
      <trkpt lat="50.98056" lon="0.05773">
        <ele>41.4</ele>
      </trkpt>
      <trkpt lat="50.98077" lon="0.05652">
        <ele>39.6</ele>
      </trkpt>
      <trkpt lat="50.98099" lon="0.05532">
        <ele>37.0</ele>
      </trkpt>
      <trkpt lat="50.98071" lon="0.055">
        <ele>37.0</ele>
      </trkpt>
      <trkpt lat="50.97998" lon="0.0551">
        <ele>37.1</ele>
      </trkpt>
      <trkpt lat="50.97926" lon="0.0552">
        <ele>35.5</ele>
      </trkpt>
      <trkpt lat="50.97881" lon="0.05569">
        <ele>35.3</ele>
      </trkpt>
      <trkpt lat="50.97831" lon="0.05563">
        <ele>34.5</ele>
      </trkpt>
      <trkpt lat="50.97791" lon="0.05528">
        <ele>32.7</ele>
      </trkpt>
      <trkpt lat="50.97751" lon="0.05494">
        <ele>31.0</ele>
      </trkpt>
      <trkpt lat="50.97693" lon="0.05419">
        <ele>30.0</ele>
      </trkpt>
      <trkpt lat="50.97636" lon="0.05344">
        <ele>30.0</ele>
      </trkpt>
      <trkpt lat="50.9759" lon="0.05296">
        <ele>29.6</ele>
      </trkpt>
      <trkpt lat="50.97544" lon="0.05248">
        <ele>29.0</ele>
      </trkpt>
      <trkpt lat="50.97511" lon="0.05197">
        <ele>29.5</ele>
      </trkpt>
      <trkpt lat="50.97478" lon="0.05146">
        <ele>29.1</ele>
      </trkpt>
      <trkpt lat="50.97443" lon="0.05149">
        <ele>29.0</ele>
      </trkpt>
      <trkpt lat="50.97414" lon="0.05231">
        <ele>28.1</ele>
      </trkpt>
      <trkpt lat="50.97402" lon="0.05236">
        <ele>27.5</ele>
      </trkpt>
      <trkpt lat="50.97367" lon="0.05191">
        <ele>26.3</ele>
      </trkpt>
      <trkpt lat="50.97316" lon="0.05174">
        <ele>24.1</ele>
      </trkpt>
      <trkpt lat="50.97245" lon="0.05107">
        <ele>21.4</ele>
      </trkpt>
      <trkpt lat="50.97173" lon="0.05039">
        <ele>17.9</ele>
      </trkpt>
      <trkpt lat="50.97101" lon="0.04972">
        <ele>17.0</ele>
      </trkpt>
      <trkpt lat="50.9703" lon="0.04904">
        <ele>14.7</ele>
      </trkpt>
      <trkpt lat="50.9699" lon="0.04877">
        <ele>13.8</ele>
      </trkpt>
      <trkpt lat="50.96958" lon="0.04861">
        <ele>13.0</ele>
      </trkpt>
      <trkpt lat="50.9691" lon="0.04855">
        <ele>12.0</ele>
      </trkpt>
      <trkpt lat="50.96871" lon="0.04865">
        <ele>12.2</ele>
      </trkpt>
      <trkpt lat="50.96823" lon="0.04895">
        <ele>15.3</ele>
      </trkpt>
      <trkpt lat="50.96812" lon="0.04901">
        <ele>16.0</ele>
      </trkpt>
      <trkpt lat="50.96758" lon="0.04913">
        <ele>19.3</ele>
      </trkpt>
      <trkpt lat="50.96739" lon="0.04935">
        <ele>19.9</ele>
      </trkpt>
      <trkpt lat="50.96713" lon="0.04944">
        <ele>19.8</ele>
      </trkpt>
      <trkpt lat="50.96685" lon="0.04929">
        <ele>20.4</ele>
      </trkpt>
      <trkpt lat="50.9667" lon="0.04916">
        <ele>21.0</ele>
      </trkpt>
      <trkpt lat="50.96608" lon="0.04848">
        <ele>19.8</ele>
      </trkpt>
      <trkpt lat="50.96545" lon="0.0478">
        <ele>19.1</ele>
      </trkpt>
      <trkpt lat="50.96485" lon="0.04725">
        <ele>18.5</ele>
      </trkpt>
      <trkpt lat="50.96425" lon="0.04671">
        <ele>18.2</ele>
      </trkpt>
      <trkpt lat="50.96361" lon="0.04614">
        <ele>19.2</ele>
      </trkpt>
      <trkpt lat="50.96306" lon="0.04582">
        <ele>20.0</ele>
      </trkpt>
      <trkpt lat="50.96261" lon="0.0451">
        <ele>21.8</ele>
      </trkpt>
      <trkpt lat="50.96234" lon="0.04399">
        <ele>24.8</ele>
      </trkpt>
      <trkpt lat="50.96207" lon="0.04288">
        <ele>26.0</ele>
      </trkpt>
      <trkpt lat="50.96202" lon="0.04269">
        <ele>26.0</ele>
      </trkpt>
      <trkpt lat="50.96189" lon="0.04235">
        <ele>25.9</ele>
      </trkpt>
      <trkpt lat="50.96174" lon="0.04211">
        <ele>25.7</ele>
      </trkpt>
      <trkpt lat="50.96138" lon="0.04175">
        <ele>24.5</ele>
      </trkpt>
      <trkpt lat="50.96118" lon="0.0415">
        <ele>23.8</ele>
      </trkpt>
      <trkpt lat="50.96099" lon="0.04117">
        <ele>23.2</ele>
      </trkpt>
      <trkpt lat="50.96087" lon="0.04089">
        <ele>23.1</ele>
      </trkpt>
      <trkpt lat="50.96062" lon="0.0401">
        <ele>25.2</ele>
      </trkpt>
      <trkpt lat="50.96032" lon="0.03952">
        <ele>28.1</ele>
      </trkpt>
      <trkpt lat="50.96025" lon="0.03927">
        <ele>28.9</ele>
      </trkpt>
      <trkpt lat="50.96007" lon="0.03831">
        <ele>30.9</ele>
      </trkpt>
      <trkpt lat="50.95994" lon="0.03784">
        <ele>32.4</ele>
      </trkpt>
      <trkpt lat="50.95974" lon="0.03741">
        <ele>34.1</ele>
      </trkpt>
      <trkpt lat="50.95905" lon="0.03656">
        <ele>37.3</ele>
      </trkpt>
      <trkpt lat="50.95856" lon="0.03626">
        <ele>38.2</ele>
      </trkpt>
      <trkpt lat="50.95821" lon="0.03606">
        <ele>38.2</ele>
      </trkpt>
      <trkpt lat="50.95759" lon="0.03618">
        <ele>35.2</ele>
      </trkpt>
      <trkpt lat="50.95697" lon="0.03631">
        <ele>32.0</ele>
      </trkpt>
      <trkpt lat="50.95629" lon="0.03639">
        <ele>29.1</ele>
      </trkpt>
      <trkpt lat="50.95562" lon="0.03646">
        <ele>27.2</ele>
      </trkpt>
      <trkpt lat="50.95542" lon="0.03649">
        <ele>26.8</ele>
      </trkpt>
      <trkpt lat="50.95537" lon="0.03651">
        <ele>26.7</ele>
      </trkpt>
      <trkpt lat="50.95485" lon="0.03666">
        <ele>25.8</ele>
      </trkpt>
      <trkpt lat="50.95445" lon="0.03682">
        <ele>25.3</ele>
      </trkpt>
      <trkpt lat="50.95395" lon="0.03716">
        <ele>26.5</ele>
      </trkpt>
      <trkpt lat="50.95336" lon="0.03773">
        <ele>31.3</ele>
      </trkpt>
      <trkpt lat="50.95278" lon="0.03829">
        <ele>38.9</ele>
      </trkpt>
      <trkpt lat="50.95226" lon="0.03828">
        <ele>43.9</ele>
      </trkpt>
      <trkpt lat="50.95177" lon="0.03821">
        <ele>48.1</ele>
      </trkpt>
      <trkpt lat="50.95139" lon="0.03834">
        <ele>49.3</ele>
      </trkpt>
      <trkpt lat="50.9511" lon="0.03861">
        <ele>48.7</ele>
      </trkpt>
      <trkpt lat="50.95067" lon="0.03878">
        <ele>47.7</ele>
      </trkpt>
      <trkpt lat="50.95026" lon="0.03881">
        <ele>45.9</ele>
      </trkpt>
      <trkpt lat="50.94965" lon="0.03909">
        <ele>42.4</ele>
      </trkpt>
      <trkpt lat="50.94926" lon="0.03917">
        <ele>40.5</ele>
      </trkpt>
      <trkpt lat="50.94882" lon="0.03905">
        <ele>38.1</ele>
      </trkpt>
      <trkpt lat="50.94829" lon="0.03867">
        <ele>34.0</ele>
      </trkpt>
      <trkpt lat="50.94777" lon="0.0388">
        <ele>31.6</ele>
      </trkpt>
      <trkpt lat="50.94726" lon="0.03865">
        <ele>29.0</ele>
      </trkpt>
      <trkpt lat="50.94675" lon="0.0385">
        <ele>27.2</ele>
      </trkpt>
      <trkpt lat="50.94627" lon="0.03809">
        <ele>23.4</ele>
      </trkpt>
      <trkpt lat="50.94597" lon="0.03767">
        <ele>20.3</ele>
      </trkpt>
      <trkpt lat="50.94577" lon="0.03723">
        <ele>17.9</ele>
      </trkpt>
      <trkpt lat="50.94557" lon="0.03685">
        <ele>16.0</ele>
      </trkpt>
      <trkpt lat="50.94521" lon="0.0365">
        <ele>14.1</ele>
      </trkpt>
      <trkpt lat="50.94481" lon="0.03639">
        <ele>13.2</ele>
      </trkpt>
      <trkpt lat="50.94472" lon="0.03639">
        <ele>13.0</ele>
      </trkpt>
      <trkpt lat="50.94405" lon="0.03642">
        <ele>11.7</ele>
      </trkpt>
      <trkpt lat="50.94376" lon="0.03633">
        <ele>12.3</ele>
      </trkpt>
      <trkpt lat="50.9435" lon="0.03612">
        <ele>13.1</ele>
      </trkpt>
      <trkpt lat="50.94317" lon="0.03551">
        <ele>15.1</ele>
      </trkpt>
      <trkpt lat="50.94284" lon="0.0349">
        <ele>17.7</ele>
      </trkpt>
      <trkpt lat="50.94245" lon="0.03385">
        <ele>23.3</ele>
      </trkpt>
      <trkpt lat="50.94197" lon="0.03312">
        <ele>27.7</ele>
      </trkpt>
      <trkpt lat="50.94149" lon="0.03239">
        <ele>30.4</ele>
      </trkpt>
      <trkpt lat="50.941" lon="0.03166">
        <ele>33.4</ele>
      </trkpt>
      <trkpt lat="50.9408" lon="0.03117">
        <ele>34.5</ele>
      </trkpt>
      <trkpt lat="50.9405" lon="0.03063">
        <ele>34.3</ele>
      </trkpt>
      <trkpt lat="50.9402" lon="0.03009">
        <ele>34.2</ele>
      </trkpt>
      <trkpt lat="50.94001" lon="0.02971">
        <ele>35.7</ele>
      </trkpt>
      <trkpt lat="50.93984" lon="0.02942">
        <ele>36.7</ele>
      </trkpt>
      <trkpt lat="50.93967" lon="0.02921">
        <ele>36.8</ele>
      </trkpt>
      <trkpt lat="50.9395" lon="0.02905">
        <ele>36.4</ele>
      </trkpt>
      <trkpt lat="50.93929" lon="0.0289">
        <ele>35.5</ele>
      </trkpt>
      <trkpt lat="50.93903" lon="0.02876">
        <ele>34.5</ele>
      </trkpt>
      <trkpt lat="50.93863" lon="0.0286">
        <ele>33.2</ele>
      </trkpt>
      <trkpt lat="50.93791" lon="0.02814">
        <ele>30.6</ele>
      </trkpt>
      <trkpt lat="50.93774" lon="0.02805">
        <ele>30.1</ele>
      </trkpt>
      <trkpt lat="50.93717" lon="0.02783">
        <ele>28.6</ele>
      </trkpt>
      <trkpt lat="50.9366" lon="0.02761">
        <ele>27.3</ele>
      </trkpt>
      <trkpt lat="50.93621" lon="0.02717">
        <ele>28.2</ele>
      </trkpt>
      <trkpt lat="50.93582" lon="0.02672">
        <ele>28.2</ele>
      </trkpt>
      <trkpt lat="50.93565" lon="0.02658">
        <ele>28.3</ele>
      </trkpt>
      <trkpt lat="50.93551" lon="0.02652">
        <ele>28.6</ele>
      </trkpt>
      <trkpt lat="50.93503" lon="0.02637">
        <ele>29.8</ele>
      </trkpt>
      <trkpt lat="50.93447" lon="0.02624">
        <ele>29.2</ele>
      </trkpt>
      <trkpt lat="50.93391" lon="0.02611">
        <ele>29.3</ele>
      </trkpt>
      <trkpt lat="50.93377" lon="0.02605">
        <ele>29.6</ele>
      </trkpt>
      <trkpt lat="50.93355" lon="0.02591">
        <ele>30.2</ele>
      </trkpt>
      <trkpt lat="50.93314" lon="0.02561">
        <ele>31.1</ele>
      </trkpt>
      <trkpt lat="50.93284" lon="0.02545">
        <ele>31.5</ele>
      </trkpt>
      <trkpt lat="50.93234" lon="0.02512">
        <ele>31.8</ele>
      </trkpt>
      <trkpt lat="50.93206" lon="0.025">
        <ele>30.4</ele>
      </trkpt>
      <trkpt lat="50.93175" lon="0.02489">
        <ele>28.1</ele>
      </trkpt>
      <trkpt lat="50.93158" lon="0.02488">
        <ele>27.2</ele>
      </trkpt>
      <trkpt lat="50.93112" lon="0.02493">
        <ele>25.1</ele>
      </trkpt>
      <trkpt lat="50.93085" lon="0.02486">
        <ele>23.6</ele>
      </trkpt>
      <trkpt lat="50.93057" lon="0.02475">
        <ele>21.3</ele>
      </trkpt>
      <trkpt lat="50.92978" lon="0.0243">
        <ele>15.5</ele>
      </trkpt>
      <trkpt lat="50.9293" lon="0.02411">
        <ele>13.5</ele>
      </trkpt>
      <trkpt lat="50.92872" lon="0.02377">
        <ele>12.7</ele>
      </trkpt>
      <trkpt lat="50.92814" lon="0.02344">
        <ele>12.6</ele>
      </trkpt>
      <trkpt lat="50.92736" lon="0.02314">
        <ele>11.7</ele>
      </trkpt>
      <trkpt lat="50.92699" lon="0.02286">
        <ele>11.8</ele>
      </trkpt>
      <trkpt lat="50.92691" lon="0.02279">
        <ele>11.8</ele>
      </trkpt>
      <trkpt lat="50.92685" lon="0.0227">
        <ele>11.8</ele>
      </trkpt>
      <trkpt lat="50.92677" lon="0.02253">
        <ele>11.9</ele>
      </trkpt>
      <trkpt lat="50.92655" lon="0.02171">
        <ele>13.8</ele>
      </trkpt>
      <trkpt lat="50.92647" lon="0.02145">
        <ele>15.1</ele>
      </trkpt>
      <trkpt lat="50.92635" lon="0.02116">
        <ele>16.9</ele>
      </trkpt>
      <trkpt lat="50.92603" lon="0.02073">
        <ele>20.1</ele>
      </trkpt>
      <trkpt lat="50.92532" lon="0.02015">
        <ele>25.9</ele>
      </trkpt>
      <trkpt lat="50.92515" lon="0.02006">
        <ele>27.1</ele>
      </trkpt>
      <trkpt lat="50.92498" lon="0.02005">
        <ele>28.1</ele>
      </trkpt>
      <trkpt lat="50.92479" lon="0.02018">
        <ele>28.7</ele>
      </trkpt>
      <trkpt lat="50.92471" lon="0.02018">
        <ele>29.0</ele>
      </trkpt>
      <trkpt lat="50.92457" lon="0.02009">
        <ele>29.5</ele>
      </trkpt>
      <trkpt lat="50.92412" lon="0.01967">
        <ele>30.6</ele>
      </trkpt>
      <trkpt lat="50.92393" lon="0.01947">
        <ele>30.7</ele>
      </trkpt>
      <trkpt lat="50.92367" lon="0.01888">
        <ele>31.2</ele>
      </trkpt>
      <trkpt lat="50.92341" lon="0.01826">
        <ele>31.6</ele>
      </trkpt>
      <trkpt lat="50.92315" lon="0.01765">
        <ele>30.1</ele>
      </trkpt>
      <trkpt lat="50.92294" lon="0.0169">
        <ele>28.1</ele>
      </trkpt>
      <trkpt lat="50.92272" lon="0.01615">
        <ele>27.7</ele>
      </trkpt>
      <trkpt lat="50.92266" lon="0.01597">
        <ele>27.6</ele>
      </trkpt>
      <trkpt lat="50.92255" lon="0.01572">
        <ele>27.5</ele>
      </trkpt>
      <trkpt lat="50.92216" lon="0.0147">
        <ele>27.0</ele>
      </trkpt>
      <trkpt lat="50.92207" lon="0.01418">
        <ele>27.5</ele>
      </trkpt>
      <trkpt lat="50.92159" lon="0.01317">
        <ele>27.7</ele>
      </trkpt>
      <trkpt lat="50.92105" lon="0.01246">
        <ele>27.0</ele>
      </trkpt>
      <trkpt lat="50.92056" lon="0.01205">
        <ele>27.0</ele>
      </trkpt>
      <trkpt lat="50.91994" lon="0.01189">
        <ele>27.2</ele>
      </trkpt>
      <trkpt lat="50.91936" lon="0.01159">
        <ele>29.2</ele>
      </trkpt>
      <trkpt lat="50.91878" lon="0.01129">
        <ele>31.9</ele>
      </trkpt>
      <trkpt lat="50.91808" lon="0.01126">
        <ele>35.7</ele>
      </trkpt>
      <trkpt lat="50.91762" lon="0.01145">
        <ele>37.8</ele>
      </trkpt>
      <trkpt lat="50.91725" lon="0.01178">
        <ele>38.2</ele>
      </trkpt>
      <trkpt lat="50.91666" lon="0.01209">
        <ele>38.5</ele>
      </trkpt>
      <trkpt lat="50.91649" lon="0.01231">
        <ele>38.4</ele>
      </trkpt>
      <trkpt lat="50.91605" lon="0.01322">
        <ele>37.0</ele>
      </trkpt>
      <trkpt lat="50.91581" lon="0.01323">
        <ele>37.2</ele>
      </trkpt>
      <trkpt lat="50.91546" lon="0.01302">
        <ele>36.4</ele>
      </trkpt>
      <trkpt lat="50.91513" lon="0.01297">
        <ele>35.3</ele>
      </trkpt>
      <trkpt lat="50.91468" lon="0.01302">
        <ele>33.1</ele>
      </trkpt>
      <trkpt lat="50.91434" lon="0.01294">
        <ele>31.4</ele>
      </trkpt>
      <trkpt lat="50.91371" lon="0.01284">
        <ele>28.4</ele>
      </trkpt>
      <trkpt lat="50.91309" lon="0.01274">
        <ele>25.6</ele>
      </trkpt>
      <trkpt lat="50.91272" lon="0.01271">
        <ele>24.0</ele>
      </trkpt>
      <trkpt lat="50.91203" lon="0.0124">
        <ele>21.9</ele>
      </trkpt>
      <trkpt lat="50.91164" lon="0.01193">
        <ele>21.0</ele>
      </trkpt>
      <trkpt lat="50.9116" lon="0.01192">
        <ele>20.9</ele>
      </trkpt>
      <trkpt lat="50.91159" lon="0.01179">
        <ele>20.9</ele>
      </trkpt>
      <trkpt lat="50.91156" lon="0.01171">
        <ele>20.9</ele>
      </trkpt>
      <trkpt lat="50.91152" lon="0.01164">
        <ele>20.8</ele>
      </trkpt>
      <trkpt lat="50.9113" lon="0.01141">
        <ele>20.4</ele>
      </trkpt>
      <trkpt lat="50.91077" lon="0.01092">
        <ele>19.1</ele>
      </trkpt>
      <trkpt lat="50.91012" lon="0.01049">
        <ele>18.3</ele>
      </trkpt>
      <trkpt lat="50.9094" lon="0.01029">
        <ele>19.1</ele>
      </trkpt>
      <trkpt lat="50.90902" lon="0.01013">
        <ele>19.1</ele>
      </trkpt>
      <trkpt lat="50.90831" lon="0.00988">
        <ele>17.9</ele>
      </trkpt>
      <trkpt lat="50.9076" lon="0.00963">
        <ele>14.1</ele>
      </trkpt>
      <trkpt lat="50.90704" lon="0.00954">
        <ele>11.8</ele>
      </trkpt>
      <trkpt lat="50.90673" lon="0.00938">
        <ele>11.3</ele>
      </trkpt>
      <trkpt lat="50.90646" lon="0.00925">
        <ele>10.9</ele>
      </trkpt>
      <trkpt lat="50.90612" lon="0.00911">
        <ele>10.4</ele>
      </trkpt>
      <trkpt lat="50.90577" lon="0.00894">
        <ele>10.1</ele>
      </trkpt>
      <trkpt lat="50.90513" lon="0.00863">
        <ele>10.8</ele>
      </trkpt>
      <trkpt lat="50.90448" lon="0.00831">
        <ele>12.9</ele>
      </trkpt>
      <trkpt lat="50.90388" lon="0.007889">
        <ele>15.4</ele>
      </trkpt>
      <trkpt lat="50.90327" lon="0.00746">
        <ele>16.9</ele>
      </trkpt>
      <trkpt lat="50.90285" lon="0.007">
        <ele>16.4</ele>
      </trkpt>
      <trkpt lat="50.90242" lon="0.00646">
        <ele>16.2</ele>
      </trkpt>
      <trkpt lat="50.90188" lon="0.00571">
        <ele>16.4</ele>
      </trkpt>
      <trkpt lat="50.90179" lon="0.00552">
        <ele>16.5</ele>
      </trkpt>
      <trkpt lat="50.90155" lon="0.00494">
        <ele>17.1</ele>
      </trkpt>
      <trkpt lat="50.9014" lon="0.0047">
        <ele>17.5</ele>
      </trkpt>
      <trkpt lat="50.9011" lon="0.00406">
        <ele>18.8</ele>
      </trkpt>
      <trkpt lat="50.90081" lon="0.00341">
        <ele>19.9</ele>
      </trkpt>
      <trkpt lat="50.90049" lon="0.00281">
        <ele>21.3</ele>
      </trkpt>
      <trkpt lat="50.90016" lon="0.00222">
        <ele>22.6</ele>
      </trkpt>
      <trkpt lat="50.90001" lon="0.00211">
        <ele>22.9</ele>
      </trkpt>
      <trkpt lat="50.89992" lon="0.00215">
        <ele>22.7</ele>
      </trkpt>
      <trkpt lat="50.89973" lon="0.00241">
        <ele>21.9</ele>
      </trkpt>
      <trkpt lat="50.89927" lon="0.00328">
        <ele>19.3</ele>
      </trkpt>
      <trkpt lat="50.89918" lon="0.00335">
        <ele>19.0</ele>
      </trkpt>
      <trkpt lat="50.89909" lon="0.0034">
        <ele>19.1</ele>
      </trkpt>
      <trkpt lat="50.89899" lon="0.00338">
        <ele>19.4</ele>
      </trkpt>
      <trkpt lat="50.89889" lon="0.00331">
        <ele>19.7</ele>
      </trkpt>
      <trkpt lat="50.89867" lon="0.00305">
        <ele>20.7</ele>
      </trkpt>
      <trkpt lat="50.89848" lon="0.00286">
        <ele>21.3</ele>
      </trkpt>
      <trkpt lat="50.89841" lon="0.00281">
        <ele>21.5</ele>
      </trkpt>
      <trkpt lat="50.89826" lon="0.00274">
        <ele>21.3</ele>
      </trkpt>
      <trkpt lat="50.89798" lon="0.00245">
        <ele>19.9</ele>
      </trkpt>
      <trkpt lat="50.89735" lon="0.00172">
        <ele>16.3</ele>
      </trkpt>
      <trkpt lat="50.89718" lon="0.00143">
        <ele>15.7</ele>
      </trkpt>
      <trkpt lat="50.89697" lon="0.00104">
        <ele>15.2</ele>
      </trkpt>
      <trkpt lat="50.89692" lon="0.00096">
        <ele>15.1</ele>
      </trkpt>
      <trkpt lat="50.89672" lon="0.00072">
        <ele>14.3</ele>
      </trkpt>
      <trkpt lat="50.89601" lon="0.00005">
        <ele>10.8</ele>
      </trkpt>
      <trkpt lat="50.89582" lon="-0.00015">
        <ele>10.0</ele>
      </trkpt>
      <trkpt lat="50.89567" lon="-0.00034">
        <ele>10.0</ele>
      </trkpt>
      <trkpt lat="50.89544" lon="-0.00069">
        <ele>11.0</ele>
      </trkpt>
      <trkpt lat="50.89508" lon="-0.00126">
        <ele>11.0</ele>
      </trkpt>
      <trkpt lat="50.89505" lon="-0.00134">
        <ele>11.2</ele>
      </trkpt>
      <trkpt lat="50.89475" lon="-0.00189">
        <ele>12.2</ele>
      </trkpt>
      <trkpt lat="50.89461" lon="-0.00211">
        <ele>12.7</ele>
      </trkpt>
      <trkpt lat="50.8945" lon="-0.00226">
        <ele>12.9</ele>
      </trkpt>
      <trkpt lat="50.89439" lon="-0.00243">
        <ele>13.3</ele>
      </trkpt>
      <trkpt lat="50.89406" lon="-0.00296">
        <ele>14.4</ele>
      </trkpt>
      <trkpt lat="50.89372" lon="-0.00349">
        <ele>16.0</ele>
      </trkpt>
      <trkpt lat="50.89326" lon="-0.00446">
        <ele>20.0</ele>
      </trkpt>
      <trkpt lat="50.89304" lon="-0.005">
        <ele>20.1</ele>
      </trkpt>
      <trkpt lat="50.89293" lon="-0.00532">
        <ele>20.4</ele>
      </trkpt>
      <trkpt lat="50.89285" lon="-0.00565">
        <ele>21.2</ele>
      </trkpt>
      <trkpt lat="50.89262" lon="-0.00664">
        <ele>23.3</ele>
      </trkpt>
      <trkpt lat="50.8925" lon="-0.00734">
        <ele>25.2</ele>
      </trkpt>
      <trkpt lat="50.89237" lon="-0.00805">
        <ele>26.7</ele>
      </trkpt>
      <trkpt lat="50.89227" lon="-0.00846">
        <ele>27.8</ele>
      </trkpt>
      <trkpt lat="50.89215" lon="-0.00882">
        <ele>29.4</ele>
      </trkpt>
      <trkpt lat="50.8921" lon="-0.00895">
        <ele>30.0</ele>
      </trkpt>
      <trkpt lat="50.89187" lon="-0.00937">
        <ele>32.4</ele>
      </trkpt>
      <trkpt lat="50.89176" lon="-0.00961">
        <ele>34.4</ele>
      </trkpt>
      <trkpt lat="50.89173" lon="-0.00974">
        <ele>35.5</ele>
      </trkpt>
      <trkpt lat="50.89171" lon="-0.00984">
        <ele>36.5</ele>
      </trkpt>
      <trkpt lat="50.8917" lon="-0.0099">
        <ele>37.0</ele>
      </trkpt>
      <trkpt lat="50.89171" lon="-0.00998">
        <ele>37.8</ele>
      </trkpt>
      <trkpt lat="50.89175" lon="-0.01012">
        <ele>38.2</ele>
      </trkpt>
      <trkpt lat="50.89177" lon="-0.01016">
        <ele>38.3</ele>
      </trkpt>
      <trkpt lat="50.892" lon="-0.01034">
        <ele>38.7</ele>
      </trkpt>
      <trkpt lat="50.89203" lon="-0.01043">
        <ele>39.0</ele>
      </trkpt>
      <trkpt lat="50.89204" lon="-0.01047">
        <ele>39.2</ele>
      </trkpt>
      <trkpt lat="50.89205" lon="-0.01051">
        <ele>39.3</ele>
      </trkpt>
      <trkpt lat="50.89203" lon="-0.01072">
        <ele>40.0</ele>
      </trkpt>
      <trkpt lat="50.89174" lon="-0.01072">
        <ele>39.8</ele>
      </trkpt>
      <trkpt lat="50.8916" lon="-0.0107">
        <ele>40.5</ele>
      </trkpt>
      <trkpt lat="50.89149" lon="-0.01064">
        <ele>41.6</ele>
      </trkpt>
      <trkpt lat="50.8913" lon="-0.01044">
        <ele>43.2</ele>
      </trkpt>
      <trkpt lat="50.89109" lon="-0.01019">
        <ele>44.8</ele>
      </trkpt>
      <trkpt lat="50.89094" lon="-0.00998">
        <ele>45.6</ele>
      </trkpt>
      <trkpt lat="50.89081" lon="-0.00983">
        <ele>45.4</ele>
      </trkpt>
      <trkpt lat="50.8907" lon="-0.00974">
        <ele>45.1</ele>
      </trkpt>
      <trkpt lat="50.89055" lon="-0.00967">
        <ele>45.1</ele>
      </trkpt>
      <trkpt lat="50.89044" lon="-0.00964">
        <ele>45.3</ele>
      </trkpt>
      <trkpt lat="50.89024" lon="-0.00962">
        <ele>46.1</ele>
      </trkpt>
      <trkpt lat="50.88961" lon="-0.00964">
        <ele>49.1</ele>
      </trkpt>
      <trkpt lat="50.8888" lon="-0.00976">
        <ele>55.0</ele>
      </trkpt>
      <trkpt lat="50.88869" lon="-0.00976">
        <ele>55.2</ele>
      </trkpt>
      <trkpt lat="50.88853" lon="-0.00974">
        <ele>55.0</ele>
      </trkpt>
      <trkpt lat="50.88789" lon="-0.0095">
        <ele>52.7</ele>
      </trkpt>
      <trkpt lat="50.88768" lon="-0.00944">
        <ele>52.9</ele>
      </trkpt>
      <trkpt lat="50.8873" lon="-0.00936">
        <ele>51.4</ele>
      </trkpt>
      <trkpt lat="50.88683" lon="-0.00931">
        <ele>48.9</ele>
      </trkpt>
      <trkpt lat="50.8864" lon="-0.00931">
        <ele>52.2</ele>
      </trkpt>
      <trkpt lat="50.88621" lon="-0.0093">
        <ele>54.5</ele>
      </trkpt>
      <trkpt lat="50.88608" lon="-0.00925">
        <ele>55.3</ele>
      </trkpt>
      <trkpt lat="50.88595" lon="-0.00918">
        <ele>55.7</ele>
      </trkpt>
      <trkpt lat="50.88569" lon="-0.009">
        <ele>55.6</ele>
      </trkpt>
      <trkpt lat="50.88552" lon="-0.00892">
        <ele>56.2</ele>
      </trkpt>
      <trkpt lat="50.88506" lon="-0.00878">
        <ele>58.9</ele>
      </trkpt>
      <trkpt lat="50.88429" lon="-0.00839">
        <ele>59.5</ele>
      </trkpt>
      <trkpt lat="50.88382" lon="-0.00814">
        <ele>59.4</ele>
      </trkpt>
      <trkpt lat="50.88347" lon="-0.007979">
        <ele>59.5</ele>
      </trkpt>
      <trkpt lat="50.88316" lon="-0.007849">
        <ele>59.5</ele>
      </trkpt>
      <trkpt lat="50.8823" lon="-0.00756">
        <ele>60.5</ele>
      </trkpt>
      <trkpt lat="50.88145" lon="-0.00727">
        <ele>63.3</ele>
      </trkpt>
      <trkpt lat="50.88116" lon="-0.00721">
        <ele>64.9</ele>
      </trkpt>
      <trkpt lat="50.88059" lon="-0.00713">
        <ele>66.9</ele>
      </trkpt>
      <trkpt lat="50.88046" lon="-0.00714">
        <ele>66.8</ele>
      </trkpt>
      <trkpt lat="50.87996" lon="-0.00722">
        <ele>66.2</ele>
      </trkpt>
      <trkpt lat="50.87955" lon="-0.00725">
        <ele>65.0</ele>
      </trkpt>
      <trkpt lat="50.87932" lon="-0.00724">
        <ele>64.4</ele>
      </trkpt>
      <trkpt lat="50.8787" lon="-0.00707">
        <ele>62.6</ele>
      </trkpt>
      <trkpt lat="50.87808" lon="-0.0069">
        <ele>60.0</ele>
      </trkpt>
      <trkpt lat="50.87779" lon="-0.00678">
        <ele>58.2</ele>
      </trkpt>
      <trkpt lat="50.87743" lon="-0.00657">
        <ele>55.7</ele>
      </trkpt>
      <trkpt lat="50.87697" lon="-0.00617">
        <ele>52.3</ele>
      </trkpt>
      <trkpt lat="50.87652" lon="-0.00577">
        <ele>49.5</ele>
      </trkpt>
      <trkpt lat="50.87603" lon="-0.00531">
        <ele>48.9</ele>
      </trkpt>
      <trkpt lat="50.87563" lon="-0.00508">
        <ele>49.3</ele>
      </trkpt>
      <trkpt lat="50.87521" lon="-0.00478">
        <ele>50.7</ele>
      </trkpt>
      <trkpt lat="50.87467" lon="-0.00434">
        <ele>50.3</ele>
      </trkpt>
      <trkpt lat="50.87446" lon="-0.0042">
        <ele>50.5</ele>
      </trkpt>
      <trkpt lat="50.87401" lon="-0.00392">
        <ele>50.4</ele>
      </trkpt>
      <trkpt lat="50.87378" lon="-0.00383">
        <ele>50.1</ele>
      </trkpt>
      <trkpt lat="50.87355" lon="-0.00381">
        <ele>50.4</ele>
      </trkpt>
      <trkpt lat="50.87342" lon="-0.00382">
        <ele>50.6</ele>
      </trkpt>
      <trkpt lat="50.87314" lon="-0.0038">
        <ele>50.1</ele>
      </trkpt>
      <trkpt lat="50.87287" lon="-0.00373">
        <ele>49.1</ele>
      </trkpt>
      <trkpt lat="50.87262" lon="-0.00365">
        <ele>48.1</ele>
      </trkpt>
      <trkpt lat="50.87226" lon="-0.00352">
        <ele>45.4</ele>
      </trkpt>
      <trkpt lat="50.87199" lon="-0.00351">
        <ele>43.0</ele>
      </trkpt>
      <trkpt lat="50.87176" lon="-0.00345">
        <ele>40.9</ele>
      </trkpt>
      <trkpt lat="50.87147" lon="-0.00342">
        <ele>37.3</ele>
      </trkpt>
      <trkpt lat="50.87116" lon="-0.00347">
        <ele>33.0</ele>
      </trkpt>
      <trkpt lat="50.87065" lon="-0.00363">
        <ele>26.1</ele>
      </trkpt>
      <trkpt lat="50.87036" lon="-0.00359">
        <ele>21.8</ele>
      </trkpt>
      <trkpt lat="50.87003" lon="-0.00359">
        <ele>17.0</ele>
      </trkpt>
      <trkpt lat="50.86963" lon="-0.00358">
        <ele>13.8</ele>
      </trkpt>
      <trkpt lat="50.86951" lon="-0.00356">
        <ele>12.9</ele>
      </trkpt>
      <trkpt lat="50.8693" lon="-0.00347">
        <ele>11.2</ele>
      </trkpt>
      <trkpt lat="50.86916" lon="-0.00332">
        <ele>10.1</ele>
      </trkpt>
      <trkpt lat="50.86907" lon="-0.00304">
        <ele>11.6</ele>
      </trkpt>
      <trkpt lat="50.86907" lon="-0.00233">
        <ele>11.7</ele>
      </trkpt>
      <trkpt lat="50.86906" lon="-0.00188">
        <ele>12.2</ele>
      </trkpt>
      <trkpt lat="50.86908" lon="-0.00127">
        <ele>12.0</ele>
      </trkpt>
      <trkpt lat="50.86907" lon="-0.00063">
        <ele>11.0</ele>
      </trkpt>
      <trkpt lat="50.86904" lon="-0.00025">
        <ele>12.0</ele>
      </trkpt>
      <trkpt lat="50.869" lon="0.00004">
        <ele>13.2</ele>
      </trkpt>
      <trkpt lat="50.86893" lon="0.00025">
        <ele>13.6</ele>
      </trkpt>
      <trkpt lat="50.86887" lon="0.00039">
        <ele>14.0</ele>
      </trkpt>
      <trkpt lat="50.8688" lon="0.00047">
        <ele>14.4</ele>
      </trkpt>
      <trkpt lat="50.86869" lon="0.00052">
        <ele>15.1</ele>
      </trkpt>
      <trkpt lat="50.86846" lon="0.0006">
        <ele>16.5</ele>
      </trkpt>
      <trkpt lat="50.86837" lon="0.00034">
        <ele>17.3</ele>
      </trkpt>
      <trkpt lat="50.86831" lon="0.00024">
        <ele>17.6</ele>
      </trkpt>
      <trkpt lat="50.86825" lon="0.00017">
        <ele>17.5</ele>
      </trkpt>
      <trkpt lat="50.86792" lon="0.00004">
        <ele>16.4</ele>
      </trkpt>
      <trkpt lat="50.86778" lon="-0.0001">
        <ele>15.0</ele>
      </trkpt>
      <trkpt lat="50.86772" lon="-0.00026">
        <ele>15.0</ele>
      </trkpt>
      <trkpt lat="50.8677" lon="-0.00039">
        <ele>15.0</ele>
      </trkpt>
      <trkpt lat="50.86772" lon="-0.00087">
        <ele>18.6</ele>
      </trkpt>
      <trkpt lat="50.86773" lon="-0.00112">
        <ele>19.2</ele>
      </trkpt>
      <trkpt lat="50.86774" lon="-0.00124">
        <ele>19.6</ele>
      </trkpt>
      <trkpt lat="50.86772" lon="-0.00136">
        <ele>19.8</ele>
      </trkpt>
      <trkpt lat="50.8677" lon="-0.00145">
        <ele>20.0</ele>
      </trkpt>
      <trkpt lat="50.86767" lon="-0.00153">
        <ele>20.1</ele>
      </trkpt>
      <trkpt lat="50.86763" lon="-0.0016">
        <ele>20.2</ele>
      </trkpt>
      <trkpt lat="50.86754" lon="-0.00173">
        <ele>19.4</ele>
      </trkpt>
      <trkpt lat="50.86748" lon="-0.00177">
        <ele>19.0</ele>
      </trkpt>
      <trkpt lat="50.86734" lon="-0.00184">
        <ele>18.1</ele>
      </trkpt>
      <trkpt lat="50.86726" lon="-0.00186">
        <ele>17.7</ele>
      </trkpt>
      <trkpt lat="50.86715" lon="-0.00188">
        <ele>17.0</ele>
      </trkpt>
      <trkpt lat="50.86691" lon="-0.00191">
        <ele>15.6</ele>
      </trkpt>
      <trkpt lat="50.86682" lon="-0.00193">
        <ele>15.1</ele>
      </trkpt>
      <trkpt lat="50.86674" lon="-0.00196">
        <ele>14.6</ele>
      </trkpt>
      <trkpt lat="50.86665" lon="-0.00201">
        <ele>14.1</ele>
      </trkpt>
      <trkpt lat="50.8665" lon="-0.0022">
        <ele>13.0</ele>
      </trkpt>
      <trkpt lat="50.86632" lon="-0.00239">
        <ele>12.2</ele>
      </trkpt>
      <trkpt lat="50.86618" lon="-0.00253">
        <ele>11.6</ele>
      </trkpt>
      <trkpt lat="50.8655" lon="-0.00304">
        <ele>8.4</ele>
      </trkpt>
      <trkpt lat="50.86542" lon="-0.00308">
        <ele>8.1</ele>
      </trkpt>
      <trkpt lat="50.86486" lon="-0.00353">
        <ele>6.6</ele>
      </trkpt>
      <trkpt lat="50.86456" lon="-0.00384">
        <ele>7.1</ele>
      </trkpt>
      <trkpt lat="50.86395" lon="-0.00452">
        <ele>7.1</ele>
      </trkpt>
      <trkpt lat="50.86354" lon="-0.00495">
        <ele>6.6</ele>
      </trkpt>
      <trkpt lat="50.86314" lon="-0.00538">
        <ele>7.5</ele>
      </trkpt>
      <trkpt lat="50.86288" lon="-0.00568">
        <ele>7.7</ele>
      </trkpt>
      <trkpt lat="50.86273" lon="-0.00591">
        <ele>7.6</ele>
      </trkpt>
      <trkpt lat="50.86265" lon="-0.00604">
        <ele>7.5</ele>
      </trkpt>
      <trkpt lat="50.86251" lon="-0.00636">
        <ele>7.3</ele>
      </trkpt>
      <trkpt lat="50.86232" lon="-0.00686">
        <ele>8.1</ele>
      </trkpt>
      <trkpt lat="50.8622" lon="-0.0072">
        <ele>9.1</ele>
      </trkpt>
      <trkpt lat="50.86209" lon="-0.00759">
        <ele>9.8</ele>
      </trkpt>
      <trkpt lat="50.86191" lon="-0.00814">
        <ele>9.5</ele>
      </trkpt>
      <trkpt lat="50.86175" lon="-0.00856">
        <ele>8.7</ele>
      </trkpt>
      <trkpt lat="50.86157" lon="-0.00899">
        <ele>8.3</ele>
      </trkpt>
      <trkpt lat="50.8615" lon="-0.0091">
        <ele>8.3</ele>
      </trkpt>
      <trkpt lat="50.86139" lon="-0.00926">
        <ele>8.2</ele>
      </trkpt>
      <trkpt lat="50.86129" lon="-0.00937">
        <ele>8.0</ele>
      </trkpt>
      <trkpt lat="50.86117" lon="-0.00946">
        <ele>7.7</ele>
      </trkpt>
      <trkpt lat="50.86105" lon="-0.00952">
        <ele>7.3</ele>
      </trkpt>
      <trkpt lat="50.86093" lon="-0.00955">
        <ele>6.9</ele>
      </trkpt>
      <trkpt lat="50.86081" lon="-0.00956">
        <ele>6.6</ele>
      </trkpt>
      <trkpt lat="50.86064" lon="-0.00954">
        <ele>7.4</ele>
      </trkpt>
      <trkpt lat="50.86015" lon="-0.00936">
        <ele>9.5</ele>
      </trkpt>
      <trkpt lat="50.85967" lon="-0.00919">
        <ele>10.8</ele>
      </trkpt>
      <trkpt lat="50.85902" lon="-0.00901">
        <ele>12.1</ele>
      </trkpt>
      <trkpt lat="50.85848" lon="-0.00891">
        <ele>14.4</ele>
      </trkpt>
      <trkpt lat="50.85826" lon="-0.00891">
        <ele>15.6</ele>
      </trkpt>
      <trkpt lat="50.85803" lon="-0.00895">
        <ele>17.3</ele>
      </trkpt>
      <trkpt lat="50.85792" lon="-0.00899">
        <ele>18.2</ele>
      </trkpt>
      <trkpt lat="50.85733" lon="-0.00925">
        <ele>22.7</ele>
      </trkpt>
      <trkpt lat="50.85654" lon="-0.00954">
        <ele>26.2</ele>
      </trkpt>
      <trkpt lat="50.85618" lon="-0.00963">
        <ele>28.0</ele>
      </trkpt>
      <trkpt lat="50.8553" lon="-0.0098">
        <ele>29.6</ele>
      </trkpt>
      <trkpt lat="50.85514" lon="-0.00983">
        <ele>29.5</ele>
      </trkpt>
      <trkpt lat="50.85461" lon="-0.01015">
        <ele>29.4</ele>
      </trkpt>
      <trkpt lat="50.85444" lon="-0.01023">
        <ele>29.3</ele>
      </trkpt>
      <trkpt lat="50.85421" lon="-0.01025">
        <ele>29.0</ele>
      </trkpt>
      <trkpt lat="50.85402" lon="-0.01023">
        <ele>29.3</ele>
      </trkpt>
      <trkpt lat="50.8538" lon="-0.01019">
        <ele>29.9</ele>
      </trkpt>
      <trkpt lat="50.85319" lon="-0.01013">
        <ele>31.5</ele>
      </trkpt>
      <trkpt lat="50.8531" lon="-0.01011">
        <ele>31.5</ele>
      </trkpt>
      <trkpt lat="50.85291" lon="-0.01004">
        <ele>31.6</ele>
      </trkpt>
      <trkpt lat="50.85273" lon="-0.00993">
        <ele>31.6</ele>
      </trkpt>
      <trkpt lat="50.85252" lon="-0.00979">
        <ele>31.5</ele>
      </trkpt>
      <trkpt lat="50.85196" lon="-0.00933">
        <ele>28.4</ele>
      </trkpt>
      <trkpt lat="50.85141" lon="-0.00886">
        <ele>24.8</ele>
      </trkpt>
      <trkpt lat="50.85084" lon="-0.00847">
        <ele>21.4</ele>
      </trkpt>
      <trkpt lat="50.85056" lon="-0.00834">
        <ele>20.0</ele>
      </trkpt>
      <trkpt lat="50.85026" lon="-0.00823">
        <ele>18.8</ele>
      </trkpt>
      <trkpt lat="50.85011" lon="-0.008189">
        <ele>18.2</ele>
      </trkpt>
      <trkpt lat="50.84978" lon="-0.00816">
        <ele>17.8</ele>
      </trkpt>
      <trkpt lat="50.84947" lon="-0.008149">
        <ele>17.8</ele>
      </trkpt>
      <trkpt lat="50.84926" lon="-0.0081">
        <ele>17.7</ele>
      </trkpt>
      <trkpt lat="50.84901" lon="-0.00797">
        <ele>17.8</ele>
      </trkpt>
      <trkpt lat="50.84875" lon="-0.00779">
        <ele>17.8</ele>
      </trkpt>
      <trkpt lat="50.84863" lon="-0.00768">
        <ele>17.9</ele>
      </trkpt>
      <trkpt lat="50.84838" lon="-0.00739">
        <ele>17.7</ele>
      </trkpt>
      <trkpt lat="50.84786" lon="-0.00671">
        <ele>17.2</ele>
      </trkpt>
      <trkpt lat="50.84735" lon="-0.00604">
        <ele>17.2</ele>
      </trkpt>
      <trkpt lat="50.84683" lon="-0.00528">
        <ele>16.3</ele>
      </trkpt>
      <trkpt lat="50.84639" lon="-0.00477">
        <ele>16.2</ele>
      </trkpt>
      <trkpt lat="50.84631" lon="-0.00465">
        <ele>16.2</ele>
      </trkpt>
      <trkpt lat="50.84614" lon="-0.00435">
        <ele>16.1</ele>
      </trkpt>
      <trkpt lat="50.8457" lon="-0.00342">
        <ele>13.9</ele>
      </trkpt>
      <trkpt lat="50.84549" lon="-0.00304">
        <ele>12.8</ele>
      </trkpt>
      <trkpt lat="50.8453" lon="-0.0027">
        <ele>12.0</ele>
      </trkpt>
      <trkpt lat="50.84518" lon="-0.00252">
        <ele>11.5</ele>
      </trkpt>
      <trkpt lat="50.84505" lon="-0.00236">
        <ele>10.9</ele>
      </trkpt>
      <trkpt lat="50.84478" lon="-0.00207">
        <ele>10.3</ele>
      </trkpt>
      <trkpt lat="50.84451" lon="-0.0018">
        <ele>9.7</ele>
      </trkpt>
      <trkpt lat="50.84396" lon="-0.00128">
        <ele>8.9</ele>
      </trkpt>
      <trkpt lat="50.84377" lon="-0.00108">
        <ele>9.1</ele>
      </trkpt>
      <trkpt lat="50.8433" lon="-0.00051">
        <ele>10.0</ele>
      </trkpt>
      <trkpt lat="50.84312" lon="-0.00027">
        <ele>9.0</ele>
      </trkpt>
      <trkpt lat="50.84288" lon="0.00011">
        <ele>10.0</ele>
      </trkpt>
      <trkpt lat="50.84256" lon="0.00078">
        <ele>10.8</ele>
      </trkpt>
      <trkpt lat="50.84225" lon="0.00152">
        <ele>12.2</ele>
      </trkpt>
      <trkpt lat="50.84195" lon="0.0023">
        <ele>14.6</ele>
      </trkpt>
      <trkpt lat="50.84165" lon="0.00308">
        <ele>16.4</ele>
      </trkpt>
      <trkpt lat="50.84144" lon="0.00366">
        <ele>16.8</ele>
      </trkpt>
      <trkpt lat="50.8413" lon="0.004">
        <ele>16.7</ele>
      </trkpt>
      <trkpt lat="50.8412" lon="0.00421">
        <ele>16.5</ele>
      </trkpt>
      <trkpt lat="50.84083" lon="0.00479">
        <ele>15.8</ele>
      </trkpt>
      <trkpt lat="50.84049" lon="0.0054">
        <ele>14.8</ele>
      </trkpt>
      <trkpt lat="50.84023" lon="0.00623">
        <ele>14.9</ele>
      </trkpt>
      <trkpt lat="50.84013" lon="0.00665">
        <ele>15.2</ele>
      </trkpt>
      <trkpt lat="50.83987" lon="0.0078">
        <ele>13.5</ele>
      </trkpt>
      <trkpt lat="50.83976" lon="0.00804">
        <ele>13.1</ele>
      </trkpt>
      <trkpt lat="50.8396" lon="0.00832">
        <ele>12.5</ele>
      </trkpt>
      <trkpt lat="50.83931" lon="0.00869">
        <ele>12.8</ele>
      </trkpt>
      <trkpt lat="50.83856" lon="0.00944">
        <ele>14.7</ele>
      </trkpt>
      <trkpt lat="50.83823" lon="0.00992">
        <ele>16.4</ele>
      </trkpt>
      <trkpt lat="50.8376" lon="0.01093">
        <ele>18.4</ele>
      </trkpt>
      <trkpt lat="50.83735" lon="0.01125">
        <ele>19.1</ele>
      </trkpt>
      <trkpt lat="50.83712" lon="0.01147">
        <ele>19.7</ele>
      </trkpt>
      <trkpt lat="50.83659" lon="0.01187">
        <ele>21.0</ele>
      </trkpt>
      <trkpt lat="50.83605" lon="0.01227">
        <ele>22.5</ele>
      </trkpt>
      <trkpt lat="50.83578" lon="0.01252">
        <ele>23.4</ele>
      </trkpt>
      <trkpt lat="50.83549" lon="0.0129">
        <ele>25.2</ele>
      </trkpt>
      <trkpt lat="50.83538" lon="0.01333">
        <ele>25.8</ele>
      </trkpt>
      <trkpt lat="50.83535" lon="0.01394">
        <ele>24.5</ele>
      </trkpt>
      <trkpt lat="50.83525" lon="0.01441">
        <ele>23.8</ele>
      </trkpt>
      <trkpt lat="50.83514" lon="0.01488">
        <ele>22.9</ele>
      </trkpt>
      <trkpt lat="50.83497" lon="0.01529">
        <ele>21.7</ele>
      </trkpt>
      <trkpt lat="50.83467" lon="0.015699">
        <ele>19.8</ele>
      </trkpt>
      <trkpt lat="50.83439" lon="0.015879">
        <ele>18.6</ele>
      </trkpt>
      <trkpt lat="50.83432" lon="0.01592">
        <ele>18.3</ele>
      </trkpt>
      <trkpt lat="50.83369" lon="0.016119">
        <ele>15.6</ele>
      </trkpt>
      <trkpt lat="50.83309" lon="0.016209">
        <ele>14.7</ele>
      </trkpt>
      <trkpt lat="50.83239" lon="0.01626">
        <ele>15.5</ele>
      </trkpt>
      <trkpt lat="50.83168" lon="0.016299">
        <ele>16.1</ele>
      </trkpt>
      <trkpt lat="50.83138" lon="0.01641">
        <ele>17.8</ele>
      </trkpt>
      <trkpt lat="50.83101" lon="0.0166">
        <ele>20.6</ele>
      </trkpt>
      <trkpt lat="50.83035" lon="0.01697">
        <ele>27.0</ele>
      </trkpt>
      <trkpt lat="50.83005" lon="0.01723">
        <ele>29.2</ele>
      </trkpt>
      <trkpt lat="50.82972" lon="0.0176">
        <ele>28.8</ele>
      </trkpt>
      <trkpt lat="50.82944" lon="0.01777">
        <ele>27.6</ele>
      </trkpt>
      <trkpt lat="50.82918" lon="0.01785">
        <ele>26.7</ele>
      </trkpt>
      <trkpt lat="50.8283" lon="0.01787">
        <ele>24.7</ele>
      </trkpt>
      <trkpt lat="50.82755" lon="0.01793">
        <ele>26.2</ele>
      </trkpt>
      <trkpt lat="50.82739" lon="0.01797">
        <ele>25.8</ele>
      </trkpt>
      <trkpt lat="50.82713" lon="0.01807">
        <ele>24.4</ele>
      </trkpt>
      <trkpt lat="50.82653" lon="0.01838">
        <ele>20.9</ele>
      </trkpt>
      <trkpt lat="50.82594" lon="0.0187">
        <ele>20.0</ele>
      </trkpt>
      <trkpt lat="50.82553" lon="0.01903">
        <ele>18.6</ele>
      </trkpt>
      <trkpt lat="50.82508" lon="0.01949">
        <ele>16.8</ele>
      </trkpt>
      <trkpt lat="50.82462" lon="0.01995">
        <ele>12.9</ele>
      </trkpt>
      <trkpt lat="50.82403" lon="0.02052">
        <ele>10.5</ele>
      </trkpt>
      <trkpt lat="50.82372" lon="0.0208">
        <ele>11.2</ele>
      </trkpt>
      <trkpt lat="50.82343" lon="0.02103">
        <ele>11.6</ele>
      </trkpt>
      <trkpt lat="50.82293" lon="0.02141">
        <ele>12.1</ele>
      </trkpt>
      <trkpt lat="50.82256" lon="0.0216">
        <ele>12.3</ele>
      </trkpt>
      <trkpt lat="50.82199" lon="0.02178">
        <ele>11.9</ele>
      </trkpt>
      <trkpt lat="50.82119" lon="0.02184">
        <ele>10.8</ele>
      </trkpt>
      <trkpt lat="50.82078" lon="0.02179">
        <ele>10.0</ele>
      </trkpt>
      <trkpt lat="50.82021" lon="0.02158">
        <ele>8.8</ele>
      </trkpt>
      <trkpt lat="50.81965" lon="0.02138">
        <ele>9.0</ele>
      </trkpt>
      <trkpt lat="50.819" lon="0.02133">
        <ele>9.3</ele>
      </trkpt>
      <trkpt lat="50.81891" lon="0.02134">
        <ele>9.5</ele>
      </trkpt>
      <trkpt lat="50.81884" lon="0.02137">
        <ele>9.4</ele>
      </trkpt>
      <trkpt lat="50.8187" lon="0.02145">
        <ele>9.1</ele>
      </trkpt>
      <trkpt lat="50.81864" lon="0.0215">
        <ele>8.8</ele>
      </trkpt>
      <trkpt lat="50.81854" lon="0.02161">
        <ele>8.0</ele>
      </trkpt>
      <trkpt lat="50.81844" lon="0.02174">
        <ele>7.5</ele>
      </trkpt>
      <trkpt lat="50.81826" lon="0.02208">
        <ele>6.4</ele>
      </trkpt>
      <trkpt lat="50.81784" lon="0.02295">
        <ele>3.5</ele>
      </trkpt>
      <trkpt lat="50.81741" lon="0.02383">
        <ele>3.6</ele>
      </trkpt>
      <trkpt lat="50.81714" lon="0.02432">
        <ele>4.9</ele>
      </trkpt>
      <trkpt lat="50.81685" lon="0.0247">
        <ele>5.8</ele>
      </trkpt>
      <trkpt lat="50.81647" lon="0.02511">
        <ele>5.4</ele>
      </trkpt>
      <trkpt lat="50.81609" lon="0.02551">
        <ele>4.3</ele>
      </trkpt>
      <trkpt lat="50.81567" lon="0.02585">
        <ele>4.2</ele>
      </trkpt>
      <trkpt lat="50.81495" lon="0.0263">
        <ele>3.6</ele>
      </trkpt>
      <trkpt lat="50.8147" lon="0.02649">
        <ele>4.3</ele>
      </trkpt>
      <trkpt lat="50.8146" lon="0.0266">
        <ele>4.3</ele>
      </trkpt>
      <trkpt lat="50.81438" lon="0.02695">
        <ele>4.4</ele>
      </trkpt>
      <trkpt lat="50.81404" lon="0.02759">
        <ele>4.2</ele>
      </trkpt>
      <trkpt lat="50.8137" lon="0.02823">
        <ele>5.3</ele>
      </trkpt>
      <trkpt lat="50.81325" lon="0.02912">
        <ele>7.0</ele>
      </trkpt>
      <trkpt lat="50.81298" lon="0.02961">
        <ele>8.5</ele>
      </trkpt>
      <trkpt lat="50.8127" lon="0.03002">
        <ele>10.0</ele>
      </trkpt>
      <trkpt lat="50.81218" lon="0.03069">
        <ele>11.1</ele>
      </trkpt>
      <trkpt lat="50.81165" lon="0.03136">
        <ele>10.7</ele>
      </trkpt>
      <trkpt lat="50.81156" lon="0.0315">
        <ele>10.4</ele>
      </trkpt>
      <trkpt lat="50.81146" lon="0.03162">
        <ele>10.3</ele>
      </trkpt>
      <trkpt lat="50.81124" lon="0.03186">
        <ele>10.9</ele>
      </trkpt>
      <trkpt lat="50.81069" lon="0.0323">
        <ele>10.6</ele>
      </trkpt>
      <trkpt lat="50.81028" lon="0.03266">
        <ele>7.8</ele>
      </trkpt>
      <trkpt lat="50.81017" lon="0.03279">
        <ele>6.8</ele>
      </trkpt>
      <trkpt lat="50.80978" lon="0.03334">
        <ele>3.0</ele>
      </trkpt>
      <trkpt lat="50.80938" lon="0.03389">
        <ele>4.5</ele>
      </trkpt>
      <trkpt lat="50.80905" lon="0.03426">
        <ele>6.5</ele>
      </trkpt>
      <trkpt lat="50.80884" lon="0.03437">
        <ele>7.0</ele>
      </trkpt>
      <trkpt lat="50.80866" lon="0.0345">
        <ele>7.6</ele>
      </trkpt>
      <trkpt lat="50.80793" lon="0.03488">
        <ele>8.5</ele>
      </trkpt>
      <trkpt lat="50.8072" lon="0.03527">
        <ele>7.7</ele>
      </trkpt>
      <trkpt lat="50.80647" lon="0.03565">
        <ele>8.0</ele>
      </trkpt>
      <trkpt lat="50.80594" lon="0.03595">
        <ele>8.2</ele>
      </trkpt>
      <trkpt lat="50.80546" lon="0.03618">
        <ele>7.4</ele>
      </trkpt>
      <trkpt lat="50.80522" lon="0.03629">
        <ele>6.7</ele>
      </trkpt>
      <trkpt lat="50.805" lon="0.03635">
        <ele>6.3</ele>
      </trkpt>
      <trkpt lat="50.80478" lon="0.03637">
        <ele>5.1</ele>
      </trkpt>
      <trkpt lat="50.80464" lon="0.03636">
        <ele>4.5</ele>
      </trkpt>
      <trkpt lat="50.80446" lon="0.03633">
        <ele>3.8</ele>
      </trkpt>
      <trkpt lat="50.80398" lon="0.03618">
        <ele>3.5</ele>
      </trkpt>
      <trkpt lat="50.8035" lon="0.03603">
        <ele>4.2</ele>
      </trkpt>
      <trkpt lat="50.80298" lon="0.03589">
        <ele>5.2</ele>
      </trkpt>
      <trkpt lat="50.80247" lon="0.03575">
        <ele>6.4</ele>
      </trkpt>
      <trkpt lat="50.80233" lon="0.03571">
        <ele>6.8</ele>
      </trkpt>
      <trkpt lat="50.8022" lon="0.03571">
        <ele>7.0</ele>
      </trkpt>
      <trkpt lat="50.80207" lon="0.03571">
        <ele>7.1</ele>
      </trkpt>
      <trkpt lat="50.80194" lon="0.03573">
        <ele>7.2</ele>
      </trkpt>
      <trkpt lat="50.8018" lon="0.03579">
        <ele>7.0</ele>
      </trkpt>
      <trkpt lat="50.80162" lon="0.0359">
        <ele>6.7</ele>
      </trkpt>
      <trkpt lat="50.80144" lon="0.03602">
        <ele>6.4</ele>
      </trkpt>
      <trkpt lat="50.80112" lon="0.03628">
        <ele>5.5</ele>
      </trkpt>
      <trkpt lat="50.80071" lon="0.03677">
        <ele>4.3</ele>
      </trkpt>
      <trkpt lat="50.8003" lon="0.03726">
        <ele>4.8</ele>
      </trkpt>
      <trkpt lat="50.80009" lon="0.03755">
        <ele>4.7</ele>
      </trkpt>
      <trkpt lat="50.79998" lon="0.03771">
        <ele>4.7</ele>
      </trkpt>
      <trkpt lat="50.79994" lon="0.03781">
        <ele>4.7</ele>
      </trkpt>
      <trkpt lat="50.79985" lon="0.03802">
        <ele>4.9</ele>
      </trkpt>
      <trkpt lat="50.79949" lon="0.03903">
        <ele>6.2</ele>
      </trkpt>
      <trkpt lat="50.79912" lon="0.04003">
        <ele>6.6</ele>
      </trkpt>
      <trkpt lat="50.79898" lon="0.04054">
        <ele>8.2</ele>
      </trkpt>
      <trkpt lat="50.79884" lon="0.04115">
        <ele>8.8</ele>
      </trkpt>
      <trkpt lat="50.79876" lon="0.04159">
        <ele>8.6</ele>
      </trkpt>
      <trkpt lat="50.79873" lon="0.04169">
        <ele>8.6</ele>
      </trkpt>
      <trkpt lat="50.79862" lon="0.04197">
        <ele>8.5</ele>
      </trkpt>
      <trkpt lat="50.79853" lon="0.04217">
        <ele>8.4</ele>
      </trkpt>
      <trkpt lat="50.79839" lon="0.04243">
        <ele>8.0</ele>
      </trkpt>
      <trkpt lat="50.79778" lon="0.04347">
        <ele>4.6</ele>
      </trkpt>
      <trkpt lat="50.7976" lon="0.04382">
        <ele>4.4</ele>
      </trkpt>
      <trkpt lat="50.79738" lon="0.04419">
        <ele>4.3</ele>
      </trkpt>
      <trkpt lat="50.79732" lon="0.04427">
        <ele>4.4</ele>
      </trkpt>
      <trkpt lat="50.79724" lon="0.04435">
        <ele>4.6</ele>
      </trkpt>
      <trkpt lat="50.79713" lon="0.04443">
        <ele>5.0</ele>
      </trkpt>
      <trkpt lat="50.79714" lon="0.0445">
        <ele>5.0</ele>
      </trkpt>
      <trkpt lat="50.7971" lon="0.04472">
        <ele>5.3</ele>
      </trkpt>
      <trkpt lat="50.79704" lon="0.04491">
        <ele>5.7</ele>
      </trkpt>
      <trkpt lat="50.79688" lon="0.04531">
        <ele>6.2</ele>
      </trkpt>
      <trkpt lat="50.79683" lon="0.04538">
        <ele>6.3</ele>
      </trkpt>
      <trkpt lat="50.79661" lon="0.04561">
        <ele>6.9</ele>
      </trkpt>
      <trkpt lat="50.79617" lon="0.04603">
        <ele>8.4</ele>
      </trkpt>
      <trkpt lat="50.79573" lon="0.04646">
        <ele>9.3</ele>
      </trkpt>
      <trkpt lat="50.79527" lon="0.04688">
        <ele>10.0</ele>
      </trkpt>
      <trkpt lat="50.79518" lon="0.04682">
        <ele>10.6</ele>
      </trkpt>
      <trkpt lat="50.79508" lon="0.04678">
        <ele>11.2</ele>
      </trkpt>
      <trkpt lat="50.79503" lon="0.04673">
        <ele>11.6</ele>
      </trkpt>
      <trkpt lat="50.79514" lon="0.04693">
        <ele>10.4</ele>
      </trkpt>
      <trkpt lat="50.79527" lon="0.04725">
        <ele>8.8</ele>
      </trkpt>
      <trkpt lat="50.79529" lon="0.04735">
        <ele>8.4</ele>
      </trkpt>
      <trkpt lat="50.79531" lon="0.04749">
        <ele>7.9</ele>
      </trkpt>
      <trkpt lat="50.79532" lon="0.04769">
        <ele>7.3</ele>
      </trkpt>
      <trkpt lat="50.79531" lon="0.04784">
        <ele>6.8</ele>
      </trkpt>
      <trkpt lat="50.79514" lon="0.04889">
        <ele>5.6</ele>
      </trkpt>
      <trkpt lat="50.79508" lon="0.04949">
        <ele>5.3</ele>
      </trkpt>
      <trkpt lat="50.79506" lon="0.04991">
        <ele>4.9</ele>
      </trkpt>
      <trkpt lat="50.79503" lon="0.05018">
        <ele>4.5</ele>
      </trkpt>
      <trkpt lat="50.79501" lon="0.05052">
        <ele>3.7</ele>
      </trkpt>
      <trkpt lat="50.79492" lon="0.05107">
        <ele>2.7</ele>
      </trkpt>
      <trkpt lat="50.79488" lon="0.05146">
        <ele>1.8</ele>
      </trkpt>
      <trkpt lat="50.79489" lon="0.05156">
        <ele>1.5</ele>
      </trkpt>
      <trkpt lat="50.79484" lon="0.05157">
        <ele>1.6</ele>
      </trkpt>
      <trkpt lat="50.79482" lon="0.05162">
        <ele>1.6</ele>
      </trkpt>
      <trkpt lat="50.79473" lon="0.05167">
        <ele>1.6</ele>
      </trkpt>
      <trkpt lat="50.79471" lon="0.05173">
        <ele>1.7</ele>
      </trkpt>
      <trkpt lat="50.79465" lon="0.05173">
        <ele>1.8</ele>
      </trkpt>
      <trkpt lat="50.79448" lon="0.05181">
        <ele>2.2</ele>
      </trkpt>
      <trkpt lat="50.79438" lon="0.05182">
        <ele>2.5</ele>
      </trkpt>
      <trkpt lat="50.79422" lon="0.05178">
        <ele>2.9</ele>
      </trkpt>
      <trkpt lat="50.79418" lon="0.05181">
        <ele>3.0</ele>
      </trkpt>
      <trkpt lat="50.79417" lon="0.05186">
        <ele>3.0</ele>
      </trkpt>
      <trkpt lat="50.79412" lon="0.05192">
        <ele>3.0</ele>
      </trkpt>
      <trkpt lat="50.79403" lon="0.05195">
        <ele>3.0</ele>
      </trkpt>
      <trkpt lat="50.79356" lon="0.05209">
        <ele>3.0</ele>
      </trkpt>
      <trkpt lat="50.79309" lon="0.05223">
        <ele>2.9</ele>
      </trkpt>
      <trkpt lat="50.79281" lon="0.05229">
        <ele>2.7</ele>
      </trkpt>
      <trkpt lat="50.79271" lon="0.05228">
        <ele>2.6</ele>
      </trkpt>
      <trkpt lat="50.7926" lon="0.05224">
        <ele>2.7</ele>
      </trkpt>
      <trkpt lat="50.7925" lon="0.05219">
        <ele>2.7</ele>
      </trkpt>
      <trkpt lat="50.79217" lon="0.05221">
        <ele>2.7</ele>
      </trkpt>
      <trkpt lat="50.7918" lon="0.05227">
        <ele>2.6</ele>
      </trkpt>
      <trkpt lat="50.79124" lon="0.05243">
        <ele>3.2</ele>
      </trkpt>
      <trkpt lat="50.79108" lon="0.05234">
        <ele>3.9</ele>
      </trkpt>
      <trkpt lat="50.79099" lon="0.05234">
        <ele>4.2</ele>
      </trkpt>
      <trkpt lat="50.79091" lon="0.05236">
        <ele>4.3</ele>
      </trkpt>
      <trkpt lat="50.79078" lon="0.05244">
        <ele>4.2</ele>
      </trkpt>
      <trkpt lat="50.79041" lon="0.05249">
        <ele>4.0</ele>
      </trkpt>
      <trkpt lat="50.79023" lon="0.05254">
        <ele>3.8</ele>
      </trkpt>
      <trkpt lat="50.79008" lon="0.0526">
        <ele>3.5</ele>
      </trkpt>
      <trkpt lat="50.79005" lon="0.0526">
        <ele>3.5</ele>
      </trkpt>
      <trkpt lat="50.78999" lon="0.05254">
        <ele>3.8</ele>
      </trkpt>
      <trkpt lat="50.78996" lon="0.05253">
        <ele>4.0</ele>
      </trkpt>
      <trkpt lat="50.78991" lon="0.05254">
        <ele>4.0</ele>
      </trkpt>
      <trkpt lat="50.78987" lon="0.05257">
        <ele>4.0</ele>
      </trkpt>
      <trkpt lat="50.78984" lon="0.05263">
        <ele>3.8</ele>
      </trkpt>
      <trkpt lat="50.78982" lon="0.05268">
        <ele>3.6</ele>
      </trkpt>
      <trkpt lat="50.78979" lon="0.05272">
        <ele>3.4</ele>
      </trkpt>
      <trkpt lat="50.78969" lon="0.05278">
        <ele>3.4</ele>
      </trkpt>
      <trkpt lat="50.78963" lon="0.05291">
        <ele>2.9</ele>
      </trkpt>
      <trkpt lat="50.78959" lon="0.05299">
        <ele>2.6</ele>
      </trkpt>
      <trkpt lat="50.78941" lon="0.05308">
        <ele>2.6</ele>
      </trkpt>
      <trkpt lat="50.78922" lon="0.05321">
        <ele>2.5</ele>
      </trkpt>
      <trkpt lat="50.78917" lon="0.05321">
        <ele>2.6</ele>
      </trkpt>
      <trkpt lat="50.78913" lon="0.05327">
        <ele>2.3</ele>
      </trkpt>
      <trkpt lat="50.78877" lon="0.05348">
        <ele>1.6</ele>
      </trkpt>
      <trkpt lat="50.78855" lon="0.0536">
        <ele>1.5</ele>
      </trkpt>
      <trkpt lat="50.78843" lon="0.05364">
        <ele>1.4</ele>
      </trkpt>
      <trkpt lat="50.78831" lon="0.05366">
        <ele>1.4</ele>
      </trkpt>
      <trkpt lat="50.78822" lon="0.05364">
        <ele>1.2</ele>
      </trkpt>
      <trkpt lat="50.78817" lon="0.05355">
        <ele>1.0</ele>
      </trkpt>
      <trkpt lat="50.78818" lon="0.0533">
        <ele>0.9</ele>
      </trkpt>
      <trkpt lat="50.78806" lon="0.0531">
        <ele>1.5</ele>
      </trkpt>
      <trkpt lat="50.78787" lon="0.05281">
        <ele>2.3</ele>
      </trkpt>
      <trkpt lat="50.78777" lon="0.05257">
        <ele>3.1</ele>
      </trkpt>
      <trkpt lat="50.78771" lon="0.05252">
        <ele>3.2</ele>
      </trkpt>
      <trkpt lat="50.78722" lon="0.05217">
        <ele>3.1</ele>
      </trkpt>
      <trkpt lat="50.78716" lon="0.05209">
        <ele>3.2</ele>
      </trkpt>
      <trkpt lat="50.78713" lon="0.05203">
        <ele>3.2</ele>
      </trkpt>
      <trkpt lat="50.78708" lon="0.0519">
        <ele>3.4</ele>
      </trkpt>
      <trkpt lat="50.78707" lon="0.05182">
        <ele>3.6</ele>
      </trkpt>
      <trkpt lat="50.78703" lon="0.05156">
        <ele>4.2</ele>
      </trkpt>
      <trkpt lat="50.78678" lon="0.05169">
        <ele>3.2</ele>
      </trkpt>
      <trkpt lat="50.7863" lon="0.05198">
        <ele>1.7</ele>
      </trkpt>
    </trkseg>
  </trk>
</gpx>
